[2026-05-26T15:01:04+08:00][sql] CONNECT:[ UseTime:0.001291s ] mysql:host=127.0.0.1;port=3306;dbname=weihua;charset=utf8mb4
[2026-05-26T15:01:04+08:00][sql] SHOW FULL COLUMNS FROM `cmf_hook` [ RunTime:0.002255s ]
[2026-05-26T15:01:04+08:00][sql] SELECT `hook`,`id` FROM `cmf_hook` WHERE  (  (  `app` = '' OR `app` = 'cmf' )  AND `type` = 3 ) OR `type` = 1 [ RunTime:0.001747s ]
[2026-05-26T15:01:04+08:00][sql] SHOW FULL COLUMNS FROM `cmf_hook_plugin` [ RunTime:0.000993s ]
[2026-05-26T15:01:04+08:00][sql] SELECT `hook`,`plugin` FROM `cmf_hook_plugin` WHERE  `status` = 1  AND `hook` IN ('app_begin','module_init','action_begin','view_filter','app_end','log_write','response_end','admin_init','home_init','send_mobile_verification_code','body_start','before_head_end','footer_start','before_footer','before_footer_end','before_body_end','left_sidebar_start','before_left_sidebar_end','right_sidebar_start','before_right_sidebar_end','comment','guestbook','switch_theme','after_content','before_content','log_write_done','switch_admin_theme','captcha_image','user_login_start') ORDER BY `list_order` ASC [ RunTime:0.000751s ]
[2026-05-26T15:01:04+08:00][sql] SELECT `hook` FROM `cmf_hook` WHERE  `app` = 'portal' [ RunTime:0.000549s ]
[2026-05-26T15:01:04+08:00][sql] SELECT `hook`,`plugin` FROM `cmf_hook_plugin` WHERE  `status` = 1  AND `hook` IN ('portal_before_assign_article','portal_admin_after_save_article','portal_admin_article_index_view','portal_admin_article_add_view','portal_admin_article_edit_view','portal_admin_category_index_view','portal_admin_category_add_view','portal_admin_category_edit_view','portal_admin_page_index_view','portal_admin_page_add_view','portal_admin_page_edit_view','portal_admin_tag_index_view','portal_admin_article_edit_view_right_sidebar','portal_admin_article_edit_view_main') ORDER BY `list_order` ASC [ RunTime:0.000431s ]
[2026-05-26T15:01:04+08:00][sql] SHOW FULL COLUMNS FROM `cmf_plugin` [ RunTime:0.001596s ]
[2026-05-26T15:01:04+08:00][sql] SELECT `config` FROM `cmf_plugin` WHERE  `name` = 'SwitchTheme' LIMIT 1 [ RunTime:0.000901s ]
[2026-05-26T15:01:04+08:00][sql] SHOW FULL COLUMNS FROM `cmf_option` [ RunTime:0.001424s ]
[2026-05-26T15:01:04+08:00][sql] SELECT `option_value` FROM `cmf_option` WHERE  `option_name` = 'cdn_settings' LIMIT 1 [ RunTime:0.000561s ]
[2026-05-26T15:01:04+08:00][sql] SELECT `option_value` FROM `cmf_option` WHERE  `option_name` = 'cdn_settings' LIMIT 1 [ RunTime:0.001173s ]
[2026-05-26T15:01:04+08:00][sql] SHOW FULL COLUMNS FROM `cmf_product_category` [ RunTime:0.002304s ]
[2026-05-26T15:01:04+08:00][sql] SELECT * FROM `cmf_product_category` WHERE  `parent_id` = 0 ORDER BY `list_order` ASC,`create_time` DESC [ RunTime:0.001512s ]
[2026-05-26T15:01:04+08:00][sql] SELECT * FROM `cmf_product_category` WHERE  `parent_id` IN (28,19,22,23,25,27,30) [ RunTime:0.000539s ]
[2026-05-26T15:01:04+08:00][sql] SHOW FULL COLUMNS FROM `cmf_portal_category` [ RunTime:0.001216s ]
[2026-05-26T15:01:04+08:00][sql] SELECT * FROM `cmf_portal_category` WHERE (  `type` = 8 ) AND `cmf_portal_category`.`delete_time` = '0' ORDER BY `list_order` ASC [ RunTime:0.000600s ]
[2026-05-26T15:01:04+08:00][sql] SELECT `option_value` FROM `cmf_option` WHERE  `option_name` = 'site_info' LIMIT 1 [ RunTime:0.000833s ]
[2026-05-26T15:01:04+08:00][sql] SHOW FULL COLUMNS FROM `cmf_slide_item` [ RunTime:0.001288s ]
[2026-05-26T15:01:04+08:00][sql] SELECT `title`,`description`,`image`,`url`,`target`,`content` FROM `cmf_slide_item` WHERE  `slide_id` = 1 ORDER BY `list_order` ASC [ RunTime:0.000673s ]
[2026-05-26T15:01:04+08:00][sql] SHOW FULL COLUMNS FROM `cmf_slide` [ RunTime:0.000804s ]
[2026-05-26T15:01:04+08:00][sql] SELECT * FROM `cmf_slide` WHERE  `name` LIKE '%choose%' OR `name` LIKE '%选择%' LIMIT 1 [ RunTime:0.000434s ]
[2026-05-26T15:01:04+08:00][sql] SELECT `title`,`description`,`image`,`url`,`target`,`content` FROM `cmf_slide_item` WHERE  `slide_id` = 14  AND `status` = 1 ORDER BY `list_order` ASC [ RunTime:0.000324s ]
[2026-05-26T15:01:04+08:00][sql] SELECT * FROM `cmf_product_category` WHERE  `parent_id` = 0  AND `recommend` = 1 ORDER BY `list_order` ASC,`create_time` DESC [ RunTime:0.000378s ]
[2026-05-26T15:01:04+08:00][sql] SHOW FULL COLUMNS FROM `cmf_product` [ RunTime:0.001045s ]
[2026-05-26T15:01:04+08:00][sql] SELECT `id`,`title`,`thumbnail`,`industry` FROM `cmf_product` WHERE  `is_recommended` = 1  AND `category_id` = 28 ORDER BY `list_order` ASC LIMIT 6 [ RunTime:0.000701s ]
[2026-05-26T15:01:04+08:00][sql] SELECT `id`,`title`,`thumbnail`,`industry` FROM `cmf_product` WHERE  `is_recommended` = 1  AND `category_id` = 19 ORDER BY `list_order` ASC LIMIT 6 [ RunTime:0.000383s ]
[2026-05-26T15:01:04+08:00][sql] SELECT `id`,`title`,`thumbnail`,`industry` FROM `cmf_product` WHERE  `is_recommended` = 1  AND `category_id` = 23 ORDER BY `list_order` ASC LIMIT 6 [ RunTime:0.000314s ]
[2026-05-26T15:01:04+08:00][sql] SELECT `option_value` FROM `cmf_option` WHERE  `option_name` = 'index_setting' LIMIT 1 [ RunTime:0.000215s ]
[2026-05-26T15:01:04+08:00][sql] SELECT `option_value` FROM `cmf_option` WHERE  `option_name` = 'about_site' LIMIT 1 [ RunTime:0.000256s ]
[2026-05-26T15:01:04+08:00][sql] SHOW FULL COLUMNS FROM `cmf_portal_post` [ RunTime:0.001728s ]
[2026-05-26T15:01:04+08:00][sql] SELECT `p`.`id`,`p`.`post_title`,`p`.`post_excerpt`,`p`.`thumbnail`,`p`.`create_time`,`c`.`category_id` FROM `cmf_portal_post` `p` INNER JOIN `cmf_portal_category_post` `c` ON `p`.`id`=`c`.`post_id` WHERE (  `p`.`post_type` = '8' ) AND `p`.`delete_time` = '0' ORDER BY `c`.`list_order` ASC,`p`.`create_time` DESC [ RunTime:0.002655s ]
[2026-05-26T15:01:04+08:00][sql] SELECT `id`,`post_title`,`post_excerpt`,`more` FROM `cmf_portal_post` WHERE (  `post_type` = 3 ) AND `cmf_portal_post`.`delete_time` = '0' ORDER BY `create_time` DESC [ RunTime:0.000607s ]
[2026-05-26T15:01:04+08:00][sql] SHOW FULL COLUMNS FROM `cmf_theme_file` [ RunTime:0.002565s ]
[2026-05-26T15:01:04+08:00][sql] SELECT `more`,`file`,`id` FROM `cmf_theme_file` WHERE  `theme` = 'simpleboot3'  AND (  `is_public` = 1 OR `file` = 'portal/index' ) ORDER BY `is_public` DESC [ RunTime:0.001005s ]
[2026-05-26T15:01:04+08:00][sql] SHOW FULL COLUMNS FROM `cmf_route` [ RunTime:0.002531s ]
[2026-05-26T15:01:04+08:00][sql] SELECT * FROM `cmf_route` WHERE  `status` = 1 ORDER BY `list_order` ASC [ RunTime:0.001515s ]
[2026-05-26T15:01:04+08:00][sql] SELECT `option_value` FROM `cmf_option` WHERE  `option_name` = 'storage' LIMIT 1 [ RunTime:0.000984s ]
[2026-05-26T15:01:26+08:00][sql] CONNECT:[ UseTime:0.000805s ] mysql:host=127.0.0.1;port=3306;dbname=weihua;charset=utf8mb4
[2026-05-26T15:01:26+08:00][sql] SHOW FULL COLUMNS FROM `cmf_option` [ RunTime:0.001249s ]
[2026-05-26T15:01:26+08:00][sql] SELECT `option_value` FROM `cmf_option` WHERE  `option_name` = 'cdn_settings' LIMIT 1 [ RunTime:0.000447s ]
[2026-05-26T15:01:26+08:00][sql] SELECT `option_value` FROM `cmf_option` WHERE  `option_name` = 'cdn_settings' LIMIT 1 [ RunTime:0.000269s ]
[2026-05-26T15:01:26+08:00][sql] SHOW FULL COLUMNS FROM `cmf_product_category` [ RunTime:0.001365s ]
[2026-05-26T15:01:26+08:00][sql] SELECT * FROM `cmf_product_category` WHERE  `parent_id` = 0 ORDER BY `list_order` ASC,`create_time` DESC [ RunTime:0.000609s ]
[2026-05-26T15:01:26+08:00][sql] SELECT * FROM `cmf_product_category` WHERE  `parent_id` IN (28,19,22,23,25,27,30) [ RunTime:0.000421s ]
[2026-05-26T15:01:26+08:00][sql] SHOW FULL COLUMNS FROM `cmf_portal_category` [ RunTime:0.000939s ]
[2026-05-26T15:01:26+08:00][sql] SELECT * FROM `cmf_portal_category` WHERE (  `type` = 8 ) AND `cmf_portal_category`.`delete_time` = '0' ORDER BY `list_order` ASC [ RunTime:0.000429s ]
[2026-05-26T15:01:26+08:00][sql] SHOW FULL COLUMNS FROM `cmf_slide_item` [ RunTime:0.000898s ]
[2026-05-26T15:01:26+08:00][sql] SELECT `title`,`description`,`image`,`url`,`target`,`content` FROM `cmf_slide_item` WHERE  `slide_id` = 1 ORDER BY `list_order` ASC [ RunTime:0.000427s ]
[2026-05-26T15:01:26+08:00][sql] SHOW FULL COLUMNS FROM `cmf_slide` [ RunTime:0.000803s ]
[2026-05-26T15:01:26+08:00][sql] SELECT * FROM `cmf_slide` WHERE  `name` LIKE '%choose%' OR `name` LIKE '%选择%' LIMIT 1 [ RunTime:0.000937s ]
[2026-05-26T15:01:26+08:00][sql] SELECT `title`,`description`,`image`,`url`,`target`,`content` FROM `cmf_slide_item` WHERE  `slide_id` = 14  AND `status` = 1 ORDER BY `list_order` ASC [ RunTime:0.000293s ]
[2026-05-26T15:01:26+08:00][sql] SELECT * FROM `cmf_product_category` WHERE  `parent_id` = 0  AND `recommend` = 1 ORDER BY `list_order` ASC,`create_time` DESC [ RunTime:0.000282s ]
[2026-05-26T15:01:26+08:00][sql] SHOW FULL COLUMNS FROM `cmf_product` [ RunTime:0.000914s ]
[2026-05-26T15:01:26+08:00][sql] SELECT `id`,`title`,`thumbnail`,`industry` FROM `cmf_product` WHERE  `is_recommended` = 1  AND `category_id` = 28 ORDER BY `list_order` ASC LIMIT 6 [ RunTime:0.001041s ]
[2026-05-26T15:01:26+08:00][sql] SELECT `id`,`title`,`thumbnail`,`industry` FROM `cmf_product` WHERE  `is_recommended` = 1  AND `category_id` = 19 ORDER BY `list_order` ASC LIMIT 6 [ RunTime:0.000662s ]
[2026-05-26T15:01:26+08:00][sql] SELECT `id`,`title`,`thumbnail`,`industry` FROM `cmf_product` WHERE  `is_recommended` = 1  AND `category_id` = 23 ORDER BY `list_order` ASC LIMIT 6 [ RunTime:0.000440s ]
[2026-05-26T15:01:26+08:00][sql] SHOW FULL COLUMNS FROM `cmf_portal_post` [ RunTime:0.001748s ]
[2026-05-26T15:01:26+08:00][sql] SELECT `p`.`id`,`p`.`post_title`,`p`.`post_excerpt`,`p`.`thumbnail`,`p`.`create_time`,`c`.`category_id` FROM `cmf_portal_post` `p` INNER JOIN `cmf_portal_category_post` `c` ON `p`.`id`=`c`.`post_id` WHERE (  `p`.`post_type` = '8' ) AND `p`.`delete_time` = '0' ORDER BY `c`.`list_order` ASC,`p`.`create_time` DESC [ RunTime:0.002121s ]
[2026-05-26T15:01:26+08:00][sql] SELECT `id`,`post_title`,`post_excerpt`,`more` FROM `cmf_portal_post` WHERE (  `post_type` = 3 ) AND `cmf_portal_post`.`delete_time` = '0' ORDER BY `create_time` DESC [ RunTime:0.000762s ]
[2026-05-26T15:01:26+08:00][sql] SHOW FULL COLUMNS FROM `cmf_theme_file` [ RunTime:0.001328s ]
[2026-05-26T15:01:26+08:00][sql] SELECT `more`,`file`,`id` FROM `cmf_theme_file` WHERE  `theme` = 'simpleboot3_mobile'  AND (  `is_public` = 1 OR `file` = 'portal/index' ) ORDER BY `is_public` DESC [ RunTime:0.000713s ]
[2026-05-26T15:01:26+08:00][sql] SELECT `option_value` FROM `cmf_option` WHERE  `option_name` = 'storage' LIMIT 1 [ RunTime:0.000427s ]
[2026-05-26T15:01:31+08:00][sql] CONNECT:[ UseTime:0.001627s ] mysql:host=127.0.0.1;port=3306;dbname=weihua;charset=utf8mb4
[2026-05-26T15:01:31+08:00][sql] SHOW FULL COLUMNS FROM `cmf_option` [ RunTime:0.001442s ]
[2026-05-26T15:01:31+08:00][sql] SELECT `option_value` FROM `cmf_option` WHERE  `option_name` = 'cdn_settings' LIMIT 1 [ RunTime:0.001344s ]
[2026-05-26T15:01:31+08:00][sql] SELECT `option_value` FROM `cmf_option` WHERE  `option_name` = 'cdn_settings' LIMIT 1 [ RunTime:0.000721s ]
[2026-05-26T15:01:31+08:00][sql] SHOW FULL COLUMNS FROM `cmf_product_category` [ RunTime:0.001584s ]
[2026-05-26T15:01:31+08:00][sql] SELECT * FROM `cmf_product_category` WHERE  `parent_id` = 0 ORDER BY `list_order` ASC,`create_time` DESC [ RunTime:0.000977s ]
[2026-05-26T15:01:31+08:00][sql] SELECT * FROM `cmf_product_category` WHERE  `parent_id` IN (28,19,22,23,25,27,30) [ RunTime:0.000366s ]
[2026-05-26T15:01:31+08:00][sql] SHOW FULL COLUMNS FROM `cmf_portal_category` [ RunTime:0.001249s ]
[2026-05-26T15:01:31+08:00][sql] SELECT * FROM `cmf_portal_category` WHERE (  `type` = 8 ) AND `cmf_portal_category`.`delete_time` = '0' ORDER BY `list_order` ASC [ RunTime:0.000511s ]
[2026-05-26T15:01:31+08:00][sql] SHOW FULL COLUMNS FROM `cmf_slide_item` [ RunTime:0.001450s ]
[2026-05-26T15:01:31+08:00][sql] SELECT `title`,`description`,`image` FROM `cmf_slide_item` WHERE  `slide_id` = 11  AND `status` = 1 ORDER BY `list_order` ASC,`id` DESC LIMIT 1 [ RunTime:0.001021s ]
[2026-05-26T15:01:31+08:00][sql] SELECT `option_value` FROM `cmf_option` WHERE  `option_name` = 'service_site' LIMIT 1 [ RunTime:0.000511s ]
[2026-05-26T15:01:31+08:00][sql] SHOW FULL COLUMNS FROM `cmf_theme_file` [ RunTime:0.002286s ]
[2026-05-26T15:01:31+08:00][sql] SELECT `more`,`file`,`id` FROM `cmf_theme_file` WHERE  `theme` = 'simpleboot3_mobile'  AND (  `is_public` = 1 OR `file` = 'portal/service' ) ORDER BY `is_public` DESC [ RunTime:0.001308s ]
[2026-05-26T15:01:31+08:00][sql] SELECT `option_value` FROM `cmf_option` WHERE  `option_name` = 'storage' LIMIT 1 [ RunTime:0.000501s ]
[2026-05-26T15:01:33+08:00][sql] CONNECT:[ UseTime:0.001126s ] mysql:host=127.0.0.1;port=3306;dbname=weihua;charset=utf8mb4
[2026-05-26T15:01:33+08:00][sql] SHOW FULL COLUMNS FROM `cmf_option` [ RunTime:0.001450s ]
[2026-05-26T15:01:33+08:00][sql] SELECT `option_value` FROM `cmf_option` WHERE  `option_name` = 'cdn_settings' LIMIT 1 [ RunTime:0.000480s ]
[2026-05-26T15:01:33+08:00][sql] SELECT `option_value` FROM `cmf_option` WHERE  `option_name` = 'cdn_settings' LIMIT 1 [ RunTime:0.000331s ]
[2026-05-26T15:01:33+08:00][sql] SHOW FULL COLUMNS FROM `cmf_product_category` [ RunTime:0.001164s ]
[2026-05-26T15:01:33+08:00][sql] SELECT * FROM `cmf_product_category` WHERE  `parent_id` = 0 ORDER BY `list_order` ASC,`create_time` DESC [ RunTime:0.000459s ]
[2026-05-26T15:01:33+08:00][sql] SELECT * FROM `cmf_product_category` WHERE  `parent_id` IN (28,19,22,23,25,27,30) [ RunTime:0.000297s ]
[2026-05-26T15:01:33+08:00][sql] SHOW FULL COLUMNS FROM `cmf_portal_category` [ RunTime:0.001259s ]
[2026-05-26T15:01:33+08:00][sql] SELECT * FROM `cmf_portal_category` WHERE (  `type` = 8 ) AND `cmf_portal_category`.`delete_time` = '0' ORDER BY `list_order` ASC [ RunTime:0.000560s ]
[2026-05-26T15:01:33+08:00][sql] SHOW FULL COLUMNS FROM `cmf_slide_item` [ RunTime:0.001798s ]
[2026-05-26T15:01:33+08:00][sql] SELECT `title`,`description`,`image` FROM `cmf_slide_item` WHERE  `slide_id` = 11  AND `status` = 1 ORDER BY `list_order` ASC,`id` DESC LIMIT 1 [ RunTime:0.000523s ]
[2026-05-26T15:01:33+08:00][sql] SHOW FULL COLUMNS FROM `cmf_theme_file` [ RunTime:0.001069s ]
[2026-05-26T15:01:33+08:00][sql] SELECT `more`,`file`,`id` FROM `cmf_theme_file` WHERE  `theme` = 'simpleboot3_mobile'  AND (  `is_public` = 1 OR `file` = 'portal/service' ) ORDER BY `is_public` DESC [ RunTime:0.000431s ]
[2026-05-26T15:01:33+08:00][sql] SELECT `option_value` FROM `cmf_option` WHERE  `option_name` = 'storage' LIMIT 1 [ RunTime:0.000320s ]
[2026-05-26T15:01:39+08:00][sql] CONNECT:[ UseTime:0.001610s ] mysql:host=127.0.0.1;port=3306;dbname=weihua;charset=utf8mb4
[2026-05-26T15:01:39+08:00][sql] SHOW FULL COLUMNS FROM `cmf_option` [ RunTime:0.001730s ]
[2026-05-26T15:01:39+08:00][sql] SELECT `option_value` FROM `cmf_option` WHERE  `option_name` = 'cdn_settings' LIMIT 1 [ RunTime:0.000772s ]
[2026-05-26T15:01:39+08:00][sql] SELECT `option_value` FROM `cmf_option` WHERE  `option_name` = 'cdn_settings' LIMIT 1 [ RunTime:0.000281s ]
[2026-05-26T15:01:39+08:00][sql] SHOW FULL COLUMNS FROM `cmf_product_category` [ RunTime:0.001455s ]
[2026-05-26T15:01:39+08:00][sql] SELECT * FROM `cmf_product_category` WHERE  `parent_id` = 0 ORDER BY `list_order` ASC,`create_time` DESC [ RunTime:0.000483s ]
[2026-05-26T15:01:39+08:00][sql] SELECT * FROM `cmf_product_category` WHERE  `parent_id` IN (28,19,22,23,25,27,30) [ RunTime:0.000329s ]
[2026-05-26T15:01:39+08:00][sql] SHOW FULL COLUMNS FROM `cmf_portal_category` [ RunTime:0.001566s ]
[2026-05-26T15:01:39+08:00][sql] SELECT * FROM `cmf_portal_category` WHERE (  `type` = 8 ) AND `cmf_portal_category`.`delete_time` = '0' ORDER BY `list_order` ASC [ RunTime:0.000640s ]
[2026-05-26T15:01:39+08:00][sql] SHOW FULL COLUMNS FROM `cmf_slide_item` [ RunTime:0.001165s ]
[2026-05-26T15:01:39+08:00][sql] SELECT `title`,`description`,`image` FROM `cmf_slide_item` WHERE  `slide_id` = 3  AND `status` = 1 ORDER BY `list_order` ASC,`id` DESC LIMIT 1 [ RunTime:0.001001s ]
[2026-05-26T15:01:39+08:00][sql] SHOW FULL COLUMNS FROM `cmf_portal_post` [ RunTime:0.001114s ]
[2026-05-26T15:01:39+08:00][sql] SELECT COUNT(*) AS think_count FROM `cmf_portal_post` WHERE (  `post_type` = 3 ) AND `cmf_portal_post`.`delete_time` = '0' LIMIT 1 [ RunTime:0.000469s ]
[2026-05-26T15:01:39+08:00][sql] SELECT `id`,`more`,`post_title`,`post_excerpt` FROM `cmf_portal_post` WHERE (  `post_type` = 3 ) AND `cmf_portal_post`.`delete_time` = '0' ORDER BY `create_time` DESC LIMIT 0,9 [ RunTime:0.000323s ]
[2026-05-26T15:01:39+08:00][sql] SHOW FULL COLUMNS FROM `cmf_theme_file` [ RunTime:0.002020s ]
[2026-05-26T15:01:39+08:00][sql] SELECT `more`,`file`,`id` FROM `cmf_theme_file` WHERE  `theme` = 'simpleboot3_mobile'  AND (  `is_public` = 1 OR `file` = 'portal/industries' ) ORDER BY `is_public` DESC [ RunTime:0.000591s ]
[2026-05-26T15:01:39+08:00][sql] SELECT `option_value` FROM `cmf_option` WHERE  `option_name` = 'storage' LIMIT 1 [ RunTime:0.000547s ]
[2026-05-26T15:01:41+08:00][sql] CONNECT:[ UseTime:0.020007s ] mysql:host=127.0.0.1;port=3306;dbname=weihua;charset=utf8mb4
[2026-05-26T15:01:41+08:00][sql] SHOW FULL COLUMNS FROM `cmf_option` [ RunTime:0.002453s ]
[2026-05-26T15:01:41+08:00][sql] SELECT `option_value` FROM `cmf_option` WHERE  `option_name` = 'cdn_settings' LIMIT 1 [ RunTime:0.000689s ]
[2026-05-26T15:01:41+08:00][sql] SELECT `option_value` FROM `cmf_option` WHERE  `option_name` = 'cdn_settings' LIMIT 1 [ RunTime:0.000321s ]
[2026-05-26T15:01:41+08:00][sql] SHOW FULL COLUMNS FROM `cmf_product_category` [ RunTime:0.000937s ]
[2026-05-26T15:01:41+08:00][sql] SELECT * FROM `cmf_product_category` WHERE  `parent_id` = 0 ORDER BY `list_order` ASC,`create_time` DESC [ RunTime:0.000466s ]
[2026-05-26T15:01:41+08:00][sql] SELECT * FROM `cmf_product_category` WHERE  `parent_id` IN (28,19,22,23,25,27,30) [ RunTime:0.000288s ]
[2026-05-26T15:01:41+08:00][sql] SHOW FULL COLUMNS FROM `cmf_portal_category` [ RunTime:0.001336s ]
[2026-05-26T15:01:41+08:00][sql] SELECT * FROM `cmf_portal_category` WHERE (  `type` = 8 ) AND `cmf_portal_category`.`delete_time` = '0' ORDER BY `list_order` ASC [ RunTime:0.000422s ]
[2026-05-26T15:01:41+08:00][sql] SHOW FULL COLUMNS FROM `cmf_slide_item` [ RunTime:0.000799s ]
[2026-05-26T15:01:41+08:00][sql] SELECT `title`,`description`,`image` FROM `cmf_slide_item` WHERE  `slide_id` = 12  AND `status` = 1 ORDER BY `list_order` ASC,`id` DESC LIMIT 1 [ RunTime:0.000442s ]
[2026-05-26T15:01:41+08:00][sql] SELECT * FROM `cmf_portal_category` WHERE (  `id` = 0  AND `status` = 1 ) AND `cmf_portal_category`.`delete_time` = '0' LIMIT 1 [ RunTime:0.000294s ]
[2026-05-26T15:01:41+08:00][sql] SHOW FULL COLUMNS FROM `cmf_portal_post` [ RunTime:0.000913s ]
[2026-05-26T15:01:41+08:00][sql] SELECT COUNT(*) AS think_count FROM `cmf_portal_post` `p` LEFT JOIN `cmf_portal_category_post` `c` ON `p`.`id`=`c`.`post_id` WHERE (  `post_type` = 8 ) AND `p`.`delete_time` = '0' LIMIT 1 [ RunTime:0.000759s ]
[2026-05-26T15:01:41+08:00][sql] SELECT `p`.`id`,`p`.`post_title`,`p`.`thumbnail`,`p`.`more`,c.category_id as cid,`p`.`post_excerpt`,`p`.`create_time` FROM `cmf_portal_post` `p` LEFT JOIN `cmf_portal_category_post` `c` ON `p`.`id`=`c`.`post_id` WHERE (  `post_type` = 8 ) AND `p`.`delete_time` = '0' ORDER BY `c`.`list_order` ASC,`p`.`create_time` DESC LIMIT 0,6 [ RunTime:0.000422s ]
[2026-05-26T15:01:41+08:00][sql] SHOW FULL COLUMNS FROM `cmf_theme_file` [ RunTime:0.001175s ]
[2026-05-26T15:01:41+08:00][sql] SELECT `more`,`file`,`id` FROM `cmf_theme_file` WHERE  `theme` = 'simpleboot3_mobile'  AND (  `is_public` = 1 OR `file` = 'portal/news' ) ORDER BY `is_public` DESC [ RunTime:0.000547s ]
[2026-05-26T15:01:41+08:00][sql] SELECT `option_value` FROM `cmf_option` WHERE  `option_name` = 'storage' LIMIT 1 [ RunTime:0.000468s ]
[2026-05-26T15:09:14+08:00][sql] CONNECT:[ UseTime:0.001734s ] mysql:host=127.0.0.1;port=3306;dbname=weihua;charset=utf8mb4
[2026-05-26T15:09:14+08:00][sql] SHOW FULL COLUMNS FROM `cmf_hook` [ RunTime:0.002002s ]
[2026-05-26T15:09:14+08:00][sql] SELECT `hook`,`id` FROM `cmf_hook` WHERE  (  (  `app` = '' OR `app` = 'cmf' )  AND `type` = 3 ) OR `type` = 1 [ RunTime:0.012677s ]
[2026-05-26T15:09:14+08:00][sql] SHOW FULL COLUMNS FROM `cmf_hook_plugin` [ RunTime:0.002123s ]
[2026-05-26T15:09:14+08:00][sql] SELECT `hook`,`plugin` FROM `cmf_hook_plugin` WHERE  `status` = 1  AND `hook` IN ('app_begin','module_init','action_begin','view_filter','app_end','log_write','response_end','admin_init','home_init','send_mobile_verification_code','body_start','before_head_end','footer_start','before_footer','before_footer_end','before_body_end','left_sidebar_start','before_left_sidebar_end','right_sidebar_start','before_right_sidebar_end','comment','guestbook','switch_theme','after_content','before_content','log_write_done','switch_admin_theme','captcha_image','user_login_start') ORDER BY `list_order` ASC [ RunTime:0.001216s ]
[2026-05-26T15:09:14+08:00][sql] SELECT `hook` FROM `cmf_hook` WHERE  `app` = 'portal' [ RunTime:0.001330s ]
[2026-05-26T15:09:14+08:00][sql] SELECT `hook`,`plugin` FROM `cmf_hook_plugin` WHERE  `status` = 1  AND `hook` IN ('portal_before_assign_article','portal_admin_after_save_article','portal_admin_article_index_view','portal_admin_article_add_view','portal_admin_article_edit_view','portal_admin_category_index_view','portal_admin_category_add_view','portal_admin_category_edit_view','portal_admin_page_index_view','portal_admin_page_add_view','portal_admin_page_edit_view','portal_admin_tag_index_view','portal_admin_article_edit_view_right_sidebar','portal_admin_article_edit_view_main') ORDER BY `list_order` ASC [ RunTime:0.000435s ]
[2026-05-26T15:09:14+08:00][sql] SHOW FULL COLUMNS FROM `cmf_plugin` [ RunTime:0.001501s ]
[2026-05-26T15:09:14+08:00][sql] SELECT `config` FROM `cmf_plugin` WHERE  `name` = 'SwitchTheme' LIMIT 1 [ RunTime:0.001371s ]
[2026-05-26T15:09:14+08:00][sql] SHOW FULL COLUMNS FROM `cmf_option` [ RunTime:0.003088s ]
[2026-05-26T15:09:14+08:00][sql] SELECT `option_value` FROM `cmf_option` WHERE  `option_name` = 'cdn_settings' LIMIT 1 [ RunTime:0.000835s ]
[2026-05-26T15:09:14+08:00][sql] SELECT `option_value` FROM `cmf_option` WHERE  `option_name` = 'cdn_settings' LIMIT 1 [ RunTime:0.000670s ]
[2026-05-26T15:09:14+08:00][sql] SHOW FULL COLUMNS FROM `cmf_product_category` [ RunTime:0.001759s ]
[2026-05-26T15:09:14+08:00][sql] SELECT * FROM `cmf_product_category` WHERE  `parent_id` = 0 ORDER BY `list_order` ASC,`create_time` DESC [ RunTime:0.000580s ]
[2026-05-26T15:09:14+08:00][sql] SELECT * FROM `cmf_product_category` WHERE  `parent_id` IN (28,19,22,23,25,27,30) [ RunTime:0.000616s ]
[2026-05-26T15:09:14+08:00][sql] SHOW FULL COLUMNS FROM `cmf_portal_category` [ RunTime:0.001305s ]
[2026-05-26T15:09:14+08:00][sql] SELECT * FROM `cmf_portal_category` WHERE (  `type` = 8 ) AND `cmf_portal_category`.`delete_time` = '0' ORDER BY `list_order` ASC [ RunTime:0.000566s ]
[2026-05-26T15:09:14+08:00][sql] SELECT `option_value` FROM `cmf_option` WHERE  `option_name` = 'site_info' LIMIT 1 [ RunTime:0.000295s ]
[2026-05-26T15:09:14+08:00][sql] SHOW FULL COLUMNS FROM `cmf_slide_item` [ RunTime:0.001587s ]
[2026-05-26T15:09:14+08:00][sql] SELECT `title`,`description`,`image` FROM `cmf_slide_item` WHERE  `slide_id` = 6  AND `status` = 1 ORDER BY `list_order` ASC,`id` DESC LIMIT 1 [ RunTime:0.000712s ]
[2026-05-26T15:09:14+08:00][sql] SELECT `option_value` FROM `cmf_option` WHERE  `option_name` = 'service_site' LIMIT 1 [ RunTime:0.000390s ]
[2026-05-26T15:09:14+08:00][sql] SHOW FULL COLUMNS FROM `cmf_theme_file` [ RunTime:0.001696s ]
[2026-05-26T15:09:14+08:00][sql] SELECT `more`,`file`,`id` FROM `cmf_theme_file` WHERE  `theme` = 'simpleboot3'  AND (  `is_public` = 1 OR `file` = 'portal/service' ) ORDER BY `is_public` DESC [ RunTime:0.001727s ]
[2026-05-26T15:09:14+08:00][sql] SHOW FULL COLUMNS FROM `cmf_route` [ RunTime:0.001084s ]
[2026-05-26T15:09:14+08:00][sql] SELECT * FROM `cmf_route` WHERE  `status` = 1 ORDER BY `list_order` ASC [ RunTime:0.004881s ]
[2026-05-26T15:09:14+08:00][sql] SELECT `option_value` FROM `cmf_option` WHERE  `option_name` = 'storage' LIMIT 1 [ RunTime:0.000391s ]
[2026-05-26T15:09:16+08:00][sql] CONNECT:[ UseTime:0.001325s ] mysql:host=127.0.0.1;port=3306;dbname=weihua;charset=utf8mb4
[2026-05-26T15:09:16+08:00][sql] SHOW FULL COLUMNS FROM `cmf_option` [ RunTime:0.002243s ]
[2026-05-26T15:09:16+08:00][sql] SELECT `option_value` FROM `cmf_option` WHERE  `option_name` = 'cdn_settings' LIMIT 1 [ RunTime:0.000522s ]
[2026-05-26T15:09:16+08:00][sql] SELECT `option_value` FROM `cmf_option` WHERE  `option_name` = 'cdn_settings' LIMIT 1 [ RunTime:0.000310s ]
[2026-05-26T15:09:16+08:00][sql] SHOW FULL COLUMNS FROM `cmf_product_category` [ RunTime:0.001284s ]
[2026-05-26T15:09:16+08:00][sql] SELECT * FROM `cmf_product_category` WHERE  `parent_id` = 0 ORDER BY `list_order` ASC,`create_time` DESC [ RunTime:0.001157s ]
[2026-05-26T15:09:16+08:00][sql] SELECT * FROM `cmf_product_category` WHERE  `parent_id` IN (28,19,22,23,25,27,30) [ RunTime:0.000467s ]
[2026-05-26T15:09:16+08:00][sql] SHOW FULL COLUMNS FROM `cmf_portal_category` [ RunTime:0.002054s ]
[2026-05-26T15:09:16+08:00][sql] SELECT * FROM `cmf_portal_category` WHERE (  `type` = 8 ) AND `cmf_portal_category`.`delete_time` = '0' ORDER BY `list_order` ASC [ RunTime:0.000568s ]
[2026-05-26T15:09:16+08:00][sql] SHOW FULL COLUMNS FROM `cmf_slide_item` [ RunTime:0.001178s ]
[2026-05-26T15:09:16+08:00][sql] SELECT `title`,`description`,`image` FROM `cmf_slide_item` WHERE  `slide_id` = 6  AND `status` = 1 ORDER BY `list_order` ASC,`id` DESC LIMIT 1 [ RunTime:0.000566s ]
[2026-05-26T15:09:16+08:00][sql] SHOW FULL COLUMNS FROM `cmf_theme_file` [ RunTime:0.001516s ]
[2026-05-26T15:09:16+08:00][sql] SELECT `more`,`file`,`id` FROM `cmf_theme_file` WHERE  `theme` = 'simpleboot3'  AND (  `is_public` = 1 OR `file` = 'portal/service' ) ORDER BY `is_public` DESC [ RunTime:0.001763s ]
[2026-05-26T15:09:16+08:00][sql] SELECT `option_value` FROM `cmf_option` WHERE  `option_name` = 'storage' LIMIT 1 [ RunTime:0.000362s ]
[2026-05-26T15:09:18+08:00][sql] CONNECT:[ UseTime:0.012885s ] mysql:host=127.0.0.1;port=3306;dbname=weihua;charset=utf8mb4
[2026-05-26T15:09:18+08:00][sql] SHOW FULL COLUMNS FROM `cmf_option` [ RunTime:0.002921s ]
[2026-05-26T15:09:18+08:00][sql] SELECT `option_value` FROM `cmf_option` WHERE  `option_name` = 'cdn_settings' LIMIT 1 [ RunTime:0.001816s ]
[2026-05-26T15:09:18+08:00][sql] SELECT `option_value` FROM `cmf_option` WHERE  `option_name` = 'cdn_settings' LIMIT 1 [ RunTime:0.001152s ]
[2026-05-26T15:09:18+08:00][sql] SHOW FULL COLUMNS FROM `cmf_product_category` [ RunTime:0.001914s ]
[2026-05-26T15:09:18+08:00][sql] SELECT * FROM `cmf_product_category` WHERE  `parent_id` = 0 ORDER BY `list_order` ASC,`create_time` DESC [ RunTime:0.000637s ]
[2026-05-26T15:09:18+08:00][sql] SELECT * FROM `cmf_product_category` WHERE  `parent_id` IN (28,19,22,23,25,27,30) [ RunTime:0.000457s ]
[2026-05-26T15:09:18+08:00][sql] SHOW FULL COLUMNS FROM `cmf_portal_category` [ RunTime:0.001500s ]
[2026-05-26T15:09:18+08:00][sql] SELECT * FROM `cmf_portal_category` WHERE (  `type` = 8 ) AND `cmf_portal_category`.`delete_time` = '0' ORDER BY `list_order` ASC [ RunTime:0.000534s ]
[2026-05-26T15:09:18+08:00][sql] SHOW FULL COLUMNS FROM `cmf_slide_item` [ RunTime:0.001560s ]
[2026-05-26T15:09:18+08:00][sql] SELECT `title`,`description`,`image` FROM `cmf_slide_item` WHERE  `slide_id` = 12  AND `status` = 1 ORDER BY `list_order` ASC,`id` DESC LIMIT 1 [ RunTime:0.002708s ]
[2026-05-26T15:09:18+08:00][sql] SELECT * FROM `cmf_portal_category` WHERE (  `id` = 0  AND `status` = 1 ) AND `cmf_portal_category`.`delete_time` = '0' LIMIT 1 [ RunTime:0.000460s ]
[2026-05-26T15:09:18+08:00][sql] SHOW FULL COLUMNS FROM `cmf_portal_post` [ RunTime:0.001577s ]
[2026-05-26T15:09:18+08:00][sql] SELECT COUNT(*) AS think_count FROM `cmf_portal_post` `p` LEFT JOIN `cmf_portal_category_post` `c` ON `p`.`id`=`c`.`post_id` WHERE (  `post_type` = 8 ) AND `p`.`delete_time` = '0' LIMIT 1 [ RunTime:0.001629s ]
[2026-05-26T15:09:18+08:00][sql] SELECT `p`.`id`,`p`.`post_title`,`p`.`thumbnail`,`p`.`more`,c.category_id as cid,`p`.`post_excerpt`,`p`.`create_time` FROM `cmf_portal_post` `p` LEFT JOIN `cmf_portal_category_post` `c` ON `p`.`id`=`c`.`post_id` WHERE (  `post_type` = 8 ) AND `p`.`delete_time` = '0' ORDER BY `c`.`list_order` ASC,`p`.`create_time` DESC LIMIT 0,6 [ RunTime:0.000578s ]
[2026-05-26T15:09:18+08:00][sql] SHOW FULL COLUMNS FROM `cmf_theme_file` [ RunTime:0.001258s ]
[2026-05-26T15:09:18+08:00][sql] SELECT `more`,`file`,`id` FROM `cmf_theme_file` WHERE  `theme` = 'simpleboot3'  AND (  `is_public` = 1 OR `file` = 'portal/news' ) ORDER BY `is_public` DESC [ RunTime:0.000577s ]
[2026-05-26T15:09:18+08:00][sql] SELECT `option_value` FROM `cmf_option` WHERE  `option_name` = 'storage' LIMIT 1 [ RunTime:0.000623s ]
[2026-05-26T15:09:26+08:00][sql] CONNECT:[ UseTime:0.000877s ] mysql:host=127.0.0.1;port=3306;dbname=weihua;charset=utf8mb4
[2026-05-26T15:09:26+08:00][sql] SHOW FULL COLUMNS FROM `cmf_hook` [ RunTime:0.001562s ]
[2026-05-26T15:09:26+08:00][sql] SELECT `hook` FROM `cmf_hook` WHERE  `app` = 'admin' [ RunTime:0.000479s ]
[2026-05-26T15:09:26+08:00][sql] SHOW FULL COLUMNS FROM `cmf_hook_plugin` [ RunTime:0.000945s ]
[2026-05-26T15:09:26+08:00][sql] SELECT `hook`,`plugin` FROM `cmf_hook_plugin` WHERE  `status` = 1  AND `hook` IN ('admin_dashboard','admin_login','admin_theme_design_view','admin_setting_site_view','admin_setting_clear_cache_view','admin_nav_index_view','admin_link_index_view','admin_slide_index_view','admin_user_index_view','admin_rbac_index_view','admin_index_index_view','admin_recycle_bin_index_view','admin_menu_index_view','admin_custom_login_open','admin_slide_item_index_view','admin_slide_item_add_view','admin_slide_item_edit_view','admin_user_add_view','admin_user_edit_view','admin_rbac_role_add_view','admin_rbac_role_edit_view','admin_rbac_authorize_view','admin_api_import_view') ORDER BY `list_order` ASC [ RunTime:0.000521s ]
[2026-05-26T15:09:26+08:00][sql] SHOW FULL COLUMNS FROM `cmf_option` [ RunTime:0.001795s ]
[2026-05-26T15:09:26+08:00][sql] SELECT `option_value` FROM `cmf_option` WHERE  `option_name` = 'cdn_settings' LIMIT 1 [ RunTime:0.000453s ]
[2026-05-26T15:09:26+08:00][sql] SELECT `option_value` FROM `cmf_option` WHERE  `option_name` = 'admin_settings' LIMIT 1 [ RunTime:0.000424s ]
[2026-05-26T15:09:26+08:00][sql] CONNECT:[ UseTime:0.015041s ] mysql:host=127.0.0.1;port=3306;dbname=weihua;charset=utf8mb4
[2026-05-26T15:09:26+08:00][sql] SHOW FULL COLUMNS FROM `cmf_option` [ RunTime:0.001361s ]
[2026-05-26T15:09:26+08:00][sql] SELECT `option_value` FROM `cmf_option` WHERE  `option_name` = 'cdn_settings' LIMIT 1 [ RunTime:0.000473s ]
[2026-05-26T15:09:37+08:00][sql] CONNECT:[ UseTime:0.018815s ] mysql:host=127.0.0.1;port=3306;dbname=weihua;charset=utf8mb4
[2026-05-26T15:09:37+08:00][sql] SHOW FULL COLUMNS FROM `cmf_option` [ RunTime:0.002919s ]
[2026-05-26T15:09:37+08:00][sql] SELECT `option_value` FROM `cmf_option` WHERE  `option_name` = 'cdn_settings' LIMIT 1 [ RunTime:0.023399s ]
[2026-05-26T15:09:37+08:00][sql] SHOW FULL COLUMNS FROM `cmf_user` [ RunTime:0.001521s ]
[2026-05-26T15:09:37+08:00][sql] SELECT * FROM `cmf_user` WHERE  `user_login` = 'antop002' LIMIT 1 [ RunTime:0.001539s ]
[2026-05-26T15:09:37+08:00][sql] SHOW FULL COLUMNS FROM `cmf_role_user` [ RunTime:0.001443s ]
[2026-05-26T15:09:37+08:00][sql] SELECT `role_id` FROM `cmf_role_user` `a` INNER JOIN `cmf_role` `b` ON `a`.`role_id`=`b`.`id` WHERE  `user_id` = 1  AND `status` = '1' LIMIT 1 [ RunTime:0.000933s ]
[2026-05-26T15:09:37+08:00][sql] SHOW FULL COLUMNS FROM `cmf_user_token` [ RunTime:0.001068s ]
[2026-05-26T15:09:37+08:00][sql] SELECT * FROM `cmf_user_token` WHERE  `user_id` = 1  AND `device_type` = 'web' LIMIT 1 [ RunTime:0.000550s ]
[2026-05-26T15:09:37+08:00][sql] UPDATE `cmf_user`  SET `last_login_ip` = '::1' , `last_login_time` = 1779779377  WHERE  `id` = 1 [ RunTime:0.019048s ]
[2026-05-26T15:09:39+08:00][sql] CONNECT:[ UseTime:0.001314s ] mysql:host=127.0.0.1;port=3306;dbname=weihua;charset=utf8mb4
[2026-05-26T15:09:39+08:00][sql] SHOW FULL COLUMNS FROM `cmf_option` [ RunTime:0.002046s ]
[2026-05-26T15:09:39+08:00][sql] SELECT `option_value` FROM `cmf_option` WHERE  `option_name` = 'cdn_settings' LIMIT 1 [ RunTime:0.000553s ]
[2026-05-26T15:09:39+08:00][sql] SHOW FULL COLUMNS FROM `cmf_user` [ RunTime:0.002644s ]
[2026-05-26T15:09:39+08:00][sql] SELECT * FROM `cmf_user` WHERE  `id` = 1 LIMIT 1 [ RunTime:0.000979s ]
[2026-05-26T15:09:39+08:00][sql] SHOW FULL COLUMNS FROM `cmf_admin_menu` [ RunTime:0.001512s ]
[2026-05-26T15:09:39+08:00][sql] SELECT * FROM `cmf_admin_menu` WHERE  `parent_id` = 0  AND `status` = 1 ORDER BY `list_order` ASC [ RunTime:0.002155s ]
[2026-05-26T15:09:39+08:00][sql] SELECT * FROM `cmf_admin_menu` WHERE  `parent_id` = 71  AND `status` = 1 ORDER BY `list_order` ASC [ RunTime:0.000523s ]
[2026-05-26T15:09:39+08:00][sql] SELECT * FROM `cmf_admin_menu` WHERE  `parent_id` = 78  AND `status` = 1 ORDER BY `list_order` ASC [ RunTime:0.000491s ]
[2026-05-26T15:09:39+08:00][sql] SELECT * FROM `cmf_admin_menu` WHERE  `parent_id` = 213  AND `status` = 1 ORDER BY `list_order` ASC [ RunTime:0.000463s ]
[2026-05-26T15:09:39+08:00][sql] SELECT * FROM `cmf_admin_menu` WHERE  `parent_id` = 214  AND `status` = 1 ORDER BY `list_order` ASC [ RunTime:0.000366s ]
[2026-05-26T15:09:39+08:00][sql] SELECT * FROM `cmf_admin_menu` WHERE  `parent_id` = 215  AND `status` = 1 ORDER BY `list_order` ASC [ RunTime:0.000382s ]
[2026-05-26T15:09:39+08:00][sql] SELECT * FROM `cmf_admin_menu` WHERE  `parent_id` = 217  AND `status` = 1 ORDER BY `list_order` ASC [ RunTime:0.000422s ]
[2026-05-26T15:09:39+08:00][sql] SELECT * FROM `cmf_admin_menu` WHERE  `parent_id` = 219  AND `status` = 1 ORDER BY `list_order` ASC [ RunTime:0.000306s ]
[2026-05-26T15:09:39+08:00][sql] SELECT * FROM `cmf_admin_menu` WHERE  `parent_id` = 220  AND `status` = 1 ORDER BY `list_order` ASC [ RunTime:0.000316s ]
[2026-05-26T15:09:39+08:00][sql] SELECT * FROM `cmf_admin_menu` WHERE  `parent_id` = 225  AND `status` = 1 ORDER BY `list_order` ASC [ RunTime:0.000358s ]
[2026-05-26T15:09:39+08:00][sql] SELECT * FROM `cmf_admin_menu` WHERE  `parent_id` = 221  AND `status` = 1 ORDER BY `list_order` ASC [ RunTime:0.000357s ]
[2026-05-26T15:09:39+08:00][sql] SELECT * FROM `cmf_admin_menu` WHERE  `parent_id` = 222  AND `status` = 1 ORDER BY `list_order` ASC [ RunTime:0.000393s ]
[2026-05-26T15:09:39+08:00][sql] SELECT * FROM `cmf_admin_menu` WHERE  `parent_id` = 223  AND `status` = 1 ORDER BY `list_order` ASC [ RunTime:0.000420s ]
[2026-05-26T15:09:39+08:00][sql] SELECT * FROM `cmf_admin_menu` WHERE  `parent_id` = 224  AND `status` = 1 ORDER BY `list_order` ASC [ RunTime:0.000391s ]
[2026-05-26T15:09:39+08:00][sql] SELECT * FROM `cmf_admin_menu` WHERE  `parent_id` = 226  AND `status` = 1 ORDER BY `list_order` ASC [ RunTime:0.000371s ]
[2026-05-26T15:09:39+08:00][sql] SELECT * FROM `cmf_admin_menu` WHERE  `parent_id` = 227  AND `status` = 1 ORDER BY `list_order` ASC [ RunTime:0.000339s ]
[2026-05-26T15:09:39+08:00][sql] SELECT * FROM `cmf_admin_menu` ORDER BY `app` ASC,`controller` ASC,`action` ASC [ RunTime:0.000821s ]
[2026-05-26T15:09:40+08:00][sql] CONNECT:[ UseTime:0.010869s ] mysql:host=127.0.0.1;port=3306;dbname=weihua;charset=utf8mb4
[2026-05-26T15:09:40+08:00][sql] SHOW FULL COLUMNS FROM `cmf_option` [ RunTime:0.001163s ]
[2026-05-26T15:09:40+08:00][sql] SELECT `option_value` FROM `cmf_option` WHERE  `option_name` = 'cdn_settings' LIMIT 1 [ RunTime:0.000545s ]
[2026-05-26T15:09:40+08:00][sql] SHOW FULL COLUMNS FROM `cmf_user` [ RunTime:0.001658s ]
[2026-05-26T15:09:40+08:00][sql] SELECT * FROM `cmf_user` WHERE  `id` = 1 LIMIT 1 [ RunTime:0.000630s ]
[2026-05-26T15:09:40+08:00][sql] SELECT `option_value` FROM `cmf_option` WHERE  `option_name` = 'cdn_settings' LIMIT 1 [ RunTime:0.000269s ]
[2026-05-26T15:09:40+08:00][sql] SELECT `option_value` FROM `cmf_option` WHERE  `option_name` = 'cmf_settings' LIMIT 1 [ RunTime:0.000217s ]
[2026-05-26T15:09:40+08:00][sql] SELECT `option_value` FROM `cmf_option` WHERE  `option_name` = 'product_setting' LIMIT 1 [ RunTime:0.000397s ]
[2026-05-26T15:09:40+08:00][sql] SELECT `option_value` FROM `cmf_option` WHERE  `option_name` = 'index_setting' LIMIT 1 [ RunTime:0.000825s ]
[2026-05-26T15:09:40+08:00][sql] SELECT `option_value` FROM `cmf_option` WHERE  `option_name` = 'storage' LIMIT 1 [ RunTime:0.000564s ]
[2026-05-26T15:09:42+08:00][sql] CONNECT:[ UseTime:0.026109s ] mysql:host=127.0.0.1;port=3306;dbname=weihua;charset=utf8mb4
[2026-05-26T15:09:42+08:00][sql] SHOW FULL COLUMNS FROM `cmf_option` [ RunTime:0.001874s ]
[2026-05-26T15:09:42+08:00][sql] SELECT `option_value` FROM `cmf_option` WHERE  `option_name` = 'cdn_settings' LIMIT 1 [ RunTime:0.000500s ]
[2026-05-26T15:09:42+08:00][sql] SHOW FULL COLUMNS FROM `cmf_user` [ RunTime:0.001573s ]
[2026-05-26T15:09:42+08:00][sql] SELECT * FROM `cmf_user` WHERE  `id` = 1 LIMIT 1 [ RunTime:0.000649s ]
[2026-05-26T15:09:42+08:00][sql] SHOW FULL COLUMNS FROM `cmf_slide` [ RunTime:0.001544s ]
[2026-05-26T15:09:42+08:00][sql] SELECT * FROM `cmf_slide` WHERE  `delete_time` = 0 [ RunTime:0.000592s ]
[2026-05-26T15:09:47+08:00][sql] CONNECT:[ UseTime:0.013736s ] mysql:host=127.0.0.1;port=3306;dbname=weihua;charset=utf8mb4
[2026-05-26T15:09:47+08:00][sql] SHOW FULL COLUMNS FROM `cmf_option` [ RunTime:0.001798s ]
[2026-05-26T15:09:47+08:00][sql] SELECT `option_value` FROM `cmf_option` WHERE  `option_name` = 'cdn_settings' LIMIT 1 [ RunTime:0.000534s ]
[2026-05-26T15:09:47+08:00][sql] SHOW FULL COLUMNS FROM `cmf_user` [ RunTime:0.001018s ]
[2026-05-26T15:09:47+08:00][sql] SELECT * FROM `cmf_user` WHERE  `id` = 1 LIMIT 1 [ RunTime:0.000399s ]
[2026-05-26T15:09:47+08:00][sql] SHOW FULL COLUMNS FROM `cmf_slide_item` [ RunTime:0.001151s ]
[2026-05-26T15:09:47+08:00][sql] SELECT * FROM `cmf_slide_item` WHERE  `slide_id` = 6 [ RunTime:0.000385s ]
[2026-05-26T15:09:47+08:00][sql] SELECT `option_value` FROM `cmf_option` WHERE  `option_name` = 'storage' LIMIT 1 [ RunTime:0.000536s ]
[2026-05-26T15:09:49+08:00][sql] CONNECT:[ UseTime:0.000820s ] mysql:host=127.0.0.1;port=3306;dbname=weihua;charset=utf8mb4
[2026-05-26T15:09:49+08:00][sql] SHOW FULL COLUMNS FROM `cmf_option` [ RunTime:0.001207s ]
[2026-05-26T15:09:49+08:00][sql] SELECT `option_value` FROM `cmf_option` WHERE  `option_name` = 'cdn_settings' LIMIT 1 [ RunTime:0.000338s ]
[2026-05-26T15:09:49+08:00][sql] SHOW FULL COLUMNS FROM `cmf_user` [ RunTime:0.001225s ]
[2026-05-26T15:09:49+08:00][sql] SELECT * FROM `cmf_user` WHERE  `id` = 1 LIMIT 1 [ RunTime:0.000624s ]
[2026-05-26T15:09:49+08:00][sql] SHOW FULL COLUMNS FROM `cmf_slide_item` [ RunTime:0.000942s ]
[2026-05-26T15:09:49+08:00][sql] SELECT * FROM `cmf_slide_item` WHERE  `id` = 6 LIMIT 1 [ RunTime:0.000605s ]
[2026-05-26T15:09:49+08:00][sql] SELECT `option_value` FROM `cmf_option` WHERE  `option_name` = 'storage' LIMIT 1 [ RunTime:0.000571s ]
[2026-05-26T15:09:52+08:00][sql] CONNECT:[ UseTime:0.022501s ] mysql:host=127.0.0.1;port=3306;dbname=weihua;charset=utf8mb4
[2026-05-26T15:09:52+08:00][sql] SHOW FULL COLUMNS FROM `cmf_option` [ RunTime:0.002501s ]
[2026-05-26T15:09:52+08:00][sql] SELECT `option_value` FROM `cmf_option` WHERE  `option_name` = 'cdn_settings' LIMIT 1 [ RunTime:0.000611s ]
[2026-05-26T15:09:52+08:00][sql] SHOW FULL COLUMNS FROM `cmf_user` [ RunTime:0.001284s ]
[2026-05-26T15:09:52+08:00][sql] SELECT * FROM `cmf_user` WHERE  `id` = 1 LIMIT 1 [ RunTime:0.000557s ]
[2026-05-26T15:09:52+08:00][sql] SHOW FULL COLUMNS FROM `cmf_slide_item` [ RunTime:0.001042s ]
[2026-05-26T15:09:52+08:00][sql] UPDATE `cmf_slide_item`  SET `title` = 'SERVICEaaa' , `url` = '' , `target` = '_blank' , `description` = 'CRANE SERVICE' , `image` = 'admin/20260508/3125ae1d3c7f0741fba95860235959d8.jpg' , `slide_id` = 6  WHERE  `id` = 6 [ RunTime:0.003259s ]
[2026-05-26T15:09:54+08:00][sql] CONNECT:[ UseTime:0.001534s ] mysql:host=127.0.0.1;port=3306;dbname=weihua;charset=utf8mb4
[2026-05-26T15:09:54+08:00][sql] SHOW FULL COLUMNS FROM `cmf_option` [ RunTime:0.003831s ]
[2026-05-26T15:09:54+08:00][sql] SELECT `option_value` FROM `cmf_option` WHERE  `option_name` = 'cdn_settings' LIMIT 1 [ RunTime:0.000633s ]
[2026-05-26T15:09:54+08:00][sql] SHOW FULL COLUMNS FROM `cmf_user` [ RunTime:0.001762s ]
[2026-05-26T15:09:54+08:00][sql] SELECT * FROM `cmf_user` WHERE  `id` = 1 LIMIT 1 [ RunTime:0.000694s ]
[2026-05-26T15:09:54+08:00][sql] SHOW FULL COLUMNS FROM `cmf_slide_item` [ RunTime:0.001589s ]
[2026-05-26T15:09:54+08:00][sql] SELECT * FROM `cmf_slide_item` WHERE  `slide_id` = 6 [ RunTime:0.000343s ]
[2026-05-26T15:09:54+08:00][sql] SELECT `option_value` FROM `cmf_option` WHERE  `option_name` = 'storage' LIMIT 1 [ RunTime:0.000645s ]
[2026-05-26T15:09:56+08:00][sql] CONNECT:[ UseTime:0.000946s ] mysql:host=127.0.0.1;port=3306;dbname=weihua;charset=utf8mb4
[2026-05-26T15:09:56+08:00][sql] SHOW FULL COLUMNS FROM `cmf_option` [ RunTime:0.001388s ]
[2026-05-26T15:09:56+08:00][sql] SELECT `option_value` FROM `cmf_option` WHERE  `option_name` = 'cdn_settings' LIMIT 1 [ RunTime:0.000307s ]
[2026-05-26T15:09:56+08:00][sql] SELECT `option_value` FROM `cmf_option` WHERE  `option_name` = 'cdn_settings' LIMIT 1 [ RunTime:0.000544s ]
[2026-05-26T15:09:56+08:00][sql] SHOW FULL COLUMNS FROM `cmf_product_category` [ RunTime:0.002186s ]
[2026-05-26T15:09:56+08:00][sql] SELECT * FROM `cmf_product_category` WHERE  `parent_id` = 0 ORDER BY `list_order` ASC,`create_time` DESC [ RunTime:0.000412s ]
[2026-05-26T15:09:56+08:00][sql] SELECT * FROM `cmf_product_category` WHERE  `parent_id` IN (28,19,22,23,25,27,30) [ RunTime:0.000936s ]
[2026-05-26T15:09:56+08:00][sql] SHOW FULL COLUMNS FROM `cmf_portal_category` [ RunTime:0.001283s ]
[2026-05-26T15:09:56+08:00][sql] SELECT * FROM `cmf_portal_category` WHERE (  `type` = 8 ) AND `cmf_portal_category`.`delete_time` = '0' ORDER BY `list_order` ASC [ RunTime:0.000382s ]
[2026-05-26T15:09:56+08:00][sql] SHOW FULL COLUMNS FROM `cmf_slide_item` [ RunTime:0.001104s ]
[2026-05-26T15:09:56+08:00][sql] SELECT `title`,`description`,`image` FROM `cmf_slide_item` WHERE  `slide_id` = 12  AND `status` = 1 ORDER BY `list_order` ASC,`id` DESC LIMIT 1 [ RunTime:0.000401s ]
[2026-05-26T15:09:56+08:00][sql] SELECT * FROM `cmf_portal_category` WHERE (  `id` = 0  AND `status` = 1 ) AND `cmf_portal_category`.`delete_time` = '0' LIMIT 1 [ RunTime:0.000359s ]
[2026-05-26T15:09:56+08:00][sql] SHOW FULL COLUMNS FROM `cmf_portal_post` [ RunTime:0.001932s ]
[2026-05-26T15:09:56+08:00][sql] SELECT COUNT(*) AS think_count FROM `cmf_portal_post` `p` LEFT JOIN `cmf_portal_category_post` `c` ON `p`.`id`=`c`.`post_id` WHERE (  `post_type` = 8 ) AND `p`.`delete_time` = '0' LIMIT 1 [ RunTime:0.001385s ]
[2026-05-26T15:09:56+08:00][sql] SELECT `p`.`id`,`p`.`post_title`,`p`.`thumbnail`,`p`.`more`,c.category_id as cid,`p`.`post_excerpt`,`p`.`create_time` FROM `cmf_portal_post` `p` LEFT JOIN `cmf_portal_category_post` `c` ON `p`.`id`=`c`.`post_id` WHERE (  `post_type` = 8 ) AND `p`.`delete_time` = '0' ORDER BY `c`.`list_order` ASC,`p`.`create_time` DESC LIMIT 0,6 [ RunTime:0.000922s ]
[2026-05-26T15:09:56+08:00][sql] SHOW FULL COLUMNS FROM `cmf_theme_file` [ RunTime:0.001207s ]
[2026-05-26T15:09:56+08:00][sql] SELECT `more`,`file`,`id` FROM `cmf_theme_file` WHERE  `theme` = 'simpleboot3'  AND (  `is_public` = 1 OR `file` = 'portal/news' ) ORDER BY `is_public` DESC [ RunTime:0.000390s ]
[2026-05-26T15:09:56+08:00][sql] SELECT `option_value` FROM `cmf_option` WHERE  `option_name` = 'storage' LIMIT 1 [ RunTime:0.000341s ]
[2026-05-26T15:09:57+08:00][sql] CONNECT:[ UseTime:0.001580s ] mysql:host=127.0.0.1;port=3306;dbname=weihua;charset=utf8mb4
[2026-05-26T15:09:57+08:00][sql] SHOW FULL COLUMNS FROM `cmf_option` [ RunTime:0.002203s ]
[2026-05-26T15:09:57+08:00][sql] SELECT `option_value` FROM `cmf_option` WHERE  `option_name` = 'cdn_settings' LIMIT 1 [ RunTime:0.000365s ]
[2026-05-26T15:09:57+08:00][sql] SELECT `option_value` FROM `cmf_option` WHERE  `option_name` = 'cdn_settings' LIMIT 1 [ RunTime:0.000462s ]
[2026-05-26T15:09:57+08:00][sql] SHOW FULL COLUMNS FROM `cmf_product_category` [ RunTime:0.001478s ]
[2026-05-26T15:09:57+08:00][sql] SELECT * FROM `cmf_product_category` WHERE  `parent_id` = 0 ORDER BY `list_order` ASC,`create_time` DESC [ RunTime:0.000356s ]
[2026-05-26T15:09:57+08:00][sql] SELECT * FROM `cmf_product_category` WHERE  `parent_id` IN (28,19,22,23,25,27,30) [ RunTime:0.000322s ]
[2026-05-26T15:09:57+08:00][sql] SHOW FULL COLUMNS FROM `cmf_portal_category` [ RunTime:0.001454s ]
[2026-05-26T15:09:57+08:00][sql] SELECT * FROM `cmf_portal_category` WHERE (  `type` = 8 ) AND `cmf_portal_category`.`delete_time` = '0' ORDER BY `list_order` ASC [ RunTime:0.000396s ]
[2026-05-26T15:09:57+08:00][sql] SHOW FULL COLUMNS FROM `cmf_slide_item` [ RunTime:0.001715s ]
[2026-05-26T15:09:57+08:00][sql] SELECT `title`,`description`,`image` FROM `cmf_slide_item` WHERE  `slide_id` = 6  AND `status` = 1 ORDER BY `list_order` ASC,`id` DESC LIMIT 1 [ RunTime:0.000429s ]
[2026-05-26T15:09:57+08:00][sql] SHOW FULL COLUMNS FROM `cmf_theme_file` [ RunTime:0.001137s ]
[2026-05-26T15:09:57+08:00][sql] SELECT `more`,`file`,`id` FROM `cmf_theme_file` WHERE  `theme` = 'simpleboot3'  AND (  `is_public` = 1 OR `file` = 'portal/service' ) ORDER BY `is_public` DESC [ RunTime:0.000378s ]
[2026-05-26T15:09:57+08:00][sql] SELECT `option_value` FROM `cmf_option` WHERE  `option_name` = 'storage' LIMIT 1 [ RunTime:0.000343s ]
[2026-05-26T15:10:04+08:00][sql] CONNECT:[ UseTime:0.001727s ] mysql:host=127.0.0.1;port=3306;dbname=weihua;charset=utf8mb4
[2026-05-26T15:10:04+08:00][sql] SHOW FULL COLUMNS FROM `cmf_option` [ RunTime:0.001424s ]
[2026-05-26T15:10:04+08:00][sql] SELECT `option_value` FROM `cmf_option` WHERE  `option_name` = 'cdn_settings' LIMIT 1 [ RunTime:0.000273s ]
[2026-05-26T15:10:04+08:00][sql] SHOW FULL COLUMNS FROM `cmf_user` [ RunTime:0.001561s ]
[2026-05-26T15:10:04+08:00][sql] SELECT * FROM `cmf_user` WHERE  `id` = 1 LIMIT 1 [ RunTime:0.000583s ]
[2026-05-26T15:10:04+08:00][sql] SHOW FULL COLUMNS FROM `cmf_slide_item` [ RunTime:0.001115s ]
[2026-05-26T15:10:04+08:00][sql] SELECT * FROM `cmf_slide_item` WHERE  `id` = 6 LIMIT 1 [ RunTime:0.000771s ]
[2026-05-26T15:10:04+08:00][sql] SELECT `option_value` FROM `cmf_option` WHERE  `option_name` = 'storage' LIMIT 1 [ RunTime:0.000340s ]
[2026-05-26T15:10:07+08:00][sql] CONNECT:[ UseTime:0.001595s ] mysql:host=127.0.0.1;port=3306;dbname=weihua;charset=utf8mb4
[2026-05-26T15:10:07+08:00][sql] SHOW FULL COLUMNS FROM `cmf_option` [ RunTime:0.001359s ]
[2026-05-26T15:10:07+08:00][sql] SELECT `option_value` FROM `cmf_option` WHERE  `option_name` = 'cdn_settings' LIMIT 1 [ RunTime:0.000350s ]
[2026-05-26T15:10:07+08:00][sql] SHOW FULL COLUMNS FROM `cmf_user` [ RunTime:0.002309s ]
[2026-05-26T15:10:07+08:00][sql] SELECT * FROM `cmf_user` WHERE  `id` = 1 LIMIT 1 [ RunTime:0.000629s ]
[2026-05-26T15:10:07+08:00][sql] SHOW FULL COLUMNS FROM `cmf_slide_item` [ RunTime:0.001072s ]
[2026-05-26T15:10:07+08:00][sql] UPDATE `cmf_slide_item`  SET `title` = 'SERVICE' , `url` = '' , `target` = '_blank' , `description` = 'CRANE SERVICE' , `image` = 'admin/20260508/3125ae1d3c7f0741fba95860235959d8.jpg' , `slide_id` = 6  WHERE  `id` = 6 [ RunTime:0.001486s ]
[2026-05-26T15:10:12+08:00][sql] CONNECT:[ UseTime:0.001037s ] mysql:host=127.0.0.1;port=3306;dbname=weihua;charset=utf8mb4
[2026-05-26T15:10:12+08:00][sql] SHOW FULL COLUMNS FROM `cmf_option` [ RunTime:0.002375s ]
[2026-05-26T15:10:12+08:00][sql] SELECT `option_value` FROM `cmf_option` WHERE  `option_name` = 'cdn_settings' LIMIT 1 [ RunTime:0.000370s ]
[2026-05-26T15:10:12+08:00][sql] SELECT `option_value` FROM `cmf_option` WHERE  `option_name` = 'cdn_settings' LIMIT 1 [ RunTime:0.000945s ]
[2026-05-26T15:10:12+08:00][sql] SHOW FULL COLUMNS FROM `cmf_product_category` [ RunTime:0.001466s ]
[2026-05-26T15:10:12+08:00][sql] SELECT * FROM `cmf_product_category` WHERE  `parent_id` = 0 ORDER BY `list_order` ASC,`create_time` DESC [ RunTime:0.000532s ]
[2026-05-26T15:10:12+08:00][sql] SELECT * FROM `cmf_product_category` WHERE  `parent_id` IN (28,19,22,23,25,27,30) [ RunTime:0.000717s ]
[2026-05-26T15:10:12+08:00][sql] SHOW FULL COLUMNS FROM `cmf_portal_category` [ RunTime:0.001701s ]
[2026-05-26T15:10:12+08:00][sql] SELECT * FROM `cmf_portal_category` WHERE (  `type` = 8 ) AND `cmf_portal_category`.`delete_time` = '0' ORDER BY `list_order` ASC [ RunTime:0.000634s ]
[2026-05-26T15:10:12+08:00][sql] SHOW FULL COLUMNS FROM `cmf_slide_item` [ RunTime:0.002531s ]
[2026-05-26T15:10:12+08:00][sql] SELECT `title`,`description`,`image` FROM `cmf_slide_item` WHERE  `slide_id` = 3  AND `status` = 1 ORDER BY `list_order` ASC,`id` DESC LIMIT 1 [ RunTime:0.000620s ]
[2026-05-26T15:10:12+08:00][sql] SHOW FULL COLUMNS FROM `cmf_portal_post` [ RunTime:0.002451s ]
[2026-05-26T15:10:12+08:00][sql] SELECT COUNT(*) AS think_count FROM `cmf_portal_post` WHERE (  `post_type` = 3 ) AND `cmf_portal_post`.`delete_time` = '0' LIMIT 1 [ RunTime:0.000842s ]
[2026-05-26T15:10:12+08:00][sql] SELECT `id`,`more`,`post_title`,`post_excerpt` FROM `cmf_portal_post` WHERE (  `post_type` = 3 ) AND `cmf_portal_post`.`delete_time` = '0' ORDER BY `create_time` DESC LIMIT 0,9 [ RunTime:0.000442s ]
[2026-05-26T15:10:12+08:00][sql] SHOW FULL COLUMNS FROM `cmf_theme_file` [ RunTime:0.001452s ]
[2026-05-26T15:10:12+08:00][sql] SELECT `more`,`file`,`id` FROM `cmf_theme_file` WHERE  `theme` = 'simpleboot3'  AND (  `is_public` = 1 OR `file` = 'portal/industries' ) ORDER BY `is_public` DESC [ RunTime:0.000462s ]
[2026-05-26T15:10:12+08:00][sql] SELECT `option_value` FROM `cmf_option` WHERE  `option_name` = 'storage' LIMIT 1 [ RunTime:0.000498s ]
[2026-05-26T15:10:13+08:00][sql] CONNECT:[ UseTime:0.017203s ] mysql:host=127.0.0.1;port=3306;dbname=weihua;charset=utf8mb4
[2026-05-26T15:10:13+08:00][sql] SHOW FULL COLUMNS FROM `cmf_option` [ RunTime:0.002071s ]
[2026-05-26T15:10:13+08:00][sql] SELECT `option_value` FROM `cmf_option` WHERE  `option_name` = 'cdn_settings' LIMIT 1 [ RunTime:0.000522s ]
[2026-05-26T15:10:13+08:00][sql] SELECT `option_value` FROM `cmf_option` WHERE  `option_name` = 'cdn_settings' LIMIT 1 [ RunTime:0.000966s ]
[2026-05-26T15:10:13+08:00][sql] SHOW FULL COLUMNS FROM `cmf_product_category` [ RunTime:0.003126s ]
[2026-05-26T15:10:13+08:00][sql] SELECT * FROM `cmf_product_category` WHERE  `parent_id` = 0 ORDER BY `list_order` ASC,`create_time` DESC [ RunTime:0.002103s ]
[2026-05-26T15:10:13+08:00][sql] SELECT * FROM `cmf_product_category` WHERE  `parent_id` IN (28,19,22,23,25,27,30) [ RunTime:0.002601s ]
[2026-05-26T15:10:13+08:00][sql] SHOW FULL COLUMNS FROM `cmf_portal_category` [ RunTime:0.004616s ]
[2026-05-26T15:10:13+08:00][sql] SELECT * FROM `cmf_portal_category` WHERE (  `type` = 8 ) AND `cmf_portal_category`.`delete_time` = '0' ORDER BY `list_order` ASC [ RunTime:0.001177s ]
[2026-05-26T15:10:13+08:00][sql] SHOW FULL COLUMNS FROM `cmf_slide_item` [ RunTime:0.003224s ]
[2026-05-26T15:10:13+08:00][sql] SELECT `title`,`description`,`image` FROM `cmf_slide_item` WHERE  `slide_id` = 12  AND `status` = 1 ORDER BY `list_order` ASC,`id` DESC LIMIT 1 [ RunTime:0.000937s ]
[2026-05-26T15:10:13+08:00][sql] SELECT * FROM `cmf_portal_category` WHERE (  `id` = 0  AND `status` = 1 ) AND `cmf_portal_category`.`delete_time` = '0' LIMIT 1 [ RunTime:0.000628s ]
[2026-05-26T15:10:13+08:00][sql] SHOW FULL COLUMNS FROM `cmf_portal_post` [ RunTime:0.003472s ]
[2026-05-26T15:10:13+08:00][sql] SELECT COUNT(*) AS think_count FROM `cmf_portal_post` `p` LEFT JOIN `cmf_portal_category_post` `c` ON `p`.`id`=`c`.`post_id` WHERE (  `post_type` = 8 ) AND `p`.`delete_time` = '0' LIMIT 1 [ RunTime:0.001021s ]
[2026-05-26T15:10:13+08:00][sql] SELECT `p`.`id`,`p`.`post_title`,`p`.`thumbnail`,`p`.`more`,c.category_id as cid,`p`.`post_excerpt`,`p`.`create_time` FROM `cmf_portal_post` `p` LEFT JOIN `cmf_portal_category_post` `c` ON `p`.`id`=`c`.`post_id` WHERE (  `post_type` = 8 ) AND `p`.`delete_time` = '0' ORDER BY `c`.`list_order` ASC,`p`.`create_time` DESC LIMIT 0,6 [ RunTime:0.000867s ]
[2026-05-26T15:10:13+08:00][sql] SHOW FULL COLUMNS FROM `cmf_theme_file` [ RunTime:0.001804s ]
[2026-05-26T15:10:13+08:00][sql] SELECT `more`,`file`,`id` FROM `cmf_theme_file` WHERE  `theme` = 'simpleboot3'  AND (  `is_public` = 1 OR `file` = 'portal/news' ) ORDER BY `is_public` DESC [ RunTime:0.000658s ]
[2026-05-26T15:10:13+08:00][sql] SELECT `option_value` FROM `cmf_option` WHERE  `option_name` = 'storage' LIMIT 1 [ RunTime:0.000576s ]
[2026-05-26T15:10:14+08:00][sql] CONNECT:[ UseTime:0.020781s ] mysql:host=127.0.0.1;port=3306;dbname=weihua;charset=utf8mb4
[2026-05-26T15:10:14+08:00][sql] SHOW FULL COLUMNS FROM `cmf_option` [ RunTime:0.003564s ]
[2026-05-26T15:10:14+08:00][sql] SELECT `option_value` FROM `cmf_option` WHERE  `option_name` = 'cdn_settings' LIMIT 1 [ RunTime:0.000376s ]
[2026-05-26T15:10:14+08:00][sql] SELECT `option_value` FROM `cmf_option` WHERE  `option_name` = 'cdn_settings' LIMIT 1 [ RunTime:0.000415s ]
[2026-05-26T15:10:14+08:00][sql] SHOW FULL COLUMNS FROM `cmf_product_category` [ RunTime:0.001404s ]
[2026-05-26T15:10:14+08:00][sql] SELECT * FROM `cmf_product_category` WHERE  `parent_id` = 0 ORDER BY `list_order` ASC,`create_time` DESC [ RunTime:0.000606s ]
[2026-05-26T15:10:14+08:00][sql] SELECT * FROM `cmf_product_category` WHERE  `parent_id` IN (28,19,22,23,25,27,30) [ RunTime:0.000634s ]
[2026-05-26T15:10:14+08:00][sql] SHOW FULL COLUMNS FROM `cmf_portal_category` [ RunTime:0.001150s ]
[2026-05-26T15:10:14+08:00][sql] SELECT * FROM `cmf_portal_category` WHERE (  `type` = 8 ) AND `cmf_portal_category`.`delete_time` = '0' ORDER BY `list_order` ASC [ RunTime:0.000469s ]
[2026-05-26T15:10:14+08:00][sql] SHOW FULL COLUMNS FROM `cmf_slide_item` [ RunTime:0.000860s ]
[2026-05-26T15:10:14+08:00][sql] SELECT `title`,`description`,`image` FROM `cmf_slide_item` WHERE  `slide_id` = 6  AND `status` = 1 ORDER BY `list_order` ASC,`id` DESC LIMIT 1 [ RunTime:0.000434s ]
[2026-05-26T15:10:14+08:00][sql] SHOW FULL COLUMNS FROM `cmf_theme_file` [ RunTime:0.000903s ]
[2026-05-26T15:10:14+08:00][sql] SELECT `more`,`file`,`id` FROM `cmf_theme_file` WHERE  `theme` = 'simpleboot3'  AND (  `is_public` = 1 OR `file` = 'portal/service' ) ORDER BY `is_public` DESC [ RunTime:0.000396s ]
[2026-05-26T15:10:14+08:00][sql] SELECT `option_value` FROM `cmf_option` WHERE  `option_name` = 'storage' LIMIT 1 [ RunTime:0.000330s ]
[2026-05-26T15:10:41+08:00][sql] CONNECT:[ UseTime:0.000907s ] mysql:host=127.0.0.1;port=3306;dbname=weihua;charset=utf8mb4
[2026-05-26T15:10:41+08:00][sql] SHOW FULL COLUMNS FROM `cmf_option` [ RunTime:0.001912s ]
[2026-05-26T15:10:41+08:00][sql] SELECT `option_value` FROM `cmf_option` WHERE  `option_name` = 'cdn_settings' LIMIT 1 [ RunTime:0.000359s ]
[2026-05-26T15:10:41+08:00][sql] SELECT `option_value` FROM `cmf_option` WHERE  `option_name` = 'cdn_settings' LIMIT 1 [ RunTime:0.000356s ]
[2026-05-26T15:10:41+08:00][sql] SHOW FULL COLUMNS FROM `cmf_product_category` [ RunTime:0.001230s ]
[2026-05-26T15:10:41+08:00][sql] SELECT * FROM `cmf_product_category` WHERE  `parent_id` = 0 ORDER BY `list_order` ASC,`create_time` DESC [ RunTime:0.000522s ]
[2026-05-26T15:10:41+08:00][sql] SELECT * FROM `cmf_product_category` WHERE  `parent_id` IN (28,19,22,23,25,27,30) [ RunTime:0.000815s ]
[2026-05-26T15:10:41+08:00][sql] SHOW FULL COLUMNS FROM `cmf_portal_category` [ RunTime:0.001243s ]
[2026-05-26T15:10:41+08:00][sql] SELECT * FROM `cmf_portal_category` WHERE (  `type` = 8 ) AND `cmf_portal_category`.`delete_time` = '0' ORDER BY `list_order` ASC [ RunTime:0.000510s ]
[2026-05-26T15:10:41+08:00][sql] SHOW FULL COLUMNS FROM `cmf_slide_item` [ RunTime:0.001306s ]
[2026-05-26T15:10:41+08:00][sql] SELECT `title`,`description`,`image` FROM `cmf_slide_item` WHERE  `slide_id` = 6  AND `status` = 1 ORDER BY `list_order` ASC,`id` DESC LIMIT 1 [ RunTime:0.001129s ]
[2026-05-26T15:10:41+08:00][sql] SHOW FULL COLUMNS FROM `cmf_theme_file` [ RunTime:0.001194s ]
[2026-05-26T15:10:41+08:00][sql] SELECT `more`,`file`,`id` FROM `cmf_theme_file` WHERE  `theme` = 'simpleboot3'  AND (  `is_public` = 1 OR `file` = 'portal/service' ) ORDER BY `is_public` DESC [ RunTime:0.000606s ]
[2026-05-26T15:10:41+08:00][sql] SELECT `option_value` FROM `cmf_option` WHERE  `option_name` = 'storage' LIMIT 1 [ RunTime:0.000335s ]
[2026-05-26T15:10:44+08:00][sql] CONNECT:[ UseTime:0.000996s ] mysql:host=127.0.0.1;port=3306;dbname=weihua;charset=utf8mb4
[2026-05-26T15:10:44+08:00][sql] SHOW FULL COLUMNS FROM `cmf_option` [ RunTime:0.001393s ]
[2026-05-26T15:10:44+08:00][sql] SELECT `option_value` FROM `cmf_option` WHERE  `option_name` = 'cdn_settings' LIMIT 1 [ RunTime:0.000273s ]
[2026-05-26T15:10:44+08:00][sql] SELECT `option_value` FROM `cmf_option` WHERE  `option_name` = 'cdn_settings' LIMIT 1 [ RunTime:0.000273s ]
[2026-05-26T15:10:44+08:00][sql] SHOW FULL COLUMNS FROM `cmf_product_category` [ RunTime:0.001083s ]
[2026-05-26T15:10:44+08:00][sql] SELECT * FROM `cmf_product_category` WHERE  `parent_id` = 0 ORDER BY `list_order` ASC,`create_time` DESC [ RunTime:0.001155s ]
[2026-05-26T15:10:44+08:00][sql] SELECT * FROM `cmf_product_category` WHERE  `parent_id` IN (28,19,22,23,25,27,30) [ RunTime:0.000618s ]
[2026-05-26T15:10:44+08:00][sql] SHOW FULL COLUMNS FROM `cmf_portal_category` [ RunTime:0.001475s ]
[2026-05-26T15:10:44+08:00][sql] SELECT * FROM `cmf_portal_category` WHERE (  `type` = 8 ) AND `cmf_portal_category`.`delete_time` = '0' ORDER BY `list_order` ASC [ RunTime:0.000554s ]
[2026-05-26T15:10:44+08:00][sql] SHOW FULL COLUMNS FROM `cmf_slide_item` [ RunTime:0.001151s ]
[2026-05-26T15:10:44+08:00][sql] SELECT `title`,`description`,`image` FROM `cmf_slide_item` WHERE  `slide_id` = 6  AND `status` = 1 ORDER BY `list_order` ASC,`id` DESC LIMIT 1 [ RunTime:0.000554s ]
[2026-05-26T15:10:44+08:00][sql] SHOW FULL COLUMNS FROM `cmf_theme_file` [ RunTime:0.001107s ]
[2026-05-26T15:10:44+08:00][sql] SELECT `more`,`file`,`id` FROM `cmf_theme_file` WHERE  `theme` = 'simpleboot3'  AND (  `is_public` = 1 OR `file` = 'portal/service' ) ORDER BY `is_public` DESC [ RunTime:0.000489s ]
[2026-05-26T15:10:44+08:00][sql] SELECT `option_value` FROM `cmf_option` WHERE  `option_name` = 'storage' LIMIT 1 [ RunTime:0.000695s ]
[2026-05-26T15:10:45+08:00][sql] CONNECT:[ UseTime:0.020276s ] mysql:host=127.0.0.1;port=3306;dbname=weihua;charset=utf8mb4
[2026-05-26T15:10:45+08:00][sql] SHOW FULL COLUMNS FROM `cmf_option` [ RunTime:0.003252s ]
[2026-05-26T15:10:45+08:00][sql] SELECT `option_value` FROM `cmf_option` WHERE  `option_name` = 'cdn_settings' LIMIT 1 [ RunTime:0.000697s ]
[2026-05-26T15:10:45+08:00][sql] SELECT `option_value` FROM `cmf_option` WHERE  `option_name` = 'cdn_settings' LIMIT 1 [ RunTime:0.000975s ]
[2026-05-26T15:10:45+08:00][sql] SHOW FULL COLUMNS FROM `cmf_product_category` [ RunTime:0.002928s ]
[2026-05-26T15:10:45+08:00][sql] SELECT * FROM `cmf_product_category` WHERE  `parent_id` = 0 ORDER BY `list_order` ASC,`create_time` DESC [ RunTime:0.001270s ]
[2026-05-26T15:10:45+08:00][sql] SELECT * FROM `cmf_product_category` WHERE  `parent_id` IN (28,19,22,23,25,27,30) [ RunTime:0.000810s ]
[2026-05-26T15:10:45+08:00][sql] SHOW FULL COLUMNS FROM `cmf_portal_category` [ RunTime:0.001753s ]
[2026-05-26T15:10:45+08:00][sql] SELECT * FROM `cmf_portal_category` WHERE (  `type` = 8 ) AND `cmf_portal_category`.`delete_time` = '0' ORDER BY `list_order` ASC [ RunTime:0.000865s ]
[2026-05-26T15:10:45+08:00][sql] SHOW FULL COLUMNS FROM `cmf_slide_item` [ RunTime:0.001731s ]
[2026-05-26T15:10:45+08:00][sql] SELECT `title`,`description`,`image` FROM `cmf_slide_item` WHERE  `slide_id` = 3  AND `status` = 1 ORDER BY `list_order` ASC,`id` DESC LIMIT 1 [ RunTime:0.000614s ]
[2026-05-26T15:10:45+08:00][sql] SHOW FULL COLUMNS FROM `cmf_portal_post` [ RunTime:0.002179s ]
[2026-05-26T15:10:45+08:00][sql] SELECT COUNT(*) AS think_count FROM `cmf_portal_post` WHERE (  `post_type` = 3 ) AND `cmf_portal_post`.`delete_time` = '0' LIMIT 1 [ RunTime:0.000947s ]
[2026-05-26T15:10:45+08:00][sql] SELECT `id`,`more`,`post_title`,`post_excerpt` FROM `cmf_portal_post` WHERE (  `post_type` = 3 ) AND `cmf_portal_post`.`delete_time` = '0' ORDER BY `create_time` DESC LIMIT 0,9 [ RunTime:0.000471s ]
[2026-05-26T15:10:45+08:00][sql] SHOW FULL COLUMNS FROM `cmf_theme_file` [ RunTime:0.001694s ]
[2026-05-26T15:10:45+08:00][sql] SELECT `more`,`file`,`id` FROM `cmf_theme_file` WHERE  `theme` = 'simpleboot3'  AND (  `is_public` = 1 OR `file` = 'portal/industries' ) ORDER BY `is_public` DESC [ RunTime:0.000611s ]
[2026-05-26T15:10:45+08:00][sql] SELECT `option_value` FROM `cmf_option` WHERE  `option_name` = 'storage' LIMIT 1 [ RunTime:0.000621s ]
[2026-05-26T15:10:47+08:00][sql] CONNECT:[ UseTime:0.000844s ] mysql:host=127.0.0.1;port=3306;dbname=weihua;charset=utf8mb4
[2026-05-26T15:10:47+08:00][sql] SHOW FULL COLUMNS FROM `cmf_option` [ RunTime:0.001914s ]
[2026-05-26T15:10:47+08:00][sql] SELECT `option_value` FROM `cmf_option` WHERE  `option_name` = 'cdn_settings' LIMIT 1 [ RunTime:0.000290s ]
[2026-05-26T15:10:47+08:00][sql] SELECT `option_value` FROM `cmf_option` WHERE  `option_name` = 'cdn_settings' LIMIT 1 [ RunTime:0.000402s ]
[2026-05-26T15:10:47+08:00][sql] SHOW FULL COLUMNS FROM `cmf_product_category` [ RunTime:0.001507s ]
[2026-05-26T15:10:47+08:00][sql] SELECT * FROM `cmf_product_category` WHERE  `parent_id` = 0 ORDER BY `list_order` ASC,`create_time` DESC [ RunTime:0.001231s ]
[2026-05-26T15:10:47+08:00][sql] SELECT * FROM `cmf_product_category` WHERE  `parent_id` IN (28,19,22,23,25,27,30) [ RunTime:0.000569s ]
[2026-05-26T15:10:47+08:00][sql] SHOW FULL COLUMNS FROM `cmf_portal_category` [ RunTime:0.002623s ]
[2026-05-26T15:10:47+08:00][sql] SELECT * FROM `cmf_portal_category` WHERE (  `type` = 8 ) AND `cmf_portal_category`.`delete_time` = '0' ORDER BY `list_order` ASC [ RunTime:0.002097s ]
[2026-05-26T15:10:47+08:00][sql] SHOW FULL COLUMNS FROM `cmf_slide_item` [ RunTime:0.001995s ]
[2026-05-26T15:10:47+08:00][sql] SELECT `title`,`description`,`image` FROM `cmf_slide_item` WHERE  `slide_id` = 12  AND `status` = 1 ORDER BY `list_order` ASC,`id` DESC LIMIT 1 [ RunTime:0.000722s ]
[2026-05-26T15:10:47+08:00][sql] SELECT * FROM `cmf_portal_category` WHERE (  `id` = 0  AND `status` = 1 ) AND `cmf_portal_category`.`delete_time` = '0' LIMIT 1 [ RunTime:0.000374s ]
[2026-05-26T15:10:47+08:00][sql] SHOW FULL COLUMNS FROM `cmf_portal_post` [ RunTime:0.002493s ]
[2026-05-26T15:10:47+08:00][sql] SELECT COUNT(*) AS think_count FROM `cmf_portal_post` `p` LEFT JOIN `cmf_portal_category_post` `c` ON `p`.`id`=`c`.`post_id` WHERE (  `post_type` = 8 ) AND `p`.`delete_time` = '0' LIMIT 1 [ RunTime:0.001021s ]
[2026-05-26T15:10:47+08:00][sql] SELECT `p`.`id`,`p`.`post_title`,`p`.`thumbnail`,`p`.`more`,c.category_id as cid,`p`.`post_excerpt`,`p`.`create_time` FROM `cmf_portal_post` `p` LEFT JOIN `cmf_portal_category_post` `c` ON `p`.`id`=`c`.`post_id` WHERE (  `post_type` = 8 ) AND `p`.`delete_time` = '0' ORDER BY `c`.`list_order` ASC,`p`.`create_time` DESC LIMIT 0,6 [ RunTime:0.000585s ]
[2026-05-26T15:10:47+08:00][sql] SHOW FULL COLUMNS FROM `cmf_theme_file` [ RunTime:0.002165s ]
[2026-05-26T15:10:47+08:00][sql] SELECT `more`,`file`,`id` FROM `cmf_theme_file` WHERE  `theme` = 'simpleboot3'  AND (  `is_public` = 1 OR `file` = 'portal/news' ) ORDER BY `is_public` DESC [ RunTime:0.000525s ]
[2026-05-26T15:10:47+08:00][sql] SELECT `option_value` FROM `cmf_option` WHERE  `option_name` = 'storage' LIMIT 1 [ RunTime:0.000348s ]
[2026-05-26T15:10:48+08:00][sql] CONNECT:[ UseTime:0.000761s ] mysql:host=127.0.0.1;port=3306;dbname=weihua;charset=utf8mb4
[2026-05-26T15:10:48+08:00][sql] SHOW FULL COLUMNS FROM `cmf_option` [ RunTime:0.001159s ]
[2026-05-26T15:10:48+08:00][sql] SELECT `option_value` FROM `cmf_option` WHERE  `option_name` = 'cdn_settings' LIMIT 1 [ RunTime:0.000252s ]
[2026-05-26T15:10:48+08:00][sql] SELECT `option_value` FROM `cmf_option` WHERE  `option_name` = 'cdn_settings' LIMIT 1 [ RunTime:0.000382s ]
[2026-05-26T15:10:48+08:00][sql] SHOW FULL COLUMNS FROM `cmf_product_category` [ RunTime:0.001026s ]
[2026-05-26T15:10:48+08:00][sql] SELECT * FROM `cmf_product_category` WHERE  `parent_id` = 0 ORDER BY `list_order` ASC,`create_time` DESC [ RunTime:0.000468s ]
[2026-05-26T15:10:48+08:00][sql] SELECT * FROM `cmf_product_category` WHERE  `parent_id` IN (28,19,22,23,25,27,30) [ RunTime:0.000316s ]
[2026-05-26T15:10:48+08:00][sql] SHOW FULL COLUMNS FROM `cmf_portal_category` [ RunTime:0.001745s ]
[2026-05-26T15:10:48+08:00][sql] SELECT * FROM `cmf_portal_category` WHERE (  `type` = 8 ) AND `cmf_portal_category`.`delete_time` = '0' ORDER BY `list_order` ASC [ RunTime:0.000596s ]
[2026-05-26T15:10:48+08:00][sql] SHOW FULL COLUMNS FROM `cmf_slide_item` [ RunTime:0.001186s ]
[2026-05-26T15:10:48+08:00][sql] SELECT `title`,`description`,`image` FROM `cmf_slide_item` WHERE  `slide_id` = 6  AND `status` = 1 ORDER BY `list_order` ASC,`id` DESC LIMIT 1 [ RunTime:0.000681s ]
[2026-05-26T15:10:48+08:00][sql] SHOW FULL COLUMNS FROM `cmf_theme_file` [ RunTime:0.000927s ]
[2026-05-26T15:10:48+08:00][sql] SELECT `more`,`file`,`id` FROM `cmf_theme_file` WHERE  `theme` = 'simpleboot3'  AND (  `is_public` = 1 OR `file` = 'portal/service' ) ORDER BY `is_public` DESC [ RunTime:0.000420s ]
[2026-05-26T15:10:48+08:00][sql] SELECT `option_value` FROM `cmf_option` WHERE  `option_name` = 'storage' LIMIT 1 [ RunTime:0.000246s ]
[2026-05-26T15:10:50+08:00][sql] CONNECT:[ UseTime:0.000827s ] mysql:host=127.0.0.1;port=3306;dbname=weihua;charset=utf8mb4
[2026-05-26T15:10:50+08:00][sql] SHOW FULL COLUMNS FROM `cmf_option` [ RunTime:0.001503s ]
[2026-05-26T15:10:50+08:00][sql] SELECT `option_value` FROM `cmf_option` WHERE  `option_name` = 'cdn_settings' LIMIT 1 [ RunTime:0.000475s ]
[2026-05-26T15:10:50+08:00][sql] SELECT `option_value` FROM `cmf_option` WHERE  `option_name` = 'cdn_settings' LIMIT 1 [ RunTime:0.000251s ]
[2026-05-26T15:10:50+08:00][sql] SHOW FULL COLUMNS FROM `cmf_product_category` [ RunTime:0.001892s ]
[2026-05-26T15:10:50+08:00][sql] SELECT * FROM `cmf_product_category` WHERE  `parent_id` = 0 ORDER BY `list_order` ASC,`create_time` DESC [ RunTime:0.000984s ]
[2026-05-26T15:10:50+08:00][sql] SELECT * FROM `cmf_product_category` WHERE  `parent_id` IN (28,19,22,23,25,27,30) [ RunTime:0.000508s ]
[2026-05-26T15:10:50+08:00][sql] SHOW FULL COLUMNS FROM `cmf_portal_category` [ RunTime:0.001765s ]
[2026-05-26T15:10:50+08:00][sql] SELECT * FROM `cmf_portal_category` WHERE (  `type` = 8 ) AND `cmf_portal_category`.`delete_time` = '0' ORDER BY `list_order` ASC [ RunTime:0.001541s ]
[2026-05-26T15:10:50+08:00][sql] SHOW FULL COLUMNS FROM `cmf_slide_item` [ RunTime:0.000981s ]
[2026-05-26T15:10:50+08:00][sql] SELECT `title`,`description`,`image` FROM `cmf_slide_item` WHERE  `slide_id` = 4  AND `status` = 1 ORDER BY `list_order` ASC,`id` DESC LIMIT 1 [ RunTime:0.000543s ]
[2026-05-26T15:10:50+08:00][sql] SELECT `option_value` FROM `cmf_option` WHERE  `option_name` = 'about_site' LIMIT 1 [ RunTime:0.000401s ]
[2026-05-26T15:10:50+08:00][sql] SHOW FULL COLUMNS FROM `cmf_theme_file` [ RunTime:0.001307s ]
[2026-05-26T15:10:50+08:00][sql] SELECT `more`,`file`,`id` FROM `cmf_theme_file` WHERE  `theme` = 'simpleboot3'  AND (  `is_public` = 1 OR `file` = 'portal/about' ) ORDER BY `is_public` DESC [ RunTime:0.000658s ]
[2026-05-26T15:10:50+08:00][sql] SELECT `option_value` FROM `cmf_option` WHERE  `option_name` = 'storage' LIMIT 1 [ RunTime:0.000664s ]
[2026-05-26T15:14:48+08:00][sql] CONNECT:[ UseTime:0.001143s ] mysql:host=127.0.0.1;port=3306;dbname=weihua;charset=utf8mb4
[2026-05-26T15:14:48+08:00][sql] SHOW FULL COLUMNS FROM `cmf_hook` [ RunTime:0.001979s ]
[2026-05-26T15:14:48+08:00][sql] SELECT `hook`,`id` FROM `cmf_hook` WHERE  (  (  `app` = '' OR `app` = 'cmf' )  AND `type` = 3 ) OR `type` = 1 [ RunTime:0.000636s ]
[2026-05-26T15:14:48+08:00][sql] SHOW FULL COLUMNS FROM `cmf_hook_plugin` [ RunTime:0.001099s ]
[2026-05-26T15:14:48+08:00][sql] SELECT `hook`,`plugin` FROM `cmf_hook_plugin` WHERE  `status` = 1  AND `hook` IN ('app_begin','module_init','action_begin','view_filter','app_end','log_write','response_end','admin_init','home_init','send_mobile_verification_code','body_start','before_head_end','footer_start','before_footer','before_footer_end','before_body_end','left_sidebar_start','before_left_sidebar_end','right_sidebar_start','before_right_sidebar_end','comment','guestbook','switch_theme','after_content','before_content','log_write_done','switch_admin_theme','captcha_image','user_login_start') ORDER BY `list_order` ASC [ RunTime:0.001363s ]
[2026-05-26T15:14:48+08:00][sql] SELECT `hook` FROM `cmf_hook` WHERE  `app` = 'portal' [ RunTime:0.000887s ]
[2026-05-26T15:14:48+08:00][sql] SELECT `hook`,`plugin` FROM `cmf_hook_plugin` WHERE  `status` = 1  AND `hook` IN ('portal_before_assign_article','portal_admin_after_save_article','portal_admin_article_index_view','portal_admin_article_add_view','portal_admin_article_edit_view','portal_admin_category_index_view','portal_admin_category_add_view','portal_admin_category_edit_view','portal_admin_page_index_view','portal_admin_page_add_view','portal_admin_page_edit_view','portal_admin_tag_index_view','portal_admin_article_edit_view_right_sidebar','portal_admin_article_edit_view_main') ORDER BY `list_order` ASC [ RunTime:0.000733s ]
[2026-05-26T15:14:48+08:00][sql] SHOW FULL COLUMNS FROM `cmf_plugin` [ RunTime:0.002069s ]
[2026-05-26T15:14:48+08:00][sql] SELECT `config` FROM `cmf_plugin` WHERE  `name` = 'SwitchTheme' LIMIT 1 [ RunTime:0.000726s ]
[2026-05-26T15:14:48+08:00][sql] SHOW FULL COLUMNS FROM `cmf_option` [ RunTime:0.003746s ]
[2026-05-26T15:14:48+08:00][sql] SELECT `option_value` FROM `cmf_option` WHERE  `option_name` = 'cdn_settings' LIMIT 1 [ RunTime:0.000745s ]
[2026-05-26T15:14:48+08:00][sql] SELECT `option_value` FROM `cmf_option` WHERE  `option_name` = 'cdn_settings' LIMIT 1 [ RunTime:0.001229s ]
[2026-05-26T15:14:48+08:00][sql] SHOW FULL COLUMNS FROM `cmf_product_category` [ RunTime:0.002619s ]
[2026-05-26T15:14:48+08:00][sql] SELECT * FROM `cmf_product_category` WHERE  `parent_id` = 0 ORDER BY `list_order` ASC,`create_time` DESC [ RunTime:0.001058s ]
[2026-05-26T15:14:48+08:00][sql] SELECT * FROM `cmf_product_category` WHERE  `parent_id` IN (28,19,22,23,25,27,30) [ RunTime:0.000770s ]
[2026-05-26T15:14:48+08:00][sql] SHOW FULL COLUMNS FROM `cmf_portal_category` [ RunTime:0.001694s ]
[2026-05-26T15:14:48+08:00][sql] SELECT * FROM `cmf_portal_category` WHERE (  `type` = 8 ) AND `cmf_portal_category`.`delete_time` = '0' ORDER BY `list_order` ASC [ RunTime:0.000643s ]
[2026-05-26T15:14:48+08:00][sql] SELECT `option_value` FROM `cmf_option` WHERE  `option_name` = 'site_info' LIMIT 1 [ RunTime:0.000370s ]
[2026-05-26T15:14:48+08:00][sql] SHOW FULL COLUMNS FROM `cmf_slide_item` [ RunTime:0.002371s ]
[2026-05-26T15:14:48+08:00][sql] SELECT `title`,`description`,`image` FROM `cmf_slide_item` WHERE  `slide_id` = 4  AND `status` = 1 ORDER BY `list_order` ASC,`id` DESC LIMIT 1 [ RunTime:0.000829s ]
[2026-05-26T15:14:48+08:00][sql] SELECT `option_value` FROM `cmf_option` WHERE  `option_name` = 'about_site' LIMIT 1 [ RunTime:0.000465s ]
[2026-05-26T15:14:48+08:00][sql] SHOW FULL COLUMNS FROM `cmf_theme_file` [ RunTime:0.002374s ]
[2026-05-26T15:14:48+08:00][sql] SELECT `more`,`file`,`id` FROM `cmf_theme_file` WHERE  `theme` = 'simpleboot3'  AND (  `is_public` = 1 OR `file` = 'portal/about' ) ORDER BY `is_public` DESC [ RunTime:0.000527s ]
[2026-05-26T15:14:48+08:00][sql] SHOW FULL COLUMNS FROM `cmf_route` [ RunTime:0.001173s ]
[2026-05-26T15:14:48+08:00][sql] SELECT * FROM `cmf_route` WHERE  `status` = 1 ORDER BY `list_order` ASC [ RunTime:0.000430s ]
[2026-05-26T15:14:48+08:00][sql] SELECT `option_value` FROM `cmf_option` WHERE  `option_name` = 'storage' LIMIT 1 [ RunTime:0.000529s ]
[2026-05-26T15:14:51+08:00][sql] CONNECT:[ UseTime:0.022345s ] mysql:host=127.0.0.1;port=3306;dbname=weihua;charset=utf8mb4
[2026-05-26T15:14:51+08:00][sql] SHOW FULL COLUMNS FROM `cmf_option` [ RunTime:0.001517s ]
[2026-05-26T15:14:51+08:00][sql] SELECT `option_value` FROM `cmf_option` WHERE  `option_name` = 'cdn_settings' LIMIT 1 [ RunTime:0.000299s ]
[2026-05-26T15:14:51+08:00][sql] SELECT `option_value` FROM `cmf_option` WHERE  `option_name` = 'cdn_settings' LIMIT 1 [ RunTime:0.000621s ]
[2026-05-26T15:14:51+08:00][sql] SHOW FULL COLUMNS FROM `cmf_product_category` [ RunTime:0.001309s ]
[2026-05-26T15:14:51+08:00][sql] SELECT * FROM `cmf_product_category` WHERE  `parent_id` = 0 ORDER BY `list_order` ASC,`create_time` DESC [ RunTime:0.000365s ]
[2026-05-26T15:14:51+08:00][sql] SELECT * FROM `cmf_product_category` WHERE  `parent_id` IN (28,19,22,23,25,27,30) [ RunTime:0.000325s ]
[2026-05-26T15:14:51+08:00][sql] SHOW FULL COLUMNS FROM `cmf_portal_category` [ RunTime:0.001660s ]
[2026-05-26T15:14:51+08:00][sql] SELECT * FROM `cmf_portal_category` WHERE (  `type` = 8 ) AND `cmf_portal_category`.`delete_time` = '0' ORDER BY `list_order` ASC [ RunTime:0.000338s ]
[2026-05-26T15:14:51+08:00][sql] SHOW FULL COLUMNS FROM `cmf_slide_item` [ RunTime:0.001245s ]
[2026-05-26T15:14:51+08:00][sql] SELECT `title`,`description`,`image` FROM `cmf_slide_item` WHERE  `slide_id` = 6  AND `status` = 1 ORDER BY `list_order` ASC,`id` DESC LIMIT 1 [ RunTime:0.000315s ]
[2026-05-26T15:14:51+08:00][sql] SELECT `option_value` FROM `cmf_option` WHERE  `option_name` = 'service_site' LIMIT 1 [ RunTime:0.000232s ]
[2026-05-26T15:14:51+08:00][sql] SHOW FULL COLUMNS FROM `cmf_theme_file` [ RunTime:0.002664s ]
[2026-05-26T15:14:51+08:00][sql] SELECT `more`,`file`,`id` FROM `cmf_theme_file` WHERE  `theme` = 'simpleboot3'  AND (  `is_public` = 1 OR `file` = 'portal/service' ) ORDER BY `is_public` DESC [ RunTime:0.000410s ]
[2026-05-26T15:14:51+08:00][sql] SELECT `option_value` FROM `cmf_option` WHERE  `option_name` = 'storage' LIMIT 1 [ RunTime:0.000465s ]
[2026-05-26T15:14:53+08:00][sql] CONNECT:[ UseTime:0.001835s ] mysql:host=127.0.0.1;port=3306;dbname=weihua;charset=utf8mb4
[2026-05-26T15:14:53+08:00][sql] SHOW FULL COLUMNS FROM `cmf_option` [ RunTime:0.001855s ]
[2026-05-26T15:14:53+08:00][sql] SELECT `option_value` FROM `cmf_option` WHERE  `option_name` = 'cdn_settings' LIMIT 1 [ RunTime:0.000343s ]
[2026-05-26T15:14:53+08:00][sql] SELECT `option_value` FROM `cmf_option` WHERE  `option_name` = 'cdn_settings' LIMIT 1 [ RunTime:0.000508s ]
[2026-05-26T15:14:53+08:00][sql] SHOW FULL COLUMNS FROM `cmf_product_category` [ RunTime:0.001635s ]
[2026-05-26T15:14:53+08:00][sql] SELECT * FROM `cmf_product_category` WHERE  `parent_id` = 0 ORDER BY `list_order` ASC,`create_time` DESC [ RunTime:0.000393s ]
[2026-05-26T15:14:53+08:00][sql] SELECT * FROM `cmf_product_category` WHERE  `parent_id` IN (28,19,22,23,25,27,30) [ RunTime:0.000584s ]
[2026-05-26T15:14:53+08:00][sql] SHOW FULL COLUMNS FROM `cmf_portal_category` [ RunTime:0.002320s ]
[2026-05-26T15:14:53+08:00][sql] SELECT * FROM `cmf_portal_category` WHERE (  `type` = 8 ) AND `cmf_portal_category`.`delete_time` = '0' ORDER BY `list_order` ASC [ RunTime:0.000490s ]
[2026-05-26T15:14:53+08:00][sql] SHOW FULL COLUMNS FROM `cmf_slide_item` [ RunTime:0.002162s ]
[2026-05-26T15:14:53+08:00][sql] SELECT `title`,`description`,`image` FROM `cmf_slide_item` WHERE  `slide_id` = 3  AND `status` = 1 ORDER BY `list_order` ASC,`id` DESC LIMIT 1 [ RunTime:0.000567s ]
[2026-05-26T15:14:53+08:00][sql] SHOW FULL COLUMNS FROM `cmf_portal_post` [ RunTime:0.001461s ]
[2026-05-26T15:14:53+08:00][sql] SELECT COUNT(*) AS think_count FROM `cmf_portal_post` WHERE (  `post_type` = 3 ) AND `cmf_portal_post`.`delete_time` = '0' LIMIT 1 [ RunTime:0.000581s ]
[2026-05-26T15:14:53+08:00][sql] SELECT `id`,`more`,`post_title`,`post_excerpt` FROM `cmf_portal_post` WHERE (  `post_type` = 3 ) AND `cmf_portal_post`.`delete_time` = '0' ORDER BY `create_time` DESC LIMIT 0,9 [ RunTime:0.000403s ]
[2026-05-26T15:14:53+08:00][sql] SHOW FULL COLUMNS FROM `cmf_theme_file` [ RunTime:0.002151s ]
[2026-05-26T15:14:53+08:00][sql] SELECT `more`,`file`,`id` FROM `cmf_theme_file` WHERE  `theme` = 'simpleboot3'  AND (  `is_public` = 1 OR `file` = 'portal/industries' ) ORDER BY `is_public` DESC [ RunTime:0.000588s ]
[2026-05-26T15:14:53+08:00][sql] SELECT `option_value` FROM `cmf_option` WHERE  `option_name` = 'storage' LIMIT 1 [ RunTime:0.000406s ]
[2026-05-26T15:15:04+08:00][sql] CONNECT:[ UseTime:0.018984s ] mysql:host=127.0.0.1;port=3306;dbname=weihua;charset=utf8mb4
[2026-05-26T15:15:04+08:00][sql] SHOW FULL COLUMNS FROM `cmf_option` [ RunTime:0.001635s ]
[2026-05-26T15:15:04+08:00][sql] SELECT `option_value` FROM `cmf_option` WHERE  `option_name` = 'cdn_settings' LIMIT 1 [ RunTime:0.000330s ]
[2026-05-26T15:15:04+08:00][sql] SELECT `option_value` FROM `cmf_option` WHERE  `option_name` = 'cdn_settings' LIMIT 1 [ RunTime:0.000308s ]
[2026-05-26T15:15:04+08:00][sql] SHOW FULL COLUMNS FROM `cmf_product_category` [ RunTime:0.001073s ]
[2026-05-26T15:15:04+08:00][sql] SELECT * FROM `cmf_product_category` WHERE  `parent_id` = 0 ORDER BY `list_order` ASC,`create_time` DESC [ RunTime:0.000321s ]
[2026-05-26T15:15:04+08:00][sql] SELECT * FROM `cmf_product_category` WHERE  `parent_id` IN (28,19,22,23,25,27,30) [ RunTime:0.000336s ]
[2026-05-26T15:15:04+08:00][sql] SHOW FULL COLUMNS FROM `cmf_portal_category` [ RunTime:0.001077s ]
[2026-05-26T15:15:04+08:00][sql] SELECT * FROM `cmf_portal_category` WHERE (  `type` = 8 ) AND `cmf_portal_category`.`delete_time` = '0' ORDER BY `list_order` ASC [ RunTime:0.000338s ]
[2026-05-26T15:15:04+08:00][sql] SHOW FULL COLUMNS FROM `cmf_slide_item` [ RunTime:0.001275s ]
[2026-05-26T15:15:04+08:00][sql] SELECT `title`,`description`,`image` FROM `cmf_slide_item` WHERE  `slide_id` = 3  AND `status` = 1 ORDER BY `list_order` ASC,`id` DESC LIMIT 1 [ RunTime:0.000432s ]
[2026-05-26T15:15:04+08:00][sql] SHOW FULL COLUMNS FROM `cmf_portal_post` [ RunTime:0.001996s ]
[2026-05-26T15:15:04+08:00][sql] SELECT COUNT(*) AS think_count FROM `cmf_portal_post` WHERE (  `post_type` = 3 ) AND `cmf_portal_post`.`delete_time` = '0' LIMIT 1 [ RunTime:0.000459s ]
[2026-05-26T15:15:04+08:00][sql] SELECT `id`,`more`,`post_title`,`post_excerpt` FROM `cmf_portal_post` WHERE (  `post_type` = 3 ) AND `cmf_portal_post`.`delete_time` = '0' ORDER BY `create_time` DESC LIMIT 0,9 [ RunTime:0.000411s ]
[2026-05-26T15:15:04+08:00][sql] SHOW FULL COLUMNS FROM `cmf_theme_file` [ RunTime:0.001115s ]
[2026-05-26T15:15:04+08:00][sql] SELECT `more`,`file`,`id` FROM `cmf_theme_file` WHERE  `theme` = 'simpleboot3'  AND (  `is_public` = 1 OR `file` = 'portal/industries' ) ORDER BY `is_public` DESC [ RunTime:0.000315s ]
[2026-05-26T15:15:04+08:00][sql] SELECT `option_value` FROM `cmf_option` WHERE  `option_name` = 'storage' LIMIT 1 [ RunTime:0.000291s ]
[2026-05-26T15:15:07+08:00][sql] CONNECT:[ UseTime:0.000998s ] mysql:host=127.0.0.1;port=3306;dbname=weihua;charset=utf8mb4
[2026-05-26T15:15:07+08:00][sql] SHOW FULL COLUMNS FROM `cmf_option` [ RunTime:0.001493s ]
[2026-05-26T15:15:07+08:00][sql] SELECT `option_value` FROM `cmf_option` WHERE  `option_name` = 'cdn_settings' LIMIT 1 [ RunTime:0.000315s ]
[2026-05-26T15:15:07+08:00][sql] SELECT `option_value` FROM `cmf_option` WHERE  `option_name` = 'cdn_settings' LIMIT 1 [ RunTime:0.000942s ]
[2026-05-26T15:15:07+08:00][sql] SHOW FULL COLUMNS FROM `cmf_product_category` [ RunTime:0.001605s ]
[2026-05-26T15:15:07+08:00][sql] SELECT * FROM `cmf_product_category` WHERE  `parent_id` = 0 ORDER BY `list_order` ASC,`create_time` DESC [ RunTime:0.000466s ]
[2026-05-26T15:15:07+08:00][sql] SELECT * FROM `cmf_product_category` WHERE  `parent_id` IN (28,19,22,23,25,27,30) [ RunTime:0.000485s ]
[2026-05-26T15:15:07+08:00][sql] SHOW FULL COLUMNS FROM `cmf_portal_category` [ RunTime:0.001475s ]
[2026-05-26T15:15:07+08:00][sql] SELECT * FROM `cmf_portal_category` WHERE (  `type` = 8 ) AND `cmf_portal_category`.`delete_time` = '0' ORDER BY `list_order` ASC [ RunTime:0.000394s ]
[2026-05-26T15:15:07+08:00][sql] SHOW FULL COLUMNS FROM `cmf_slide_item` [ RunTime:0.001559s ]
[2026-05-26T15:15:07+08:00][sql] SELECT `title`,`description`,`image` FROM `cmf_slide_item` WHERE  `slide_id` = 4  AND `status` = 1 ORDER BY `list_order` ASC,`id` DESC LIMIT 1 [ RunTime:0.000842s ]
[2026-05-26T15:15:07+08:00][sql] SHOW FULL COLUMNS FROM `cmf_theme_file` [ RunTime:0.001576s ]
[2026-05-26T15:15:07+08:00][sql] SELECT `more`,`file`,`id` FROM `cmf_theme_file` WHERE  `theme` = 'simpleboot3'  AND (  `is_public` = 1 OR `file` = 'portal/about' ) ORDER BY `is_public` DESC [ RunTime:0.000388s ]
[2026-05-26T15:15:07+08:00][sql] SELECT `option_value` FROM `cmf_option` WHERE  `option_name` = 'storage' LIMIT 1 [ RunTime:0.000472s ]
[2026-05-26T15:15:09+08:00][sql] CONNECT:[ UseTime:0.001328s ] mysql:host=127.0.0.1;port=3306;dbname=weihua;charset=utf8mb4
[2026-05-26T15:15:09+08:00][sql] SHOW FULL COLUMNS FROM `cmf_option` [ RunTime:0.001577s ]
[2026-05-26T15:15:09+08:00][sql] SELECT `option_value` FROM `cmf_option` WHERE  `option_name` = 'cdn_settings' LIMIT 1 [ RunTime:0.000306s ]
[2026-05-26T15:15:09+08:00][sql] SELECT `option_value` FROM `cmf_option` WHERE  `option_name` = 'cdn_settings' LIMIT 1 [ RunTime:0.000293s ]
[2026-05-26T15:15:09+08:00][sql] SHOW FULL COLUMNS FROM `cmf_product_category` [ RunTime:0.001159s ]
[2026-05-26T15:15:09+08:00][sql] SELECT * FROM `cmf_product_category` WHERE  `parent_id` = 0 ORDER BY `list_order` ASC,`create_time` DESC [ RunTime:0.000358s ]
[2026-05-26T15:15:09+08:00][sql] SELECT * FROM `cmf_product_category` WHERE  `parent_id` IN (28,19,22,23,25,27,30) [ RunTime:0.000314s ]
[2026-05-26T15:15:09+08:00][sql] SHOW FULL COLUMNS FROM `cmf_portal_category` [ RunTime:0.001475s ]
[2026-05-26T15:15:09+08:00][sql] SELECT * FROM `cmf_portal_category` WHERE (  `type` = 8 ) AND `cmf_portal_category`.`delete_time` = '0' ORDER BY `list_order` ASC [ RunTime:0.000361s ]
[2026-05-26T15:15:09+08:00][sql] SHOW FULL COLUMNS FROM `cmf_slide_item` [ RunTime:0.001306s ]
[2026-05-26T15:15:09+08:00][sql] SELECT `title`,`description`,`image` FROM `cmf_slide_item` WHERE  `slide_id` = 6  AND `status` = 1 ORDER BY `list_order` ASC,`id` DESC LIMIT 1 [ RunTime:0.000391s ]
[2026-05-26T15:15:09+08:00][sql] SHOW FULL COLUMNS FROM `cmf_theme_file` [ RunTime:0.001181s ]
[2026-05-26T15:15:09+08:00][sql] SELECT `more`,`file`,`id` FROM `cmf_theme_file` WHERE  `theme` = 'simpleboot3'  AND (  `is_public` = 1 OR `file` = 'portal/service' ) ORDER BY `is_public` DESC [ RunTime:0.000365s ]
[2026-05-26T15:15:09+08:00][sql] SELECT `option_value` FROM `cmf_option` WHERE  `option_name` = 'storage' LIMIT 1 [ RunTime:0.000306s ]
[2026-05-26T15:15:10+08:00][sql] CONNECT:[ UseTime:0.001016s ] mysql:host=127.0.0.1;port=3306;dbname=weihua;charset=utf8mb4
[2026-05-26T15:15:10+08:00][sql] SHOW FULL COLUMNS FROM `cmf_option` [ RunTime:0.001413s ]
[2026-05-26T15:15:10+08:00][sql] SELECT `option_value` FROM `cmf_option` WHERE  `option_name` = 'cdn_settings' LIMIT 1 [ RunTime:0.000359s ]
[2026-05-26T15:15:10+08:00][sql] SELECT `option_value` FROM `cmf_option` WHERE  `option_name` = 'cdn_settings' LIMIT 1 [ RunTime:0.000430s ]
[2026-05-26T15:15:10+08:00][sql] SHOW FULL COLUMNS FROM `cmf_product_category` [ RunTime:0.002198s ]
[2026-05-26T15:15:10+08:00][sql] SELECT * FROM `cmf_product_category` WHERE  `parent_id` = 0 ORDER BY `list_order` ASC,`create_time` DESC [ RunTime:0.000552s ]
[2026-05-26T15:15:10+08:00][sql] SELECT * FROM `cmf_product_category` WHERE  `parent_id` IN (28,19,22,23,25,27,30) [ RunTime:0.000379s ]
[2026-05-26T15:15:10+08:00][sql] SHOW FULL COLUMNS FROM `cmf_portal_category` [ RunTime:0.001289s ]
[2026-05-26T15:15:10+08:00][sql] SELECT * FROM `cmf_portal_category` WHERE (  `type` = 8 ) AND `cmf_portal_category`.`delete_time` = '0' ORDER BY `list_order` ASC [ RunTime:0.000370s ]
[2026-05-26T15:15:10+08:00][sql] SHOW FULL COLUMNS FROM `cmf_slide_item` [ RunTime:0.001158s ]
[2026-05-26T15:15:10+08:00][sql] SELECT `title`,`description`,`image` FROM `cmf_slide_item` WHERE  `slide_id` = 3  AND `status` = 1 ORDER BY `list_order` ASC,`id` DESC LIMIT 1 [ RunTime:0.000384s ]
[2026-05-26T15:15:10+08:00][sql] SHOW FULL COLUMNS FROM `cmf_portal_post` [ RunTime:0.001073s ]
[2026-05-26T15:15:10+08:00][sql] SELECT COUNT(*) AS think_count FROM `cmf_portal_post` WHERE (  `post_type` = 3 ) AND `cmf_portal_post`.`delete_time` = '0' LIMIT 1 [ RunTime:0.000570s ]
[2026-05-26T15:15:10+08:00][sql] SELECT `id`,`more`,`post_title`,`post_excerpt` FROM `cmf_portal_post` WHERE (  `post_type` = 3 ) AND `cmf_portal_post`.`delete_time` = '0' ORDER BY `create_time` DESC LIMIT 0,9 [ RunTime:0.000491s ]
[2026-05-26T15:15:10+08:00][sql] SHOW FULL COLUMNS FROM `cmf_theme_file` [ RunTime:0.001759s ]
[2026-05-26T15:15:10+08:00][sql] SELECT `more`,`file`,`id` FROM `cmf_theme_file` WHERE  `theme` = 'simpleboot3'  AND (  `is_public` = 1 OR `file` = 'portal/industries' ) ORDER BY `is_public` DESC [ RunTime:0.000584s ]
[2026-05-26T15:15:10+08:00][sql] SELECT `option_value` FROM `cmf_option` WHERE  `option_name` = 'storage' LIMIT 1 [ RunTime:0.000478s ]
[2026-05-26T15:15:10+08:00][sql] CONNECT:[ UseTime:0.018546s ] mysql:host=127.0.0.1;port=3306;dbname=weihua;charset=utf8mb4
[2026-05-26T15:15:10+08:00][sql] SHOW FULL COLUMNS FROM `cmf_option` [ RunTime:0.001788s ]
[2026-05-26T15:15:10+08:00][sql] SELECT `option_value` FROM `cmf_option` WHERE  `option_name` = 'cdn_settings' LIMIT 1 [ RunTime:0.000266s ]
[2026-05-26T15:15:10+08:00][sql] SELECT `option_value` FROM `cmf_option` WHERE  `option_name` = 'cdn_settings' LIMIT 1 [ RunTime:0.000286s ]
[2026-05-26T15:15:10+08:00][sql] SHOW FULL COLUMNS FROM `cmf_product_category` [ RunTime:0.001176s ]
[2026-05-26T15:15:10+08:00][sql] SELECT * FROM `cmf_product_category` WHERE  `parent_id` = 0 ORDER BY `list_order` ASC,`create_time` DESC [ RunTime:0.000401s ]
[2026-05-26T15:15:10+08:00][sql] SELECT * FROM `cmf_product_category` WHERE  `parent_id` IN (28,19,22,23,25,27,30) [ RunTime:0.000332s ]
[2026-05-26T15:15:10+08:00][sql] SHOW FULL COLUMNS FROM `cmf_portal_category` [ RunTime:0.001371s ]
[2026-05-26T15:15:10+08:00][sql] SELECT * FROM `cmf_portal_category` WHERE (  `type` = 8 ) AND `cmf_portal_category`.`delete_time` = '0' ORDER BY `list_order` ASC [ RunTime:0.000400s ]
[2026-05-26T15:15:10+08:00][sql] SHOW FULL COLUMNS FROM `cmf_slide_item` [ RunTime:0.001080s ]
[2026-05-26T15:15:10+08:00][sql] SELECT `title`,`description`,`image` FROM `cmf_slide_item` WHERE  `slide_id` = 12  AND `status` = 1 ORDER BY `list_order` ASC,`id` DESC LIMIT 1 [ RunTime:0.000376s ]
[2026-05-26T15:15:10+08:00][sql] SELECT * FROM `cmf_portal_category` WHERE (  `id` = 0  AND `status` = 1 ) AND `cmf_portal_category`.`delete_time` = '0' LIMIT 1 [ RunTime:0.000315s ]
[2026-05-26T15:15:10+08:00][sql] SHOW FULL COLUMNS FROM `cmf_portal_post` [ RunTime:0.001219s ]
[2026-05-26T15:15:10+08:00][sql] SELECT COUNT(*) AS think_count FROM `cmf_portal_post` `p` LEFT JOIN `cmf_portal_category_post` `c` ON `p`.`id`=`c`.`post_id` WHERE (  `post_type` = 8 ) AND `p`.`delete_time` = '0' LIMIT 1 [ RunTime:0.001149s ]
[2026-05-26T15:15:10+08:00][sql] SELECT `p`.`id`,`p`.`post_title`,`p`.`thumbnail`,`p`.`more`,c.category_id as cid,`p`.`post_excerpt`,`p`.`create_time` FROM `cmf_portal_post` `p` LEFT JOIN `cmf_portal_category_post` `c` ON `p`.`id`=`c`.`post_id` WHERE (  `post_type` = 8 ) AND `p`.`delete_time` = '0' ORDER BY `c`.`list_order` ASC,`p`.`create_time` DESC LIMIT 0,6 [ RunTime:0.000534s ]
[2026-05-26T15:15:10+08:00][sql] SHOW FULL COLUMNS FROM `cmf_theme_file` [ RunTime:0.002059s ]
[2026-05-26T15:15:10+08:00][sql] SELECT `more`,`file`,`id` FROM `cmf_theme_file` WHERE  `theme` = 'simpleboot3'  AND (  `is_public` = 1 OR `file` = 'portal/news' ) ORDER BY `is_public` DESC [ RunTime:0.000399s ]
[2026-05-26T15:15:10+08:00][sql] SELECT `option_value` FROM `cmf_option` WHERE  `option_name` = 'storage' LIMIT 1 [ RunTime:0.000656s ]
[2026-05-26T15:16:00+08:00][sql] CONNECT:[ UseTime:0.001110s ] mysql:host=127.0.0.1;port=3306;dbname=weihua;charset=utf8mb4
[2026-05-26T15:16:00+08:00][sql] SHOW FULL COLUMNS FROM `cmf_option` [ RunTime:0.001414s ]
[2026-05-26T15:16:00+08:00][sql] SELECT `option_value` FROM `cmf_option` WHERE  `option_name` = 'cdn_settings' LIMIT 1 [ RunTime:0.000306s ]
[2026-05-26T15:16:00+08:00][sql] SELECT `option_value` FROM `cmf_option` WHERE  `option_name` = 'cdn_settings' LIMIT 1 [ RunTime:0.000285s ]
[2026-05-26T15:16:00+08:00][sql] SHOW FULL COLUMNS FROM `cmf_product_category` [ RunTime:0.001112s ]
[2026-05-26T15:16:00+08:00][sql] SELECT * FROM `cmf_product_category` WHERE  `parent_id` = 0 ORDER BY `list_order` ASC,`create_time` DESC [ RunTime:0.000362s ]
[2026-05-26T15:16:00+08:00][sql] SELECT * FROM `cmf_product_category` WHERE  `parent_id` IN (28,19,22,23,25,27,30) [ RunTime:0.000332s ]
[2026-05-26T15:16:00+08:00][sql] SHOW FULL COLUMNS FROM `cmf_portal_category` [ RunTime:0.001792s ]
[2026-05-26T15:16:00+08:00][sql] SELECT * FROM `cmf_portal_category` WHERE (  `type` = 8 ) AND `cmf_portal_category`.`delete_time` = '0' ORDER BY `list_order` ASC [ RunTime:0.000595s ]
[2026-05-26T15:16:00+08:00][sql] SHOW FULL COLUMNS FROM `cmf_slide_item` [ RunTime:0.001216s ]
[2026-05-26T15:16:00+08:00][sql] SELECT `title`,`description`,`image` FROM `cmf_slide_item` WHERE  `slide_id` = 4  AND `status` = 1 ORDER BY `list_order` ASC,`id` DESC LIMIT 1 [ RunTime:0.000388s ]
[2026-05-26T15:16:00+08:00][sql] SHOW FULL COLUMNS FROM `cmf_theme_file` [ RunTime:0.002853s ]
[2026-05-26T15:16:00+08:00][sql] SELECT `more`,`file`,`id` FROM `cmf_theme_file` WHERE  `theme` = 'simpleboot3'  AND (  `is_public` = 1 OR `file` = 'portal/cert' ) ORDER BY `is_public` DESC [ RunTime:0.000914s ]
[2026-05-26T15:16:00+08:00][sql] SELECT `option_value` FROM `cmf_option` WHERE  `option_name` = 'storage' LIMIT 1 [ RunTime:0.000552s ]
[2026-05-26T15:16:02+08:00][sql] CONNECT:[ UseTime:0.000769s ] mysql:host=127.0.0.1;port=3306;dbname=weihua;charset=utf8mb4
[2026-05-26T15:16:02+08:00][sql] SHOW FULL COLUMNS FROM `cmf_option` [ RunTime:0.002596s ]
[2026-05-26T15:16:02+08:00][sql] SELECT `option_value` FROM `cmf_option` WHERE  `option_name` = 'cdn_settings' LIMIT 1 [ RunTime:0.000543s ]
[2026-05-26T15:16:02+08:00][sql] SELECT `option_value` FROM `cmf_option` WHERE  `option_name` = 'cdn_settings' LIMIT 1 [ RunTime:0.000577s ]
[2026-05-26T15:16:02+08:00][sql] SHOW FULL COLUMNS FROM `cmf_product_category` [ RunTime:0.001306s ]
[2026-05-26T15:16:02+08:00][sql] SELECT * FROM `cmf_product_category` WHERE  `parent_id` = 0 ORDER BY `list_order` ASC,`create_time` DESC [ RunTime:0.000344s ]
[2026-05-26T15:16:02+08:00][sql] SELECT * FROM `cmf_product_category` WHERE  `parent_id` IN (28,19,22,23,25,27,30) [ RunTime:0.000336s ]
[2026-05-26T15:16:02+08:00][sql] SHOW FULL COLUMNS FROM `cmf_portal_category` [ RunTime:0.001706s ]
[2026-05-26T15:16:02+08:00][sql] SELECT * FROM `cmf_portal_category` WHERE (  `type` = 8 ) AND `cmf_portal_category`.`delete_time` = '0' ORDER BY `list_order` ASC [ RunTime:0.000417s ]
[2026-05-26T15:16:02+08:00][sql] SHOW FULL COLUMNS FROM `cmf_slide_item` [ RunTime:0.001151s ]
[2026-05-26T15:16:02+08:00][sql] SELECT `title`,`description`,`image` FROM `cmf_slide_item` WHERE  `slide_id` = 4  AND `status` = 1 ORDER BY `list_order` ASC,`id` DESC LIMIT 1 [ RunTime:0.000397s ]
[2026-05-26T15:16:02+08:00][sql] SHOW FULL COLUMNS FROM `cmf_theme_file` [ RunTime:0.001598s ]
[2026-05-26T15:16:02+08:00][sql] SELECT `more`,`file`,`id` FROM `cmf_theme_file` WHERE  `theme` = 'simpleboot3'  AND (  `is_public` = 1 OR `file` = 'portal/about' ) ORDER BY `is_public` DESC [ RunTime:0.000380s ]
[2026-05-26T15:16:02+08:00][sql] SELECT `option_value` FROM `cmf_option` WHERE  `option_name` = 'storage' LIMIT 1 [ RunTime:0.000329s ]
[2026-05-26T15:16:04+08:00][sql] CONNECT:[ UseTime:0.001415s ] mysql:host=127.0.0.1;port=3306;dbname=weihua;charset=utf8mb4
[2026-05-26T15:16:04+08:00][sql] SHOW FULL COLUMNS FROM `cmf_option` [ RunTime:0.001542s ]
[2026-05-26T15:16:04+08:00][sql] SELECT `option_value` FROM `cmf_option` WHERE  `option_name` = 'cdn_settings' LIMIT 1 [ RunTime:0.000353s ]
[2026-05-26T15:16:04+08:00][sql] SELECT `option_value` FROM `cmf_option` WHERE  `option_name` = 'cdn_settings' LIMIT 1 [ RunTime:0.000347s ]
[2026-05-26T15:16:04+08:00][sql] SHOW FULL COLUMNS FROM `cmf_product_category` [ RunTime:0.001386s ]
[2026-05-26T15:16:04+08:00][sql] SELECT * FROM `cmf_product_category` WHERE  `parent_id` = 0 ORDER BY `list_order` ASC,`create_time` DESC [ RunTime:0.000384s ]
[2026-05-26T15:16:04+08:00][sql] SELECT * FROM `cmf_product_category` WHERE  `parent_id` IN (28,19,22,23,25,27,30) [ RunTime:0.000375s ]
[2026-05-26T15:16:04+08:00][sql] SHOW FULL COLUMNS FROM `cmf_portal_category` [ RunTime:0.002167s ]
[2026-05-26T15:16:04+08:00][sql] SELECT * FROM `cmf_portal_category` WHERE (  `type` = 8 ) AND `cmf_portal_category`.`delete_time` = '0' ORDER BY `list_order` ASC [ RunTime:0.000701s ]
[2026-05-26T15:16:04+08:00][sql] SHOW FULL COLUMNS FROM `cmf_slide_item` [ RunTime:0.001320s ]
[2026-05-26T15:16:04+08:00][sql] SELECT `title`,`description`,`image` FROM `cmf_slide_item` WHERE  `slide_id` = 4  AND `status` = 1 ORDER BY `list_order` ASC,`id` DESC LIMIT 1 [ RunTime:0.000379s ]
[2026-05-26T15:16:04+08:00][sql] SHOW FULL COLUMNS FROM `cmf_theme_file` [ RunTime:0.001007s ]
[2026-05-26T15:16:04+08:00][sql] SELECT `more`,`file`,`id` FROM `cmf_theme_file` WHERE  `theme` = 'simpleboot3'  AND (  `is_public` = 1 OR `file` = 'portal/create' ) ORDER BY `is_public` DESC [ RunTime:0.000333s ]
[2026-05-26T15:16:04+08:00][sql] SELECT `option_value` FROM `cmf_option` WHERE  `option_name` = 'storage' LIMIT 1 [ RunTime:0.000550s ]
[2026-05-26T15:16:10+08:00][sql] CONNECT:[ UseTime:0.000820s ] mysql:host=127.0.0.1;port=3306;dbname=weihua;charset=utf8mb4
[2026-05-26T15:16:10+08:00][sql] SHOW FULL COLUMNS FROM `cmf_option` [ RunTime:0.001632s ]
[2026-05-26T15:16:10+08:00][sql] SELECT `option_value` FROM `cmf_option` WHERE  `option_name` = 'cdn_settings' LIMIT 1 [ RunTime:0.000563s ]
[2026-05-26T15:16:10+08:00][sql] SELECT `option_value` FROM `cmf_option` WHERE  `option_name` = 'cdn_settings' LIMIT 1 [ RunTime:0.000338s ]
[2026-05-26T15:16:10+08:00][sql] SHOW FULL COLUMNS FROM `cmf_product_category` [ RunTime:0.001312s ]
[2026-05-26T15:16:10+08:00][sql] SELECT * FROM `cmf_product_category` WHERE  `parent_id` = 0 ORDER BY `list_order` ASC,`create_time` DESC [ RunTime:0.000398s ]
[2026-05-26T15:16:10+08:00][sql] SELECT * FROM `cmf_product_category` WHERE  `parent_id` IN (28,19,22,23,25,27,30) [ RunTime:0.000359s ]
[2026-05-26T15:16:10+08:00][sql] SHOW FULL COLUMNS FROM `cmf_portal_category` [ RunTime:0.001163s ]
[2026-05-26T15:16:10+08:00][sql] SELECT * FROM `cmf_portal_category` WHERE (  `type` = 8 ) AND `cmf_portal_category`.`delete_time` = '0' ORDER BY `list_order` ASC [ RunTime:0.000402s ]
[2026-05-26T15:16:10+08:00][sql] SHOW FULL COLUMNS FROM `cmf_slide_item` [ RunTime:0.001426s ]
[2026-05-26T15:16:10+08:00][sql] SELECT `title`,`description`,`image` FROM `cmf_slide_item` WHERE  `slide_id` = 6  AND `status` = 1 ORDER BY `list_order` ASC,`id` DESC LIMIT 1 [ RunTime:0.000541s ]
[2026-05-26T15:16:10+08:00][sql] SELECT `option_value` FROM `cmf_option` WHERE  `option_name` = 'excellent_service_site' LIMIT 1 [ RunTime:0.000313s ]
[2026-05-26T15:16:10+08:00][sql] SHOW FULL COLUMNS FROM `cmf_theme_file` [ RunTime:0.001432s ]
[2026-05-26T15:16:10+08:00][sql] SELECT `more`,`file`,`id` FROM `cmf_theme_file` WHERE  `theme` = 'simpleboot3'  AND (  `is_public` = 1 OR `file` = 'portal/excellent_service' ) ORDER BY `is_public` DESC [ RunTime:0.000705s ]
[2026-05-26T15:16:10+08:00][sql] SELECT `option_value` FROM `cmf_option` WHERE  `option_name` = 'storage' LIMIT 1 [ RunTime:0.000482s ]
[2026-05-26T15:16:13+08:00][sql] CONNECT:[ UseTime:0.000984s ] mysql:host=127.0.0.1;port=3306;dbname=weihua;charset=utf8mb4
[2026-05-26T15:16:13+08:00][sql] SHOW FULL COLUMNS FROM `cmf_option` [ RunTime:0.001414s ]
[2026-05-26T15:16:13+08:00][sql] SELECT `option_value` FROM `cmf_option` WHERE  `option_name` = 'cdn_settings' LIMIT 1 [ RunTime:0.000370s ]
[2026-05-26T15:16:13+08:00][sql] SELECT `option_value` FROM `cmf_option` WHERE  `option_name` = 'cdn_settings' LIMIT 1 [ RunTime:0.000363s ]
[2026-05-26T15:16:13+08:00][sql] SHOW FULL COLUMNS FROM `cmf_product_category` [ RunTime:0.001023s ]
[2026-05-26T15:16:13+08:00][sql] SELECT * FROM `cmf_product_category` WHERE  `parent_id` = 0 ORDER BY `list_order` ASC,`create_time` DESC [ RunTime:0.000371s ]
[2026-05-26T15:16:13+08:00][sql] SELECT * FROM `cmf_product_category` WHERE  `parent_id` IN (28,19,22,23,25,27,30) [ RunTime:0.000343s ]
[2026-05-26T15:16:13+08:00][sql] SHOW FULL COLUMNS FROM `cmf_portal_category` [ RunTime:0.002058s ]
[2026-05-26T15:16:13+08:00][sql] SELECT * FROM `cmf_portal_category` WHERE (  `type` = 8 ) AND `cmf_portal_category`.`delete_time` = '0' ORDER BY `list_order` ASC [ RunTime:0.000503s ]
[2026-05-26T15:16:13+08:00][sql] SHOW FULL COLUMNS FROM `cmf_slide_item` [ RunTime:0.001104s ]
[2026-05-26T15:16:13+08:00][sql] SELECT `title`,`description`,`image` FROM `cmf_slide_item` WHERE  `slide_id` = 6  AND `status` = 1 ORDER BY `list_order` ASC,`id` DESC LIMIT 1 [ RunTime:0.000451s ]
[2026-05-26T15:16:13+08:00][sql] SHOW FULL COLUMNS FROM `cmf_portal_post` [ RunTime:0.001337s ]
[2026-05-26T15:16:13+08:00][sql] SELECT `id`,`post_title`,`more` FROM `cmf_portal_post` WHERE (  `post_type` = 4 ) AND `cmf_portal_post`.`delete_time` = '0' [ RunTime:0.000347s ]
[2026-05-26T15:16:13+08:00][sql] SHOW FULL COLUMNS FROM `cmf_theme_file` [ RunTime:0.001043s ]
[2026-05-26T15:16:13+08:00][sql] SELECT `more`,`file`,`id` FROM `cmf_theme_file` WHERE  `theme` = 'simpleboot3'  AND (  `is_public` = 1 OR `file` = 'portal/download' ) ORDER BY `is_public` DESC [ RunTime:0.000358s ]
[2026-05-26T15:16:13+08:00][sql] SELECT `option_value` FROM `cmf_option` WHERE  `option_name` = 'storage' LIMIT 1 [ RunTime:0.000474s ]
[2026-05-26T15:16:15+08:00][sql] CONNECT:[ UseTime:0.001254s ] mysql:host=127.0.0.1;port=3306;dbname=weihua;charset=utf8mb4
[2026-05-26T15:16:15+08:00][sql] SHOW FULL COLUMNS FROM `cmf_option` [ RunTime:0.001765s ]
[2026-05-26T15:16:15+08:00][sql] SELECT `option_value` FROM `cmf_option` WHERE  `option_name` = 'cdn_settings' LIMIT 1 [ RunTime:0.000450s ]
[2026-05-26T15:16:15+08:00][sql] SELECT `option_value` FROM `cmf_option` WHERE  `option_name` = 'cdn_settings' LIMIT 1 [ RunTime:0.000772s ]
[2026-05-26T15:16:15+08:00][sql] SHOW FULL COLUMNS FROM `cmf_product_category` [ RunTime:0.001653s ]
[2026-05-26T15:16:15+08:00][sql] SELECT * FROM `cmf_product_category` WHERE  `parent_id` = 0 ORDER BY `list_order` ASC,`create_time` DESC [ RunTime:0.000370s ]
[2026-05-26T15:16:15+08:00][sql] SELECT * FROM `cmf_product_category` WHERE  `parent_id` IN (28,19,22,23,25,27,30) [ RunTime:0.000342s ]
[2026-05-26T15:16:15+08:00][sql] SHOW FULL COLUMNS FROM `cmf_portal_category` [ RunTime:0.001297s ]
[2026-05-26T15:16:15+08:00][sql] SELECT * FROM `cmf_portal_category` WHERE (  `type` = 8 ) AND `cmf_portal_category`.`delete_time` = '0' ORDER BY `list_order` ASC [ RunTime:0.000382s ]
[2026-05-26T15:16:15+08:00][sql] SHOW FULL COLUMNS FROM `cmf_slide_item` [ RunTime:0.001087s ]
[2026-05-26T15:16:15+08:00][sql] SELECT `title`,`description`,`image` FROM `cmf_slide_item` WHERE  `slide_id` = 12  AND `status` = 1 ORDER BY `list_order` ASC,`id` DESC LIMIT 1 [ RunTime:0.000396s ]
[2026-05-26T15:16:15+08:00][sql] SELECT * FROM `cmf_portal_category` WHERE (  `id` = 2  AND `status` = 1 ) AND `cmf_portal_category`.`delete_time` = '0' LIMIT 1 [ RunTime:0.000349s ]
[2026-05-26T15:16:15+08:00][sql] SHOW FULL COLUMNS FROM `cmf_portal_post` [ RunTime:0.001131s ]
[2026-05-26T15:16:15+08:00][sql] SELECT COUNT(*) AS think_count FROM `cmf_portal_post` `p` LEFT JOIN `cmf_portal_category_post` `c` ON `p`.`id`=`c`.`post_id` WHERE (  `post_type` = 8  AND `c`.`category_id` = '2' ) AND `p`.`delete_time` = '0' LIMIT 1 [ RunTime:0.000539s ]
[2026-05-26T15:16:15+08:00][sql] SHOW FULL COLUMNS FROM `cmf_theme_file` [ RunTime:0.001385s ]
[2026-05-26T15:16:15+08:00][sql] SELECT `more`,`file`,`id` FROM `cmf_theme_file` WHERE  `theme` = 'simpleboot3'  AND (  `is_public` = 1 OR `file` = 'portal/news' ) ORDER BY `is_public` DESC [ RunTime:0.000490s ]
[2026-05-26T15:16:15+08:00][sql] SELECT `option_value` FROM `cmf_option` WHERE  `option_name` = 'storage' LIMIT 1 [ RunTime:0.000318s ]
[2026-05-26T15:16:18+08:00][sql] CONNECT:[ UseTime:0.011520s ] mysql:host=127.0.0.1;port=3306;dbname=weihua;charset=utf8mb4
[2026-05-26T15:16:18+08:00][sql] SHOW FULL COLUMNS FROM `cmf_option` [ RunTime:0.001441s ]
[2026-05-26T15:16:18+08:00][sql] SELECT `option_value` FROM `cmf_option` WHERE  `option_name` = 'cdn_settings' LIMIT 1 [ RunTime:0.000304s ]
[2026-05-26T15:16:18+08:00][sql] SELECT `option_value` FROM `cmf_option` WHERE  `option_name` = 'cdn_settings' LIMIT 1 [ RunTime:0.000327s ]
[2026-05-26T15:16:18+08:00][sql] SHOW FULL COLUMNS FROM `cmf_product_category` [ RunTime:0.001263s ]
[2026-05-26T15:16:18+08:00][sql] SELECT * FROM `cmf_product_category` WHERE  `parent_id` = 0 ORDER BY `list_order` ASC,`create_time` DESC [ RunTime:0.000373s ]
[2026-05-26T15:16:18+08:00][sql] SELECT * FROM `cmf_product_category` WHERE  `parent_id` IN (28,19,22,23,25,27,30) [ RunTime:0.000321s ]
[2026-05-26T15:16:18+08:00][sql] SHOW FULL COLUMNS FROM `cmf_portal_category` [ RunTime:0.001614s ]
[2026-05-26T15:16:18+08:00][sql] SELECT * FROM `cmf_portal_category` WHERE (  `type` = 8 ) AND `cmf_portal_category`.`delete_time` = '0' ORDER BY `list_order` ASC [ RunTime:0.000419s ]
[2026-05-26T15:16:18+08:00][sql] SHOW FULL COLUMNS FROM `cmf_slide_item` [ RunTime:0.001701s ]
[2026-05-26T15:16:18+08:00][sql] SELECT `title`,`description`,`image` FROM `cmf_slide_item` WHERE  `slide_id` = 4  AND `status` = 1 ORDER BY `list_order` ASC,`id` DESC LIMIT 1 [ RunTime:0.000443s ]
[2026-05-26T15:16:18+08:00][sql] SHOW FULL COLUMNS FROM `cmf_theme_file` [ RunTime:0.001096s ]
[2026-05-26T15:16:18+08:00][sql] SELECT `more`,`file`,`id` FROM `cmf_theme_file` WHERE  `theme` = 'simpleboot3'  AND (  `is_public` = 1 OR `file` = 'portal/about' ) ORDER BY `is_public` DESC [ RunTime:0.000351s ]
[2026-05-26T15:16:18+08:00][sql] SELECT `option_value` FROM `cmf_option` WHERE  `option_name` = 'storage' LIMIT 1 [ RunTime:0.000427s ]
[2026-05-26T15:16:21+08:00][sql] CONNECT:[ UseTime:0.018692s ] mysql:host=127.0.0.1;port=3306;dbname=weihua;charset=utf8mb4
[2026-05-26T15:16:21+08:00][sql] SHOW FULL COLUMNS FROM `cmf_option` [ RunTime:0.001423s ]
[2026-05-26T15:16:21+08:00][sql] SELECT `option_value` FROM `cmf_option` WHERE  `option_name` = 'cdn_settings' LIMIT 1 [ RunTime:0.000296s ]
[2026-05-26T15:16:21+08:00][sql] SELECT `option_value` FROM `cmf_option` WHERE  `option_name` = 'cdn_settings' LIMIT 1 [ RunTime:0.000339s ]
[2026-05-26T15:16:21+08:00][sql] SHOW FULL COLUMNS FROM `cmf_product_category` [ RunTime:0.001221s ]
[2026-05-26T15:16:21+08:00][sql] SELECT * FROM `cmf_product_category` WHERE  `parent_id` = 0 ORDER BY `list_order` ASC,`create_time` DESC [ RunTime:0.000384s ]
[2026-05-26T15:16:21+08:00][sql] SELECT * FROM `cmf_product_category` WHERE  `parent_id` IN (28,19,22,23,25,27,30) [ RunTime:0.000309s ]
[2026-05-26T15:16:21+08:00][sql] SHOW FULL COLUMNS FROM `cmf_portal_category` [ RunTime:0.001165s ]
[2026-05-26T15:16:21+08:00][sql] SELECT * FROM `cmf_portal_category` WHERE (  `type` = 8 ) AND `cmf_portal_category`.`delete_time` = '0' ORDER BY `list_order` ASC [ RunTime:0.000486s ]
[2026-05-26T15:16:21+08:00][sql] SHOW FULL COLUMNS FROM `cmf_slide_item` [ RunTime:0.001592s ]
[2026-05-26T15:16:21+08:00][sql] SELECT `title`,`description`,`image` FROM `cmf_slide_item` WHERE  `slide_id` = 4  AND `status` = 1 ORDER BY `list_order` ASC,`id` DESC LIMIT 1 [ RunTime:0.000479s ]
[2026-05-26T15:16:21+08:00][sql] SHOW FULL COLUMNS FROM `cmf_theme_file` [ RunTime:0.001078s ]
[2026-05-26T15:16:21+08:00][sql] SELECT `more`,`file`,`id` FROM `cmf_theme_file` WHERE  `theme` = 'simpleboot3'  AND (  `is_public` = 1 OR `file` = 'portal/create' ) ORDER BY `is_public` DESC [ RunTime:0.000367s ]
[2026-05-26T15:16:21+08:00][sql] SELECT `option_value` FROM `cmf_option` WHERE  `option_name` = 'storage' LIMIT 1 [ RunTime:0.000348s ]
[2026-05-26T15:16:23+08:00][sql] CONNECT:[ UseTime:0.001352s ] mysql:host=127.0.0.1;port=3306;dbname=weihua;charset=utf8mb4
[2026-05-26T15:16:23+08:00][sql] SHOW FULL COLUMNS FROM `cmf_option` [ RunTime:0.006516s ]
[2026-05-26T15:16:23+08:00][sql] SELECT `option_value` FROM `cmf_option` WHERE  `option_name` = 'cdn_settings' LIMIT 1 [ RunTime:0.000548s ]
[2026-05-26T15:16:23+08:00][sql] SELECT `option_value` FROM `cmf_option` WHERE  `option_name` = 'cdn_settings' LIMIT 1 [ RunTime:0.000595s ]
[2026-05-26T15:16:23+08:00][sql] SHOW FULL COLUMNS FROM `cmf_product_category` [ RunTime:0.001373s ]
[2026-05-26T15:16:23+08:00][sql] SELECT * FROM `cmf_product_category` WHERE  `parent_id` = 0 ORDER BY `list_order` ASC,`create_time` DESC [ RunTime:0.000344s ]
[2026-05-26T15:16:23+08:00][sql] SELECT * FROM `cmf_product_category` WHERE  `parent_id` IN (28,19,22,23,25,27,30) [ RunTime:0.000353s ]
[2026-05-26T15:16:23+08:00][sql] SHOW FULL COLUMNS FROM `cmf_portal_category` [ RunTime:0.001776s ]
[2026-05-26T15:16:23+08:00][sql] SELECT * FROM `cmf_portal_category` WHERE (  `type` = 8 ) AND `cmf_portal_category`.`delete_time` = '0' ORDER BY `list_order` ASC [ RunTime:0.000558s ]
[2026-05-26T15:16:23+08:00][sql] SHOW FULL COLUMNS FROM `cmf_slide_item` [ RunTime:0.001196s ]
[2026-05-26T15:16:23+08:00][sql] SELECT `title`,`description`,`image` FROM `cmf_slide_item` WHERE  `slide_id` = 4  AND `status` = 1 ORDER BY `list_order` ASC,`id` DESC LIMIT 1 [ RunTime:0.000367s ]
[2026-05-26T15:16:23+08:00][sql] SHOW FULL COLUMNS FROM `cmf_theme_file` [ RunTime:0.000899s ]
[2026-05-26T15:16:23+08:00][sql] SELECT `more`,`file`,`id` FROM `cmf_theme_file` WHERE  `theme` = 'simpleboot3'  AND (  `is_public` = 1 OR `file` = 'portal/cert' ) ORDER BY `is_public` DESC [ RunTime:0.000429s ]
[2026-05-26T15:16:23+08:00][sql] SELECT `option_value` FROM `cmf_option` WHERE  `option_name` = 'storage' LIMIT 1 [ RunTime:0.000590s ]
[2026-05-26T15:16:51+08:00][sql] CONNECT:[ UseTime:0.022052s ] mysql:host=127.0.0.1;port=3306;dbname=weihua;charset=utf8mb4
[2026-05-26T15:16:51+08:00][sql] SHOW FULL COLUMNS FROM `cmf_option` [ RunTime:0.001686s ]
[2026-05-26T15:16:51+08:00][sql] SELECT `option_value` FROM `cmf_option` WHERE  `option_name` = 'cdn_settings' LIMIT 1 [ RunTime:0.000430s ]
[2026-05-26T15:16:51+08:00][sql] SELECT `option_value` FROM `cmf_option` WHERE  `option_name` = 'cdn_settings' LIMIT 1 [ RunTime:0.000254s ]
[2026-05-26T15:16:51+08:00][sql] SHOW FULL COLUMNS FROM `cmf_product_category` [ RunTime:0.001177s ]
[2026-05-26T15:16:51+08:00][sql] SELECT * FROM `cmf_product_category` WHERE  `parent_id` = 0 ORDER BY `list_order` ASC,`create_time` DESC [ RunTime:0.000306s ]
[2026-05-26T15:16:51+08:00][sql] SELECT * FROM `cmf_product_category` WHERE  `parent_id` IN (28,19,22,23,25,27,30) [ RunTime:0.000274s ]
[2026-05-26T15:16:51+08:00][sql] SHOW FULL COLUMNS FROM `cmf_portal_category` [ RunTime:0.001922s ]
[2026-05-26T15:16:51+08:00][sql] SELECT * FROM `cmf_portal_category` WHERE (  `type` = 8 ) AND `cmf_portal_category`.`delete_time` = '0' ORDER BY `list_order` ASC [ RunTime:0.000441s ]
[2026-05-26T15:16:51+08:00][sql] SHOW FULL COLUMNS FROM `cmf_slide_item` [ RunTime:0.002059s ]
[2026-05-26T15:16:51+08:00][sql] SELECT `title`,`description`,`image` FROM `cmf_slide_item` WHERE  `slide_id` = 4  AND `status` = 1 ORDER BY `list_order` ASC,`id` DESC LIMIT 1 [ RunTime:0.000702s ]
[2026-05-26T15:16:51+08:00][sql] SHOW FULL COLUMNS FROM `cmf_theme_file` [ RunTime:0.001298s ]
[2026-05-26T15:16:51+08:00][sql] SELECT `more`,`file`,`id` FROM `cmf_theme_file` WHERE  `theme` = 'simpleboot3'  AND (  `is_public` = 1 OR `file` = 'portal/cert' ) ORDER BY `is_public` DESC [ RunTime:0.000455s ]
[2026-05-26T15:16:51+08:00][sql] SELECT `option_value` FROM `cmf_option` WHERE  `option_name` = 'storage' LIMIT 1 [ RunTime:0.000237s ]
[2026-05-26T15:16:55+08:00][sql] CONNECT:[ UseTime:0.000764s ] mysql:host=127.0.0.1;port=3306;dbname=weihua;charset=utf8mb4
[2026-05-26T15:16:55+08:00][sql] SHOW FULL COLUMNS FROM `cmf_option` [ RunTime:0.001166s ]
[2026-05-26T15:16:55+08:00][sql] SELECT `option_value` FROM `cmf_option` WHERE  `option_name` = 'cdn_settings' LIMIT 1 [ RunTime:0.000406s ]
[2026-05-26T15:16:55+08:00][sql] SELECT `option_value` FROM `cmf_option` WHERE  `option_name` = 'cdn_settings' LIMIT 1 [ RunTime:0.000335s ]
[2026-05-26T15:16:55+08:00][sql] SHOW FULL COLUMNS FROM `cmf_product_category` [ RunTime:0.000939s ]
[2026-05-26T15:16:55+08:00][sql] SELECT * FROM `cmf_product_category` WHERE  `parent_id` = 0 ORDER BY `list_order` ASC,`create_time` DESC [ RunTime:0.000364s ]
[2026-05-26T15:16:55+08:00][sql] SELECT * FROM `cmf_product_category` WHERE  `parent_id` IN (28,19,22,23,25,27,30) [ RunTime:0.000351s ]
[2026-05-26T15:16:55+08:00][sql] SHOW FULL COLUMNS FROM `cmf_portal_category` [ RunTime:0.001046s ]
[2026-05-26T15:16:55+08:00][sql] SELECT * FROM `cmf_portal_category` WHERE (  `type` = 8 ) AND `cmf_portal_category`.`delete_time` = '0' ORDER BY `list_order` ASC [ RunTime:0.000292s ]
[2026-05-26T15:16:55+08:00][sql] SHOW FULL COLUMNS FROM `cmf_slide_item` [ RunTime:0.000924s ]
[2026-05-26T15:16:55+08:00][sql] SELECT `title`,`description`,`image` FROM `cmf_slide_item` WHERE  `slide_id` = 4  AND `status` = 1 ORDER BY `list_order` ASC,`id` DESC LIMIT 1 [ RunTime:0.000300s ]
[2026-05-26T15:16:55+08:00][sql] SHOW FULL COLUMNS FROM `cmf_theme_file` [ RunTime:0.000843s ]
[2026-05-26T15:16:55+08:00][sql] SELECT `more`,`file`,`id` FROM `cmf_theme_file` WHERE  `theme` = 'simpleboot3'  AND (  `is_public` = 1 OR `file` = 'portal/create' ) ORDER BY `is_public` DESC [ RunTime:0.000296s ]
[2026-05-26T15:16:55+08:00][sql] SELECT `option_value` FROM `cmf_option` WHERE  `option_name` = 'storage' LIMIT 1 [ RunTime:0.000304s ]
[2026-05-26T15:37:44+08:00][sql] CONNECT:[ UseTime:0.001744s ] mysql:host=127.0.0.1;port=3306;dbname=weihua;charset=utf8mb4
[2026-05-26T15:37:44+08:00][sql] SHOW FULL COLUMNS FROM `cmf_hook` [ RunTime:0.002057s ]
[2026-05-26T15:37:44+08:00][sql] SELECT `hook`,`id` FROM `cmf_hook` WHERE  (  (  `app` = '' OR `app` = 'cmf' )  AND `type` = 3 ) OR `type` = 1 [ RunTime:0.001719s ]
[2026-05-26T15:37:44+08:00][sql] SHOW FULL COLUMNS FROM `cmf_hook_plugin` [ RunTime:0.001037s ]
[2026-05-26T15:37:44+08:00][sql] SELECT `hook`,`plugin` FROM `cmf_hook_plugin` WHERE  `status` = 1  AND `hook` IN ('app_begin','module_init','action_begin','view_filter','app_end','log_write','response_end','admin_init','home_init','send_mobile_verification_code','body_start','before_head_end','footer_start','before_footer','before_footer_end','before_body_end','left_sidebar_start','before_left_sidebar_end','right_sidebar_start','before_right_sidebar_end','comment','guestbook','switch_theme','after_content','before_content','log_write_done','switch_admin_theme','captcha_image','user_login_start') ORDER BY `list_order` ASC [ RunTime:0.000572s ]
[2026-05-26T15:37:44+08:00][sql] SELECT `hook` FROM `cmf_hook` WHERE  `app` = 'portal' [ RunTime:0.000484s ]
[2026-05-26T15:37:44+08:00][sql] SELECT `hook`,`plugin` FROM `cmf_hook_plugin` WHERE  `status` = 1  AND `hook` IN ('portal_before_assign_article','portal_admin_after_save_article','portal_admin_article_index_view','portal_admin_article_add_view','portal_admin_article_edit_view','portal_admin_category_index_view','portal_admin_category_add_view','portal_admin_category_edit_view','portal_admin_page_index_view','portal_admin_page_add_view','portal_admin_page_edit_view','portal_admin_tag_index_view','portal_admin_article_edit_view_right_sidebar','portal_admin_article_edit_view_main') ORDER BY `list_order` ASC [ RunTime:0.000288s ]
[2026-05-26T15:37:44+08:00][sql] SHOW FULL COLUMNS FROM `cmf_plugin` [ RunTime:0.001365s ]
[2026-05-26T15:37:44+08:00][sql] SELECT `config` FROM `cmf_plugin` WHERE  `name` = 'SwitchTheme' LIMIT 1 [ RunTime:0.000504s ]
[2026-05-26T15:37:44+08:00][sql] SHOW FULL COLUMNS FROM `cmf_option` [ RunTime:0.002429s ]
[2026-05-26T15:37:44+08:00][sql] SELECT `option_value` FROM `cmf_option` WHERE  `option_name` = 'cdn_settings' LIMIT 1 [ RunTime:0.000857s ]
[2026-05-26T15:37:44+08:00][sql] SELECT `option_value` FROM `cmf_option` WHERE  `option_name` = 'cdn_settings' LIMIT 1 [ RunTime:0.000482s ]
[2026-05-26T15:37:44+08:00][sql] SHOW FULL COLUMNS FROM `cmf_product_category` [ RunTime:0.001098s ]
[2026-05-26T15:37:44+08:00][sql] SELECT * FROM `cmf_product_category` WHERE  `parent_id` = 0 ORDER BY `list_order` ASC,`create_time` DESC [ RunTime:0.000405s ]
[2026-05-26T15:37:44+08:00][sql] SELECT * FROM `cmf_product_category` WHERE  `parent_id` IN (28,19,22,23,25,27,30) [ RunTime:0.000274s ]
[2026-05-26T15:37:44+08:00][sql] SHOW FULL COLUMNS FROM `cmf_portal_category` [ RunTime:0.001552s ]
[2026-05-26T15:37:44+08:00][sql] SELECT * FROM `cmf_portal_category` WHERE (  `type` = 8 ) AND `cmf_portal_category`.`delete_time` = '0' ORDER BY `list_order` ASC [ RunTime:0.000356s ]
[2026-05-26T15:37:44+08:00][sql] SELECT `option_value` FROM `cmf_option` WHERE  `option_name` = 'site_info' LIMIT 1 [ RunTime:0.000248s ]
[2026-05-26T15:37:44+08:00][sql] SHOW FULL COLUMNS FROM `cmf_slide_item` [ RunTime:0.001319s ]
[2026-05-26T15:37:44+08:00][sql] SELECT `title`,`description`,`image`,`url`,`target`,`content` FROM `cmf_slide_item` WHERE  `slide_id` = 1 ORDER BY `list_order` ASC [ RunTime:0.000558s ]
[2026-05-26T15:37:44+08:00][sql] SHOW FULL COLUMNS FROM `cmf_slide` [ RunTime:0.000913s ]
[2026-05-26T15:37:44+08:00][sql] SELECT * FROM `cmf_slide` WHERE  `name` LIKE '%choose%' OR `name` LIKE '%选择%' LIMIT 1 [ RunTime:0.000576s ]
[2026-05-26T15:37:44+08:00][sql] SELECT `title`,`description`,`image`,`url`,`target`,`content` FROM `cmf_slide_item` WHERE  `slide_id` = 14  AND `status` = 1 ORDER BY `list_order` ASC [ RunTime:0.000338s ]
[2026-05-26T15:37:44+08:00][sql] SELECT * FROM `cmf_product_category` WHERE  `parent_id` = 0  AND `recommend` = 1 ORDER BY `list_order` ASC,`create_time` DESC [ RunTime:0.000286s ]
[2026-05-26T15:37:44+08:00][sql] SHOW FULL COLUMNS FROM `cmf_product` [ RunTime:0.000994s ]
[2026-05-26T15:37:44+08:00][sql] SELECT `id`,`title`,`thumbnail`,`industry` FROM `cmf_product` WHERE  `is_recommended` = 1  AND `category_id` = 28 ORDER BY `list_order` ASC LIMIT 6 [ RunTime:0.001014s ]
[2026-05-26T15:37:44+08:00][sql] SELECT `id`,`title`,`thumbnail`,`industry` FROM `cmf_product` WHERE  `is_recommended` = 1  AND `category_id` = 19 ORDER BY `list_order` ASC LIMIT 6 [ RunTime:0.000522s ]
[2026-05-26T15:37:44+08:00][sql] SELECT `id`,`title`,`thumbnail`,`industry` FROM `cmf_product` WHERE  `is_recommended` = 1  AND `category_id` = 23 ORDER BY `list_order` ASC LIMIT 6 [ RunTime:0.000742s ]
[2026-05-26T15:37:44+08:00][sql] SELECT `option_value` FROM `cmf_option` WHERE  `option_name` = 'index_setting' LIMIT 1 [ RunTime:0.000282s ]
[2026-05-26T15:37:44+08:00][sql] SELECT `option_value` FROM `cmf_option` WHERE  `option_name` = 'about_site' LIMIT 1 [ RunTime:0.000784s ]
[2026-05-26T15:37:44+08:00][sql] SHOW FULL COLUMNS FROM `cmf_portal_post` [ RunTime:0.001816s ]
[2026-05-26T15:37:44+08:00][sql] SELECT `p`.`id`,`p`.`post_title`,`p`.`post_excerpt`,`p`.`thumbnail`,`p`.`create_time`,`c`.`category_id` FROM `cmf_portal_post` `p` INNER JOIN `cmf_portal_category_post` `c` ON `p`.`id`=`c`.`post_id` WHERE (  `p`.`post_type` = '8' ) AND `p`.`delete_time` = '0' ORDER BY `c`.`list_order` ASC,`p`.`create_time` DESC [ RunTime:0.001665s ]
[2026-05-26T15:37:44+08:00][sql] SELECT `id`,`post_title`,`post_excerpt`,`more` FROM `cmf_portal_post` WHERE (  `post_type` = 3 ) AND `cmf_portal_post`.`delete_time` = '0' ORDER BY `create_time` DESC [ RunTime:0.000411s ]
[2026-05-26T15:37:44+08:00][sql] SHOW FULL COLUMNS FROM `cmf_theme_file` [ RunTime:0.000955s ]
[2026-05-26T15:37:44+08:00][sql] SELECT `more`,`file`,`id` FROM `cmf_theme_file` WHERE  `theme` = 'simpleboot3'  AND (  `is_public` = 1 OR `file` = 'portal/index' ) ORDER BY `is_public` DESC [ RunTime:0.000419s ]
[2026-05-26T15:37:44+08:00][sql] SHOW FULL COLUMNS FROM `cmf_route` [ RunTime:0.001613s ]
[2026-05-26T15:37:44+08:00][sql] SELECT * FROM `cmf_route` WHERE  `status` = 1 ORDER BY `list_order` ASC [ RunTime:0.000914s ]
[2026-05-26T15:37:44+08:00][sql] SELECT `option_value` FROM `cmf_option` WHERE  `option_name` = 'storage' LIMIT 1 [ RunTime:0.000459s ]
[2026-05-26T15:37:53+08:00][sql] CONNECT:[ UseTime:0.019577s ] mysql:host=127.0.0.1;port=3306;dbname=weihua;charset=utf8mb4
[2026-05-26T15:37:53+08:00][sql] SHOW FULL COLUMNS FROM `cmf_option` [ RunTime:0.002336s ]
[2026-05-26T15:37:53+08:00][sql] SELECT `option_value` FROM `cmf_option` WHERE  `option_name` = 'cdn_settings' LIMIT 1 [ RunTime:0.000552s ]
[2026-05-26T15:37:53+08:00][sql] SELECT `option_value` FROM `cmf_option` WHERE  `option_name` = 'cdn_settings' LIMIT 1 [ RunTime:0.000319s ]
[2026-05-26T15:37:53+08:00][sql] SHOW FULL COLUMNS FROM `cmf_product_category` [ RunTime:0.002451s ]
[2026-05-26T15:37:53+08:00][sql] SELECT * FROM `cmf_product_category` WHERE  `parent_id` = 0 ORDER BY `list_order` ASC,`create_time` DESC [ RunTime:0.000710s ]
[2026-05-26T15:37:53+08:00][sql] SELECT * FROM `cmf_product_category` WHERE  `parent_id` IN (28,19,22,23,25,27,30) [ RunTime:0.000301s ]
[2026-05-26T15:37:53+08:00][sql] SHOW FULL COLUMNS FROM `cmf_portal_category` [ RunTime:0.001390s ]
[2026-05-26T15:37:53+08:00][sql] SELECT * FROM `cmf_portal_category` WHERE (  `type` = 8 ) AND `cmf_portal_category`.`delete_time` = '0' ORDER BY `list_order` ASC [ RunTime:0.000438s ]
[2026-05-26T15:37:53+08:00][sql] SHOW FULL COLUMNS FROM `cmf_slide_item` [ RunTime:0.001014s ]
[2026-05-26T15:37:53+08:00][sql] SELECT `title`,`description`,`image`,`url`,`target`,`content` FROM `cmf_slide_item` WHERE  `slide_id` = 1 ORDER BY `list_order` ASC [ RunTime:0.000286s ]
[2026-05-26T15:37:53+08:00][sql] SHOW FULL COLUMNS FROM `cmf_slide` [ RunTime:0.000760s ]
[2026-05-26T15:37:53+08:00][sql] SELECT * FROM `cmf_slide` WHERE  `name` LIKE '%choose%' OR `name` LIKE '%选择%' LIMIT 1 [ RunTime:0.000440s ]
[2026-05-26T15:37:53+08:00][sql] SELECT `title`,`description`,`image`,`url`,`target`,`content` FROM `cmf_slide_item` WHERE  `slide_id` = 14  AND `status` = 1 ORDER BY `list_order` ASC [ RunTime:0.000282s ]
[2026-05-26T15:37:53+08:00][sql] SELECT * FROM `cmf_product_category` WHERE  `parent_id` = 0  AND `recommend` = 1 ORDER BY `list_order` ASC,`create_time` DESC [ RunTime:0.000276s ]
[2026-05-26T15:37:53+08:00][sql] SHOW FULL COLUMNS FROM `cmf_product` [ RunTime:0.001046s ]
[2026-05-26T15:37:53+08:00][sql] SELECT `id`,`title`,`thumbnail`,`industry` FROM `cmf_product` WHERE  `is_recommended` = 1  AND `category_id` = 28 ORDER BY `list_order` ASC LIMIT 6 [ RunTime:0.001598s ]
[2026-05-26T15:37:53+08:00][sql] SELECT `id`,`title`,`thumbnail`,`industry` FROM `cmf_product` WHERE  `is_recommended` = 1  AND `category_id` = 19 ORDER BY `list_order` ASC LIMIT 6 [ RunTime:0.000746s ]
[2026-05-26T15:37:53+08:00][sql] SELECT `id`,`title`,`thumbnail`,`industry` FROM `cmf_product` WHERE  `is_recommended` = 1  AND `category_id` = 23 ORDER BY `list_order` ASC LIMIT 6 [ RunTime:0.001042s ]
[2026-05-26T15:37:53+08:00][sql] SHOW FULL COLUMNS FROM `cmf_portal_post` [ RunTime:0.001213s ]
[2026-05-26T15:37:53+08:00][sql] SELECT `p`.`id`,`p`.`post_title`,`p`.`post_excerpt`,`p`.`thumbnail`,`p`.`create_time`,`c`.`category_id` FROM `cmf_portal_post` `p` INNER JOIN `cmf_portal_category_post` `c` ON `p`.`id`=`c`.`post_id` WHERE (  `p`.`post_type` = '8' ) AND `p`.`delete_time` = '0' ORDER BY `c`.`list_order` ASC,`p`.`create_time` DESC [ RunTime:0.000776s ]
[2026-05-26T15:37:53+08:00][sql] SELECT `id`,`post_title`,`post_excerpt`,`more` FROM `cmf_portal_post` WHERE (  `post_type` = 3 ) AND `cmf_portal_post`.`delete_time` = '0' ORDER BY `create_time` DESC [ RunTime:0.000307s ]
[2026-05-26T15:37:53+08:00][sql] SHOW FULL COLUMNS FROM `cmf_theme_file` [ RunTime:0.000795s ]
[2026-05-26T15:37:53+08:00][sql] SELECT `more`,`file`,`id` FROM `cmf_theme_file` WHERE  `theme` = 'simpleboot3_mobile'  AND (  `is_public` = 1 OR `file` = 'portal/index' ) ORDER BY `is_public` DESC [ RunTime:0.000334s ]
[2026-05-26T15:37:53+08:00][sql] SELECT `option_value` FROM `cmf_option` WHERE  `option_name` = 'storage' LIMIT 1 [ RunTime:0.000457s ]
[2026-05-26T15:37:57+08:00][sql] CONNECT:[ UseTime:0.001180s ] mysql:host=127.0.0.1;port=3306;dbname=weihua;charset=utf8mb4
[2026-05-26T15:37:57+08:00][sql] SHOW FULL COLUMNS FROM `cmf_option` [ RunTime:0.003056s ]
[2026-05-26T15:37:57+08:00][sql] SELECT `option_value` FROM `cmf_option` WHERE  `option_name` = 'cdn_settings' LIMIT 1 [ RunTime:0.000572s ]
[2026-05-26T15:37:57+08:00][sql] SELECT `option_value` FROM `cmf_option` WHERE  `option_name` = 'cdn_settings' LIMIT 1 [ RunTime:0.001246s ]
[2026-05-26T15:37:57+08:00][sql] SHOW FULL COLUMNS FROM `cmf_product_category` [ RunTime:0.001322s ]
[2026-05-26T15:37:57+08:00][sql] SELECT * FROM `cmf_product_category` WHERE  `parent_id` = 0 ORDER BY `list_order` ASC,`create_time` DESC [ RunTime:0.000348s ]
[2026-05-26T15:37:57+08:00][sql] SELECT * FROM `cmf_product_category` WHERE  `parent_id` IN (28,19,22,23,25,27,30) [ RunTime:0.000310s ]
[2026-05-26T15:37:57+08:00][sql] SHOW FULL COLUMNS FROM `cmf_portal_category` [ RunTime:0.001595s ]
[2026-05-26T15:37:57+08:00][sql] SELECT * FROM `cmf_portal_category` WHERE (  `type` = 8 ) AND `cmf_portal_category`.`delete_time` = '0' ORDER BY `list_order` ASC [ RunTime:0.000550s ]
[2026-05-26T15:37:57+08:00][sql] SHOW FULL COLUMNS FROM `cmf_product` [ RunTime:0.001562s ]
[2026-05-26T15:37:57+08:00][sql] SELECT * FROM `cmf_product` WHERE  `id` = 62 LIMIT 1 [ RunTime:0.000679s ]
[2026-05-26T15:37:57+08:00][sql] SELECT * FROM `cmf_product_category` WHERE  `id` = 28 LIMIT 1 [ RunTime:0.000264s ]
[2026-05-26T15:37:57+08:00][sql] SELECT `option_value` FROM `cmf_option` WHERE  `option_name` = 'product_setting' LIMIT 1 [ RunTime:0.000221s ]
[2026-05-26T15:37:57+08:00][sql] SELECT `id`,`title`,`industry`,`thumbnail` FROM `cmf_product` WHERE  `id` <> 62  AND `is_recommended` = 1  AND `category_id` = 28 ORDER BY RAND() LIMIT 4 [ RunTime:0.002257s ]
[2026-05-26T15:37:57+08:00][sql] SHOW FULL COLUMNS FROM `cmf_slide_item` [ RunTime:0.001692s ]
[2026-05-26T15:37:57+08:00][sql] SELECT `title`,`description`,`image` FROM `cmf_slide_item` WHERE  `slide_id` = 7  AND `status` = 1 ORDER BY `list_order` ASC,`id` DESC LIMIT 1 [ RunTime:0.000408s ]
[2026-05-26T15:37:57+08:00][sql] SHOW FULL COLUMNS FROM `cmf_theme_file` [ RunTime:0.000865s ]
[2026-05-26T15:37:57+08:00][sql] SELECT `more`,`file`,`id` FROM `cmf_theme_file` WHERE  `theme` = 'simpleboot3_mobile'  AND (  `is_public` = 1 OR `file` = 'portal/product-info' ) ORDER BY `is_public` DESC [ RunTime:0.000332s ]
[2026-05-26T15:37:57+08:00][sql] SELECT `option_value` FROM `cmf_option` WHERE  `option_name` = 'storage' LIMIT 1 [ RunTime:0.000435s ]
[2026-05-26T15:38:23+08:00][sql] CONNECT:[ UseTime:0.000863s ] mysql:host=127.0.0.1;port=3306;dbname=weihua;charset=utf8mb4
[2026-05-26T15:38:23+08:00][sql] SHOW FULL COLUMNS FROM `cmf_option` [ RunTime:0.001534s ]
[2026-05-26T15:38:23+08:00][sql] SELECT `option_value` FROM `cmf_option` WHERE  `option_name` = 'cdn_settings' LIMIT 1 [ RunTime:0.000350s ]
[2026-05-26T15:38:23+08:00][sql] SELECT `option_value` FROM `cmf_option` WHERE  `option_name` = 'cdn_settings' LIMIT 1 [ RunTime:0.000483s ]
[2026-05-26T15:38:23+08:00][sql] SHOW FULL COLUMNS FROM `cmf_product_category` [ RunTime:0.001334s ]
[2026-05-26T15:38:23+08:00][sql] SELECT * FROM `cmf_product_category` WHERE  `parent_id` = 0 ORDER BY `list_order` ASC,`create_time` DESC [ RunTime:0.000417s ]
[2026-05-26T15:38:23+08:00][sql] SELECT * FROM `cmf_product_category` WHERE  `parent_id` IN (28,19,22,23,25,27,30) [ RunTime:0.000353s ]
[2026-05-26T15:38:23+08:00][sql] SHOW FULL COLUMNS FROM `cmf_portal_category` [ RunTime:0.001301s ]
[2026-05-26T15:38:23+08:00][sql] SELECT * FROM `cmf_portal_category` WHERE (  `type` = 8 ) AND `cmf_portal_category`.`delete_time` = '0' ORDER BY `list_order` ASC [ RunTime:0.000385s ]
[2026-05-26T15:38:23+08:00][sql] SHOW FULL COLUMNS FROM `cmf_product` [ RunTime:0.001344s ]
[2026-05-26T15:38:23+08:00][sql] SELECT * FROM `cmf_product` WHERE  `id` = 62 LIMIT 1 [ RunTime:0.000657s ]
[2026-05-26T15:38:23+08:00][sql] SELECT * FROM `cmf_product_category` WHERE  `id` = 28 LIMIT 1 [ RunTime:0.000307s ]
[2026-05-26T15:38:23+08:00][sql] SELECT `id`,`title`,`industry`,`thumbnail` FROM `cmf_product` WHERE  `id` <> 62  AND `is_recommended` = 1  AND `category_id` = 28 ORDER BY RAND() LIMIT 4 [ RunTime:0.000858s ]
[2026-05-26T15:38:23+08:00][sql] SHOW FULL COLUMNS FROM `cmf_slide_item` [ RunTime:0.001220s ]
[2026-05-26T15:38:23+08:00][sql] SELECT `title`,`description`,`image` FROM `cmf_slide_item` WHERE  `slide_id` = 7  AND `status` = 1 ORDER BY `list_order` ASC,`id` DESC LIMIT 1 [ RunTime:0.000474s ]
[2026-05-26T15:38:23+08:00][sql] SHOW FULL COLUMNS FROM `cmf_theme_file` [ RunTime:0.001026s ]
[2026-05-26T15:38:23+08:00][sql] SELECT `more`,`file`,`id` FROM `cmf_theme_file` WHERE  `theme` = 'simpleboot3_mobile'  AND (  `is_public` = 1 OR `file` = 'portal/product-info' ) ORDER BY `is_public` DESC [ RunTime:0.000352s ]
[2026-05-26T15:38:23+08:00][sql] SELECT `option_value` FROM `cmf_option` WHERE  `option_name` = 'storage' LIMIT 1 [ RunTime:0.000277s ]
[2026-05-26T15:39:23+08:00][sql] CONNECT:[ UseTime:0.000871s ] mysql:host=127.0.0.1;port=3306;dbname=weihua;charset=utf8mb4
[2026-05-26T15:39:23+08:00][sql] SHOW FULL COLUMNS FROM `cmf_option` [ RunTime:0.001369s ]
[2026-05-26T15:39:23+08:00][sql] SELECT `option_value` FROM `cmf_option` WHERE  `option_name` = 'cdn_settings' LIMIT 1 [ RunTime:0.000291s ]
[2026-05-26T15:39:23+08:00][sql] SELECT `option_value` FROM `cmf_option` WHERE  `option_name` = 'cdn_settings' LIMIT 1 [ RunTime:0.000329s ]
[2026-05-26T15:39:23+08:00][sql] SHOW FULL COLUMNS FROM `cmf_product_category` [ RunTime:0.001333s ]
[2026-05-26T15:39:23+08:00][sql] SELECT * FROM `cmf_product_category` WHERE  `parent_id` = 0 ORDER BY `list_order` ASC,`create_time` DESC [ RunTime:0.000608s ]
[2026-05-26T15:39:23+08:00][sql] SELECT * FROM `cmf_product_category` WHERE  `parent_id` IN (28,19,22,23,25,27,30) [ RunTime:0.000445s ]
[2026-05-26T15:39:23+08:00][sql] SHOW FULL COLUMNS FROM `cmf_portal_category` [ RunTime:0.001589s ]
[2026-05-26T15:39:23+08:00][sql] SELECT * FROM `cmf_portal_category` WHERE (  `type` = 8 ) AND `cmf_portal_category`.`delete_time` = '0' ORDER BY `list_order` ASC [ RunTime:0.000433s ]
[2026-05-26T15:39:23+08:00][sql] SHOW FULL COLUMNS FROM `cmf_slide_item` [ RunTime:0.001698s ]
[2026-05-26T15:39:23+08:00][sql] SELECT `title`,`description`,`image` FROM `cmf_slide_item` WHERE  `slide_id` = 11  AND `status` = 1 ORDER BY `list_order` ASC,`id` DESC LIMIT 1 [ RunTime:0.000429s ]
[2026-05-26T15:39:23+08:00][sql] SELECT `option_value` FROM `cmf_option` WHERE  `option_name` = 'service_site' LIMIT 1 [ RunTime:0.000303s ]
[2026-05-26T15:39:23+08:00][sql] SHOW FULL COLUMNS FROM `cmf_theme_file` [ RunTime:0.001643s ]
[2026-05-26T15:39:23+08:00][sql] SELECT `more`,`file`,`id` FROM `cmf_theme_file` WHERE  `theme` = 'simpleboot3_mobile'  AND (  `is_public` = 1 OR `file` = 'portal/service' ) ORDER BY `is_public` DESC [ RunTime:0.000695s ]
[2026-05-26T15:39:23+08:00][sql] SELECT `option_value` FROM `cmf_option` WHERE  `option_name` = 'storage' LIMIT 1 [ RunTime:0.000929s ]
[2026-05-26T15:39:37+08:00][sql] CONNECT:[ UseTime:0.001086s ] mysql:host=127.0.0.1;port=3306;dbname=weihua;charset=utf8mb4
[2026-05-26T15:39:37+08:00][sql] SHOW FULL COLUMNS FROM `cmf_option` [ RunTime:0.001968s ]
[2026-05-26T15:39:37+08:00][sql] SELECT `option_value` FROM `cmf_option` WHERE  `option_name` = 'cdn_settings' LIMIT 1 [ RunTime:0.000391s ]
[2026-05-26T15:39:37+08:00][sql] SELECT `option_value` FROM `cmf_option` WHERE  `option_name` = 'cdn_settings' LIMIT 1 [ RunTime:0.000606s ]
[2026-05-26T15:39:37+08:00][sql] SHOW FULL COLUMNS FROM `cmf_product_category` [ RunTime:0.002182s ]
[2026-05-26T15:39:37+08:00][sql] SELECT * FROM `cmf_product_category` WHERE  `parent_id` = 0 ORDER BY `list_order` ASC,`create_time` DESC [ RunTime:0.000384s ]
[2026-05-26T15:39:37+08:00][sql] SELECT * FROM `cmf_product_category` WHERE  `parent_id` IN (28,19,22,23,25,27,30) [ RunTime:0.000340s ]
[2026-05-26T15:39:37+08:00][sql] SHOW FULL COLUMNS FROM `cmf_portal_category` [ RunTime:0.001528s ]
[2026-05-26T15:39:37+08:00][sql] SELECT * FROM `cmf_portal_category` WHERE (  `type` = 8 ) AND `cmf_portal_category`.`delete_time` = '0' ORDER BY `list_order` ASC [ RunTime:0.000551s ]
[2026-05-26T15:39:37+08:00][sql] SHOW FULL COLUMNS FROM `cmf_slide_item` [ RunTime:0.001020s ]
[2026-05-26T15:39:37+08:00][sql] SELECT `title`,`description`,`image`,`url`,`target`,`content` FROM `cmf_slide_item` WHERE  `slide_id` = 1 ORDER BY `list_order` ASC [ RunTime:0.000317s ]
[2026-05-26T15:39:37+08:00][sql] SHOW FULL COLUMNS FROM `cmf_slide` [ RunTime:0.000887s ]
[2026-05-26T15:39:37+08:00][sql] SELECT * FROM `cmf_slide` WHERE  `name` LIKE '%choose%' OR `name` LIKE '%选择%' LIMIT 1 [ RunTime:0.002126s ]
[2026-05-26T15:39:37+08:00][sql] SELECT `title`,`description`,`image`,`url`,`target`,`content` FROM `cmf_slide_item` WHERE  `slide_id` = 14  AND `status` = 1 ORDER BY `list_order` ASC [ RunTime:0.000570s ]
[2026-05-26T15:39:37+08:00][sql] SELECT * FROM `cmf_product_category` WHERE  `parent_id` = 0  AND `recommend` = 1 ORDER BY `list_order` ASC,`create_time` DESC [ RunTime:0.000484s ]
[2026-05-26T15:39:37+08:00][sql] SHOW FULL COLUMNS FROM `cmf_product` [ RunTime:0.001102s ]
[2026-05-26T15:39:37+08:00][sql] SELECT `id`,`title`,`thumbnail`,`industry` FROM `cmf_product` WHERE  `is_recommended` = 1  AND `category_id` = 28 ORDER BY `list_order` ASC LIMIT 6 [ RunTime:0.000625s ]
[2026-05-26T15:39:37+08:00][sql] SELECT `id`,`title`,`thumbnail`,`industry` FROM `cmf_product` WHERE  `is_recommended` = 1  AND `category_id` = 19 ORDER BY `list_order` ASC LIMIT 6 [ RunTime:0.000398s ]
[2026-05-26T15:39:37+08:00][sql] SELECT `id`,`title`,`thumbnail`,`industry` FROM `cmf_product` WHERE  `is_recommended` = 1  AND `category_id` = 23 ORDER BY `list_order` ASC LIMIT 6 [ RunTime:0.000415s ]
[2026-05-26T15:39:37+08:00][sql] SHOW FULL COLUMNS FROM `cmf_portal_post` [ RunTime:0.002074s ]
[2026-05-26T15:39:37+08:00][sql] SELECT `p`.`id`,`p`.`post_title`,`p`.`post_excerpt`,`p`.`thumbnail`,`p`.`create_time`,`c`.`category_id` FROM `cmf_portal_post` `p` INNER JOIN `cmf_portal_category_post` `c` ON `p`.`id`=`c`.`post_id` WHERE (  `p`.`post_type` = '8' ) AND `p`.`delete_time` = '0' ORDER BY `c`.`list_order` ASC,`p`.`create_time` DESC [ RunTime:0.000559s ]
[2026-05-26T15:39:37+08:00][sql] SELECT `id`,`post_title`,`post_excerpt`,`more` FROM `cmf_portal_post` WHERE (  `post_type` = 3 ) AND `cmf_portal_post`.`delete_time` = '0' ORDER BY `create_time` DESC [ RunTime:0.000342s ]
[2026-05-26T15:39:37+08:00][sql] SHOW FULL COLUMNS FROM `cmf_theme_file` [ RunTime:0.001048s ]
[2026-05-26T15:39:37+08:00][sql] SELECT `more`,`file`,`id` FROM `cmf_theme_file` WHERE  `theme` = 'simpleboot3_mobile'  AND (  `is_public` = 1 OR `file` = 'portal/index' ) ORDER BY `is_public` DESC [ RunTime:0.000289s ]
[2026-05-26T15:39:37+08:00][sql] SELECT `option_value` FROM `cmf_option` WHERE  `option_name` = 'storage' LIMIT 1 [ RunTime:0.000454s ]
[2026-05-26T15:39:51+08:00][sql] CONNECT:[ UseTime:0.017299s ] mysql:host=127.0.0.1;port=3306;dbname=weihua;charset=utf8mb4
[2026-05-26T15:39:51+08:00][sql] SHOW FULL COLUMNS FROM `cmf_option` [ RunTime:0.002537s ]
[2026-05-26T15:39:51+08:00][sql] SELECT `option_value` FROM `cmf_option` WHERE  `option_name` = 'cdn_settings' LIMIT 1 [ RunTime:0.000916s ]
[2026-05-26T15:39:51+08:00][sql] SELECT `option_value` FROM `cmf_option` WHERE  `option_name` = 'cdn_settings' LIMIT 1 [ RunTime:0.000613s ]
[2026-05-26T15:39:51+08:00][sql] SHOW FULL COLUMNS FROM `cmf_product_category` [ RunTime:0.001426s ]
[2026-05-26T15:39:51+08:00][sql] SELECT * FROM `cmf_product_category` WHERE  `parent_id` = 0 ORDER BY `list_order` ASC,`create_time` DESC [ RunTime:0.000367s ]
[2026-05-26T15:39:51+08:00][sql] SELECT * FROM `cmf_product_category` WHERE  `parent_id` IN (28,19,22,23,25,27,30) [ RunTime:0.000304s ]
[2026-05-26T15:39:51+08:00][sql] SHOW FULL COLUMNS FROM `cmf_portal_category` [ RunTime:0.001511s ]
[2026-05-26T15:39:51+08:00][sql] SELECT * FROM `cmf_portal_category` WHERE (  `type` = 8 ) AND `cmf_portal_category`.`delete_time` = '0' ORDER BY `list_order` ASC [ RunTime:0.000374s ]
[2026-05-26T15:39:51+08:00][sql] SHOW FULL COLUMNS FROM `cmf_product` [ RunTime:0.001731s ]
[2026-05-26T15:39:51+08:00][sql] SELECT * FROM `cmf_product` WHERE  `id` = 62 LIMIT 1 [ RunTime:0.000615s ]
[2026-05-26T15:39:51+08:00][sql] SELECT * FROM `cmf_product_category` WHERE  `id` = 28 LIMIT 1 [ RunTime:0.000298s ]
[2026-05-26T15:39:51+08:00][sql] SELECT `id`,`title`,`industry`,`thumbnail` FROM `cmf_product` WHERE  `id` <> 62  AND `is_recommended` = 1  AND `category_id` = 28 ORDER BY RAND() LIMIT 4 [ RunTime:0.000725s ]
[2026-05-26T15:39:51+08:00][sql] SHOW FULL COLUMNS FROM `cmf_slide_item` [ RunTime:0.001312s ]
[2026-05-26T15:39:51+08:00][sql] SELECT `title`,`description`,`image` FROM `cmf_slide_item` WHERE  `slide_id` = 7  AND `status` = 1 ORDER BY `list_order` ASC,`id` DESC LIMIT 1 [ RunTime:0.000397s ]
[2026-05-26T15:39:51+08:00][sql] SHOW FULL COLUMNS FROM `cmf_theme_file` [ RunTime:0.001191s ]
[2026-05-26T15:39:51+08:00][sql] SELECT `more`,`file`,`id` FROM `cmf_theme_file` WHERE  `theme` = 'simpleboot3_mobile'  AND (  `is_public` = 1 OR `file` = 'portal/product-info' ) ORDER BY `is_public` DESC [ RunTime:0.000309s ]
[2026-05-26T15:39:51+08:00][sql] SELECT `option_value` FROM `cmf_option` WHERE  `option_name` = 'storage' LIMIT 1 [ RunTime:0.000548s ]
[2026-05-26T15:43:07+08:00][sql] CONNECT:[ UseTime:0.001460s ] mysql:host=127.0.0.1;port=3306;dbname=weihua;charset=utf8mb4
[2026-05-26T15:43:07+08:00][sql] SHOW FULL COLUMNS FROM `cmf_option` [ RunTime:0.002549s ]
[2026-05-26T15:43:07+08:00][sql] SELECT `option_value` FROM `cmf_option` WHERE  `option_name` = 'cdn_settings' LIMIT 1 [ RunTime:0.000620s ]
[2026-05-26T15:43:07+08:00][sql] SELECT `option_value` FROM `cmf_option` WHERE  `option_name` = 'cdn_settings' LIMIT 1 [ RunTime:0.000675s ]
[2026-05-26T15:43:07+08:00][sql] SHOW FULL COLUMNS FROM `cmf_product_category` [ RunTime:0.001909s ]
[2026-05-26T15:43:07+08:00][sql] SELECT * FROM `cmf_product_category` WHERE  `parent_id` = 0 ORDER BY `list_order` ASC,`create_time` DESC [ RunTime:0.000405s ]
[2026-05-26T15:43:07+08:00][sql] SELECT * FROM `cmf_product_category` WHERE  `parent_id` IN (28,19,22,23,25,27,30) [ RunTime:0.000560s ]
[2026-05-26T15:43:07+08:00][sql] SHOW FULL COLUMNS FROM `cmf_portal_category` [ RunTime:0.002731s ]
[2026-05-26T15:43:07+08:00][sql] SELECT * FROM `cmf_portal_category` WHERE (  `type` = 8 ) AND `cmf_portal_category`.`delete_time` = '0' ORDER BY `list_order` ASC [ RunTime:0.000640s ]
[2026-05-26T15:43:07+08:00][sql] SHOW FULL COLUMNS FROM `cmf_slide_item` [ RunTime:0.001939s ]
[2026-05-26T15:43:07+08:00][sql] SELECT `title`,`description`,`image`,`url`,`target`,`content` FROM `cmf_slide_item` WHERE  `slide_id` = 1 ORDER BY `list_order` ASC [ RunTime:0.000511s ]
[2026-05-26T15:43:07+08:00][sql] SHOW FULL COLUMNS FROM `cmf_slide` [ RunTime:0.001486s ]
[2026-05-26T15:43:07+08:00][sql] SELECT * FROM `cmf_slide` WHERE  `name` LIKE '%choose%' OR `name` LIKE '%选择%' LIMIT 1 [ RunTime:0.001107s ]
[2026-05-26T15:43:07+08:00][sql] SELECT `title`,`description`,`image`,`url`,`target`,`content` FROM `cmf_slide_item` WHERE  `slide_id` = 14  AND `status` = 1 ORDER BY `list_order` ASC [ RunTime:0.000560s ]
[2026-05-26T15:43:07+08:00][sql] SELECT * FROM `cmf_product_category` WHERE  `parent_id` = 0  AND `recommend` = 1 ORDER BY `list_order` ASC,`create_time` DESC [ RunTime:0.000582s ]
[2026-05-26T15:43:07+08:00][sql] SHOW FULL COLUMNS FROM `cmf_product` [ RunTime:0.003009s ]
[2026-05-26T15:43:07+08:00][sql] SELECT `id`,`title`,`thumbnail`,`industry` FROM `cmf_product` WHERE  `is_recommended` = 1  AND `category_id` = 28 ORDER BY `list_order` ASC LIMIT 6 [ RunTime:0.001994s ]
[2026-05-26T15:43:07+08:00][sql] SELECT `id`,`title`,`thumbnail`,`industry` FROM `cmf_product` WHERE  `is_recommended` = 1  AND `category_id` = 19 ORDER BY `list_order` ASC LIMIT 6 [ RunTime:0.000598s ]
[2026-05-26T15:43:07+08:00][sql] SELECT `id`,`title`,`thumbnail`,`industry` FROM `cmf_product` WHERE  `is_recommended` = 1  AND `category_id` = 23 ORDER BY `list_order` ASC LIMIT 6 [ RunTime:0.000555s ]
[2026-05-26T15:43:07+08:00][sql] SHOW FULL COLUMNS FROM `cmf_portal_post` [ RunTime:0.002130s ]
[2026-05-26T15:43:07+08:00][sql] SELECT `p`.`id`,`p`.`post_title`,`p`.`post_excerpt`,`p`.`thumbnail`,`p`.`create_time`,`c`.`category_id` FROM `cmf_portal_post` `p` INNER JOIN `cmf_portal_category_post` `c` ON `p`.`id`=`c`.`post_id` WHERE (  `p`.`post_type` = '8' ) AND `p`.`delete_time` = '0' ORDER BY `c`.`list_order` ASC,`p`.`create_time` DESC [ RunTime:0.001342s ]
[2026-05-26T15:43:07+08:00][sql] SELECT `id`,`post_title`,`post_excerpt`,`more` FROM `cmf_portal_post` WHERE (  `post_type` = 3 ) AND `cmf_portal_post`.`delete_time` = '0' ORDER BY `create_time` DESC [ RunTime:0.000508s ]
[2026-05-26T15:43:07+08:00][sql] SHOW FULL COLUMNS FROM `cmf_theme_file` [ RunTime:0.002833s ]
[2026-05-26T15:43:07+08:00][sql] SELECT `more`,`file`,`id` FROM `cmf_theme_file` WHERE  `theme` = 'simpleboot3'  AND (  `is_public` = 1 OR `file` = 'portal/index' ) ORDER BY `is_public` DESC [ RunTime:0.000816s ]
[2026-05-26T15:43:07+08:00][sql] SELECT `option_value` FROM `cmf_option` WHERE  `option_name` = 'storage' LIMIT 1 [ RunTime:0.000772s ]
[2026-05-26T15:43:16+08:00][sql] CONNECT:[ UseTime:0.001032s ] mysql:host=127.0.0.1;port=3306;dbname=weihua;charset=utf8mb4
[2026-05-26T15:43:16+08:00][sql] SHOW FULL COLUMNS FROM `cmf_option` [ RunTime:0.001783s ]
[2026-05-26T15:43:16+08:00][sql] SELECT `option_value` FROM `cmf_option` WHERE  `option_name` = 'cdn_settings' LIMIT 1 [ RunTime:0.000331s ]
[2026-05-26T15:43:16+08:00][sql] SELECT `option_value` FROM `cmf_option` WHERE  `option_name` = 'cdn_settings' LIMIT 1 [ RunTime:0.000432s ]
[2026-05-26T15:43:16+08:00][sql] SHOW FULL COLUMNS FROM `cmf_product_category` [ RunTime:0.001323s ]
[2026-05-26T15:43:16+08:00][sql] SELECT * FROM `cmf_product_category` WHERE  `parent_id` = 0 ORDER BY `list_order` ASC,`create_time` DESC [ RunTime:0.000381s ]
[2026-05-26T15:43:16+08:00][sql] SELECT * FROM `cmf_product_category` WHERE  `parent_id` IN (28,19,22,23,25,27,30) [ RunTime:0.000326s ]
[2026-05-26T15:43:16+08:00][sql] SHOW FULL COLUMNS FROM `cmf_portal_category` [ RunTime:0.001322s ]
[2026-05-26T15:43:16+08:00][sql] SELECT * FROM `cmf_portal_category` WHERE (  `type` = 8 ) AND `cmf_portal_category`.`delete_time` = '0' ORDER BY `list_order` ASC [ RunTime:0.000493s ]
[2026-05-26T15:43:16+08:00][sql] SHOW FULL COLUMNS FROM `cmf_slide_item` [ RunTime:0.001262s ]
[2026-05-26T15:43:16+08:00][sql] SELECT `title`,`description`,`image`,`url`,`target`,`content` FROM `cmf_slide_item` WHERE  `slide_id` = 1 ORDER BY `list_order` ASC [ RunTime:0.000400s ]
[2026-05-26T15:43:16+08:00][sql] SHOW FULL COLUMNS FROM `cmf_slide` [ RunTime:0.001170s ]
[2026-05-26T15:43:16+08:00][sql] SELECT * FROM `cmf_slide` WHERE  `name` LIKE '%choose%' OR `name` LIKE '%选择%' LIMIT 1 [ RunTime:0.000625s ]
[2026-05-26T15:43:16+08:00][sql] SELECT `title`,`description`,`image`,`url`,`target`,`content` FROM `cmf_slide_item` WHERE  `slide_id` = 14  AND `status` = 1 ORDER BY `list_order` ASC [ RunTime:0.000471s ]
[2026-05-26T15:43:16+08:00][sql] SELECT * FROM `cmf_product_category` WHERE  `parent_id` = 0  AND `recommend` = 1 ORDER BY `list_order` ASC,`create_time` DESC [ RunTime:0.000373s ]
[2026-05-26T15:43:16+08:00][sql] SHOW FULL COLUMNS FROM `cmf_product` [ RunTime:0.001801s ]
[2026-05-26T15:43:16+08:00][sql] SELECT `id`,`title`,`thumbnail`,`industry` FROM `cmf_product` WHERE  `is_recommended` = 1  AND `category_id` = 28 ORDER BY `list_order` ASC LIMIT 6 [ RunTime:0.000697s ]
[2026-05-26T15:43:16+08:00][sql] SELECT `id`,`title`,`thumbnail`,`industry` FROM `cmf_product` WHERE  `is_recommended` = 1  AND `category_id` = 19 ORDER BY `list_order` ASC LIMIT 6 [ RunTime:0.000435s ]
[2026-05-26T15:43:16+08:00][sql] SELECT `id`,`title`,`thumbnail`,`industry` FROM `cmf_product` WHERE  `is_recommended` = 1  AND `category_id` = 23 ORDER BY `list_order` ASC LIMIT 6 [ RunTime:0.000417s ]
[2026-05-26T15:43:16+08:00][sql] SHOW FULL COLUMNS FROM `cmf_portal_post` [ RunTime:0.001519s ]
[2026-05-26T15:43:16+08:00][sql] SELECT `p`.`id`,`p`.`post_title`,`p`.`post_excerpt`,`p`.`thumbnail`,`p`.`create_time`,`c`.`category_id` FROM `cmf_portal_post` `p` INNER JOIN `cmf_portal_category_post` `c` ON `p`.`id`=`c`.`post_id` WHERE (  `p`.`post_type` = '8' ) AND `p`.`delete_time` = '0' ORDER BY `c`.`list_order` ASC,`p`.`create_time` DESC [ RunTime:0.001010s ]
[2026-05-26T15:43:16+08:00][sql] SELECT `id`,`post_title`,`post_excerpt`,`more` FROM `cmf_portal_post` WHERE (  `post_type` = 3 ) AND `cmf_portal_post`.`delete_time` = '0' ORDER BY `create_time` DESC [ RunTime:0.000399s ]
[2026-05-26T15:43:16+08:00][sql] SHOW FULL COLUMNS FROM `cmf_theme_file` [ RunTime:0.001111s ]
[2026-05-26T15:43:16+08:00][sql] SELECT `more`,`file`,`id` FROM `cmf_theme_file` WHERE  `theme` = 'simpleboot3_mobile'  AND (  `is_public` = 1 OR `file` = 'portal/index' ) ORDER BY `is_public` DESC [ RunTime:0.000354s ]
[2026-05-26T15:43:16+08:00][sql] SELECT `option_value` FROM `cmf_option` WHERE  `option_name` = 'storage' LIMIT 1 [ RunTime:0.000434s ]
[2026-05-26T15:43:19+08:00][sql] CONNECT:[ UseTime:0.017941s ] mysql:host=127.0.0.1;port=3306;dbname=weihua;charset=utf8mb4
[2026-05-26T15:43:19+08:00][sql] SHOW FULL COLUMNS FROM `cmf_option` [ RunTime:0.004338s ]
[2026-05-26T15:43:19+08:00][sql] SELECT `option_value` FROM `cmf_option` WHERE  `option_name` = 'cdn_settings' LIMIT 1 [ RunTime:0.000844s ]
[2026-05-26T15:43:19+08:00][sql] SELECT `option_value` FROM `cmf_option` WHERE  `option_name` = 'cdn_settings' LIMIT 1 [ RunTime:0.000967s ]
[2026-05-26T15:43:19+08:00][sql] SHOW FULL COLUMNS FROM `cmf_product_category` [ RunTime:0.002239s ]
[2026-05-26T15:43:19+08:00][sql] SELECT * FROM `cmf_product_category` WHERE  `parent_id` = 0 ORDER BY `list_order` ASC,`create_time` DESC [ RunTime:0.000560s ]
[2026-05-26T15:43:19+08:00][sql] SELECT * FROM `cmf_product_category` WHERE  `parent_id` IN (28,19,22,23,25,27,30) [ RunTime:0.000674s ]
[2026-05-26T15:43:19+08:00][sql] SHOW FULL COLUMNS FROM `cmf_portal_category` [ RunTime:0.001813s ]
[2026-05-26T15:43:19+08:00][sql] SELECT * FROM `cmf_portal_category` WHERE (  `type` = 8 ) AND `cmf_portal_category`.`delete_time` = '0' ORDER BY `list_order` ASC [ RunTime:0.000415s ]
[2026-05-26T15:43:19+08:00][sql] SHOW FULL COLUMNS FROM `cmf_product` [ RunTime:0.001936s ]
[2026-05-26T15:43:19+08:00][sql] SELECT * FROM `cmf_product` WHERE  `id` = 62 LIMIT 1 [ RunTime:0.001036s ]
[2026-05-26T15:43:19+08:00][sql] SELECT * FROM `cmf_product_category` WHERE  `id` = 28 LIMIT 1 [ RunTime:0.000497s ]
[2026-05-26T15:43:19+08:00][sql] SELECT `id`,`title`,`industry`,`thumbnail` FROM `cmf_product` WHERE  `id` <> 62  AND `is_recommended` = 1  AND `category_id` = 28 ORDER BY RAND() LIMIT 4 [ RunTime:0.001942s ]
[2026-05-26T15:43:19+08:00][sql] SHOW FULL COLUMNS FROM `cmf_slide_item` [ RunTime:0.002262s ]
[2026-05-26T15:43:19+08:00][sql] SELECT `title`,`description`,`image` FROM `cmf_slide_item` WHERE  `slide_id` = 7  AND `status` = 1 ORDER BY `list_order` ASC,`id` DESC LIMIT 1 [ RunTime:0.000522s ]
[2026-05-26T15:43:19+08:00][sql] SHOW FULL COLUMNS FROM `cmf_theme_file` [ RunTime:0.002048s ]
[2026-05-26T15:43:19+08:00][sql] SELECT `more`,`file`,`id` FROM `cmf_theme_file` WHERE  `theme` = 'simpleboot3_mobile'  AND (  `is_public` = 1 OR `file` = 'portal/product-info' ) ORDER BY `is_public` DESC [ RunTime:0.000987s ]
[2026-05-26T15:43:19+08:00][sql] SELECT `option_value` FROM `cmf_option` WHERE  `option_name` = 'storage' LIMIT 1 [ RunTime:0.000594s ]
[2026-05-26T15:44:36+08:00][sql] CONNECT:[ UseTime:0.000862s ] mysql:host=127.0.0.1;port=3306;dbname=weihua;charset=utf8mb4
[2026-05-26T15:44:36+08:00][sql] SHOW FULL COLUMNS FROM `cmf_option` [ RunTime:0.001320s ]
[2026-05-26T15:44:36+08:00][sql] SELECT `option_value` FROM `cmf_option` WHERE  `option_name` = 'cdn_settings' LIMIT 1 [ RunTime:0.000372s ]
[2026-05-26T15:44:36+08:00][sql] SELECT `option_value` FROM `cmf_option` WHERE  `option_name` = 'cdn_settings' LIMIT 1 [ RunTime:0.000548s ]
[2026-05-26T15:44:36+08:00][sql] SHOW FULL COLUMNS FROM `cmf_product_category` [ RunTime:0.001454s ]
[2026-05-26T15:44:36+08:00][sql] SELECT * FROM `cmf_product_category` WHERE  `parent_id` = 0 ORDER BY `list_order` ASC,`create_time` DESC [ RunTime:0.000392s ]
[2026-05-26T15:44:36+08:00][sql] SELECT * FROM `cmf_product_category` WHERE  `parent_id` IN (28,19,22,23,25,27,30) [ RunTime:0.000567s ]
[2026-05-26T15:44:36+08:00][sql] SHOW FULL COLUMNS FROM `cmf_portal_category` [ RunTime:0.001153s ]
[2026-05-26T15:44:36+08:00][sql] SELECT * FROM `cmf_portal_category` WHERE (  `type` = 8 ) AND `cmf_portal_category`.`delete_time` = '0' ORDER BY `list_order` ASC [ RunTime:0.000326s ]
[2026-05-26T15:44:36+08:00][sql] SELECT `option_value` FROM `cmf_option` WHERE  `option_name` = 'product_category_hero_settings' LIMIT 1 [ RunTime:0.000346s ]
[2026-05-26T15:44:36+08:00][sql] SHOW FULL COLUMNS FROM `cmf_product` [ RunTime:0.001957s ]
[2026-05-26T15:44:36+08:00][sql] SELECT COUNT(*) AS think_count FROM `cmf_product` WHERE  `category_id` = 28 LIMIT 1 [ RunTime:0.000883s ]
[2026-05-26T15:44:36+08:00][sql] SELECT COUNT(*) AS think_count FROM `cmf_product` WHERE  `category_id` = 19 LIMIT 1 [ RunTime:0.000351s ]
[2026-05-26T15:44:36+08:00][sql] SELECT COUNT(*) AS think_count FROM `cmf_product` WHERE  `category_id` = 22 LIMIT 1 [ RunTime:0.000225s ]
[2026-05-26T15:44:36+08:00][sql] SELECT COUNT(*) AS think_count FROM `cmf_product` WHERE  `category_id` = 23 LIMIT 1 [ RunTime:0.000215s ]
[2026-05-26T15:44:36+08:00][sql] SELECT COUNT(*) AS think_count FROM `cmf_product` WHERE  `category_id` = 25 LIMIT 1 [ RunTime:0.000193s ]
[2026-05-26T15:44:36+08:00][sql] SELECT COUNT(*) AS think_count FROM `cmf_product` WHERE  `category_id` = 27 LIMIT 1 [ RunTime:0.000262s ]
[2026-05-26T15:44:36+08:00][sql] SELECT * FROM `cmf_product` WHERE  `category_id` = 27  AND `thumbnail` <> '' ORDER BY `list_order` ASC,`id` DESC LIMIT 1 [ RunTime:0.003280s ]
[2026-05-26T15:44:36+08:00][sql] SELECT COUNT(*) AS think_count FROM `cmf_product` WHERE  `category_id` = 30 LIMIT 1 [ RunTime:0.000488s ]
[2026-05-26T15:44:36+08:00][sql] SELECT COUNT(*) AS think_count FROM `cmf_product` LIMIT 1 [ RunTime:0.000296s ]
[2026-05-26T15:44:36+08:00][sql] SELECT `id`,`category_id`,`title`,`thumbnail`,`industry`,`overview` FROM `cmf_product` ORDER BY `list_order` ASC,`create_time` DESC LIMIT 0,12 [ RunTime:0.002217s ]
[2026-05-26T15:44:36+08:00][sql] SHOW FULL COLUMNS FROM `cmf_slide_item` [ RunTime:0.002100s ]
[2026-05-26T15:44:36+08:00][sql] SELECT `title`,`description`,`image` FROM `cmf_slide_item` WHERE  `slide_id` = 7  AND `status` = 1 ORDER BY `list_order` ASC,`id` DESC LIMIT 1 [ RunTime:0.000779s ]
[2026-05-26T15:44:36+08:00][sql] SELECT `option_value` FROM `cmf_option` WHERE  `option_name` = 'storage' LIMIT 1 [ RunTime:0.000267s ]
[2026-05-26T15:44:36+08:00][sql] SHOW FULL COLUMNS FROM `cmf_portal_post` [ RunTime:0.001235s ]
[2026-05-26T15:44:36+08:00][sql] SELECT `id`,`post_title`,`post_excerpt`,`more` FROM `cmf_portal_post` WHERE (  `post_type` = 3 ) AND `cmf_portal_post`.`delete_time` = '0' ORDER BY `create_time` DESC [ RunTime:0.000366s ]
[2026-05-26T15:44:36+08:00][sql] SHOW FULL COLUMNS FROM `cmf_theme_file` [ RunTime:0.000996s ]
[2026-05-26T15:44:36+08:00][sql] SELECT `more`,`file`,`id` FROM `cmf_theme_file` WHERE  `theme` = 'simpleboot3_mobile'  AND (  `is_public` = 1 OR `file` = 'portal/product' ) ORDER BY `is_public` DESC [ RunTime:0.000312s ]
[2026-05-26T15:47:03+08:00][sql] CONNECT:[ UseTime:0.001563s ] mysql:host=127.0.0.1;port=3306;dbname=weihua;charset=utf8mb4
[2026-05-26T15:47:03+08:00][sql] SHOW FULL COLUMNS FROM `cmf_hook` [ RunTime:0.001696s ]
[2026-05-26T15:47:03+08:00][sql] SELECT `hook`,`id` FROM `cmf_hook` WHERE  (  (  `app` = '' OR `app` = 'cmf' )  AND `type` = 3 ) OR `type` = 1 [ RunTime:0.000621s ]
[2026-05-26T15:47:03+08:00][sql] SHOW FULL COLUMNS FROM `cmf_hook_plugin` [ RunTime:0.000809s ]
[2026-05-26T15:47:03+08:00][sql] SELECT `hook`,`plugin` FROM `cmf_hook_plugin` WHERE  `status` = 1  AND `hook` IN ('app_begin','module_init','action_begin','view_filter','app_end','log_write','response_end','admin_init','home_init','send_mobile_verification_code','body_start','before_head_end','footer_start','before_footer','before_footer_end','before_body_end','left_sidebar_start','before_left_sidebar_end','right_sidebar_start','before_right_sidebar_end','comment','guestbook','switch_theme','after_content','before_content','log_write_done','switch_admin_theme','captcha_image','user_login_start') ORDER BY `list_order` ASC [ RunTime:0.000511s ]
[2026-05-26T15:47:03+08:00][sql] SELECT `hook` FROM `cmf_hook` WHERE  `app` = 'portal' [ RunTime:0.000694s ]
[2026-05-26T15:47:03+08:00][sql] SELECT `hook`,`plugin` FROM `cmf_hook_plugin` WHERE  `status` = 1  AND `hook` IN ('portal_before_assign_article','portal_admin_after_save_article','portal_admin_article_index_view','portal_admin_article_add_view','portal_admin_article_edit_view','portal_admin_category_index_view','portal_admin_category_add_view','portal_admin_category_edit_view','portal_admin_page_index_view','portal_admin_page_add_view','portal_admin_page_edit_view','portal_admin_tag_index_view','portal_admin_article_edit_view_right_sidebar','portal_admin_article_edit_view_main') ORDER BY `list_order` ASC [ RunTime:0.000333s ]
[2026-05-26T15:47:03+08:00][sql] SHOW FULL COLUMNS FROM `cmf_plugin` [ RunTime:0.001799s ]
[2026-05-26T15:47:03+08:00][sql] SELECT `config` FROM `cmf_plugin` WHERE  `name` = 'SwitchTheme' LIMIT 1 [ RunTime:0.000862s ]
[2026-05-26T15:47:03+08:00][sql] SHOW FULL COLUMNS FROM `cmf_option` [ RunTime:0.002570s ]
[2026-05-26T15:47:03+08:00][sql] SELECT `option_value` FROM `cmf_option` WHERE  `option_name` = 'cdn_settings' LIMIT 1 [ RunTime:0.000472s ]
[2026-05-26T15:47:03+08:00][sql] SELECT `option_value` FROM `cmf_option` WHERE  `option_name` = 'cdn_settings' LIMIT 1 [ RunTime:0.000417s ]
[2026-05-26T15:47:03+08:00][sql] SHOW FULL COLUMNS FROM `cmf_product_category` [ RunTime:0.001441s ]
[2026-05-26T15:47:03+08:00][sql] SELECT * FROM `cmf_product_category` WHERE  `parent_id` = 0 ORDER BY `list_order` ASC,`create_time` DESC [ RunTime:0.000473s ]
[2026-05-26T15:47:03+08:00][sql] SELECT * FROM `cmf_product_category` WHERE  `parent_id` IN (28,19,22,23,25,27,30) [ RunTime:0.000389s ]
[2026-05-26T15:47:03+08:00][sql] SHOW FULL COLUMNS FROM `cmf_portal_category` [ RunTime:0.001618s ]
[2026-05-26T15:47:03+08:00][sql] SELECT * FROM `cmf_portal_category` WHERE (  `type` = 8 ) AND `cmf_portal_category`.`delete_time` = '0' ORDER BY `list_order` ASC [ RunTime:0.000480s ]
[2026-05-26T15:47:03+08:00][sql] SELECT `option_value` FROM `cmf_option` WHERE  `option_name` = 'site_info' LIMIT 1 [ RunTime:0.000853s ]
[2026-05-26T15:47:03+08:00][sql] SHOW FULL COLUMNS FROM `cmf_slide_item` [ RunTime:0.001461s ]
[2026-05-26T15:47:03+08:00][sql] SELECT `title`,`description`,`image`,`url`,`target`,`content` FROM `cmf_slide_item` WHERE  `slide_id` = 1 ORDER BY `list_order` ASC [ RunTime:0.000371s ]
[2026-05-26T15:47:03+08:00][sql] SHOW FULL COLUMNS FROM `cmf_slide` [ RunTime:0.001021s ]
[2026-05-26T15:47:03+08:00][sql] SELECT * FROM `cmf_slide` WHERE  `name` LIKE '%choose%' OR `name` LIKE '%选择%' LIMIT 1 [ RunTime:0.000380s ]
[2026-05-26T15:47:03+08:00][sql] SELECT `title`,`description`,`image`,`url`,`target`,`content` FROM `cmf_slide_item` WHERE  `slide_id` = 14  AND `status` = 1 ORDER BY `list_order` ASC [ RunTime:0.000337s ]
[2026-05-26T15:47:03+08:00][sql] SELECT * FROM `cmf_product_category` WHERE  `parent_id` = 0  AND `recommend` = 1 ORDER BY `list_order` ASC,`create_time` DESC [ RunTime:0.000314s ]
[2026-05-26T15:47:03+08:00][sql] SHOW FULL COLUMNS FROM `cmf_product` [ RunTime:0.001057s ]
[2026-05-26T15:47:03+08:00][sql] SELECT `id`,`title`,`thumbnail`,`industry` FROM `cmf_product` WHERE  `is_recommended` = 1  AND `category_id` = 28 ORDER BY `list_order` ASC LIMIT 6 [ RunTime:0.000675s ]
[2026-05-26T15:47:03+08:00][sql] SELECT `id`,`title`,`thumbnail`,`industry` FROM `cmf_product` WHERE  `is_recommended` = 1  AND `category_id` = 19 ORDER BY `list_order` ASC LIMIT 6 [ RunTime:0.000450s ]
[2026-05-26T15:47:03+08:00][sql] SELECT `id`,`title`,`thumbnail`,`industry` FROM `cmf_product` WHERE  `is_recommended` = 1  AND `category_id` = 23 ORDER BY `list_order` ASC LIMIT 6 [ RunTime:0.000380s ]
[2026-05-26T15:47:03+08:00][sql] SELECT `option_value` FROM `cmf_option` WHERE  `option_name` = 'index_setting' LIMIT 1 [ RunTime:0.000311s ]
[2026-05-26T15:47:03+08:00][sql] SELECT `option_value` FROM `cmf_option` WHERE  `option_name` = 'about_site' LIMIT 1 [ RunTime:0.000348s ]
[2026-05-26T15:47:03+08:00][sql] SHOW FULL COLUMNS FROM `cmf_portal_post` [ RunTime:0.002789s ]
[2026-05-26T15:47:03+08:00][sql] SELECT `p`.`id`,`p`.`post_title`,`p`.`post_excerpt`,`p`.`thumbnail`,`p`.`create_time`,`c`.`category_id` FROM `cmf_portal_post` `p` INNER JOIN `cmf_portal_category_post` `c` ON `p`.`id`=`c`.`post_id` WHERE (  `p`.`post_type` = '8' ) AND `p`.`delete_time` = '0' ORDER BY `c`.`list_order` ASC,`p`.`create_time` DESC [ RunTime:0.001073s ]
[2026-05-26T15:47:03+08:00][sql] SELECT `id`,`post_title`,`post_excerpt`,`more` FROM `cmf_portal_post` WHERE (  `post_type` = 3 ) AND `cmf_portal_post`.`delete_time` = '0' ORDER BY `create_time` DESC [ RunTime:0.000503s ]
[2026-05-26T15:47:03+08:00][sql] SHOW FULL COLUMNS FROM `cmf_theme_file` [ RunTime:0.001190s ]
[2026-05-26T15:47:03+08:00][sql] SELECT `more`,`file`,`id` FROM `cmf_theme_file` WHERE  `theme` = 'simpleboot3_mobile'  AND (  `is_public` = 1 OR `file` = 'portal/index' ) ORDER BY `is_public` DESC [ RunTime:0.000512s ]
[2026-05-26T15:47:03+08:00][sql] SHOW FULL COLUMNS FROM `cmf_route` [ RunTime:0.001544s ]
[2026-05-26T15:47:03+08:00][sql] SELECT * FROM `cmf_route` WHERE  `status` = 1 ORDER BY `list_order` ASC [ RunTime:0.000718s ]
[2026-05-26T15:47:03+08:00][sql] SELECT `option_value` FROM `cmf_option` WHERE  `option_name` = 'storage' LIMIT 1 [ RunTime:0.000420s ]
[2026-05-26T15:47:07+08:00][sql] CONNECT:[ UseTime:0.016523s ] mysql:host=127.0.0.1;port=3306;dbname=weihua;charset=utf8mb4
[2026-05-26T15:47:07+08:00][sql] SHOW FULL COLUMNS FROM `cmf_option` [ RunTime:0.001266s ]
[2026-05-26T15:47:07+08:00][sql] SELECT `option_value` FROM `cmf_option` WHERE  `option_name` = 'cdn_settings' LIMIT 1 [ RunTime:0.000368s ]
[2026-05-26T15:47:07+08:00][sql] SELECT `option_value` FROM `cmf_option` WHERE  `option_name` = 'cdn_settings' LIMIT 1 [ RunTime:0.000229s ]
[2026-05-26T15:47:07+08:00][sql] SHOW FULL COLUMNS FROM `cmf_product_category` [ RunTime:0.000881s ]
[2026-05-26T15:47:07+08:00][sql] SELECT * FROM `cmf_product_category` WHERE  `parent_id` = 0 ORDER BY `list_order` ASC,`create_time` DESC [ RunTime:0.000339s ]
[2026-05-26T15:47:07+08:00][sql] SELECT * FROM `cmf_product_category` WHERE  `parent_id` IN (28,19,22,23,25,27,30) [ RunTime:0.000310s ]
[2026-05-26T15:47:07+08:00][sql] SHOW FULL COLUMNS FROM `cmf_portal_category` [ RunTime:0.000899s ]
[2026-05-26T15:47:07+08:00][sql] SELECT * FROM `cmf_portal_category` WHERE (  `type` = 8 ) AND `cmf_portal_category`.`delete_time` = '0' ORDER BY `list_order` ASC [ RunTime:0.000292s ]
[2026-05-26T15:47:07+08:00][sql] SHOW FULL COLUMNS FROM `cmf_product` [ RunTime:0.001447s ]
[2026-05-26T15:47:07+08:00][sql] SELECT * FROM `cmf_product` WHERE  `id` = 62 LIMIT 1 [ RunTime:0.000634s ]
[2026-05-26T15:47:07+08:00][sql] SELECT * FROM `cmf_product_category` WHERE  `id` = 28 LIMIT 1 [ RunTime:0.000231s ]
[2026-05-26T15:47:07+08:00][sql] SELECT `option_value` FROM `cmf_option` WHERE  `option_name` = 'product_setting' LIMIT 1 [ RunTime:0.000234s ]
[2026-05-26T15:47:07+08:00][sql] SELECT `id`,`title`,`industry`,`thumbnail` FROM `cmf_product` WHERE  `id` <> 62  AND `is_recommended` = 1  AND `category_id` = 28 ORDER BY RAND() LIMIT 4 [ RunTime:0.001384s ]
[2026-05-26T15:47:07+08:00][sql] SHOW FULL COLUMNS FROM `cmf_slide_item` [ RunTime:0.001974s ]
[2026-05-26T15:47:07+08:00][sql] SELECT `title`,`description`,`image` FROM `cmf_slide_item` WHERE  `slide_id` = 7  AND `status` = 1 ORDER BY `list_order` ASC,`id` DESC LIMIT 1 [ RunTime:0.000694s ]
[2026-05-26T15:47:07+08:00][sql] SHOW FULL COLUMNS FROM `cmf_theme_file` [ RunTime:0.002101s ]
[2026-05-26T15:47:07+08:00][sql] SELECT `more`,`file`,`id` FROM `cmf_theme_file` WHERE  `theme` = 'simpleboot3_mobile'  AND (  `is_public` = 1 OR `file` = 'portal/product-info' ) ORDER BY `is_public` DESC [ RunTime:0.000467s ]
[2026-05-26T15:47:07+08:00][sql] SELECT `option_value` FROM `cmf_option` WHERE  `option_name` = 'storage' LIMIT 1 [ RunTime:0.000504s ]
[2026-05-26T16:21:12+08:00][sql] CONNECT:[ UseTime:0.002631s ] mysql:host=127.0.0.1;port=3306;dbname=weihua;charset=utf8mb4
[2026-05-26T16:21:12+08:00][sql] SHOW FULL COLUMNS FROM `cmf_hook` [ RunTime:0.005515s ]
[2026-05-26T16:21:12+08:00][sql] SELECT `hook`,`id` FROM `cmf_hook` WHERE  (  (  `app` = '' OR `app` = 'cmf' )  AND `type` = 3 ) OR `type` = 1 [ RunTime:0.000839s ]
[2026-05-26T16:21:12+08:00][sql] SHOW FULL COLUMNS FROM `cmf_hook_plugin` [ RunTime:0.001506s ]
[2026-05-26T16:21:12+08:00][sql] SELECT `hook`,`plugin` FROM `cmf_hook_plugin` WHERE  `status` = 1  AND `hook` IN ('app_begin','module_init','action_begin','view_filter','app_end','log_write','response_end','admin_init','home_init','send_mobile_verification_code','body_start','before_head_end','footer_start','before_footer','before_footer_end','before_body_end','left_sidebar_start','before_left_sidebar_end','right_sidebar_start','before_right_sidebar_end','comment','guestbook','switch_theme','after_content','before_content','log_write_done','switch_admin_theme','captcha_image','user_login_start') ORDER BY `list_order` ASC [ RunTime:0.000674s ]
[2026-05-26T16:21:12+08:00][sql] SELECT `hook` FROM `cmf_hook` WHERE  `app` = 'portal' [ RunTime:0.000738s ]
[2026-05-26T16:21:12+08:00][sql] SELECT `hook`,`plugin` FROM `cmf_hook_plugin` WHERE  `status` = 1  AND `hook` IN ('portal_before_assign_article','portal_admin_after_save_article','portal_admin_article_index_view','portal_admin_article_add_view','portal_admin_article_edit_view','portal_admin_category_index_view','portal_admin_category_add_view','portal_admin_category_edit_view','portal_admin_page_index_view','portal_admin_page_add_view','portal_admin_page_edit_view','portal_admin_tag_index_view','portal_admin_article_edit_view_right_sidebar','portal_admin_article_edit_view_main') ORDER BY `list_order` ASC [ RunTime:0.000534s ]
[2026-05-26T16:21:12+08:00][sql] SHOW FULL COLUMNS FROM `cmf_plugin` [ RunTime:0.001340s ]
[2026-05-26T16:21:12+08:00][sql] SELECT `config` FROM `cmf_plugin` WHERE  `name` = 'SwitchTheme' LIMIT 1 [ RunTime:0.000471s ]
[2026-05-26T16:21:12+08:00][sql] SHOW FULL COLUMNS FROM `cmf_option` [ RunTime:0.001852s ]
[2026-05-26T16:21:12+08:00][sql] SELECT `option_value` FROM `cmf_option` WHERE  `option_name` = 'cdn_settings' LIMIT 1 [ RunTime:0.000419s ]
[2026-05-26T16:21:12+08:00][sql] SELECT `option_value` FROM `cmf_option` WHERE  `option_name` = 'cdn_settings' LIMIT 1 [ RunTime:0.000435s ]
[2026-05-26T16:21:12+08:00][sql] SHOW FULL COLUMNS FROM `cmf_product_category` [ RunTime:0.001421s ]
[2026-05-26T16:21:12+08:00][sql] SELECT * FROM `cmf_product_category` WHERE  `parent_id` = 0 ORDER BY `list_order` ASC,`create_time` DESC [ RunTime:0.000626s ]
[2026-05-26T16:21:12+08:00][sql] SELECT * FROM `cmf_product_category` WHERE  `parent_id` IN (28,19,22,23,25,27,30) [ RunTime:0.000339s ]
[2026-05-26T16:21:12+08:00][sql] SHOW FULL COLUMNS FROM `cmf_portal_category` [ RunTime:0.001031s ]
[2026-05-26T16:21:12+08:00][sql] SELECT * FROM `cmf_portal_category` WHERE (  `type` = 8 ) AND `cmf_portal_category`.`delete_time` = '0' ORDER BY `list_order` ASC [ RunTime:0.000441s ]
[2026-05-26T16:21:12+08:00][sql] SELECT `option_value` FROM `cmf_option` WHERE  `option_name` = 'site_info' LIMIT 1 [ RunTime:0.000274s ]
[2026-05-26T16:21:12+08:00][sql] SHOW FULL COLUMNS FROM `cmf_slide_item` [ RunTime:0.001327s ]
[2026-05-26T16:21:12+08:00][sql] SELECT `title`,`description`,`image`,`url`,`target`,`content` FROM `cmf_slide_item` WHERE  `slide_id` = 1 ORDER BY `list_order` ASC [ RunTime:0.000463s ]
[2026-05-26T16:21:12+08:00][sql] SHOW FULL COLUMNS FROM `cmf_slide` [ RunTime:0.000791s ]
[2026-05-26T16:21:12+08:00][sql] SELECT * FROM `cmf_slide` WHERE  `name` LIKE '%choose%' OR `name` LIKE '%选择%' LIMIT 1 [ RunTime:0.000846s ]
[2026-05-26T16:21:12+08:00][sql] SELECT `title`,`description`,`image`,`url`,`target`,`content` FROM `cmf_slide_item` WHERE  `slide_id` = 14  AND `status` = 1 ORDER BY `list_order` ASC [ RunTime:0.000408s ]
[2026-05-26T16:21:12+08:00][sql] SELECT * FROM `cmf_product_category` WHERE  `parent_id` = 0  AND `recommend` = 1 ORDER BY `list_order` ASC,`create_time` DESC [ RunTime:0.000286s ]
[2026-05-26T16:21:12+08:00][sql] SHOW FULL COLUMNS FROM `cmf_product` [ RunTime:0.001142s ]
[2026-05-26T16:21:12+08:00][sql] SELECT `id`,`title`,`thumbnail`,`industry` FROM `cmf_product` WHERE  `is_recommended` = 1  AND `category_id` = 28 ORDER BY `list_order` ASC LIMIT 6 [ RunTime:0.001565s ]
[2026-05-26T16:21:12+08:00][sql] SELECT `id`,`title`,`thumbnail`,`industry` FROM `cmf_product` WHERE  `is_recommended` = 1  AND `category_id` = 19 ORDER BY `list_order` ASC LIMIT 6 [ RunTime:0.000777s ]
[2026-05-26T16:21:12+08:00][sql] SELECT `id`,`title`,`thumbnail`,`industry` FROM `cmf_product` WHERE  `is_recommended` = 1  AND `category_id` = 23 ORDER BY `list_order` ASC LIMIT 6 [ RunTime:0.000354s ]
[2026-05-26T16:21:12+08:00][sql] SELECT `option_value` FROM `cmf_option` WHERE  `option_name` = 'index_setting' LIMIT 1 [ RunTime:0.000259s ]
[2026-05-26T16:21:12+08:00][sql] SELECT `option_value` FROM `cmf_option` WHERE  `option_name` = 'about_site' LIMIT 1 [ RunTime:0.000348s ]
[2026-05-26T16:21:12+08:00][sql] SHOW FULL COLUMNS FROM `cmf_portal_post` [ RunTime:0.002162s ]
[2026-05-26T16:21:12+08:00][sql] SELECT `p`.`id`,`p`.`post_title`,`p`.`post_excerpt`,`p`.`thumbnail`,`p`.`create_time`,`c`.`category_id` FROM `cmf_portal_post` `p` INNER JOIN `cmf_portal_category_post` `c` ON `p`.`id`=`c`.`post_id` WHERE (  `p`.`post_type` = '8' ) AND `p`.`delete_time` = '0' ORDER BY `c`.`list_order` ASC,`p`.`create_time` DESC [ RunTime:0.001416s ]
[2026-05-26T16:21:12+08:00][sql] SELECT `id`,`post_title`,`post_excerpt`,`more` FROM `cmf_portal_post` WHERE (  `post_type` = 3 ) AND `cmf_portal_post`.`delete_time` = '0' ORDER BY `create_time` DESC [ RunTime:0.000348s ]
[2026-05-26T16:21:12+08:00][sql] SHOW FULL COLUMNS FROM `cmf_theme_file` [ RunTime:0.002616s ]
[2026-05-26T16:21:12+08:00][sql] SELECT `more`,`file`,`id` FROM `cmf_theme_file` WHERE  `theme` = 'simpleboot3_mobile'  AND (  `is_public` = 1 OR `file` = 'portal/index' ) ORDER BY `is_public` DESC [ RunTime:0.000632s ]
[2026-05-26T16:21:12+08:00][sql] SHOW FULL COLUMNS FROM `cmf_route` [ RunTime:0.001479s ]
[2026-05-26T16:21:12+08:00][sql] SELECT * FROM `cmf_route` WHERE  `status` = 1 ORDER BY `list_order` ASC [ RunTime:0.000724s ]
[2026-05-26T16:21:12+08:00][sql] SELECT `option_value` FROM `cmf_option` WHERE  `option_name` = 'storage' LIMIT 1 [ RunTime:0.000473s ]
[2026-05-26T16:21:15+08:00][sql] CONNECT:[ UseTime:0.001414s ] mysql:host=127.0.0.1;port=3306;dbname=weihua;charset=utf8mb4
[2026-05-26T16:21:15+08:00][sql] SHOW FULL COLUMNS FROM `cmf_option` [ RunTime:0.002852s ]
[2026-05-26T16:21:15+08:00][sql] SELECT `option_value` FROM `cmf_option` WHERE  `option_name` = 'cdn_settings' LIMIT 1 [ RunTime:0.000368s ]
[2026-05-26T16:21:15+08:00][sql] SELECT `option_value` FROM `cmf_option` WHERE  `option_name` = 'cdn_settings' LIMIT 1 [ RunTime:0.000362s ]
[2026-05-26T16:21:15+08:00][sql] SHOW FULL COLUMNS FROM `cmf_product_category` [ RunTime:0.001215s ]
[2026-05-26T16:21:15+08:00][sql] SELECT * FROM `cmf_product_category` WHERE  `parent_id` = 0 ORDER BY `list_order` ASC,`create_time` DESC [ RunTime:0.000553s ]
[2026-05-26T16:21:15+08:00][sql] SELECT * FROM `cmf_product_category` WHERE  `parent_id` IN (28,19,22,23,25,27,30) [ RunTime:0.000340s ]
[2026-05-26T16:21:15+08:00][sql] SHOW FULL COLUMNS FROM `cmf_portal_category` [ RunTime:0.001126s ]
[2026-05-26T16:21:15+08:00][sql] SELECT * FROM `cmf_portal_category` WHERE (  `type` = 8 ) AND `cmf_portal_category`.`delete_time` = '0' ORDER BY `list_order` ASC [ RunTime:0.000419s ]
[2026-05-26T16:21:15+08:00][sql] SHOW FULL COLUMNS FROM `cmf_slide_item` [ RunTime:0.001352s ]
[2026-05-26T16:21:15+08:00][sql] SELECT `title`,`description`,`image` FROM `cmf_slide_item` WHERE  `slide_id` = 3  AND `status` = 1 ORDER BY `list_order` ASC,`id` DESC LIMIT 1 [ RunTime:0.000461s ]
[2026-05-26T16:21:15+08:00][sql] SHOW FULL COLUMNS FROM `cmf_portal_post` [ RunTime:0.001102s ]
[2026-05-26T16:21:15+08:00][sql] SELECT COUNT(*) AS think_count FROM `cmf_portal_post` WHERE (  `post_type` = 3 ) AND `cmf_portal_post`.`delete_time` = '0' LIMIT 1 [ RunTime:0.000491s ]
[2026-05-26T16:21:15+08:00][sql] SELECT `id`,`more`,`post_title`,`post_excerpt` FROM `cmf_portal_post` WHERE (  `post_type` = 3 ) AND `cmf_portal_post`.`delete_time` = '0' ORDER BY `create_time` DESC LIMIT 0,9 [ RunTime:0.000359s ]
[2026-05-26T16:21:15+08:00][sql] SHOW FULL COLUMNS FROM `cmf_theme_file` [ RunTime:0.001333s ]
[2026-05-26T16:21:15+08:00][sql] SELECT `more`,`file`,`id` FROM `cmf_theme_file` WHERE  `theme` = 'simpleboot3_mobile'  AND (  `is_public` = 1 OR `file` = 'portal/industries' ) ORDER BY `is_public` DESC [ RunTime:0.000383s ]
[2026-05-26T16:21:15+08:00][sql] SELECT `option_value` FROM `cmf_option` WHERE  `option_name` = 'storage' LIMIT 1 [ RunTime:0.001293s ]
[2026-05-26T16:21:16+08:00][sql] CONNECT:[ UseTime:0.000834s ] mysql:host=127.0.0.1;port=3306;dbname=weihua;charset=utf8mb4
[2026-05-26T16:21:16+08:00][sql] SHOW FULL COLUMNS FROM `cmf_option` [ RunTime:0.001623s ]
[2026-05-26T16:21:16+08:00][sql] SELECT `option_value` FROM `cmf_option` WHERE  `option_name` = 'cdn_settings' LIMIT 1 [ RunTime:0.000327s ]
[2026-05-26T16:21:16+08:00][sql] SELECT `option_value` FROM `cmf_option` WHERE  `option_name` = 'cdn_settings' LIMIT 1 [ RunTime:0.000483s ]
[2026-05-26T16:21:16+08:00][sql] SHOW FULL COLUMNS FROM `cmf_product_category` [ RunTime:0.001248s ]
[2026-05-26T16:21:16+08:00][sql] SELECT * FROM `cmf_product_category` WHERE  `parent_id` = 0 ORDER BY `list_order` ASC,`create_time` DESC [ RunTime:0.000498s ]
[2026-05-26T16:21:16+08:00][sql] SELECT * FROM `cmf_product_category` WHERE  `parent_id` IN (28,19,22,23,25,27,30) [ RunTime:0.000368s ]
[2026-05-26T16:21:16+08:00][sql] SHOW FULL COLUMNS FROM `cmf_portal_category` [ RunTime:0.001219s ]
[2026-05-26T16:21:16+08:00][sql] SELECT * FROM `cmf_portal_category` WHERE (  `type` = 8 ) AND `cmf_portal_category`.`delete_time` = '0' ORDER BY `list_order` ASC [ RunTime:0.000435s ]
[2026-05-26T16:21:16+08:00][sql] SELECT * FROM `cmf_portal_category` WHERE (  `id` = 0  AND `status` = 1 ) AND `cmf_portal_category`.`delete_time` = '0' LIMIT 1 [ RunTime:0.000401s ]
[2026-05-26T16:21:16+08:00][sql] SHOW FULL COLUMNS FROM `cmf_slide_item` [ RunTime:0.001239s ]
[2026-05-26T16:21:16+08:00][sql] SELECT `title`,`description`,`image` FROM `cmf_slide_item` WHERE  `slide_id` = 8  AND `status` = 1 ORDER BY `list_order` ASC,`id` DESC LIMIT 1 [ RunTime:0.000907s ]
[2026-05-26T16:21:16+08:00][sql] SHOW FULL COLUMNS FROM `cmf_portal_post` [ RunTime:0.003300s ]
[2026-05-26T16:21:16+08:00][sql] UPDATE `cmf_portal_post`  SET `post_hits` = `post_hits` + 1  WHERE (  `id` = 23 ) AND `cmf_portal_post`.`delete_time` = '0' [ RunTime:0.007271s ]
[2026-05-26T16:21:16+08:00][sql] SELECT * FROM `cmf_portal_post` WHERE (  `post_type` = 3  AND `delete_time` = 0  AND `id` = 23 ) AND `cmf_portal_post`.`delete_time` = '0' LIMIT 1 [ RunTime:0.000611s ]
[2026-05-26T16:21:16+08:00][sql] SELECT * FROM `cmf_portal_post` WHERE (  `post_type` = 3  AND `delete_time` = 0  AND `id` < 23 ) AND `cmf_portal_post`.`delete_time` = '0' ORDER BY `id` DESC LIMIT 1 [ RunTime:0.001179s ]
[2026-05-26T16:21:16+08:00][sql] SELECT * FROM `cmf_portal_post` WHERE (  `post_type` = 3  AND `delete_time` = 0  AND `id` > 23 ) AND `cmf_portal_post`.`delete_time` = '0' ORDER BY `id` ASC LIMIT 1 [ RunTime:0.000706s ]
[2026-05-26T16:21:16+08:00][sql] SHOW FULL COLUMNS FROM `cmf_theme_file` [ RunTime:0.001789s ]
[2026-05-26T16:21:16+08:00][sql] SELECT `more`,`file`,`id` FROM `cmf_theme_file` WHERE  `theme` = 'simpleboot3_mobile'  AND (  `is_public` = 1 OR `file` = 'portal/industries-info' ) ORDER BY `is_public` DESC [ RunTime:0.000877s ]
[2026-05-26T16:21:16+08:00][sql] SELECT `option_value` FROM `cmf_option` WHERE  `option_name` = 'storage' LIMIT 1 [ RunTime:0.000517s ]
[2026-05-26T16:21:20+08:00][sql] CONNECT:[ UseTime:0.000852s ] mysql:host=127.0.0.1;port=3306;dbname=weihua;charset=utf8mb4
[2026-05-26T16:21:20+08:00][sql] SHOW FULL COLUMNS FROM `cmf_option` [ RunTime:0.001631s ]
[2026-05-26T16:21:20+08:00][sql] SELECT `option_value` FROM `cmf_option` WHERE  `option_name` = 'cdn_settings' LIMIT 1 [ RunTime:0.000396s ]
[2026-05-26T16:21:20+08:00][sql] SELECT `option_value` FROM `cmf_option` WHERE  `option_name` = 'cdn_settings' LIMIT 1 [ RunTime:0.000873s ]
[2026-05-26T16:21:20+08:00][sql] SHOW FULL COLUMNS FROM `cmf_product_category` [ RunTime:0.001494s ]
[2026-05-26T16:21:20+08:00][sql] SELECT * FROM `cmf_product_category` WHERE  `parent_id` = 0 ORDER BY `list_order` ASC,`create_time` DESC [ RunTime:0.000603s ]
[2026-05-26T16:21:20+08:00][sql] SELECT * FROM `cmf_product_category` WHERE  `parent_id` IN (28,19,22,23,25,27,30) [ RunTime:0.000347s ]
[2026-05-26T16:21:20+08:00][sql] SHOW FULL COLUMNS FROM `cmf_portal_category` [ RunTime:0.001174s ]
[2026-05-26T16:21:20+08:00][sql] SELECT * FROM `cmf_portal_category` WHERE (  `type` = 8 ) AND `cmf_portal_category`.`delete_time` = '0' ORDER BY `list_order` ASC [ RunTime:0.000406s ]
[2026-05-26T16:21:20+08:00][sql] SELECT `option_value` FROM `cmf_option` WHERE  `option_name` = 'product_category_hero_settings' LIMIT 1 [ RunTime:0.000435s ]
[2026-05-26T16:21:20+08:00][sql] SHOW FULL COLUMNS FROM `cmf_product` [ RunTime:0.001533s ]
[2026-05-26T16:21:20+08:00][sql] SELECT COUNT(*) AS think_count FROM `cmf_product` WHERE  `category_id` = 28 LIMIT 1 [ RunTime:0.000592s ]
[2026-05-26T16:21:20+08:00][sql] SELECT COUNT(*) AS think_count FROM `cmf_product` WHERE  `category_id` = 19 LIMIT 1 [ RunTime:0.000339s ]
[2026-05-26T16:21:20+08:00][sql] SELECT COUNT(*) AS think_count FROM `cmf_product` WHERE  `category_id` = 22 LIMIT 1 [ RunTime:0.000335s ]
[2026-05-26T16:21:20+08:00][sql] SELECT COUNT(*) AS think_count FROM `cmf_product` WHERE  `category_id` = 23 LIMIT 1 [ RunTime:0.000308s ]
[2026-05-26T16:21:20+08:00][sql] SELECT COUNT(*) AS think_count FROM `cmf_product` WHERE  `category_id` = 25 LIMIT 1 [ RunTime:0.000236s ]
[2026-05-26T16:21:20+08:00][sql] SELECT COUNT(*) AS think_count FROM `cmf_product` WHERE  `category_id` = 27 LIMIT 1 [ RunTime:0.000262s ]
[2026-05-26T16:21:20+08:00][sql] SELECT * FROM `cmf_product` WHERE  `category_id` = 27  AND `thumbnail` <> '' ORDER BY `list_order` ASC,`id` DESC LIMIT 1 [ RunTime:0.000526s ]
[2026-05-26T16:21:20+08:00][sql] SELECT COUNT(*) AS think_count FROM `cmf_product` WHERE  `category_id` = 30 LIMIT 1 [ RunTime:0.000273s ]
[2026-05-26T16:21:20+08:00][sql] SELECT COUNT(*) AS think_count FROM `cmf_product` LIMIT 1 [ RunTime:0.000259s ]
[2026-05-26T16:21:20+08:00][sql] SELECT `id`,`category_id`,`title`,`thumbnail`,`industry`,`overview` FROM `cmf_product` ORDER BY `list_order` ASC,`create_time` DESC LIMIT 0,12 [ RunTime:0.001947s ]
[2026-05-26T16:21:20+08:00][sql] SHOW FULL COLUMNS FROM `cmf_slide_item` [ RunTime:0.001273s ]
[2026-05-26T16:21:20+08:00][sql] SELECT `title`,`description`,`image` FROM `cmf_slide_item` WHERE  `slide_id` = 7  AND `status` = 1 ORDER BY `list_order` ASC,`id` DESC LIMIT 1 [ RunTime:0.000460s ]
[2026-05-26T16:21:20+08:00][sql] SELECT `option_value` FROM `cmf_option` WHERE  `option_name` = 'storage' LIMIT 1 [ RunTime:0.000257s ]
[2026-05-26T16:21:20+08:00][sql] SHOW FULL COLUMNS FROM `cmf_portal_post` [ RunTime:0.001369s ]
[2026-05-26T16:21:20+08:00][sql] SELECT `id`,`post_title`,`post_excerpt`,`more` FROM `cmf_portal_post` WHERE (  `post_type` = 3 ) AND `cmf_portal_post`.`delete_time` = '0' ORDER BY `create_time` DESC [ RunTime:0.000600s ]
[2026-05-26T16:21:20+08:00][sql] SHOW FULL COLUMNS FROM `cmf_theme_file` [ RunTime:0.001611s ]
[2026-05-26T16:21:20+08:00][sql] SELECT `more`,`file`,`id` FROM `cmf_theme_file` WHERE  `theme` = 'simpleboot3_mobile'  AND (  `is_public` = 1 OR `file` = 'portal/product' ) ORDER BY `is_public` DESC [ RunTime:0.000630s ]
[2026-05-26T16:21:21+08:00][sql] CONNECT:[ UseTime:0.001524s ] mysql:host=127.0.0.1;port=3306;dbname=weihua;charset=utf8mb4
[2026-05-26T16:21:21+08:00][sql] SHOW FULL COLUMNS FROM `cmf_option` [ RunTime:0.001422s ]
[2026-05-26T16:21:21+08:00][sql] SELECT `option_value` FROM `cmf_option` WHERE  `option_name` = 'cdn_settings' LIMIT 1 [ RunTime:0.000301s ]
[2026-05-26T16:21:21+08:00][sql] SELECT `option_value` FROM `cmf_option` WHERE  `option_name` = 'cdn_settings' LIMIT 1 [ RunTime:0.000224s ]
[2026-05-26T16:21:21+08:00][sql] SHOW FULL COLUMNS FROM `cmf_product_category` [ RunTime:0.000829s ]
[2026-05-26T16:21:21+08:00][sql] SELECT * FROM `cmf_product_category` WHERE  `parent_id` = 0 ORDER BY `list_order` ASC,`create_time` DESC [ RunTime:0.000385s ]
[2026-05-26T16:21:21+08:00][sql] SELECT * FROM `cmf_product_category` WHERE  `parent_id` IN (28,19,22,23,25,27,30) [ RunTime:0.000294s ]
[2026-05-26T16:21:21+08:00][sql] SHOW FULL COLUMNS FROM `cmf_portal_category` [ RunTime:0.001162s ]
[2026-05-26T16:21:21+08:00][sql] SELECT * FROM `cmf_portal_category` WHERE (  `type` = 8 ) AND `cmf_portal_category`.`delete_time` = '0' ORDER BY `list_order` ASC [ RunTime:0.000816s ]
[2026-05-26T16:21:21+08:00][sql] SELECT * FROM `cmf_product_category` WHERE  `id` = 28 LIMIT 1 [ RunTime:0.001090s ]
[2026-05-26T16:21:21+08:00][sql] SHOW FULL COLUMNS FROM `cmf_product` [ RunTime:0.002139s ]
[2026-05-26T16:21:21+08:00][sql] SELECT COUNT(*) AS think_count FROM `cmf_product` WHERE  `category_id` = 28 LIMIT 1 [ RunTime:0.000589s ]
[2026-05-26T16:21:21+08:00][sql] SELECT COUNT(*) AS think_count FROM `cmf_product` WHERE  `category_id` = 19 LIMIT 1 [ RunTime:0.000295s ]
[2026-05-26T16:21:21+08:00][sql] SELECT COUNT(*) AS think_count FROM `cmf_product` WHERE  `category_id` = 22 LIMIT 1 [ RunTime:0.000291s ]
[2026-05-26T16:21:21+08:00][sql] SELECT COUNT(*) AS think_count FROM `cmf_product` WHERE  `category_id` = 23 LIMIT 1 [ RunTime:0.000317s ]
[2026-05-26T16:21:21+08:00][sql] SELECT COUNT(*) AS think_count FROM `cmf_product` WHERE  `category_id` = 25 LIMIT 1 [ RunTime:0.000250s ]
[2026-05-26T16:21:21+08:00][sql] SELECT COUNT(*) AS think_count FROM `cmf_product` WHERE  `category_id` = 27 LIMIT 1 [ RunTime:0.000269s ]
[2026-05-26T16:21:21+08:00][sql] SELECT * FROM `cmf_product` WHERE  `category_id` = 27  AND `thumbnail` <> '' ORDER BY `list_order` ASC,`id` DESC LIMIT 1 [ RunTime:0.000439s ]
[2026-05-26T16:21:21+08:00][sql] SELECT COUNT(*) AS think_count FROM `cmf_product` WHERE  `category_id` = 30 LIMIT 1 [ RunTime:0.000257s ]
[2026-05-26T16:21:21+08:00][sql] SELECT COUNT(*) AS think_count FROM `cmf_product` WHERE  `category_id` = 28 LIMIT 1 [ RunTime:0.000252s ]
[2026-05-26T16:21:21+08:00][sql] SELECT `id`,`category_id`,`title`,`thumbnail`,`industry`,`overview` FROM `cmf_product` WHERE  `category_id` = 28 ORDER BY `list_order` ASC,`create_time` DESC LIMIT 0,12 [ RunTime:0.001504s ]
[2026-05-26T16:21:21+08:00][sql] SHOW FULL COLUMNS FROM `cmf_slide_item` [ RunTime:0.001477s ]
[2026-05-26T16:21:21+08:00][sql] SELECT `title`,`description`,`image` FROM `cmf_slide_item` WHERE  `slide_id` = 7  AND `status` = 1 ORDER BY `list_order` ASC,`id` DESC LIMIT 1 [ RunTime:0.000909s ]
[2026-05-26T16:21:21+08:00][sql] SELECT `option_value` FROM `cmf_option` WHERE  `option_name` = 'storage' LIMIT 1 [ RunTime:0.000720s ]
[2026-05-26T16:21:21+08:00][sql] SELECT `option_value` FROM `cmf_option` WHERE  `option_name` = 'product_category_faq_settings' LIMIT 1 [ RunTime:0.000640s ]
[2026-05-26T16:21:21+08:00][sql] SHOW FULL COLUMNS FROM `cmf_portal_post` [ RunTime:0.002266s ]
[2026-05-26T16:21:21+08:00][sql] SELECT `id`,`post_title`,`post_excerpt`,`more` FROM `cmf_portal_post` WHERE (  `post_type` = 3 ) AND `cmf_portal_post`.`delete_time` = '0' ORDER BY `create_time` DESC [ RunTime:0.000564s ]
[2026-05-26T16:21:21+08:00][sql] SHOW FULL COLUMNS FROM `cmf_theme_file` [ RunTime:0.001977s ]
[2026-05-26T16:21:21+08:00][sql] SELECT `more`,`file`,`id` FROM `cmf_theme_file` WHERE  `theme` = 'simpleboot3_mobile'  AND (  `is_public` = 1 OR `file` = 'portal/product' ) ORDER BY `is_public` DESC [ RunTime:0.000522s ]
[2026-05-26T16:21:29+08:00][sql] CONNECT:[ UseTime:0.000996s ] mysql:host=127.0.0.1;port=3306;dbname=weihua;charset=utf8mb4
[2026-05-26T16:21:29+08:00][sql] SHOW FULL COLUMNS FROM `cmf_option` [ RunTime:0.001780s ]
[2026-05-26T16:21:29+08:00][sql] SELECT `option_value` FROM `cmf_option` WHERE  `option_name` = 'cdn_settings' LIMIT 1 [ RunTime:0.000328s ]
[2026-05-26T16:21:29+08:00][sql] SELECT `option_value` FROM `cmf_option` WHERE  `option_name` = 'cdn_settings' LIMIT 1 [ RunTime:0.000275s ]
[2026-05-26T16:21:29+08:00][sql] SHOW FULL COLUMNS FROM `cmf_product_category` [ RunTime:0.001064s ]
[2026-05-26T16:21:29+08:00][sql] SELECT * FROM `cmf_product_category` WHERE  `parent_id` = 0 ORDER BY `list_order` ASC,`create_time` DESC [ RunTime:0.000484s ]
[2026-05-26T16:21:29+08:00][sql] SELECT * FROM `cmf_product_category` WHERE  `parent_id` IN (28,19,22,23,25,27,30) [ RunTime:0.000324s ]
[2026-05-26T16:21:29+08:00][sql] SHOW FULL COLUMNS FROM `cmf_portal_category` [ RunTime:0.001141s ]
[2026-05-26T16:21:29+08:00][sql] SELECT * FROM `cmf_portal_category` WHERE (  `type` = 8 ) AND `cmf_portal_category`.`delete_time` = '0' ORDER BY `list_order` ASC [ RunTime:0.000507s ]
[2026-05-26T16:21:29+08:00][sql] SHOW FULL COLUMNS FROM `cmf_message` [ RunTime:0.001282s ]
[2026-05-26T16:21:29+08:00][sql] INSERT INTO `cmf_message` SET `name` = 'are you rady' , `phone` = '+1 111' , `email` = 'huangzebang49@gmail.com' , `content` = '111' , `type` = 2 , `ip` = '::1' , `create_time` = 1779783689 [ RunTime:0.004108s ]
[2026-05-26T16:21:36+08:00][sql] CONNECT:[ UseTime:0.000785s ] mysql:host=127.0.0.1;port=3306;dbname=weihua;charset=utf8mb4
[2026-05-26T16:21:36+08:00][sql] SHOW FULL COLUMNS FROM `cmf_option` [ RunTime:0.002342s ]
[2026-05-26T16:21:36+08:00][sql] SELECT `option_value` FROM `cmf_option` WHERE  `option_name` = 'cdn_settings' LIMIT 1 [ RunTime:0.000381s ]
[2026-05-26T16:21:36+08:00][sql] SELECT `option_value` FROM `cmf_option` WHERE  `option_name` = 'cdn_settings' LIMIT 1 [ RunTime:0.000260s ]
[2026-05-26T16:21:36+08:00][sql] SHOW FULL COLUMNS FROM `cmf_product_category` [ RunTime:0.001068s ]
[2026-05-26T16:21:36+08:00][sql] SELECT * FROM `cmf_product_category` WHERE  `parent_id` = 0 ORDER BY `list_order` ASC,`create_time` DESC [ RunTime:0.000464s ]
[2026-05-26T16:21:36+08:00][sql] SELECT * FROM `cmf_product_category` WHERE  `parent_id` IN (28,19,22,23,25,27,30) [ RunTime:0.000288s ]
[2026-05-26T16:21:36+08:00][sql] SHOW FULL COLUMNS FROM `cmf_portal_category` [ RunTime:0.001016s ]
[2026-05-26T16:21:36+08:00][sql] SELECT * FROM `cmf_portal_category` WHERE (  `type` = 8 ) AND `cmf_portal_category`.`delete_time` = '0' ORDER BY `list_order` ASC [ RunTime:0.000387s ]
[2026-05-26T16:21:36+08:00][sql] SELECT * FROM `cmf_product_category` WHERE  `id` = 28 LIMIT 1 [ RunTime:0.000372s ]
[2026-05-26T16:21:36+08:00][sql] SHOW FULL COLUMNS FROM `cmf_product` [ RunTime:0.002075s ]
[2026-05-26T16:21:36+08:00][sql] SELECT COUNT(*) AS think_count FROM `cmf_product` WHERE  `category_id` = 28 LIMIT 1 [ RunTime:0.000646s ]
[2026-05-26T16:21:36+08:00][sql] SELECT COUNT(*) AS think_count FROM `cmf_product` WHERE  `category_id` = 19 LIMIT 1 [ RunTime:0.000283s ]
[2026-05-26T16:21:36+08:00][sql] SELECT COUNT(*) AS think_count FROM `cmf_product` WHERE  `category_id` = 22 LIMIT 1 [ RunTime:0.000247s ]
[2026-05-26T16:21:36+08:00][sql] SELECT COUNT(*) AS think_count FROM `cmf_product` WHERE  `category_id` = 23 LIMIT 1 [ RunTime:0.000255s ]
[2026-05-26T16:21:36+08:00][sql] SELECT COUNT(*) AS think_count FROM `cmf_product` WHERE  `category_id` = 25 LIMIT 1 [ RunTime:0.000236s ]
[2026-05-26T16:21:36+08:00][sql] SELECT COUNT(*) AS think_count FROM `cmf_product` WHERE  `category_id` = 27 LIMIT 1 [ RunTime:0.000233s ]
[2026-05-26T16:21:36+08:00][sql] SELECT * FROM `cmf_product` WHERE  `category_id` = 27  AND `thumbnail` <> '' ORDER BY `list_order` ASC,`id` DESC LIMIT 1 [ RunTime:0.000424s ]
[2026-05-26T16:21:36+08:00][sql] SELECT COUNT(*) AS think_count FROM `cmf_product` WHERE  `category_id` = 30 LIMIT 1 [ RunTime:0.000237s ]
[2026-05-26T16:21:36+08:00][sql] SELECT COUNT(*) AS think_count FROM `cmf_product` WHERE  `category_id` = 28 LIMIT 1 [ RunTime:0.000232s ]
[2026-05-26T16:21:36+08:00][sql] SELECT `id`,`category_id`,`title`,`thumbnail`,`industry`,`overview` FROM `cmf_product` WHERE  `category_id` = 28 ORDER BY `list_order` ASC,`create_time` DESC LIMIT 0,12 [ RunTime:0.000621s ]
[2026-05-26T16:21:36+08:00][sql] SHOW FULL COLUMNS FROM `cmf_slide_item` [ RunTime:0.001090s ]
[2026-05-26T16:21:36+08:00][sql] SELECT `title`,`description`,`image` FROM `cmf_slide_item` WHERE  `slide_id` = 7  AND `status` = 1 ORDER BY `list_order` ASC,`id` DESC LIMIT 1 [ RunTime:0.000416s ]
[2026-05-26T16:21:36+08:00][sql] SELECT `option_value` FROM `cmf_option` WHERE  `option_name` = 'storage' LIMIT 1 [ RunTime:0.000244s ]
[2026-05-26T16:21:36+08:00][sql] SHOW FULL COLUMNS FROM `cmf_portal_post` [ RunTime:0.001192s ]
[2026-05-26T16:21:36+08:00][sql] SELECT `id`,`post_title`,`post_excerpt`,`more` FROM `cmf_portal_post` WHERE (  `post_type` = 3 ) AND `cmf_portal_post`.`delete_time` = '0' ORDER BY `create_time` DESC [ RunTime:0.000483s ]
[2026-05-26T16:21:36+08:00][sql] SHOW FULL COLUMNS FROM `cmf_theme_file` [ RunTime:0.001105s ]
[2026-05-26T16:21:36+08:00][sql] SELECT `more`,`file`,`id` FROM `cmf_theme_file` WHERE  `theme` = 'simpleboot3_mobile'  AND (  `is_public` = 1 OR `file` = 'portal/product' ) ORDER BY `is_public` DESC [ RunTime:0.000503s ]
[2026-05-26T16:21:51+08:00][sql] CONNECT:[ UseTime:0.000919s ] mysql:host=127.0.0.1;port=3306;dbname=weihua;charset=utf8mb4
[2026-05-26T16:21:51+08:00][sql] SHOW FULL COLUMNS FROM `cmf_option` [ RunTime:0.001855s ]
[2026-05-26T16:21:51+08:00][sql] SELECT `option_value` FROM `cmf_option` WHERE  `option_name` = 'cdn_settings' LIMIT 1 [ RunTime:0.000371s ]
[2026-05-26T16:21:51+08:00][sql] SELECT `option_value` FROM `cmf_option` WHERE  `option_name` = 'cdn_settings' LIMIT 1 [ RunTime:0.000302s ]
[2026-05-26T16:21:51+08:00][sql] SHOW FULL COLUMNS FROM `cmf_product_category` [ RunTime:0.001275s ]
[2026-05-26T16:21:51+08:00][sql] SELECT * FROM `cmf_product_category` WHERE  `parent_id` = 0 ORDER BY `list_order` ASC,`create_time` DESC [ RunTime:0.000542s ]
[2026-05-26T16:21:51+08:00][sql] SELECT * FROM `cmf_product_category` WHERE  `parent_id` IN (28,19,22,23,25,27,30) [ RunTime:0.000366s ]
[2026-05-26T16:21:51+08:00][sql] SHOW FULL COLUMNS FROM `cmf_portal_category` [ RunTime:0.001616s ]
[2026-05-26T16:21:51+08:00][sql] SELECT * FROM `cmf_portal_category` WHERE (  `type` = 8 ) AND `cmf_portal_category`.`delete_time` = '0' ORDER BY `list_order` ASC [ RunTime:0.000504s ]
[2026-05-26T16:21:51+08:00][sql] SELECT * FROM `cmf_product_category` WHERE  `id` = 28 LIMIT 1 [ RunTime:0.000416s ]
[2026-05-26T16:21:51+08:00][sql] SHOW FULL COLUMNS FROM `cmf_product` [ RunTime:0.001480s ]
[2026-05-26T16:21:51+08:00][sql] SELECT COUNT(*) AS think_count FROM `cmf_product` WHERE  `category_id` = 28 LIMIT 1 [ RunTime:0.000684s ]
[2026-05-26T16:21:51+08:00][sql] SELECT COUNT(*) AS think_count FROM `cmf_product` WHERE  `category_id` = 19 LIMIT 1 [ RunTime:0.000327s ]
[2026-05-26T16:21:51+08:00][sql] SELECT COUNT(*) AS think_count FROM `cmf_product` WHERE  `category_id` = 22 LIMIT 1 [ RunTime:0.000274s ]
[2026-05-26T16:21:51+08:00][sql] SELECT COUNT(*) AS think_count FROM `cmf_product` WHERE  `category_id` = 23 LIMIT 1 [ RunTime:0.000243s ]
[2026-05-26T16:21:51+08:00][sql] SELECT COUNT(*) AS think_count FROM `cmf_product` WHERE  `category_id` = 25 LIMIT 1 [ RunTime:0.000276s ]
[2026-05-26T16:21:51+08:00][sql] SELECT COUNT(*) AS think_count FROM `cmf_product` WHERE  `category_id` = 27 LIMIT 1 [ RunTime:0.000237s ]
[2026-05-26T16:21:51+08:00][sql] SELECT * FROM `cmf_product` WHERE  `category_id` = 27  AND `thumbnail` <> '' ORDER BY `list_order` ASC,`id` DESC LIMIT 1 [ RunTime:0.000516s ]
[2026-05-26T16:21:51+08:00][sql] SELECT COUNT(*) AS think_count FROM `cmf_product` WHERE  `category_id` = 30 LIMIT 1 [ RunTime:0.000260s ]
[2026-05-26T16:21:51+08:00][sql] SELECT COUNT(*) AS think_count FROM `cmf_product` WHERE  `category_id` = 28 LIMIT 1 [ RunTime:0.000322s ]
[2026-05-26T16:21:51+08:00][sql] SELECT `id`,`category_id`,`title`,`thumbnail`,`industry`,`overview` FROM `cmf_product` WHERE  `category_id` = 28 ORDER BY `list_order` ASC,`create_time` DESC LIMIT 0,12 [ RunTime:0.000718s ]
[2026-05-26T16:21:51+08:00][sql] SHOW FULL COLUMNS FROM `cmf_slide_item` [ RunTime:0.001466s ]
[2026-05-26T16:21:51+08:00][sql] SELECT `title`,`description`,`image` FROM `cmf_slide_item` WHERE  `slide_id` = 7  AND `status` = 1 ORDER BY `list_order` ASC,`id` DESC LIMIT 1 [ RunTime:0.000567s ]
[2026-05-26T16:21:51+08:00][sql] SELECT `option_value` FROM `cmf_option` WHERE  `option_name` = 'storage' LIMIT 1 [ RunTime:0.000360s ]
[2026-05-26T16:21:51+08:00][sql] SHOW FULL COLUMNS FROM `cmf_portal_post` [ RunTime:0.001631s ]
[2026-05-26T16:21:51+08:00][sql] SELECT `id`,`post_title`,`post_excerpt`,`more` FROM `cmf_portal_post` WHERE (  `post_type` = 3 ) AND `cmf_portal_post`.`delete_time` = '0' ORDER BY `create_time` DESC [ RunTime:0.000554s ]
[2026-05-26T16:21:51+08:00][sql] SHOW FULL COLUMNS FROM `cmf_theme_file` [ RunTime:0.001218s ]
[2026-05-26T16:21:51+08:00][sql] SELECT `more`,`file`,`id` FROM `cmf_theme_file` WHERE  `theme` = 'simpleboot3_mobile'  AND (  `is_public` = 1 OR `file` = 'portal/product' ) ORDER BY `is_public` DESC [ RunTime:0.000395s ]
[2026-05-26T16:21:58+08:00][sql] CONNECT:[ UseTime:0.001144s ] mysql:host=127.0.0.1;port=3306;dbname=weihua;charset=utf8mb4
[2026-05-26T16:21:58+08:00][sql] SHOW FULL COLUMNS FROM `cmf_option` [ RunTime:0.002065s ]
[2026-05-26T16:21:58+08:00][sql] SELECT `option_value` FROM `cmf_option` WHERE  `option_name` = 'cdn_settings' LIMIT 1 [ RunTime:0.000316s ]
[2026-05-26T16:21:58+08:00][sql] SELECT `option_value` FROM `cmf_option` WHERE  `option_name` = 'cdn_settings' LIMIT 1 [ RunTime:0.000301s ]
[2026-05-26T16:21:58+08:00][sql] SHOW FULL COLUMNS FROM `cmf_product_category` [ RunTime:0.001155s ]
[2026-05-26T16:21:58+08:00][sql] SELECT * FROM `cmf_product_category` WHERE  `parent_id` = 0 ORDER BY `list_order` ASC,`create_time` DESC [ RunTime:0.000454s ]
[2026-05-26T16:21:58+08:00][sql] SELECT * FROM `cmf_product_category` WHERE  `parent_id` IN (28,19,22,23,25,27,30) [ RunTime:0.000446s ]
[2026-05-26T16:21:58+08:00][sql] SHOW FULL COLUMNS FROM `cmf_portal_category` [ RunTime:0.001582s ]
[2026-05-26T16:21:58+08:00][sql] SELECT * FROM `cmf_portal_category` WHERE (  `type` = 8 ) AND `cmf_portal_category`.`delete_time` = '0' ORDER BY `list_order` ASC [ RunTime:0.000417s ]
[2026-05-26T16:21:58+08:00][sql] SHOW FULL COLUMNS FROM `cmf_message` [ RunTime:0.001208s ]
[2026-05-26T16:21:58+08:00][sql] INSERT INTO `cmf_message` SET `name` = '112' , `phone` = '+1 1 21' , `email` = 'huangzebang49@gmail.com' , `content` = '121' , `type` = 2 , `ip` = '::1' , `create_time` = 1779783718 [ RunTime:0.013476s ]
[2026-05-26T16:22:08+08:00][sql] CONNECT:[ UseTime:0.000864s ] mysql:host=127.0.0.1;port=3306;dbname=weihua;charset=utf8mb4
[2026-05-26T16:22:08+08:00][sql] SHOW FULL COLUMNS FROM `cmf_option` [ RunTime:0.001648s ]
[2026-05-26T16:22:08+08:00][sql] SELECT `option_value` FROM `cmf_option` WHERE  `option_name` = 'cdn_settings' LIMIT 1 [ RunTime:0.000635s ]
[2026-05-26T16:22:08+08:00][sql] SELECT `option_value` FROM `cmf_option` WHERE  `option_name` = 'cdn_settings' LIMIT 1 [ RunTime:0.000469s ]
[2026-05-26T16:22:08+08:00][sql] SHOW FULL COLUMNS FROM `cmf_product_category` [ RunTime:0.001158s ]
[2026-05-26T16:22:08+08:00][sql] SELECT * FROM `cmf_product_category` WHERE  `parent_id` = 0 ORDER BY `list_order` ASC,`create_time` DESC [ RunTime:0.000461s ]
[2026-05-26T16:22:08+08:00][sql] SELECT * FROM `cmf_product_category` WHERE  `parent_id` IN (28,19,22,23,25,27,30) [ RunTime:0.000287s ]
[2026-05-26T16:22:08+08:00][sql] SHOW FULL COLUMNS FROM `cmf_portal_category` [ RunTime:0.001134s ]
[2026-05-26T16:22:08+08:00][sql] SELECT * FROM `cmf_portal_category` WHERE (  `type` = 8 ) AND `cmf_portal_category`.`delete_time` = '0' ORDER BY `list_order` ASC [ RunTime:0.000423s ]
[2026-05-26T16:22:08+08:00][sql] SHOW FULL COLUMNS FROM `cmf_product` [ RunTime:0.001038s ]
[2026-05-26T16:22:08+08:00][sql] SELECT COUNT(*) AS think_count FROM `cmf_product` WHERE  `category_id` = 28 LIMIT 1 [ RunTime:0.000786s ]
[2026-05-26T16:22:08+08:00][sql] SELECT COUNT(*) AS think_count FROM `cmf_product` WHERE  `category_id` = 19 LIMIT 1 [ RunTime:0.000370s ]
[2026-05-26T16:22:08+08:00][sql] SELECT COUNT(*) AS think_count FROM `cmf_product` WHERE  `category_id` = 22 LIMIT 1 [ RunTime:0.000333s ]
[2026-05-26T16:22:08+08:00][sql] SELECT COUNT(*) AS think_count FROM `cmf_product` WHERE  `category_id` = 23 LIMIT 1 [ RunTime:0.000283s ]
[2026-05-26T16:22:08+08:00][sql] SELECT COUNT(*) AS think_count FROM `cmf_product` WHERE  `category_id` = 25 LIMIT 1 [ RunTime:0.000280s ]
[2026-05-26T16:22:08+08:00][sql] SELECT COUNT(*) AS think_count FROM `cmf_product` WHERE  `category_id` = 27 LIMIT 1 [ RunTime:0.000287s ]
[2026-05-26T16:22:08+08:00][sql] SELECT * FROM `cmf_product` WHERE  `category_id` = 27  AND `thumbnail` <> '' ORDER BY `list_order` ASC,`id` DESC LIMIT 1 [ RunTime:0.000462s ]
[2026-05-26T16:22:08+08:00][sql] SELECT COUNT(*) AS think_count FROM `cmf_product` WHERE  `category_id` = 30 LIMIT 1 [ RunTime:0.000290s ]
[2026-05-26T16:22:08+08:00][sql] SELECT COUNT(*) AS think_count FROM `cmf_product` LIMIT 1 [ RunTime:0.000305s ]
[2026-05-26T16:22:08+08:00][sql] SELECT `id`,`category_id`,`title`,`thumbnail`,`industry`,`overview` FROM `cmf_product` ORDER BY `list_order` ASC,`create_time` DESC LIMIT 0,12 [ RunTime:0.002213s ]
[2026-05-26T16:22:08+08:00][sql] SHOW FULL COLUMNS FROM `cmf_slide_item` [ RunTime:0.001620s ]
[2026-05-26T16:22:08+08:00][sql] SELECT `title`,`description`,`image` FROM `cmf_slide_item` WHERE  `slide_id` = 7  AND `status` = 1 ORDER BY `list_order` ASC,`id` DESC LIMIT 1 [ RunTime:0.000449s ]
[2026-05-26T16:22:08+08:00][sql] SELECT `option_value` FROM `cmf_option` WHERE  `option_name` = 'storage' LIMIT 1 [ RunTime:0.000258s ]
[2026-05-26T16:22:08+08:00][sql] SHOW FULL COLUMNS FROM `cmf_portal_post` [ RunTime:0.001206s ]
[2026-05-26T16:22:08+08:00][sql] SELECT `id`,`post_title`,`post_excerpt`,`more` FROM `cmf_portal_post` WHERE (  `post_type` = 3 ) AND `cmf_portal_post`.`delete_time` = '0' ORDER BY `create_time` DESC [ RunTime:0.000629s ]
[2026-05-26T16:22:08+08:00][sql] SHOW FULL COLUMNS FROM `cmf_theme_file` [ RunTime:0.001522s ]
[2026-05-26T16:22:08+08:00][sql] SELECT `more`,`file`,`id` FROM `cmf_theme_file` WHERE  `theme` = 'simpleboot3_mobile'  AND (  `is_public` = 1 OR `file` = 'portal/product' ) ORDER BY `is_public` DESC [ RunTime:0.000462s ]
[2026-05-26T16:22:09+08:00][sql] CONNECT:[ UseTime:0.000925s ] mysql:host=127.0.0.1;port=3306;dbname=weihua;charset=utf8mb4
[2026-05-26T16:22:09+08:00][sql] SHOW FULL COLUMNS FROM `cmf_option` [ RunTime:0.002071s ]
[2026-05-26T16:22:09+08:00][sql] SELECT `option_value` FROM `cmf_option` WHERE  `option_name` = 'cdn_settings' LIMIT 1 [ RunTime:0.000348s ]
[2026-05-26T16:22:09+08:00][sql] SELECT `option_value` FROM `cmf_option` WHERE  `option_name` = 'cdn_settings' LIMIT 1 [ RunTime:0.000229s ]
[2026-05-26T16:22:09+08:00][sql] SHOW FULL COLUMNS FROM `cmf_product_category` [ RunTime:0.000864s ]
[2026-05-26T16:22:09+08:00][sql] SELECT * FROM `cmf_product_category` WHERE  `parent_id` = 0 ORDER BY `list_order` ASC,`create_time` DESC [ RunTime:0.000325s ]
[2026-05-26T16:22:09+08:00][sql] SELECT * FROM `cmf_product_category` WHERE  `parent_id` IN (28,19,22,23,25,27,30) [ RunTime:0.000386s ]
[2026-05-26T16:22:09+08:00][sql] SHOW FULL COLUMNS FROM `cmf_portal_category` [ RunTime:0.001728s ]
[2026-05-26T16:22:09+08:00][sql] SELECT * FROM `cmf_portal_category` WHERE (  `type` = 8 ) AND `cmf_portal_category`.`delete_time` = '0' ORDER BY `list_order` ASC [ RunTime:0.000578s ]
[2026-05-26T16:22:09+08:00][sql] SELECT * FROM `cmf_product_category` WHERE  `id` = 28 LIMIT 1 [ RunTime:0.000773s ]
[2026-05-26T16:22:09+08:00][sql] SHOW FULL COLUMNS FROM `cmf_product` [ RunTime:0.002104s ]
[2026-05-26T16:22:09+08:00][sql] SELECT COUNT(*) AS think_count FROM `cmf_product` WHERE  `category_id` = 28 LIMIT 1 [ RunTime:0.000486s ]
[2026-05-26T16:22:09+08:00][sql] SELECT COUNT(*) AS think_count FROM `cmf_product` WHERE  `category_id` = 19 LIMIT 1 [ RunTime:0.000254s ]
[2026-05-26T16:22:09+08:00][sql] SELECT COUNT(*) AS think_count FROM `cmf_product` WHERE  `category_id` = 22 LIMIT 1 [ RunTime:0.000194s ]
[2026-05-26T16:22:09+08:00][sql] SELECT COUNT(*) AS think_count FROM `cmf_product` WHERE  `category_id` = 23 LIMIT 1 [ RunTime:0.000186s ]
[2026-05-26T16:22:09+08:00][sql] SELECT COUNT(*) AS think_count FROM `cmf_product` WHERE  `category_id` = 25 LIMIT 1 [ RunTime:0.000177s ]
[2026-05-26T16:22:09+08:00][sql] SELECT COUNT(*) AS think_count FROM `cmf_product` WHERE  `category_id` = 27 LIMIT 1 [ RunTime:0.000190s ]
[2026-05-26T16:22:09+08:00][sql] SELECT * FROM `cmf_product` WHERE  `category_id` = 27  AND `thumbnail` <> '' ORDER BY `list_order` ASC,`id` DESC LIMIT 1 [ RunTime:0.000416s ]
[2026-05-26T16:22:09+08:00][sql] SELECT COUNT(*) AS think_count FROM `cmf_product` WHERE  `category_id` = 30 LIMIT 1 [ RunTime:0.000234s ]
[2026-05-26T16:22:09+08:00][sql] SELECT COUNT(*) AS think_count FROM `cmf_product` WHERE  `category_id` = 28 LIMIT 1 [ RunTime:0.000199s ]
[2026-05-26T16:22:09+08:00][sql] SELECT `id`,`category_id`,`title`,`thumbnail`,`industry`,`overview` FROM `cmf_product` WHERE  `category_id` = 28 ORDER BY `list_order` ASC,`create_time` DESC LIMIT 0,12 [ RunTime:0.000482s ]
[2026-05-26T16:22:09+08:00][sql] SHOW FULL COLUMNS FROM `cmf_slide_item` [ RunTime:0.001298s ]
[2026-05-26T16:22:09+08:00][sql] SELECT `title`,`description`,`image` FROM `cmf_slide_item` WHERE  `slide_id` = 7  AND `status` = 1 ORDER BY `list_order` ASC,`id` DESC LIMIT 1 [ RunTime:0.000426s ]
[2026-05-26T16:22:09+08:00][sql] SELECT `option_value` FROM `cmf_option` WHERE  `option_name` = 'storage' LIMIT 1 [ RunTime:0.000401s ]
[2026-05-26T16:22:09+08:00][sql] SHOW FULL COLUMNS FROM `cmf_portal_post` [ RunTime:0.002022s ]
[2026-05-26T16:22:09+08:00][sql] SELECT `id`,`post_title`,`post_excerpt`,`more` FROM `cmf_portal_post` WHERE (  `post_type` = 3 ) AND `cmf_portal_post`.`delete_time` = '0' ORDER BY `create_time` DESC [ RunTime:0.000527s ]
[2026-05-26T16:22:09+08:00][sql] SHOW FULL COLUMNS FROM `cmf_theme_file` [ RunTime:0.001670s ]
[2026-05-26T16:22:09+08:00][sql] SELECT `more`,`file`,`id` FROM `cmf_theme_file` WHERE  `theme` = 'simpleboot3_mobile'  AND (  `is_public` = 1 OR `file` = 'portal/product' ) ORDER BY `is_public` DESC [ RunTime:0.000392s ]
[2026-05-26T16:22:14+08:00][sql] CONNECT:[ UseTime:0.000813s ] mysql:host=127.0.0.1;port=3306;dbname=weihua;charset=utf8mb4
[2026-05-26T16:22:14+08:00][sql] SHOW FULL COLUMNS FROM `cmf_option` [ RunTime:0.002499s ]
[2026-05-26T16:22:14+08:00][sql] SELECT `option_value` FROM `cmf_option` WHERE  `option_name` = 'cdn_settings' LIMIT 1 [ RunTime:0.000630s ]
[2026-05-26T16:22:14+08:00][sql] SELECT `option_value` FROM `cmf_option` WHERE  `option_name` = 'cdn_settings' LIMIT 1 [ RunTime:0.000488s ]
[2026-05-26T16:22:14+08:00][sql] SHOW FULL COLUMNS FROM `cmf_product_category` [ RunTime:0.001302s ]
[2026-05-26T16:22:14+08:00][sql] SELECT * FROM `cmf_product_category` WHERE  `parent_id` = 0 ORDER BY `list_order` ASC,`create_time` DESC [ RunTime:0.000458s ]
[2026-05-26T16:22:14+08:00][sql] SELECT * FROM `cmf_product_category` WHERE  `parent_id` IN (28,19,22,23,25,27,30) [ RunTime:0.000336s ]
[2026-05-26T16:22:14+08:00][sql] SHOW FULL COLUMNS FROM `cmf_portal_category` [ RunTime:0.001056s ]
[2026-05-26T16:22:14+08:00][sql] SELECT * FROM `cmf_portal_category` WHERE (  `type` = 8 ) AND `cmf_portal_category`.`delete_time` = '0' ORDER BY `list_order` ASC [ RunTime:0.000407s ]
[2026-05-26T16:22:14+08:00][sql] SHOW FULL COLUMNS FROM `cmf_message` [ RunTime:0.001608s ]
[2026-05-26T16:22:14+08:00][sql] INSERT INTO `cmf_message` SET `name` = '12' , `phone` = '+1 1 21' , `email` = 'xiaolanlan2003@gmail.com' , `content` = '121' , `type` = 2 , `ip` = '::1' , `create_time` = 1779783734 [ RunTime:0.001279s ]
[2026-05-26T16:22:20+08:00][sql] CONNECT:[ UseTime:0.000917s ] mysql:host=127.0.0.1;port=3306;dbname=weihua;charset=utf8mb4
[2026-05-26T16:22:20+08:00][sql] SHOW FULL COLUMNS FROM `cmf_option` [ RunTime:0.001437s ]
[2026-05-26T16:22:20+08:00][sql] SELECT `option_value` FROM `cmf_option` WHERE  `option_name` = 'cdn_settings' LIMIT 1 [ RunTime:0.000289s ]
[2026-05-26T16:22:20+08:00][sql] SELECT `option_value` FROM `cmf_option` WHERE  `option_name` = 'cdn_settings' LIMIT 1 [ RunTime:0.000337s ]
[2026-05-26T16:22:20+08:00][sql] SHOW FULL COLUMNS FROM `cmf_product_category` [ RunTime:0.001131s ]
[2026-05-26T16:22:20+08:00][sql] SELECT * FROM `cmf_product_category` WHERE  `parent_id` = 0 ORDER BY `list_order` ASC,`create_time` DESC [ RunTime:0.000406s ]
[2026-05-26T16:22:20+08:00][sql] SELECT * FROM `cmf_product_category` WHERE  `parent_id` IN (28,19,22,23,25,27,30) [ RunTime:0.000280s ]
[2026-05-26T16:22:20+08:00][sql] SHOW FULL COLUMNS FROM `cmf_portal_category` [ RunTime:0.000867s ]
[2026-05-26T16:22:20+08:00][sql] SELECT * FROM `cmf_portal_category` WHERE (  `type` = 8 ) AND `cmf_portal_category`.`delete_time` = '0' ORDER BY `list_order` ASC [ RunTime:0.000350s ]
[2026-05-26T16:22:20+08:00][sql] SHOW FULL COLUMNS FROM `cmf_message` [ RunTime:0.000931s ]
[2026-05-26T16:22:20+08:00][sql] INSERT INTO `cmf_message` SET `name` = '12' , `phone` = '+1 1 21' , `email` = 'xiaolanlan2003@gmail.com' , `content` = '121' , `type` = 2 , `ip` = '::1' , `create_time` = 1779783740 [ RunTime:0.000923s ]
[2026-05-26T16:22:26+08:00][sql] CONNECT:[ UseTime:0.001039s ] mysql:host=127.0.0.1;port=3306;dbname=weihua;charset=utf8mb4
[2026-05-26T16:22:26+08:00][sql] SHOW FULL COLUMNS FROM `cmf_option` [ RunTime:0.001760s ]
[2026-05-26T16:22:26+08:00][sql] SELECT `option_value` FROM `cmf_option` WHERE  `option_name` = 'cdn_settings' LIMIT 1 [ RunTime:0.000312s ]
[2026-05-26T16:22:26+08:00][sql] SELECT `option_value` FROM `cmf_option` WHERE  `option_name` = 'cdn_settings' LIMIT 1 [ RunTime:0.000364s ]
[2026-05-26T16:22:26+08:00][sql] SHOW FULL COLUMNS FROM `cmf_product_category` [ RunTime:0.000940s ]
[2026-05-26T16:22:26+08:00][sql] SELECT * FROM `cmf_product_category` WHERE  `parent_id` = 0 ORDER BY `list_order` ASC,`create_time` DESC [ RunTime:0.000354s ]
[2026-05-26T16:22:26+08:00][sql] SELECT * FROM `cmf_product_category` WHERE  `parent_id` IN (28,19,22,23,25,27,30) [ RunTime:0.000385s ]
[2026-05-26T16:22:26+08:00][sql] SHOW FULL COLUMNS FROM `cmf_portal_category` [ RunTime:0.001257s ]
[2026-05-26T16:22:26+08:00][sql] SELECT * FROM `cmf_portal_category` WHERE (  `type` = 8 ) AND `cmf_portal_category`.`delete_time` = '0' ORDER BY `list_order` ASC [ RunTime:0.000369s ]
[2026-05-26T16:22:26+08:00][sql] SHOW FULL COLUMNS FROM `cmf_message` [ RunTime:0.000959s ]
[2026-05-26T16:22:26+08:00][sql] INSERT INTO `cmf_message` SET `name` = '12' , `phone` = '+1 1 21' , `email` = 'xiaolanlan2003@gmail.com' , `content` = '121' , `type` = 2 , `ip` = '::1' , `create_time` = 1779783746 [ RunTime:0.000445s ]
