[2026-05-27T10:41:56+08:00][sql] CONNECT:[ UseTime:0.003299s ] mysql:host=127.0.0.1;port=3306;dbname=weihua;charset=utf8mb4
[2026-05-27T10:41:56+08:00][sql] SHOW FULL COLUMNS FROM `cmf_plugin` [ RunTime:0.024518s ]
[2026-05-27T10:41:56+08:00][sql] SELECT `config` FROM `cmf_plugin` WHERE  `name` = 'SwitchTheme' LIMIT 1 [ RunTime:0.002806s ]
[2026-05-27T10:41:56+08:00][sql] SHOW FULL COLUMNS FROM `cmf_option` [ RunTime:0.001130s ]
[2026-05-27T10:41:56+08:00][sql] SELECT `option_value` FROM `cmf_option` WHERE  `option_name` = 'cdn_settings' LIMIT 1 [ RunTime:0.000555s ]
[2026-05-27T10:41:56+08:00][sql] SELECT `option_value` FROM `cmf_option` WHERE  `option_name` = 'cdn_settings' LIMIT 1 [ RunTime:0.000464s ]
[2026-05-27T10:41:56+08:00][sql] SHOW FULL COLUMNS FROM `cmf_product_category` [ RunTime:0.001388s ]
[2026-05-27T10:41:56+08:00][sql] SELECT * FROM `cmf_product_category` WHERE  `parent_id` = 0 ORDER BY `list_order` ASC,`create_time` DESC [ RunTime:0.000729s ]
[2026-05-27T10:41:56+08:00][sql] SELECT * FROM `cmf_product_category` WHERE  `parent_id` IN (28,19,22,23,25,27,30) [ RunTime:0.000540s ]
[2026-05-27T10:41:56+08:00][sql] SHOW FULL COLUMNS FROM `cmf_portal_category` [ RunTime:0.001512s ]
[2026-05-27T10:41:56+08:00][sql] SELECT * FROM `cmf_portal_category` WHERE (  `type` = 8 ) AND `cmf_portal_category`.`delete_time` = '0' ORDER BY `list_order` ASC [ RunTime:0.001258s ]
[2026-05-27T10:41:56+08:00][sql] SHOW FULL COLUMNS FROM `cmf_slide_item` [ RunTime:0.001986s ]
[2026-05-27T10:41:56+08:00][sql] SELECT `title`,`description`,`image`,`url`,`target`,`content` FROM `cmf_slide_item` WHERE  `slide_id` = 1 ORDER BY `list_order` ASC [ RunTime:0.002114s ]
[2026-05-27T10:41:56+08:00][sql] SHOW FULL COLUMNS FROM `cmf_slide` [ RunTime:0.001150s ]
[2026-05-27T10:41:56+08:00][sql] SELECT * FROM `cmf_slide` WHERE  `name` LIKE '%choose%' OR `name` LIKE '%选择%' LIMIT 1 [ RunTime:0.001240s ]
[2026-05-27T10:41:56+08:00][sql] SELECT `title`,`description`,`image`,`url`,`target`,`content` FROM `cmf_slide_item` WHERE  `slide_id` = 14  AND `status` = 1 ORDER BY `list_order` ASC [ RunTime:0.000388s ]
[2026-05-27T10:41:56+08:00][sql] SELECT * FROM `cmf_product_category` WHERE  `parent_id` = 0  AND `recommend` = 1 ORDER BY `list_order` ASC,`create_time` DESC [ RunTime:0.000595s ]
[2026-05-27T10:41:56+08:00][sql] SHOW FULL COLUMNS FROM `cmf_product` [ RunTime:0.001538s ]
[2026-05-27T10:41:56+08:00][sql] SELECT `id`,`title`,`thumbnail`,`industry` FROM `cmf_product` WHERE  `is_recommended` = 1  AND `category_id` = 28 ORDER BY `list_order` ASC LIMIT 6 [ RunTime:0.001925s ]
[2026-05-27T10:41:56+08:00][sql] SELECT `id`,`title`,`thumbnail`,`industry` FROM `cmf_product` WHERE  `is_recommended` = 1  AND `category_id` = 19 ORDER BY `list_order` ASC LIMIT 6 [ RunTime:0.000818s ]
[2026-05-27T10:41:56+08:00][sql] SELECT `id`,`title`,`thumbnail`,`industry` FROM `cmf_product` WHERE  `is_recommended` = 1  AND `category_id` = 23 ORDER BY `list_order` ASC LIMIT 6 [ RunTime:0.000423s ]
[2026-05-27T10:41:56+08:00][sql] SHOW FULL COLUMNS FROM `cmf_portal_post` [ RunTime:0.001742s ]
[2026-05-27T10:41:56+08:00][sql] SELECT `p`.`id`,`p`.`post_title`,`p`.`post_excerpt`,`p`.`thumbnail`,`p`.`create_time`,`c`.`category_id` FROM `cmf_portal_post` `p` INNER JOIN `cmf_portal_category_post` `c` ON `p`.`id`=`c`.`post_id` WHERE (  `p`.`post_type` = '8' ) AND `p`.`delete_time` = '0' ORDER BY `c`.`list_order` ASC,`p`.`create_time` DESC [ RunTime:0.001429s ]
[2026-05-27T10:41:56+08:00][sql] SELECT `id`,`post_title`,`post_excerpt`,`more` FROM `cmf_portal_post` WHERE (  `post_type` = 3 ) AND `cmf_portal_post`.`delete_time` = '0' ORDER BY `create_time` DESC [ RunTime:0.000496s ]
[2026-05-27T10:41:56+08:00][sql] SHOW FULL COLUMNS FROM `cmf_theme_file` [ RunTime:0.001741s ]
[2026-05-27T10:41:56+08:00][sql] SELECT `more`,`file`,`id` FROM `cmf_theme_file` WHERE  `theme` = 'simpleboot3'  AND (  `is_public` = 1 OR `file` = 'portal/index' ) ORDER BY `is_public` DESC [ RunTime:0.001111s ]
[2026-05-27T10:41:56+08:00][sql] SELECT `option_value` FROM `cmf_option` WHERE  `option_name` = 'storage' LIMIT 1 [ RunTime:0.000852s ]
[2026-05-27T10:42:08+08:00][sql] CONNECT:[ UseTime:0.000778s ] mysql:host=127.0.0.1;port=3306;dbname=weihua;charset=utf8mb4
[2026-05-27T10:42:08+08:00][sql] SHOW FULL COLUMNS FROM `cmf_option` [ RunTime:0.003154s ]
[2026-05-27T10:42:08+08:00][sql] SELECT `option_value` FROM `cmf_option` WHERE  `option_name` = 'cdn_settings' LIMIT 1 [ RunTime:0.004085s ]
[2026-05-27T10:42:08+08:00][sql] SELECT `option_value` FROM `cmf_option` WHERE  `option_name` = 'cdn_settings' LIMIT 1 [ RunTime:0.000440s ]
[2026-05-27T10:52:58+08:00][sql] CONNECT:[ UseTime:0.001427s ] mysql:host=127.0.0.1;port=3306;dbname=weihua;charset=utf8mb4
[2026-05-27T10:52:58+08:00][sql] SHOW FULL COLUMNS FROM `cmf_option` [ RunTime:0.004435s ]
[2026-05-27T10:52:58+08:00][sql] SELECT `option_value` FROM `cmf_option` WHERE  `option_name` = 'cdn_settings' LIMIT 1 [ RunTime:0.002460s ]
[2026-05-27T10:52:58+08:00][sql] SELECT `option_value` FROM `cmf_option` WHERE  `option_name` = 'cdn_settings' LIMIT 1 [ RunTime:0.000726s ]
[2026-05-27T10:54:38+08:00][sql] CONNECT:[ UseTime:0.001389s ] mysql:host=127.0.0.1;port=3306;dbname=weihua;charset=utf8mb4
[2026-05-27T10:54:38+08:00][sql] SHOW FULL COLUMNS FROM `cmf_option` [ RunTime:0.002199s ]
[2026-05-27T10:54:38+08:00][sql] SELECT `option_value` FROM `cmf_option` WHERE  `option_name` = 'cdn_settings' LIMIT 1 [ RunTime:0.001019s ]
[2026-05-27T10:54:38+08:00][sql] SELECT `option_value` FROM `cmf_option` WHERE  `option_name` = 'cdn_settings' LIMIT 1 [ RunTime:0.000477s ]
[2026-05-27T10:54:38+08:00][sql] SHOW FULL COLUMNS FROM `cmf_product` [ RunTime:0.001789s ]
[2026-05-27T10:54:38+08:00][sql] SELECT `alias`,`update_time`,`create_time` FROM `cmf_product` WHERE  `delete_time` = 0  AND `alias` <> '' [ RunTime:0.002105s ]
[2026-05-27T10:57:13+08:00][sql] CONNECT:[ UseTime:0.001294s ] mysql:host=127.0.0.1;port=3306;dbname=weihua;charset=utf8mb4
[2026-05-27T10:57:13+08:00][sql] SHOW FULL COLUMNS FROM `cmf_hook` [ RunTime:0.001507s ]
[2026-05-27T10:57:13+08:00][sql] SELECT `hook`,`id` FROM `cmf_hook` WHERE  (  (  `app` = '' OR `app` = 'cmf' )  AND `type` = 3 ) OR `type` = 1 [ RunTime:0.002143s ]
[2026-05-27T10:57:13+08:00][sql] SHOW FULL COLUMNS FROM `cmf_hook_plugin` [ RunTime:0.000799s ]
[2026-05-27T10:57:13+08:00][sql] SELECT `hook`,`plugin` FROM `cmf_hook_plugin` WHERE  `status` = 1  AND `hook` IN ('app_begin','module_init','action_begin','view_filter','app_end','log_write','response_end','admin_init','home_init','send_mobile_verification_code','body_start','before_head_end','footer_start','before_footer','before_footer_end','before_body_end','left_sidebar_start','before_left_sidebar_end','right_sidebar_start','before_right_sidebar_end','comment','guestbook','switch_theme','after_content','before_content','log_write_done','switch_admin_theme','captcha_image','user_login_start') ORDER BY `list_order` ASC [ RunTime:0.001314s ]
[2026-05-27T10:57:13+08:00][sql] SELECT `hook` FROM `cmf_hook` WHERE  `app` = 'portal' [ RunTime:0.000557s ]
[2026-05-27T10:57:13+08:00][sql] SELECT `hook`,`plugin` FROM `cmf_hook_plugin` WHERE  `status` = 1  AND `hook` IN ('portal_before_assign_article','portal_admin_after_save_article','portal_admin_article_index_view','portal_admin_article_add_view','portal_admin_article_edit_view','portal_admin_category_index_view','portal_admin_category_add_view','portal_admin_category_edit_view','portal_admin_page_index_view','portal_admin_page_add_view','portal_admin_page_edit_view','portal_admin_tag_index_view','portal_admin_article_edit_view_right_sidebar','portal_admin_article_edit_view_main') ORDER BY `list_order` ASC [ RunTime:0.000344s ]
[2026-05-27T10:57:13+08:00][sql] SHOW FULL COLUMNS FROM `cmf_plugin` [ RunTime:0.002529s ]
[2026-05-27T10:57:13+08:00][sql] SELECT `config` FROM `cmf_plugin` WHERE  `name` = 'SwitchTheme' LIMIT 1 [ RunTime:0.000739s ]
[2026-05-27T10:57:13+08:00][sql] SHOW FULL COLUMNS FROM `cmf_option` [ RunTime:0.001846s ]
[2026-05-27T10:57:13+08:00][sql] SELECT `option_value` FROM `cmf_option` WHERE  `option_name` = 'cdn_settings' LIMIT 1 [ RunTime:0.002098s ]
[2026-05-27T10:57:13+08:00][sql] SELECT `option_value` FROM `cmf_option` WHERE  `option_name` = 'cdn_settings' LIMIT 1 [ RunTime:0.000656s ]
[2026-05-27T10:57:13+08:00][sql] SHOW FULL COLUMNS FROM `cmf_product` [ RunTime:0.001712s ]
[2026-05-27T10:57:13+08:00][sql] SELECT `alias`,`update_time`,`create_time` FROM `cmf_product` WHERE  ( delete_time IS NULL OR delete_time = 0 )  AND `alias` <> '' [ RunTime:0.001281s ]
[2026-05-27T10:59:21+08:00][sql] CONNECT:[ UseTime:0.001457s ] mysql:host=127.0.0.1;port=3306;dbname=weihua;charset=utf8mb4
[2026-05-27T10:59:21+08:00][sql] SHOW FULL COLUMNS FROM `cmf_option` [ RunTime:0.001785s ]
[2026-05-27T10:59:21+08:00][sql] SELECT `option_value` FROM `cmf_option` WHERE  `option_name` = 'cdn_settings' LIMIT 1 [ RunTime:0.000998s ]
[2026-05-27T10:59:21+08:00][sql] SELECT `option_value` FROM `cmf_option` WHERE  `option_name` = 'cdn_settings' LIMIT 1 [ RunTime:0.000552s ]
[2026-05-27T10:59:33+08:00][sql] CONNECT:[ UseTime:0.001770s ] mysql:host=127.0.0.1;port=3306;dbname=weihua;charset=utf8mb4
[2026-05-27T10:59:33+08:00][sql] SHOW FULL COLUMNS FROM `cmf_option` [ RunTime:0.001408s ]
[2026-05-27T10:59:33+08:00][sql] SELECT `option_value` FROM `cmf_option` WHERE  `option_name` = 'cdn_settings' LIMIT 1 [ RunTime:0.001481s ]
[2026-05-27T10:59:33+08:00][sql] SELECT `option_value` FROM `cmf_option` WHERE  `option_name` = 'cdn_settings' LIMIT 1 [ RunTime:0.000277s ]
[2026-05-27T10:59:54+08:00][sql] CONNECT:[ UseTime:0.001711s ] mysql:host=127.0.0.1;port=3306;dbname=weihua;charset=utf8mb4
[2026-05-27T10:59:54+08:00][sql] SHOW FULL COLUMNS FROM `cmf_option` [ RunTime:0.002872s ]
[2026-05-27T10:59:54+08:00][sql] SELECT `option_value` FROM `cmf_option` WHERE  `option_name` = 'cdn_settings' LIMIT 1 [ RunTime:0.001284s ]
[2026-05-27T10:59:54+08:00][sql] SELECT `option_value` FROM `cmf_option` WHERE  `option_name` = 'cdn_settings' LIMIT 1 [ RunTime:0.000606s ]
[2026-05-27T11:00:04+08:00][sql] CONNECT:[ UseTime:0.000687s ] mysql:host=127.0.0.1;port=3306;dbname=weihua;charset=utf8mb4
[2026-05-27T11:00:04+08:00][sql] SHOW FULL COLUMNS FROM `cmf_option` [ RunTime:0.001574s ]
[2026-05-27T11:00:04+08:00][sql] SELECT `option_value` FROM `cmf_option` WHERE  `option_name` = 'cdn_settings' LIMIT 1 [ RunTime:0.001527s ]
[2026-05-27T11:00:04+08:00][sql] SELECT `option_value` FROM `cmf_option` WHERE  `option_name` = 'cdn_settings' LIMIT 1 [ RunTime:0.000387s ]
[2026-05-27T11:00:04+08:00][sql] SHOW FULL COLUMNS FROM `cmf_portal_post` [ RunTime:0.001454s ]
[2026-05-27T11:00:04+08:00][sql] SELECT `id`,`post_title`,`post_alias`,`update_time`,`create_time` FROM `cmf_portal_post` WHERE (  `post_type` = 3  AND `post_status` = 1  AND ( delete_time IS NULL OR delete_time = 0 ) ) AND `cmf_portal_post`.`delete_time` = '0' [ RunTime:0.001841s ]
[2026-05-27T11:00:16+08:00][sql] CONNECT:[ UseTime:0.001150s ] mysql:host=127.0.0.1;port=3306;dbname=weihua;charset=utf8mb4
[2026-05-27T11:00:16+08:00][sql] SHOW FULL COLUMNS FROM `cmf_option` [ RunTime:0.003023s ]
[2026-05-27T11:00:16+08:00][sql] SELECT `option_value` FROM `cmf_option` WHERE  `option_name` = 'cdn_settings' LIMIT 1 [ RunTime:0.000482s ]
[2026-05-27T11:00:16+08:00][sql] SELECT `option_value` FROM `cmf_option` WHERE  `option_name` = 'cdn_settings' LIMIT 1 [ RunTime:0.000280s ]
[2026-05-27T11:00:16+08:00][sql] SHOW FULL COLUMNS FROM `cmf_portal_post` [ RunTime:0.001303s ]
[2026-05-27T11:00:16+08:00][sql] SELECT `id`,`post_title`,`post_alias`,`update_time`,`create_time` FROM `cmf_portal_post` WHERE (  `post_type` = 8  AND `post_status` = 1  AND ( delete_time IS NULL OR delete_time = 0 ) ) AND `cmf_portal_post`.`delete_time` = '0' [ RunTime:0.001633s ]
[2026-05-27T11:00:27+08:00][sql] CONNECT:[ UseTime:0.000834s ] mysql:host=127.0.0.1;port=3306;dbname=weihua;charset=utf8mb4
[2026-05-27T11:00:27+08:00][sql] SHOW FULL COLUMNS FROM `cmf_option` [ RunTime:0.002406s ]
[2026-05-27T11:00:27+08:00][sql] SELECT `option_value` FROM `cmf_option` WHERE  `option_name` = 'cdn_settings' LIMIT 1 [ RunTime:0.000570s ]
[2026-05-27T11:00:27+08:00][sql] SELECT `option_value` FROM `cmf_option` WHERE  `option_name` = 'cdn_settings' LIMIT 1 [ RunTime:0.000448s ]
[2026-05-27T11:00:48+08:00][sql] CONNECT:[ UseTime:0.001042s ] mysql:host=127.0.0.1;port=3306;dbname=weihua;charset=utf8mb4
[2026-05-27T11:00:48+08:00][sql] SHOW FULL COLUMNS FROM `cmf_option` [ RunTime:0.002840s ]
[2026-05-27T11:00:48+08:00][sql] SELECT `option_value` FROM `cmf_option` WHERE  `option_name` = 'cdn_settings' LIMIT 1 [ RunTime:0.001066s ]
[2026-05-27T11:00:48+08:00][sql] SELECT `option_value` FROM `cmf_option` WHERE  `option_name` = 'cdn_settings' LIMIT 1 [ RunTime:0.000423s ]
[2026-05-27T11:00:48+08:00][sql] SHOW FULL COLUMNS FROM `cmf_product_category` [ RunTime:0.001299s ]
[2026-05-27T11:00:48+08:00][sql] SELECT * FROM `cmf_product_category` WHERE  `parent_id` = 0 ORDER BY `list_order` ASC,`create_time` DESC [ RunTime:0.000505s ]
[2026-05-27T11:00:48+08:00][sql] SELECT * FROM `cmf_product_category` WHERE  `parent_id` IN (28,19,22,23,25,27,30) [ RunTime:0.000354s ]
[2026-05-27T11:00:48+08:00][sql] SHOW FULL COLUMNS FROM `cmf_portal_category` [ RunTime:0.001249s ]
[2026-05-27T11:00:48+08:00][sql] SELECT * FROM `cmf_portal_category` WHERE (  `type` = 8 ) AND `cmf_portal_category`.`delete_time` = '0' ORDER BY `list_order` ASC [ RunTime:0.000625s ]
[2026-05-27T11:00:48+08:00][sql] SELECT `option_value` FROM `cmf_option` WHERE  `option_name` = 'site_info' LIMIT 1 [ RunTime:0.001140s ]
[2026-05-27T11:00:48+08:00][sql] SHOW FULL COLUMNS FROM `cmf_product` [ RunTime:0.002091s ]
[2026-05-27T11:00:48+08:00][sql] SELECT * FROM `cmf_product` WHERE  `alias` = ':slug' LIMIT 1 [ RunTime:0.004401s ]
[2026-05-27T11:01:01+08:00][sql] CONNECT:[ UseTime:0.000727s ] mysql:host=127.0.0.1;port=3306;dbname=weihua;charset=utf8mb4
[2026-05-27T11:01:01+08:00][sql] SHOW FULL COLUMNS FROM `cmf_option` [ RunTime:0.002017s ]
[2026-05-27T11:01:01+08:00][sql] SELECT `option_value` FROM `cmf_option` WHERE  `option_name` = 'cdn_settings' LIMIT 1 [ RunTime:0.001020s ]
[2026-05-27T11:01:01+08:00][sql] SELECT `option_value` FROM `cmf_option` WHERE  `option_name` = 'cdn_settings' LIMIT 1 [ RunTime:0.000487s ]
[2026-05-27T11:01:01+08:00][sql] SHOW FULL COLUMNS FROM `cmf_product_category` [ RunTime:0.001106s ]
[2026-05-27T11:01:01+08:00][sql] SELECT * FROM `cmf_product_category` WHERE  `parent_id` = 0 ORDER BY `list_order` ASC,`create_time` DESC [ RunTime:0.001270s ]
[2026-05-27T11:01:01+08:00][sql] SELECT * FROM `cmf_product_category` WHERE  `parent_id` IN (28,19,22,23,25,27,30) [ RunTime:0.000281s ]
[2026-05-27T11:01:01+08:00][sql] SHOW FULL COLUMNS FROM `cmf_portal_category` [ RunTime:0.000872s ]
[2026-05-27T11:01:01+08:00][sql] SELECT * FROM `cmf_portal_category` WHERE (  `type` = 8 ) AND `cmf_portal_category`.`delete_time` = '0' ORDER BY `list_order` ASC [ RunTime:0.000506s ]
[2026-05-27T11:01:01+08:00][sql] SHOW FULL COLUMNS FROM `cmf_portal_post` [ RunTime:0.001307s ]
[2026-05-27T11:01:01+08:00][sql] SELECT * FROM `cmf_portal_post` WHERE (  `post_alias` = ':slug'  AND `post_type` = 3 ) AND `cmf_portal_post`.`delete_time` = '0' LIMIT 1 [ RunTime:0.000651s ]
[2026-05-27T11:01:10+08:00][sql] CONNECT:[ UseTime:0.001432s ] mysql:host=127.0.0.1;port=3306;dbname=weihua;charset=utf8mb4
[2026-05-27T11:01:10+08:00][sql] SHOW FULL COLUMNS FROM `cmf_option` [ RunTime:0.001515s ]
[2026-05-27T11:01:10+08:00][sql] SELECT `option_value` FROM `cmf_option` WHERE  `option_name` = 'cdn_settings' LIMIT 1 [ RunTime:0.000302s ]
[2026-05-27T11:01:10+08:00][sql] SELECT `option_value` FROM `cmf_option` WHERE  `option_name` = 'cdn_settings' LIMIT 1 [ RunTime:0.000274s ]
[2026-05-27T11:01:10+08:00][sql] SHOW FULL COLUMNS FROM `cmf_product_category` [ RunTime:0.001063s ]
[2026-05-27T11:01:10+08:00][sql] SELECT * FROM `cmf_product_category` WHERE  `parent_id` = 0 ORDER BY `list_order` ASC,`create_time` DESC [ RunTime:0.000341s ]
[2026-05-27T11:01:10+08:00][sql] SELECT * FROM `cmf_product_category` WHERE  `parent_id` IN (28,19,22,23,25,27,30) [ RunTime:0.000298s ]
[2026-05-27T11:01:10+08:00][sql] SHOW FULL COLUMNS FROM `cmf_portal_category` [ RunTime:0.001015s ]
[2026-05-27T11:01:10+08:00][sql] SELECT * FROM `cmf_portal_category` WHERE (  `type` = 8 ) AND `cmf_portal_category`.`delete_time` = '0' ORDER BY `list_order` ASC [ RunTime:0.000341s ]
[2026-05-27T11:01:10+08:00][sql] SHOW FULL COLUMNS FROM `cmf_portal_post` [ RunTime:0.002568s ]
[2026-05-27T11:01:10+08:00][sql] SELECT * FROM `cmf_portal_post` WHERE (  `post_alias` = ':slug'  AND `post_type` = 8 ) AND `cmf_portal_post`.`delete_time` = '0' LIMIT 1 [ RunTime:0.000892s ]
[2026-05-27T11:01:28+08:00][sql] CONNECT:[ UseTime:0.000754s ] mysql:host=127.0.0.1;port=3306;dbname=weihua;charset=utf8mb4
[2026-05-27T11:01:28+08:00][sql] SHOW FULL COLUMNS FROM `cmf_option` [ RunTime:0.002425s ]
[2026-05-27T11:01:28+08:00][sql] SELECT `option_value` FROM `cmf_option` WHERE  `option_name` = 'cdn_settings' LIMIT 1 [ RunTime:0.000362s ]
[2026-05-27T11:01:28+08:00][sql] SELECT `option_value` FROM `cmf_option` WHERE  `option_name` = 'cdn_settings' LIMIT 1 [ RunTime:0.000429s ]
[2026-05-27T11:01:28+08:00][sql] SHOW FULL COLUMNS FROM `cmf_product_category` [ RunTime:0.001149s ]
[2026-05-27T11:01:28+08:00][sql] SELECT * FROM `cmf_product_category` WHERE  `parent_id` = 0 ORDER BY `list_order` ASC,`create_time` DESC [ RunTime:0.000656s ]
[2026-05-27T11:01:28+08:00][sql] SELECT * FROM `cmf_product_category` WHERE  `parent_id` IN (28,19,22,23,25,27,30) [ RunTime:0.000323s ]
[2026-05-27T11:01:28+08:00][sql] SHOW FULL COLUMNS FROM `cmf_portal_category` [ RunTime:0.001151s ]
[2026-05-27T11:01:28+08:00][sql] SELECT * FROM `cmf_portal_category` WHERE (  `type` = 8 ) AND `cmf_portal_category`.`delete_time` = '0' ORDER BY `list_order` ASC [ RunTime:0.001365s ]
[2026-05-27T11:01:28+08:00][sql] SHOW FULL COLUMNS FROM `cmf_slide_item` [ RunTime:0.001559s ]
[2026-05-27T11:01:28+08:00][sql] SELECT `title`,`description`,`image`,`url`,`target`,`content` FROM `cmf_slide_item` WHERE  `slide_id` = 1 ORDER BY `list_order` ASC [ RunTime:0.000579s ]
[2026-05-27T11:01:28+08:00][sql] SHOW FULL COLUMNS FROM `cmf_slide` [ RunTime:0.000943s ]
[2026-05-27T11:01:28+08:00][sql] SELECT * FROM `cmf_slide` WHERE  `name` LIKE '%choose%' OR `name` LIKE '%选择%' LIMIT 1 [ RunTime:0.000547s ]
[2026-05-27T11:01:28+08:00][sql] SELECT `title`,`description`,`image`,`url`,`target`,`content` FROM `cmf_slide_item` WHERE  `slide_id` = 14  AND `status` = 1 ORDER BY `list_order` ASC [ RunTime:0.000346s ]
[2026-05-27T11:01:28+08:00][sql] SELECT * FROM `cmf_product_category` WHERE  `parent_id` = 0  AND `recommend` = 1 ORDER BY `list_order` ASC,`create_time` DESC [ RunTime:0.000303s ]
[2026-05-27T11:01:28+08:00][sql] SHOW FULL COLUMNS FROM `cmf_product` [ RunTime:0.001307s ]
[2026-05-27T11:01:28+08:00][sql] SELECT `id`,`title`,`thumbnail`,`industry` FROM `cmf_product` WHERE  `is_recommended` = 1  AND `category_id` = 28 ORDER BY `list_order` ASC LIMIT 6 [ RunTime:0.000939s ]
[2026-05-27T11:01:28+08:00][sql] SELECT `id`,`title`,`thumbnail`,`industry` FROM `cmf_product` WHERE  `is_recommended` = 1  AND `category_id` = 19 ORDER BY `list_order` ASC LIMIT 6 [ RunTime:0.000417s ]
[2026-05-27T11:01:28+08:00][sql] SELECT `id`,`title`,`thumbnail`,`industry` FROM `cmf_product` WHERE  `is_recommended` = 1  AND `category_id` = 23 ORDER BY `list_order` ASC LIMIT 6 [ RunTime:0.000412s ]
[2026-05-27T11:01:28+08:00][sql] SELECT `option_value` FROM `cmf_option` WHERE  `option_name` = 'index_setting' LIMIT 1 [ RunTime:0.000291s ]
[2026-05-27T11:01:28+08:00][sql] SELECT `option_value` FROM `cmf_option` WHERE  `option_name` = 'about_site' LIMIT 1 [ RunTime:0.000355s ]
[2026-05-27T11:01:28+08:00][sql] SHOW FULL COLUMNS FROM `cmf_portal_post` [ RunTime:0.003105s ]
[2026-05-27T11:01:28+08:00][sql] SELECT `p`.`id`,`p`.`post_title`,`p`.`post_excerpt`,`p`.`thumbnail`,`p`.`create_time`,`c`.`category_id` FROM `cmf_portal_post` `p` INNER JOIN `cmf_portal_category_post` `c` ON `p`.`id`=`c`.`post_id` WHERE (  `p`.`post_type` = '8' ) AND `p`.`delete_time` = '0' ORDER BY `c`.`list_order` ASC,`p`.`create_time` DESC [ RunTime:0.003107s ]
[2026-05-27T11:01:28+08:00][sql] SELECT `id`,`post_title`,`post_excerpt`,`more` FROM `cmf_portal_post` WHERE (  `post_type` = 3 ) AND `cmf_portal_post`.`delete_time` = '0' ORDER BY `create_time` DESC [ RunTime:0.000564s ]
[2026-05-27T11:01:28+08:00][sql] SHOW FULL COLUMNS FROM `cmf_theme_file` [ RunTime:0.001544s ]
[2026-05-27T11:01:28+08:00][sql] SELECT `more`,`file`,`id` FROM `cmf_theme_file` WHERE  `theme` = 'simpleboot3'  AND (  `is_public` = 1 OR `file` = 'portal/index' ) ORDER BY `is_public` DESC [ RunTime:0.001060s ]
[2026-05-27T11:01:28+08:00][sql] SHOW FULL COLUMNS FROM `cmf_route` [ RunTime:0.002800s ]
[2026-05-27T11:01:28+08:00][sql] SELECT * FROM `cmf_route` WHERE  `status` = 1 ORDER BY `list_order` ASC [ RunTime:0.000938s ]
[2026-05-27T11:01:28+08:00][sql] SELECT `option_value` FROM `cmf_option` WHERE  `option_name` = 'storage' LIMIT 1 [ RunTime:0.001078s ]
[2026-05-27T11:01:39+08:00][sql] CONNECT:[ UseTime:0.012897s ] mysql:host=127.0.0.1;port=3306;dbname=weihua;charset=utf8mb4
[2026-05-27T11:01:39+08:00][sql] SHOW FULL COLUMNS FROM `cmf_option` [ RunTime:0.003883s ]
[2026-05-27T11:01:39+08:00][sql] SELECT `option_value` FROM `cmf_option` WHERE  `option_name` = 'cdn_settings' LIMIT 1 [ RunTime:0.002965s ]
[2026-05-27T11:01:39+08:00][sql] SELECT `option_value` FROM `cmf_option` WHERE  `option_name` = 'cdn_settings' LIMIT 1 [ RunTime:0.000830s ]
[2026-05-27T11:01:39+08:00][sql] SHOW FULL COLUMNS FROM `cmf_product_category` [ RunTime:0.001360s ]
[2026-05-27T11:01:39+08:00][sql] SELECT * FROM `cmf_product_category` WHERE  `parent_id` = 0 ORDER BY `list_order` ASC,`create_time` DESC [ RunTime:0.000949s ]
[2026-05-27T11:01:39+08:00][sql] SELECT * FROM `cmf_product_category` WHERE  `parent_id` IN (28,19,22,23,25,27,30) [ RunTime:0.001024s ]
[2026-05-27T11:01:39+08:00][sql] SHOW FULL COLUMNS FROM `cmf_portal_category` [ RunTime:0.002087s ]
[2026-05-27T11:01:39+08:00][sql] SELECT * FROM `cmf_portal_category` WHERE (  `type` = 8 ) AND `cmf_portal_category`.`delete_time` = '0' ORDER BY `list_order` ASC [ RunTime:0.000695s ]
[2026-05-27T11:01:39+08:00][sql] SHOW FULL COLUMNS FROM `cmf_product` [ RunTime:0.001341s ]
[2026-05-27T11:01:39+08:00][sql] SELECT * FROM `cmf_product` WHERE  `alias` = ':slug' LIMIT 1 [ RunTime:0.001626s ]
[2026-05-27T11:02:38+08:00][sql] CONNECT:[ UseTime:0.000746s ] mysql:host=127.0.0.1;port=3306;dbname=weihua;charset=utf8mb4
[2026-05-27T11:02:38+08:00][sql] SHOW FULL COLUMNS FROM `cmf_hook` [ RunTime:0.001452s ]
[2026-05-27T11:02:38+08:00][sql] SELECT `hook`,`id` FROM `cmf_hook` WHERE  (  (  `app` = '' OR `app` = 'cmf' )  AND `type` = 3 ) OR `type` = 1 [ RunTime:0.001186s ]
[2026-05-27T11:02:38+08:00][sql] SHOW FULL COLUMNS FROM `cmf_hook_plugin` [ RunTime:0.001365s ]
[2026-05-27T11:02:38+08:00][sql] SELECT `hook`,`plugin` FROM `cmf_hook_plugin` WHERE  `status` = 1  AND `hook` IN ('app_begin','module_init','action_begin','view_filter','app_end','log_write','response_end','admin_init','home_init','send_mobile_verification_code','body_start','before_head_end','footer_start','before_footer','before_footer_end','before_body_end','left_sidebar_start','before_left_sidebar_end','right_sidebar_start','before_right_sidebar_end','comment','guestbook','switch_theme','after_content','before_content','log_write_done','switch_admin_theme','captcha_image','user_login_start') ORDER BY `list_order` ASC [ RunTime:0.000631s ]
[2026-05-27T11:02:38+08:00][sql] SELECT `hook` FROM `cmf_hook` WHERE  `app` = 'portal' [ RunTime:0.000477s ]
[2026-05-27T11:02:38+08:00][sql] SELECT `hook`,`plugin` FROM `cmf_hook_plugin` WHERE  `status` = 1  AND `hook` IN ('portal_before_assign_article','portal_admin_after_save_article','portal_admin_article_index_view','portal_admin_article_add_view','portal_admin_article_edit_view','portal_admin_category_index_view','portal_admin_category_add_view','portal_admin_category_edit_view','portal_admin_page_index_view','portal_admin_page_add_view','portal_admin_page_edit_view','portal_admin_tag_index_view','portal_admin_article_edit_view_right_sidebar','portal_admin_article_edit_view_main') ORDER BY `list_order` ASC [ RunTime:0.000274s ]
[2026-05-27T11:02:38+08:00][sql] SHOW FULL COLUMNS FROM `cmf_plugin` [ RunTime:0.001674s ]
[2026-05-27T11:02:38+08:00][sql] SELECT `config` FROM `cmf_plugin` WHERE  `name` = 'SwitchTheme' LIMIT 1 [ RunTime:0.001233s ]
[2026-05-27T11:02:38+08:00][sql] SHOW FULL COLUMNS FROM `cmf_option` [ RunTime:0.003270s ]
[2026-05-27T11:02:38+08:00][sql] SELECT `option_value` FROM `cmf_option` WHERE  `option_name` = 'cdn_settings' LIMIT 1 [ RunTime:0.000724s ]
[2026-05-27T11:02:38+08:00][sql] SELECT `option_value` FROM `cmf_option` WHERE  `option_name` = 'cdn_settings' LIMIT 1 [ RunTime:0.000829s ]
[2026-05-27T11:02:38+08:00][sql] SHOW FULL COLUMNS FROM `cmf_portal_post` [ RunTime:0.002752s ]
[2026-05-27T11:02:38+08:00][sql] SELECT `id`,`post_title`,`post_alias`,`update_time`,`create_time` FROM `cmf_portal_post` WHERE (  `post_type` = 3  AND ( delete_time IS NULL OR delete_time = 0 ) ) AND `cmf_portal_post`.`delete_time` = '0' [ RunTime:0.000855s ]
[2026-05-27T11:03:23+08:00][sql] CONNECT:[ UseTime:0.000981s ] mysql:host=127.0.0.1;port=3306;dbname=weihua;charset=utf8mb4
[2026-05-27T11:03:23+08:00][sql] SHOW FULL COLUMNS FROM `cmf_option` [ RunTime:0.001251s ]
[2026-05-27T11:03:23+08:00][sql] SELECT `option_value` FROM `cmf_option` WHERE  `option_name` = 'cdn_settings' LIMIT 1 [ RunTime:0.000244s ]
[2026-05-27T11:03:23+08:00][sql] SELECT `option_value` FROM `cmf_option` WHERE  `option_name` = 'cdn_settings' LIMIT 1 [ RunTime:0.000226s ]
[2026-05-27T11:03:23+08:00][sql] SHOW FULL COLUMNS FROM `cmf_product` [ RunTime:0.001616s ]
[2026-05-27T11:03:23+08:00][sql] SELECT `alias`,`update_time`,`create_time` FROM `cmf_product` WHERE  ( delete_time IS NULL OR delete_time = 0 )  AND `alias` <> '' [ RunTime:0.000927s ]
[2026-05-27T11:03:36+08:00][sql] CONNECT:[ UseTime:0.015770s ] mysql:host=127.0.0.1;port=3306;dbname=weihua;charset=utf8mb4
[2026-05-27T11:03:36+08:00][sql] SHOW FULL COLUMNS FROM `cmf_option` [ RunTime:0.003207s ]
[2026-05-27T11:03:36+08:00][sql] SELECT `option_value` FROM `cmf_option` WHERE  `option_name` = 'cdn_settings' LIMIT 1 [ RunTime:0.000848s ]
[2026-05-27T11:03:36+08:00][sql] SELECT `option_value` FROM `cmf_option` WHERE  `option_name` = 'cdn_settings' LIMIT 1 [ RunTime:0.000347s ]
[2026-05-27T11:04:17+08:00][sql] CONNECT:[ UseTime:0.000834s ] mysql:host=127.0.0.1;port=3306;dbname=weihua;charset=utf8mb4
[2026-05-27T11:04:17+08:00][sql] SHOW FULL COLUMNS FROM `cmf_option` [ RunTime:0.001147s ]
[2026-05-27T11:04:17+08:00][sql] SELECT `option_value` FROM `cmf_option` WHERE  `option_name` = 'cdn_settings' LIMIT 1 [ RunTime:0.000214s ]
[2026-05-27T11:04:17+08:00][sql] SELECT `option_value` FROM `cmf_option` WHERE  `option_name` = 'cdn_settings' LIMIT 1 [ RunTime:0.000370s ]
[2026-05-27T11:05:05+08:00][sql] CONNECT:[ UseTime:0.013718s ] mysql:host=127.0.0.1;port=3306;dbname=weihua;charset=utf8mb4
[2026-05-27T11:05:05+08:00][sql] SHOW FULL COLUMNS FROM `cmf_option` [ RunTime:0.003066s ]
[2026-05-27T11:05:05+08:00][sql] SELECT `option_value` FROM `cmf_option` WHERE  `option_name` = 'cdn_settings' LIMIT 1 [ RunTime:0.000724s ]
[2026-05-27T11:05:05+08:00][sql] SELECT `option_value` FROM `cmf_option` WHERE  `option_name` = 'cdn_settings' LIMIT 1 [ RunTime:0.000405s ]
[2026-05-27T11:05:05+08:00][sql] SHOW FULL COLUMNS FROM `cmf_product_category` [ RunTime:0.002236s ]
[2026-05-27T11:05:05+08:00][sql] SELECT * FROM `cmf_product_category` WHERE  `parent_id` = 0 ORDER BY `list_order` ASC,`create_time` DESC [ RunTime:0.001272s ]
[2026-05-27T11:05:05+08:00][sql] SELECT * FROM `cmf_product_category` WHERE  `parent_id` IN (28,19,22,23,25,27,30) [ RunTime:0.000405s ]
[2026-05-27T11:05:05+08:00][sql] SHOW FULL COLUMNS FROM `cmf_portal_category` [ RunTime:0.001437s ]
[2026-05-27T11:05:05+08:00][sql] SELECT * FROM `cmf_portal_category` WHERE (  `type` = 8 ) AND `cmf_portal_category`.`delete_time` = '0' ORDER BY `list_order` ASC [ RunTime:0.000687s ]
[2026-05-27T11:05:05+08:00][sql] SELECT `option_value` FROM `cmf_option` WHERE  `option_name` = 'site_info' LIMIT 1 [ RunTime:0.000248s ]
[2026-05-27T11:05:05+08:00][sql] SHOW FULL COLUMNS FROM `cmf_slide_item` [ RunTime:0.001221s ]
[2026-05-27T11:05:05+08:00][sql] SELECT `title`,`description`,`image`,`url`,`target`,`content` FROM `cmf_slide_item` WHERE  `slide_id` = 1 ORDER BY `list_order` ASC [ RunTime:0.001123s ]
[2026-05-27T11:05:05+08:00][sql] SHOW FULL COLUMNS FROM `cmf_slide` [ RunTime:0.001176s ]
[2026-05-27T11:05:05+08:00][sql] SELECT * FROM `cmf_slide` WHERE  `name` LIKE '%choose%' OR `name` LIKE '%选择%' LIMIT 1 [ RunTime:0.000510s ]
[2026-05-27T11:05:05+08:00][sql] SELECT `title`,`description`,`image`,`url`,`target`,`content` FROM `cmf_slide_item` WHERE  `slide_id` = 14  AND `status` = 1 ORDER BY `list_order` ASC [ RunTime:0.000269s ]
[2026-05-27T11:05:05+08:00][sql] SELECT * FROM `cmf_product_category` WHERE  `parent_id` = 0  AND `recommend` = 1 ORDER BY `list_order` ASC,`create_time` DESC [ RunTime:0.000252s ]
[2026-05-27T11:05:05+08:00][sql] SHOW FULL COLUMNS FROM `cmf_product` [ RunTime:0.001214s ]
[2026-05-27T11:05:05+08:00][sql] SELECT `id`,`title`,`thumbnail`,`industry` FROM `cmf_product` WHERE  `is_recommended` = 1  AND `category_id` = 28 ORDER BY `list_order` ASC LIMIT 6 [ RunTime:0.001351s ]
[2026-05-27T11:05:05+08:00][sql] SELECT `id`,`title`,`thumbnail`,`industry` FROM `cmf_product` WHERE  `is_recommended` = 1  AND `category_id` = 19 ORDER BY `list_order` ASC LIMIT 6 [ RunTime:0.000310s ]
[2026-05-27T11:05:05+08:00][sql] SELECT `id`,`title`,`thumbnail`,`industry` FROM `cmf_product` WHERE  `is_recommended` = 1  AND `category_id` = 23 ORDER BY `list_order` ASC LIMIT 6 [ RunTime:0.000314s ]
[2026-05-27T11:05:05+08:00][sql] SELECT `option_value` FROM `cmf_option` WHERE  `option_name` = 'index_setting' LIMIT 1 [ RunTime:0.000216s ]
[2026-05-27T11:05:05+08:00][sql] SELECT `option_value` FROM `cmf_option` WHERE  `option_name` = 'about_site' LIMIT 1 [ RunTime:0.000514s ]
[2026-05-27T11:05:05+08:00][sql] SHOW FULL COLUMNS FROM `cmf_portal_post` [ RunTime:0.001514s ]
[2026-05-27T11:05:05+08:00][sql] SELECT `p`.`id`,`p`.`post_title`,`p`.`post_excerpt`,`p`.`thumbnail`,`p`.`create_time`,`c`.`category_id` FROM `cmf_portal_post` `p` INNER JOIN `cmf_portal_category_post` `c` ON `p`.`id`=`c`.`post_id` WHERE (  `p`.`post_type` = '8' ) AND `p`.`delete_time` = '0' ORDER BY `c`.`list_order` ASC,`p`.`create_time` DESC [ RunTime:0.000966s ]
[2026-05-27T11:05:05+08:00][sql] SELECT `id`,`post_title`,`post_excerpt`,`more` FROM `cmf_portal_post` WHERE (  `post_type` = 3 ) AND `cmf_portal_post`.`delete_time` = '0' ORDER BY `create_time` DESC [ RunTime:0.000448s ]
[2026-05-27T11:05:05+08:00][sql] SHOW FULL COLUMNS FROM `cmf_theme_file` [ RunTime:0.001261s ]
[2026-05-27T11:05:05+08:00][sql] SELECT `more`,`file`,`id` FROM `cmf_theme_file` WHERE  `theme` = 'simpleboot3'  AND (  `is_public` = 1 OR `file` = 'portal/index' ) ORDER BY `is_public` DESC [ RunTime:0.000652s ]
[2026-05-27T11:05:05+08:00][sql] SHOW FULL COLUMNS FROM `cmf_route` [ RunTime:0.000839s ]
[2026-05-27T11:05:05+08:00][sql] SELECT * FROM `cmf_route` WHERE  `status` = 1 ORDER BY `list_order` ASC [ RunTime:0.000549s ]
[2026-05-27T11:05:05+08:00][sql] SELECT `option_value` FROM `cmf_option` WHERE  `option_name` = 'storage' LIMIT 1 [ RunTime:0.000442s ]
[2026-05-27T11:05:07+08:00][sql] CONNECT:[ UseTime:0.000793s ] mysql:host=127.0.0.1;port=3306;dbname=weihua;charset=utf8mb4
[2026-05-27T11:05:07+08:00][sql] SHOW FULL COLUMNS FROM `cmf_option` [ RunTime:0.001334s ]
[2026-05-27T11:05:07+08:00][sql] SELECT `option_value` FROM `cmf_option` WHERE  `option_name` = 'cdn_settings' LIMIT 1 [ RunTime:0.000267s ]
[2026-05-27T11:05:07+08:00][sql] SELECT `option_value` FROM `cmf_option` WHERE  `option_name` = 'cdn_settings' LIMIT 1 [ RunTime:0.000485s ]
[2026-05-27T11:05:22+08:00][sql] CONNECT:[ UseTime:0.010918s ] mysql:host=127.0.0.1;port=3306;dbname=weihua;charset=utf8mb4
[2026-05-27T11:05:22+08:00][sql] SHOW FULL COLUMNS FROM `cmf_option` [ RunTime:0.002038s ]
[2026-05-27T11:05:22+08:00][sql] SELECT `option_value` FROM `cmf_option` WHERE  `option_name` = 'cdn_settings' LIMIT 1 [ RunTime:0.000331s ]
[2026-05-27T11:05:22+08:00][sql] SELECT `option_value` FROM `cmf_option` WHERE  `option_name` = 'cdn_settings' LIMIT 1 [ RunTime:0.000258s ]
[2026-05-27T11:05:22+08:00][sql] SHOW FULL COLUMNS FROM `cmf_product_category` [ RunTime:0.000904s ]
[2026-05-27T11:05:22+08:00][sql] SELECT * FROM `cmf_product_category` WHERE  `parent_id` = 0 ORDER BY `list_order` ASC,`create_time` DESC [ RunTime:0.000801s ]
[2026-05-27T11:05:22+08:00][sql] SELECT * FROM `cmf_product_category` WHERE  `parent_id` IN (28,19,22,23,25,27,30) [ RunTime:0.000295s ]
[2026-05-27T11:05:22+08:00][sql] SHOW FULL COLUMNS FROM `cmf_portal_category` [ RunTime:0.000875s ]
[2026-05-27T11:05:22+08:00][sql] SELECT * FROM `cmf_portal_category` WHERE (  `type` = 8 ) AND `cmf_portal_category`.`delete_time` = '0' ORDER BY `list_order` ASC [ RunTime:0.000675s ]
[2026-05-27T11:05:22+08:00][sql] SHOW FULL COLUMNS FROM `cmf_product` [ RunTime:0.002154s ]
[2026-05-27T11:05:22+08:00][sql] SELECT * FROM `cmf_product` WHERE  `alias` = ':slug' LIMIT 1 [ RunTime:0.002303s ]
[2026-05-27T11:05:45+08:00][sql] CONNECT:[ UseTime:0.000673s ] mysql:host=127.0.0.1;port=3306;dbname=weihua;charset=utf8mb4
[2026-05-27T11:05:45+08:00][sql] SHOW FULL COLUMNS FROM `cmf_option` [ RunTime:0.001085s ]
[2026-05-27T11:05:45+08:00][sql] SELECT `option_value` FROM `cmf_option` WHERE  `option_name` = 'cdn_settings' LIMIT 1 [ RunTime:0.000220s ]
[2026-05-27T11:05:45+08:00][sql] SELECT `option_value` FROM `cmf_option` WHERE  `option_name` = 'cdn_settings' LIMIT 1 [ RunTime:0.000631s ]
[2026-05-27T11:05:45+08:00][sql] SHOW FULL COLUMNS FROM `cmf_product_category` [ RunTime:0.001091s ]
[2026-05-27T11:05:45+08:00][sql] SELECT * FROM `cmf_product_category` WHERE  `parent_id` = 0 ORDER BY `list_order` ASC,`create_time` DESC [ RunTime:0.000512s ]
[2026-05-27T11:05:45+08:00][sql] SELECT * FROM `cmf_product_category` WHERE  `parent_id` IN (28,19,22,23,25,27,30) [ RunTime:0.000281s ]
[2026-05-27T11:05:45+08:00][sql] SHOW FULL COLUMNS FROM `cmf_portal_category` [ RunTime:0.000891s ]
[2026-05-27T11:05:45+08:00][sql] SELECT * FROM `cmf_portal_category` WHERE (  `type` = 8 ) AND `cmf_portal_category`.`delete_time` = '0' ORDER BY `list_order` ASC [ RunTime:0.000482s ]
[2026-05-27T11:05:45+08:00][sql] SHOW FULL COLUMNS FROM `cmf_slide_item` [ RunTime:0.000805s ]
[2026-05-27T11:05:45+08:00][sql] SELECT `title`,`description`,`image`,`url`,`target`,`content` FROM `cmf_slide_item` WHERE  `slide_id` = 1 ORDER BY `list_order` ASC [ RunTime:0.001035s ]
[2026-05-27T11:05:45+08:00][sql] SHOW FULL COLUMNS FROM `cmf_slide` [ RunTime:0.000716s ]
[2026-05-27T11:05:45+08:00][sql] SELECT * FROM `cmf_slide` WHERE  `name` LIKE '%choose%' OR `name` LIKE '%选择%' LIMIT 1 [ RunTime:0.000452s ]
[2026-05-27T11:05:45+08:00][sql] SELECT `title`,`description`,`image`,`url`,`target`,`content` FROM `cmf_slide_item` WHERE  `slide_id` = 14  AND `status` = 1 ORDER BY `list_order` ASC [ RunTime:0.000279s ]
[2026-05-27T11:05:45+08:00][sql] SELECT * FROM `cmf_product_category` WHERE  `parent_id` = 0  AND `recommend` = 1 ORDER BY `list_order` ASC,`create_time` DESC [ RunTime:0.000257s ]
[2026-05-27T11:05:45+08:00][sql] SHOW FULL COLUMNS FROM `cmf_product` [ RunTime:0.000978s ]
[2026-05-27T11:05:45+08:00][sql] SELECT `id`,`title`,`thumbnail`,`industry` FROM `cmf_product` WHERE  `is_recommended` = 1  AND `category_id` = 28 ORDER BY `list_order` ASC LIMIT 6 [ RunTime:0.000495s ]
[2026-05-27T11:05:45+08:00][sql] SELECT `id`,`title`,`thumbnail`,`industry` FROM `cmf_product` WHERE  `is_recommended` = 1  AND `category_id` = 19 ORDER BY `list_order` ASC LIMIT 6 [ RunTime:0.000288s ]
[2026-05-27T11:05:45+08:00][sql] SELECT `id`,`title`,`thumbnail`,`industry` FROM `cmf_product` WHERE  `is_recommended` = 1  AND `category_id` = 23 ORDER BY `list_order` ASC LIMIT 6 [ RunTime:0.000264s ]
[2026-05-27T11:05:45+08:00][sql] SHOW FULL COLUMNS FROM `cmf_portal_post` [ RunTime:0.001529s ]
[2026-05-27T11:05:45+08:00][sql] SELECT `p`.`id`,`p`.`post_title`,`p`.`post_excerpt`,`p`.`thumbnail`,`p`.`create_time`,`c`.`category_id` FROM `cmf_portal_post` `p` INNER JOIN `cmf_portal_category_post` `c` ON `p`.`id`=`c`.`post_id` WHERE (  `p`.`post_type` = '8' ) AND `p`.`delete_time` = '0' ORDER BY `c`.`list_order` ASC,`p`.`create_time` DESC [ RunTime:0.001191s ]
[2026-05-27T11:05:45+08:00][sql] SELECT `id`,`post_title`,`post_excerpt`,`more` FROM `cmf_portal_post` WHERE (  `post_type` = 3 ) AND `cmf_portal_post`.`delete_time` = '0' ORDER BY `create_time` DESC [ RunTime:0.000472s ]
[2026-05-27T11:05:45+08:00][sql] SHOW FULL COLUMNS FROM `cmf_theme_file` [ RunTime:0.001386s ]
[2026-05-27T11:05:45+08:00][sql] SELECT `more`,`file`,`id` FROM `cmf_theme_file` WHERE  `theme` = 'simpleboot3'  AND (  `is_public` = 1 OR `file` = 'portal/index' ) ORDER BY `is_public` DESC [ RunTime:0.000631s ]
[2026-05-27T11:05:45+08:00][sql] SELECT `option_value` FROM `cmf_option` WHERE  `option_name` = 'storage' LIMIT 1 [ RunTime:0.000246s ]
[2026-05-27T11:07:20+08:00][sql] CONNECT:[ UseTime:0.000936s ] mysql:host=127.0.0.1;port=3306;dbname=weihua;charset=utf8mb4
[2026-05-27T11:07:20+08:00][sql] SHOW FULL COLUMNS FROM `cmf_option` [ RunTime:0.001356s ]
[2026-05-27T11:07:20+08:00][sql] SELECT `option_value` FROM `cmf_option` WHERE  `option_name` = 'cdn_settings' LIMIT 1 [ RunTime:0.000320s ]
[2026-05-27T11:07:20+08:00][sql] SELECT `option_value` FROM `cmf_option` WHERE  `option_name` = 'cdn_settings' LIMIT 1 [ RunTime:0.000353s ]
[2026-05-27T11:07:20+08:00][sql] SHOW FULL COLUMNS FROM `cmf_product_category` [ RunTime:0.001627s ]
[2026-05-27T11:07:20+08:00][sql] SELECT * FROM `cmf_product_category` WHERE  `parent_id` = 0 ORDER BY `list_order` ASC,`create_time` DESC [ RunTime:0.000809s ]
[2026-05-27T11:07:20+08:00][sql] SELECT * FROM `cmf_product_category` WHERE  `parent_id` IN (28,19,22,23,25,27,30) [ RunTime:0.000343s ]
[2026-05-27T11:07:20+08:00][sql] SHOW FULL COLUMNS FROM `cmf_portal_category` [ RunTime:0.001184s ]
[2026-05-27T11:07:20+08:00][sql] SELECT * FROM `cmf_portal_category` WHERE (  `type` = 8 ) AND `cmf_portal_category`.`delete_time` = '0' ORDER BY `list_order` ASC [ RunTime:0.000608s ]
[2026-05-27T11:07:20+08:00][sql] SHOW FULL COLUMNS FROM `cmf_product` [ RunTime:0.001360s ]
[2026-05-27T11:07:20+08:00][sql] SELECT * FROM `cmf_product` WHERE  `alias` = 'ld-single-girder-overhead-crane' LIMIT 1 [ RunTime:0.001135s ]
[2026-05-27T11:07:46+08:00][sql] CONNECT:[ UseTime:0.016236s ] mysql:host=127.0.0.1;port=3306;dbname=weihua;charset=utf8mb4
[2026-05-27T11:07:46+08:00][sql] SHOW FULL COLUMNS FROM `cmf_option` [ RunTime:0.004115s ]
[2026-05-27T11:07:46+08:00][sql] SELECT `option_value` FROM `cmf_option` WHERE  `option_name` = 'cdn_settings' LIMIT 1 [ RunTime:0.000900s ]
[2026-05-27T11:07:46+08:00][sql] SELECT `option_value` FROM `cmf_option` WHERE  `option_name` = 'cdn_settings' LIMIT 1 [ RunTime:0.000687s ]
[2026-05-27T11:07:46+08:00][sql] SHOW FULL COLUMNS FROM `cmf_product_category` [ RunTime:0.001982s ]
[2026-05-27T11:07:46+08:00][sql] SELECT * FROM `cmf_product_category` WHERE  `parent_id` = 0 ORDER BY `list_order` ASC,`create_time` DESC [ RunTime:0.000672s ]
[2026-05-27T11:07:46+08:00][sql] SELECT * FROM `cmf_product_category` WHERE  `parent_id` IN (28,19,22,23,25,27,30) [ RunTime:0.000714s ]
[2026-05-27T11:07:46+08:00][sql] SHOW FULL COLUMNS FROM `cmf_portal_category` [ RunTime:0.001528s ]
[2026-05-27T11:07:46+08:00][sql] SELECT * FROM `cmf_portal_category` WHERE (  `type` = 8 ) AND `cmf_portal_category`.`delete_time` = '0' ORDER BY `list_order` ASC [ RunTime:0.000496s ]
[2026-05-27T11:07:46+08:00][sql] SELECT `option_value` FROM `cmf_option` WHERE  `option_name` = 'product_category_hero_settings' LIMIT 1 [ RunTime:0.000297s ]
[2026-05-27T11:07:46+08:00][sql] SHOW FULL COLUMNS FROM `cmf_product` [ RunTime:0.001718s ]
[2026-05-27T11:07:46+08:00][sql] SELECT COUNT(*) AS think_count FROM `cmf_product` WHERE  `category_id` = 28 LIMIT 1 [ RunTime:0.000819s ]
[2026-05-27T11:07:46+08:00][sql] SELECT COUNT(*) AS think_count FROM `cmf_product` WHERE  `category_id` = 19 LIMIT 1 [ RunTime:0.000290s ]
[2026-05-27T11:07:46+08:00][sql] SELECT COUNT(*) AS think_count FROM `cmf_product` WHERE  `category_id` = 22 LIMIT 1 [ RunTime:0.000324s ]
[2026-05-27T11:07:46+08:00][sql] SELECT COUNT(*) AS think_count FROM `cmf_product` WHERE  `category_id` = 23 LIMIT 1 [ RunTime:0.000271s ]
[2026-05-27T11:07:46+08:00][sql] SELECT COUNT(*) AS think_count FROM `cmf_product` WHERE  `category_id` = 25 LIMIT 1 [ RunTime:0.000252s ]
[2026-05-27T11:07:46+08:00][sql] SELECT COUNT(*) AS think_count FROM `cmf_product` WHERE  `category_id` = 27 LIMIT 1 [ RunTime:0.000237s ]
[2026-05-27T11:07:46+08:00][sql] SELECT * FROM `cmf_product` WHERE  `category_id` = 27  AND `thumbnail` <> '' ORDER BY `list_order` ASC,`id` DESC LIMIT 1 [ RunTime:0.001152s ]
[2026-05-27T11:07:46+08:00][sql] SELECT COUNT(*) AS think_count FROM `cmf_product` WHERE  `category_id` = 30 LIMIT 1 [ RunTime:0.000282s ]
[2026-05-27T11:07:46+08:00][sql] SELECT COUNT(*) AS think_count FROM `cmf_product` LIMIT 1 [ RunTime:0.000281s ]
[2026-05-27T11:07:46+08:00][sql] SELECT `id`,`category_id`,`title`,`thumbnail`,`industry`,`overview` FROM `cmf_product` ORDER BY `list_order` ASC,`create_time` DESC LIMIT 0,12 [ RunTime:0.001316s ]
[2026-05-27T11:07:46+08:00][sql] SHOW FULL COLUMNS FROM `cmf_slide_item` [ RunTime:0.001332s ]
[2026-05-27T11:07:46+08:00][sql] SELECT `title`,`description`,`image` FROM `cmf_slide_item` WHERE  `slide_id` = 2  AND `status` = 1 ORDER BY `list_order` ASC,`id` DESC LIMIT 1 [ RunTime:0.001076s ]
[2026-05-27T11:07:46+08:00][sql] SELECT `option_value` FROM `cmf_option` WHERE  `option_name` = 'storage' LIMIT 1 [ RunTime:0.000253s ]
[2026-05-27T11:07:46+08:00][sql] SHOW FULL COLUMNS FROM `cmf_portal_post` [ RunTime:0.001785s ]
[2026-05-27T11:07:46+08:00][sql] SELECT `id`,`post_title`,`post_excerpt`,`more` FROM `cmf_portal_post` WHERE (  `post_type` = 3 ) AND `cmf_portal_post`.`delete_time` = '0' ORDER BY `create_time` DESC [ RunTime:0.000677s ]
[2026-05-27T11:07:46+08:00][sql] SHOW FULL COLUMNS FROM `cmf_theme_file` [ RunTime:0.001757s ]
[2026-05-27T11:07:46+08:00][sql] SELECT `more`,`file`,`id` FROM `cmf_theme_file` WHERE  `theme` = 'simpleboot3'  AND (  `is_public` = 1 OR `file` = 'portal/product' ) ORDER BY `is_public` DESC [ RunTime:0.000493s ]
[2026-05-27T11:07:48+08:00][sql] CONNECT:[ UseTime:0.000882s ] mysql:host=127.0.0.1;port=3306;dbname=weihua;charset=utf8mb4
[2026-05-27T11:07:48+08:00][sql] SHOW FULL COLUMNS FROM `cmf_option` [ RunTime:0.001554s ]
[2026-05-27T11:07:48+08:00][sql] SELECT `option_value` FROM `cmf_option` WHERE  `option_name` = 'cdn_settings' LIMIT 1 [ RunTime:0.000291s ]
[2026-05-27T11:07:48+08:00][sql] SELECT `option_value` FROM `cmf_option` WHERE  `option_name` = 'cdn_settings' LIMIT 1 [ RunTime:0.000391s ]
[2026-05-27T11:07:48+08:00][sql] SHOW FULL COLUMNS FROM `cmf_product_category` [ RunTime:0.000972s ]
[2026-05-27T11:07:48+08:00][sql] SELECT * FROM `cmf_product_category` WHERE  `parent_id` = 0 ORDER BY `list_order` ASC,`create_time` DESC [ RunTime:0.000291s ]
[2026-05-27T11:07:48+08:00][sql] SELECT * FROM `cmf_product_category` WHERE  `parent_id` IN (28,19,22,23,25,27,30) [ RunTime:0.000312s ]
[2026-05-27T11:07:48+08:00][sql] SHOW FULL COLUMNS FROM `cmf_portal_category` [ RunTime:0.001146s ]
[2026-05-27T11:07:48+08:00][sql] SELECT * FROM `cmf_portal_category` WHERE (  `type` = 8 ) AND `cmf_portal_category`.`delete_time` = '0' ORDER BY `list_order` ASC [ RunTime:0.000365s ]
[2026-05-27T11:07:48+08:00][sql] SELECT * FROM `cmf_product_category` WHERE  `id` = 28 LIMIT 1 [ RunTime:0.000402s ]
[2026-05-27T11:07:48+08:00][sql] SHOW FULL COLUMNS FROM `cmf_product` [ RunTime:0.001515s ]
[2026-05-27T11:07:48+08:00][sql] SELECT COUNT(*) AS think_count FROM `cmf_product` WHERE  `category_id` = 28 LIMIT 1 [ RunTime:0.000353s ]
[2026-05-27T11:07:48+08:00][sql] SELECT COUNT(*) AS think_count FROM `cmf_product` WHERE  `category_id` = 19 LIMIT 1 [ RunTime:0.000264s ]
[2026-05-27T11:07:48+08:00][sql] SELECT COUNT(*) AS think_count FROM `cmf_product` WHERE  `category_id` = 22 LIMIT 1 [ RunTime:0.000306s ]
[2026-05-27T11:07:48+08:00][sql] SELECT COUNT(*) AS think_count FROM `cmf_product` WHERE  `category_id` = 23 LIMIT 1 [ RunTime:0.000433s ]
[2026-05-27T11:07:48+08:00][sql] SELECT COUNT(*) AS think_count FROM `cmf_product` WHERE  `category_id` = 25 LIMIT 1 [ RunTime:0.000380s ]
[2026-05-27T11:07:48+08:00][sql] SELECT COUNT(*) AS think_count FROM `cmf_product` WHERE  `category_id` = 27 LIMIT 1 [ RunTime:0.000272s ]
[2026-05-27T11:07:48+08:00][sql] SELECT * FROM `cmf_product` WHERE  `category_id` = 27  AND `thumbnail` <> '' ORDER BY `list_order` ASC,`id` DESC LIMIT 1 [ RunTime:0.000566s ]
[2026-05-27T11:07:48+08:00][sql] SELECT COUNT(*) AS think_count FROM `cmf_product` WHERE  `category_id` = 30 LIMIT 1 [ RunTime:0.000355s ]
[2026-05-27T11:07:48+08:00][sql] SELECT COUNT(*) AS think_count FROM `cmf_product` WHERE  `category_id` = 28 LIMIT 1 [ RunTime:0.000439s ]
[2026-05-27T11:07:48+08:00][sql] SELECT `id`,`category_id`,`title`,`thumbnail`,`industry`,`overview` FROM `cmf_product` WHERE  `category_id` = 28 ORDER BY `list_order` ASC,`create_time` DESC LIMIT 0,12 [ RunTime:0.000704s ]
[2026-05-27T11:07:48+08:00][sql] SHOW FULL COLUMNS FROM `cmf_slide_item` [ RunTime:0.001033s ]
[2026-05-27T11:07:48+08:00][sql] SELECT `title`,`description`,`image` FROM `cmf_slide_item` WHERE  `slide_id` = 2  AND `status` = 1 ORDER BY `list_order` ASC,`id` DESC LIMIT 1 [ RunTime:0.000567s ]
[2026-05-27T11:07:48+08:00][sql] SELECT `option_value` FROM `cmf_option` WHERE  `option_name` = 'storage' LIMIT 1 [ RunTime:0.000260s ]
[2026-05-27T11:07:48+08:00][sql] SELECT `option_value` FROM `cmf_option` WHERE  `option_name` = 'product_category_faq_settings' LIMIT 1 [ RunTime:0.000279s ]
[2026-05-27T11:07:48+08:00][sql] SHOW FULL COLUMNS FROM `cmf_portal_post` [ RunTime:0.002294s ]
[2026-05-27T11:07:48+08:00][sql] SELECT `id`,`post_title`,`post_excerpt`,`more` FROM `cmf_portal_post` WHERE (  `post_type` = 3 ) AND `cmf_portal_post`.`delete_time` = '0' ORDER BY `create_time` DESC [ RunTime:0.000856s ]
[2026-05-27T11:07:48+08:00][sql] SHOW FULL COLUMNS FROM `cmf_theme_file` [ RunTime:0.001986s ]
[2026-05-27T11:07:48+08:00][sql] SELECT `more`,`file`,`id` FROM `cmf_theme_file` WHERE  `theme` = 'simpleboot3'  AND (  `is_public` = 1 OR `file` = 'portal/product' ) ORDER BY `is_public` DESC [ RunTime:0.000631s ]
[2026-05-27T11:07:50+08:00][sql] CONNECT:[ UseTime:0.001940s ] mysql:host=127.0.0.1;port=3306;dbname=weihua;charset=utf8mb4
[2026-05-27T11:07:50+08:00][sql] SHOW FULL COLUMNS FROM `cmf_option` [ RunTime:0.002179s ]
[2026-05-27T11:07:50+08:00][sql] SELECT `option_value` FROM `cmf_option` WHERE  `option_name` = 'cdn_settings' LIMIT 1 [ RunTime:0.000273s ]
[2026-05-27T11:07:50+08:00][sql] SELECT `option_value` FROM `cmf_option` WHERE  `option_name` = 'cdn_settings' LIMIT 1 [ RunTime:0.000259s ]
[2026-05-27T11:07:50+08:00][sql] SHOW FULL COLUMNS FROM `cmf_product_category` [ RunTime:0.001095s ]
[2026-05-27T11:07:50+08:00][sql] SELECT * FROM `cmf_product_category` WHERE  `parent_id` = 0 ORDER BY `list_order` ASC,`create_time` DESC [ RunTime:0.000307s ]
[2026-05-27T11:07:50+08:00][sql] SELECT * FROM `cmf_product_category` WHERE  `parent_id` IN (28,19,22,23,25,27,30) [ RunTime:0.000299s ]
[2026-05-27T11:07:50+08:00][sql] SHOW FULL COLUMNS FROM `cmf_portal_category` [ RunTime:0.002462s ]
[2026-05-27T11:07:50+08:00][sql] SELECT * FROM `cmf_portal_category` WHERE (  `type` = 8 ) AND `cmf_portal_category`.`delete_time` = '0' ORDER BY `list_order` ASC [ RunTime:0.000488s ]
[2026-05-27T11:07:50+08:00][sql] SHOW FULL COLUMNS FROM `cmf_product` [ RunTime:0.001700s ]
[2026-05-27T11:07:50+08:00][sql] SELECT * FROM `cmf_product` WHERE  `id` = 183 LIMIT 1 [ RunTime:0.000603s ]
[2026-05-27T11:07:50+08:00][sql] SELECT * FROM `cmf_product_category` WHERE  `id` = 28 LIMIT 1 [ RunTime:0.000248s ]
[2026-05-27T11:07:50+08:00][sql] SELECT `option_value` FROM `cmf_option` WHERE  `option_name` = 'product_setting' LIMIT 1 [ RunTime:0.000237s ]
[2026-05-27T11:07:50+08:00][sql] SELECT `id`,`title`,`industry`,`thumbnail` FROM `cmf_product` WHERE  `id` <> 183  AND `is_recommended` = 1  AND `category_id` = 28 ORDER BY RAND() LIMIT 4 [ RunTime:0.001707s ]
[2026-05-27T11:07:50+08:00][sql] SHOW FULL COLUMNS FROM `cmf_slide_item` [ RunTime:0.001259s ]
[2026-05-27T11:07:50+08:00][sql] SELECT `title`,`description`,`image` FROM `cmf_slide_item` WHERE  `slide_id` = 2  AND `status` = 1 ORDER BY `list_order` ASC,`id` DESC LIMIT 1 [ RunTime:0.001248s ]
[2026-05-27T11:07:50+08:00][sql] SHOW FULL COLUMNS FROM `cmf_theme_file` [ RunTime:0.002245s ]
[2026-05-27T11:07:50+08:00][sql] SELECT `more`,`file`,`id` FROM `cmf_theme_file` WHERE  `theme` = 'simpleboot3'  AND (  `is_public` = 1 OR `file` = 'portal/product-info' ) ORDER BY `is_public` DESC [ RunTime:0.000617s ]
[2026-05-27T11:07:50+08:00][sql] SELECT `option_value` FROM `cmf_option` WHERE  `option_name` = 'storage' LIMIT 1 [ RunTime:0.000449s ]
[2026-05-27T11:08:07+08:00][sql] CONNECT:[ UseTime:0.001321s ] mysql:host=127.0.0.1;port=3306;dbname=weihua;charset=utf8mb4
[2026-05-27T11:08:07+08:00][sql] SHOW FULL COLUMNS FROM `cmf_option` [ RunTime:0.002038s ]
[2026-05-27T11:08:07+08:00][sql] SELECT `option_value` FROM `cmf_option` WHERE  `option_name` = 'cdn_settings' LIMIT 1 [ RunTime:0.000340s ]
[2026-05-27T11:08:07+08:00][sql] SELECT `option_value` FROM `cmf_option` WHERE  `option_name` = 'cdn_settings' LIMIT 1 [ RunTime:0.000403s ]
[2026-05-27T11:08:07+08:00][sql] SHOW FULL COLUMNS FROM `cmf_product_category` [ RunTime:0.001262s ]
[2026-05-27T11:08:07+08:00][sql] SELECT * FROM `cmf_product_category` WHERE  `parent_id` = 0 ORDER BY `list_order` ASC,`create_time` DESC [ RunTime:0.000355s ]
[2026-05-27T11:08:07+08:00][sql] SELECT * FROM `cmf_product_category` WHERE  `parent_id` IN (28,19,22,23,25,27,30) [ RunTime:0.000322s ]
[2026-05-27T11:08:07+08:00][sql] SHOW FULL COLUMNS FROM `cmf_portal_category` [ RunTime:0.001077s ]
[2026-05-27T11:08:07+08:00][sql] SELECT * FROM `cmf_portal_category` WHERE (  `type` = 8 ) AND `cmf_portal_category`.`delete_time` = '0' ORDER BY `list_order` ASC [ RunTime:0.000319s ]
[2026-05-27T11:08:07+08:00][sql] SHOW FULL COLUMNS FROM `cmf_product` [ RunTime:0.002016s ]
[2026-05-27T11:08:07+08:00][sql] SELECT * FROM `cmf_product` WHERE  `id` = 176 LIMIT 1 [ RunTime:0.000495s ]
[2026-05-27T11:08:07+08:00][sql] SELECT * FROM `cmf_product_category` WHERE  `id` = 28 LIMIT 1 [ RunTime:0.000311s ]
[2026-05-27T11:08:07+08:00][sql] SELECT `id`,`title`,`industry`,`thumbnail` FROM `cmf_product` WHERE  `id` <> 176  AND `is_recommended` = 1  AND `category_id` = 28 ORDER BY RAND() LIMIT 4 [ RunTime:0.000565s ]
[2026-05-27T11:08:07+08:00][sql] SHOW FULL COLUMNS FROM `cmf_slide_item` [ RunTime:0.001062s ]
[2026-05-27T11:08:07+08:00][sql] SELECT `title`,`description`,`image` FROM `cmf_slide_item` WHERE  `slide_id` = 2  AND `status` = 1 ORDER BY `list_order` ASC,`id` DESC LIMIT 1 [ RunTime:0.000376s ]
[2026-05-27T11:08:07+08:00][sql] SHOW FULL COLUMNS FROM `cmf_theme_file` [ RunTime:0.000924s ]
[2026-05-27T11:08:07+08:00][sql] SELECT `more`,`file`,`id` FROM `cmf_theme_file` WHERE  `theme` = 'simpleboot3'  AND (  `is_public` = 1 OR `file` = 'portal/product-info' ) ORDER BY `is_public` DESC [ RunTime:0.000326s ]
[2026-05-27T11:08:07+08:00][sql] SELECT `option_value` FROM `cmf_option` WHERE  `option_name` = 'storage' LIMIT 1 [ RunTime:0.000239s ]
[2026-05-27T11:10:17+08:00][sql] CONNECT:[ UseTime:0.001752s ] mysql:host=127.0.0.1;port=3306;dbname=weihua;charset=utf8mb4
[2026-05-27T11:10:17+08:00][sql] SHOW FULL COLUMNS FROM `cmf_hook` [ RunTime:0.002485s ]
[2026-05-27T11:10:17+08:00][sql] SELECT `hook`,`id` FROM `cmf_hook` WHERE  (  (  `app` = '' OR `app` = 'cmf' )  AND `type` = 3 ) OR `type` = 1 [ RunTime:0.001151s ]
[2026-05-27T11:10:17+08:00][sql] SHOW FULL COLUMNS FROM `cmf_hook_plugin` [ RunTime:0.000999s ]
[2026-05-27T11:10:17+08:00][sql] SELECT `hook`,`plugin` FROM `cmf_hook_plugin` WHERE  `status` = 1  AND `hook` IN ('app_begin','module_init','action_begin','view_filter','app_end','log_write','response_end','admin_init','home_init','send_mobile_verification_code','body_start','before_head_end','footer_start','before_footer','before_footer_end','before_body_end','left_sidebar_start','before_left_sidebar_end','right_sidebar_start','before_right_sidebar_end','comment','guestbook','switch_theme','after_content','before_content','log_write_done','switch_admin_theme','captcha_image','user_login_start') ORDER BY `list_order` ASC [ RunTime:0.000980s ]
[2026-05-27T11:10:17+08:00][sql] SELECT `hook` FROM `cmf_hook` WHERE  `app` = 'portal' [ RunTime:0.000581s ]
[2026-05-27T11:10:17+08:00][sql] SELECT `hook`,`plugin` FROM `cmf_hook_plugin` WHERE  `status` = 1  AND `hook` IN ('portal_before_assign_article','portal_admin_after_save_article','portal_admin_article_index_view','portal_admin_article_add_view','portal_admin_article_edit_view','portal_admin_category_index_view','portal_admin_category_add_view','portal_admin_category_edit_view','portal_admin_page_index_view','portal_admin_page_add_view','portal_admin_page_edit_view','portal_admin_tag_index_view','portal_admin_article_edit_view_right_sidebar','portal_admin_article_edit_view_main') ORDER BY `list_order` ASC [ RunTime:0.000373s ]
[2026-05-27T11:10:17+08:00][sql] SHOW FULL COLUMNS FROM `cmf_plugin` [ RunTime:0.001266s ]
[2026-05-27T11:10:17+08:00][sql] SELECT `config` FROM `cmf_plugin` WHERE  `name` = 'SwitchTheme' LIMIT 1 [ RunTime:0.000454s ]
[2026-05-27T11:10:17+08:00][sql] SHOW FULL COLUMNS FROM `cmf_option` [ RunTime:0.003570s ]
[2026-05-27T11:10:17+08:00][sql] SELECT `option_value` FROM `cmf_option` WHERE  `option_name` = 'cdn_settings' LIMIT 1 [ RunTime:0.000685s ]
[2026-05-27T11:10:17+08:00][sql] SELECT `option_value` FROM `cmf_option` WHERE  `option_name` = 'cdn_settings' LIMIT 1 [ RunTime:0.000637s ]
[2026-05-27T11:10:17+08:00][sql] SHOW FULL COLUMNS FROM `cmf_product` [ RunTime:0.002199s ]
[2026-05-27T11:10:17+08:00][sql] SELECT `id`,`alias`,`update_time`,`create_time` FROM `cmf_product` WHERE  ( delete_time IS NULL OR delete_time = 0 )  AND `alias` <> '' [ RunTime:0.001239s ]
[2026-05-27T11:10:17+08:00][sql] SHOW FULL COLUMNS FROM `cmf_route` [ RunTime:0.001232s ]
[2026-05-27T11:10:17+08:00][sql] SELECT * FROM `cmf_route` WHERE  `status` = 1 ORDER BY `list_order` ASC [ RunTime:0.000462s ]
[2026-05-27T11:11:00+08:00][sql] CONNECT:[ UseTime:0.001415s ] mysql:host=127.0.0.1;port=3306;dbname=weihua;charset=utf8mb4
[2026-05-27T11:11:00+08:00][sql] SHOW FULL COLUMNS FROM `cmf_option` [ RunTime:0.001703s ]
[2026-05-27T11:11:00+08:00][sql] SELECT `option_value` FROM `cmf_option` WHERE  `option_name` = 'cdn_settings' LIMIT 1 [ RunTime:0.000301s ]
[2026-05-27T11:11:00+08:00][sql] SELECT `option_value` FROM `cmf_option` WHERE  `option_name` = 'cdn_settings' LIMIT 1 [ RunTime:0.000585s ]
[2026-05-27T11:11:00+08:00][sql] SHOW FULL COLUMNS FROM `cmf_portal_post` [ RunTime:0.001616s ]
[2026-05-27T11:11:00+08:00][sql] SELECT `id`,`post_title`,`post_alias`,`update_time`,`create_time` FROM `cmf_portal_post` WHERE (  `post_type` = 3  AND ( delete_time IS NULL OR delete_time = 0 ) ) AND `cmf_portal_post`.`delete_time` = '0' [ RunTime:0.001355s ]
[2026-05-27T11:11:29+08:00][sql] CONNECT:[ UseTime:0.000835s ] mysql:host=127.0.0.1;port=3306;dbname=weihua;charset=utf8mb4
[2026-05-27T11:11:29+08:00][sql] SHOW FULL COLUMNS FROM `cmf_option` [ RunTime:0.002334s ]
[2026-05-27T11:11:29+08:00][sql] SELECT `option_value` FROM `cmf_option` WHERE  `option_name` = 'cdn_settings' LIMIT 1 [ RunTime:0.000758s ]
[2026-05-27T11:11:29+08:00][sql] SELECT `option_value` FROM `cmf_option` WHERE  `option_name` = 'cdn_settings' LIMIT 1 [ RunTime:0.000769s ]
[2026-05-27T11:11:29+08:00][sql] SHOW FULL COLUMNS FROM `cmf_portal_post` [ RunTime:0.002440s ]
[2026-05-27T11:11:29+08:00][sql] SELECT `id`,`post_title`,`post_alias`,`update_time`,`create_time` FROM `cmf_portal_post` WHERE (  `post_type` = 8  AND ( delete_time IS NULL OR delete_time = 0 ) ) AND `cmf_portal_post`.`delete_time` = '0' [ RunTime:0.000443s ]
[2026-05-27T11:13:52+08:00][sql] CONNECT:[ UseTime:0.000785s ] mysql:host=127.0.0.1;port=3306;dbname=weihua;charset=utf8mb4
[2026-05-27T11:13:52+08:00][sql] SHOW FULL COLUMNS FROM `cmf_hook` [ RunTime:0.001218s ]
[2026-05-27T11:13:52+08:00][sql] SELECT `hook`,`id` FROM `cmf_hook` WHERE  (  (  `app` = '' OR `app` = 'cmf' )  AND `type` = 3 ) OR `type` = 1 [ RunTime:0.000393s ]
[2026-05-27T11:13:52+08:00][sql] SHOW FULL COLUMNS FROM `cmf_hook_plugin` [ RunTime:0.000697s ]
[2026-05-27T11:13:52+08:00][sql] SELECT `hook`,`plugin` FROM `cmf_hook_plugin` WHERE  `status` = 1  AND `hook` IN ('app_begin','module_init','action_begin','view_filter','app_end','log_write','response_end','admin_init','home_init','send_mobile_verification_code','body_start','before_head_end','footer_start','before_footer','before_footer_end','before_body_end','left_sidebar_start','before_left_sidebar_end','right_sidebar_start','before_right_sidebar_end','comment','guestbook','switch_theme','after_content','before_content','log_write_done','switch_admin_theme','captcha_image','user_login_start') ORDER BY `list_order` ASC [ RunTime:0.000288s ]
[2026-05-27T11:13:52+08:00][sql] SELECT `hook` FROM `cmf_hook` WHERE  `app` = 'portal' [ RunTime:0.000705s ]
[2026-05-27T11:13:52+08:00][sql] SELECT `hook`,`plugin` FROM `cmf_hook_plugin` WHERE  `status` = 1  AND `hook` IN ('portal_before_assign_article','portal_admin_after_save_article','portal_admin_article_index_view','portal_admin_article_add_view','portal_admin_article_edit_view','portal_admin_category_index_view','portal_admin_category_add_view','portal_admin_category_edit_view','portal_admin_page_index_view','portal_admin_page_add_view','portal_admin_page_edit_view','portal_admin_tag_index_view','portal_admin_article_edit_view_right_sidebar','portal_admin_article_edit_view_main') ORDER BY `list_order` ASC [ RunTime:0.000416s ]
[2026-05-27T11:13:52+08:00][sql] SHOW FULL COLUMNS FROM `cmf_plugin` [ RunTime:0.001592s ]
[2026-05-27T11:13:52+08:00][sql] SELECT `config` FROM `cmf_plugin` WHERE  `name` = 'SwitchTheme' LIMIT 1 [ RunTime:0.000306s ]
[2026-05-27T11:13:52+08:00][sql] SHOW FULL COLUMNS FROM `cmf_option` [ RunTime:0.001981s ]
[2026-05-27T11:13:52+08:00][sql] SELECT `option_value` FROM `cmf_option` WHERE  `option_name` = 'cdn_settings' LIMIT 1 [ RunTime:0.000370s ]
[2026-05-27T11:13:52+08:00][sql] SELECT `option_value` FROM `cmf_option` WHERE  `option_name` = 'cdn_settings' LIMIT 1 [ RunTime:0.000562s ]
[2026-05-27T11:13:52+08:00][sql] SHOW FULL COLUMNS FROM `cmf_portal_post` [ RunTime:0.002146s ]
[2026-05-27T11:13:52+08:00][sql] SELECT `id`,`post_title`,`post_alias`,`update_time`,`create_time` FROM `cmf_portal_post` WHERE (  `post_type` = 8  AND ( delete_time IS NULL OR delete_time = 0 ) ) AND `cmf_portal_post`.`delete_time` = '0' [ RunTime:0.000369s ]
[2026-05-27T11:14:50+08:00][sql] CONNECT:[ UseTime:0.001932s ] mysql:host=127.0.0.1;port=3306;dbname=weihua;charset=utf8mb4
[2026-05-27T11:14:50+08:00][sql] SHOW FULL COLUMNS FROM `cmf_option` [ RunTime:0.002406s ]
[2026-05-27T11:14:50+08:00][sql] SELECT `option_value` FROM `cmf_option` WHERE  `option_name` = 'cdn_settings' LIMIT 1 [ RunTime:0.000407s ]
[2026-05-27T11:14:50+08:00][sql] SELECT `option_value` FROM `cmf_option` WHERE  `option_name` = 'cdn_settings' LIMIT 1 [ RunTime:0.000818s ]
[2026-05-27T11:14:50+08:00][sql] SHOW FULL COLUMNS FROM `cmf_product` [ RunTime:0.002768s ]
[2026-05-27T11:14:50+08:00][sql] SELECT `id`,`alias`,`update_time`,`create_time` FROM `cmf_product` WHERE  ( delete_time IS NULL OR delete_time = 0 )  AND `alias` <> '' [ RunTime:0.001526s ]
[2026-05-27T11:15:28+08:00][sql] CONNECT:[ UseTime:0.001051s ] mysql:host=127.0.0.1;port=3306;dbname=weihua;charset=utf8mb4
[2026-05-27T11:15:28+08:00][sql] SHOW FULL COLUMNS FROM `cmf_option` [ RunTime:0.001449s ]
[2026-05-27T11:15:28+08:00][sql] SELECT `option_value` FROM `cmf_option` WHERE  `option_name` = 'cdn_settings' LIMIT 1 [ RunTime:0.000262s ]
[2026-05-27T11:15:28+08:00][sql] SELECT `option_value` FROM `cmf_option` WHERE  `option_name` = 'cdn_settings' LIMIT 1 [ RunTime:0.000343s ]
[2026-05-27T11:15:28+08:00][sql] SHOW FULL COLUMNS FROM `cmf_portal_post` [ RunTime:0.001849s ]
[2026-05-27T11:15:28+08:00][sql] SELECT `id`,`post_title`,`post_alias`,`update_time`,`create_time` FROM `cmf_portal_post` WHERE (  `post_type` = 3  AND ( delete_time IS NULL OR delete_time = 0 ) ) AND `cmf_portal_post`.`delete_time` = '0' [ RunTime:0.001519s ]
[2026-05-27T11:16:05+08:00][sql] CONNECT:[ UseTime:0.000905s ] mysql:host=127.0.0.1;port=3306;dbname=weihua;charset=utf8mb4
[2026-05-27T11:16:05+08:00][sql] SHOW FULL COLUMNS FROM `cmf_option` [ RunTime:0.001425s ]
[2026-05-27T11:16:05+08:00][sql] SELECT `option_value` FROM `cmf_option` WHERE  `option_name` = 'cdn_settings' LIMIT 1 [ RunTime:0.000271s ]
[2026-05-27T11:16:05+08:00][sql] SELECT `option_value` FROM `cmf_option` WHERE  `option_name` = 'cdn_settings' LIMIT 1 [ RunTime:0.000274s ]
[2026-05-27T11:16:32+08:00][sql] CONNECT:[ UseTime:0.001244s ] mysql:host=127.0.0.1;port=3306;dbname=weihua;charset=utf8mb4
[2026-05-27T11:16:32+08:00][sql] SHOW FULL COLUMNS FROM `cmf_option` [ RunTime:0.001533s ]
[2026-05-27T11:16:32+08:00][sql] SELECT `option_value` FROM `cmf_option` WHERE  `option_name` = 'cdn_settings' LIMIT 1 [ RunTime:0.000300s ]
[2026-05-27T11:16:32+08:00][sql] SELECT `option_value` FROM `cmf_option` WHERE  `option_name` = 'cdn_settings' LIMIT 1 [ RunTime:0.000530s ]
[2026-05-27T11:17:55+08:00][sql] CONNECT:[ UseTime:0.000798s ] mysql:host=127.0.0.1;port=3306;dbname=weihua;charset=utf8mb4
[2026-05-27T11:17:55+08:00][sql] SHOW FULL COLUMNS FROM `cmf_option` [ RunTime:0.001497s ]
[2026-05-27T11:17:55+08:00][sql] SELECT `option_value` FROM `cmf_option` WHERE  `option_name` = 'cdn_settings' LIMIT 1 [ RunTime:0.000324s ]
[2026-05-27T11:17:55+08:00][sql] SELECT `option_value` FROM `cmf_option` WHERE  `option_name` = 'cdn_settings' LIMIT 1 [ RunTime:0.000448s ]
[2026-05-27T11:17:55+08:00][sql] SHOW FULL COLUMNS FROM `cmf_product_category` [ RunTime:0.001705s ]
[2026-05-27T11:17:55+08:00][sql] SELECT * FROM `cmf_product_category` WHERE  `parent_id` = 0 ORDER BY `list_order` ASC,`create_time` DESC [ RunTime:0.001967s ]
[2026-05-27T11:17:55+08:00][sql] SELECT * FROM `cmf_product_category` WHERE  `parent_id` IN (28,19,22,23,25,27,30) [ RunTime:0.000510s ]
[2026-05-27T11:17:55+08:00][sql] SHOW FULL COLUMNS FROM `cmf_portal_category` [ RunTime:0.001815s ]
[2026-05-27T11:17:55+08:00][sql] SELECT * FROM `cmf_portal_category` WHERE (  `type` = 8 ) AND `cmf_portal_category`.`delete_time` = '0' ORDER BY `list_order` ASC [ RunTime:0.001455s ]
[2026-05-27T11:17:55+08:00][sql] SELECT `option_value` FROM `cmf_option` WHERE  `option_name` = 'site_info' LIMIT 1 [ RunTime:0.000390s ]
[2026-05-27T11:17:55+08:00][sql] SHOW FULL COLUMNS FROM `cmf_slide_item` [ RunTime:0.001406s ]
[2026-05-27T11:17:55+08:00][sql] SELECT `title`,`description`,`image`,`url`,`target`,`content` FROM `cmf_slide_item` WHERE  `slide_id` = 1 ORDER BY `list_order` ASC [ RunTime:0.000662s ]
[2026-05-27T11:17:55+08:00][sql] SHOW FULL COLUMNS FROM `cmf_slide` [ RunTime:0.001094s ]
[2026-05-27T11:17:55+08:00][sql] SELECT * FROM `cmf_slide` WHERE  `name` LIKE '%choose%' OR `name` LIKE '%选择%' LIMIT 1 [ RunTime:0.000547s ]
[2026-05-27T11:17:55+08:00][sql] SELECT `title`,`description`,`image`,`url`,`target`,`content` FROM `cmf_slide_item` WHERE  `slide_id` = 14  AND `status` = 1 ORDER BY `list_order` ASC [ RunTime:0.000333s ]
[2026-05-27T11:17:55+08:00][sql] SELECT * FROM `cmf_product_category` WHERE  `parent_id` = 0  AND `recommend` = 1 ORDER BY `list_order` ASC,`create_time` DESC [ RunTime:0.000489s ]
[2026-05-27T11:17:55+08:00][sql] SHOW FULL COLUMNS FROM `cmf_product` [ RunTime:0.001132s ]
[2026-05-27T11:17:55+08:00][sql] SELECT `id`,`title`,`thumbnail`,`industry` FROM `cmf_product` WHERE  `is_recommended` = 1  AND `category_id` = 28 ORDER BY `list_order` ASC LIMIT 6 [ RunTime:0.001246s ]
[2026-05-27T11:17:55+08:00][sql] SELECT `id`,`title`,`thumbnail`,`industry` FROM `cmf_product` WHERE  `is_recommended` = 1  AND `category_id` = 19 ORDER BY `list_order` ASC LIMIT 6 [ RunTime:0.000315s ]
[2026-05-27T11:17:55+08:00][sql] SELECT `id`,`title`,`thumbnail`,`industry` FROM `cmf_product` WHERE  `is_recommended` = 1  AND `category_id` = 23 ORDER BY `list_order` ASC LIMIT 6 [ RunTime:0.000307s ]
[2026-05-27T11:17:55+08:00][sql] SELECT `option_value` FROM `cmf_option` WHERE  `option_name` = 'index_setting' LIMIT 1 [ RunTime:0.000202s ]
[2026-05-27T11:17:55+08:00][sql] SELECT `option_value` FROM `cmf_option` WHERE  `option_name` = 'about_site' LIMIT 1 [ RunTime:0.000284s ]
[2026-05-27T11:17:55+08:00][sql] SHOW FULL COLUMNS FROM `cmf_portal_post` [ RunTime:0.001876s ]
[2026-05-27T11:17:55+08:00][sql] SELECT `p`.`id`,`p`.`post_title`,`p`.`post_excerpt`,`p`.`thumbnail`,`p`.`create_time`,`c`.`category_id` FROM `cmf_portal_post` `p` INNER JOIN `cmf_portal_category_post` `c` ON `p`.`id`=`c`.`post_id` WHERE (  `p`.`post_type` = '8' ) AND `p`.`delete_time` = '0' ORDER BY `c`.`list_order` ASC,`p`.`create_time` DESC [ RunTime:0.001439s ]
[2026-05-27T11:17:55+08:00][sql] SELECT `id`,`post_title`,`post_excerpt`,`more` FROM `cmf_portal_post` WHERE (  `post_type` = 3 ) AND `cmf_portal_post`.`delete_time` = '0' ORDER BY `create_time` DESC [ RunTime:0.000551s ]
[2026-05-27T11:17:55+08:00][sql] SHOW FULL COLUMNS FROM `cmf_theme_file` [ RunTime:0.001808s ]
[2026-05-27T11:17:55+08:00][sql] SELECT `more`,`file`,`id` FROM `cmf_theme_file` WHERE  `theme` = 'simpleboot3'  AND (  `is_public` = 1 OR `file` = 'portal/index' ) ORDER BY `is_public` DESC [ RunTime:0.000841s ]
[2026-05-27T11:17:55+08:00][sql] SHOW FULL COLUMNS FROM `cmf_route` [ RunTime:0.001263s ]
[2026-05-27T11:17:55+08:00][sql] SELECT * FROM `cmf_route` WHERE  `status` = 1 ORDER BY `list_order` ASC [ RunTime:0.004419s ]
[2026-05-27T11:17:55+08:00][sql] SELECT `option_value` FROM `cmf_option` WHERE  `option_name` = 'storage' LIMIT 1 [ RunTime:0.000612s ]
[2026-05-27T11:17:58+08:00][sql] CONNECT:[ UseTime:0.001417s ] mysql:host=127.0.0.1;port=3306;dbname=weihua;charset=utf8mb4
[2026-05-27T11:17:58+08:00][sql] SHOW FULL COLUMNS FROM `cmf_option` [ RunTime:0.001417s ]
[2026-05-27T11:17:58+08:00][sql] SELECT `option_value` FROM `cmf_option` WHERE  `option_name` = 'cdn_settings' LIMIT 1 [ RunTime:0.000305s ]
[2026-05-27T11:17:58+08:00][sql] SELECT `option_value` FROM `cmf_option` WHERE  `option_name` = 'cdn_settings' LIMIT 1 [ RunTime:0.000273s ]
[2026-05-27T11:17:58+08:00][sql] SHOW FULL COLUMNS FROM `cmf_product_category` [ RunTime:0.001116s ]
[2026-05-27T11:17:58+08:00][sql] SELECT * FROM `cmf_product_category` WHERE  `parent_id` = 0 ORDER BY `list_order` ASC,`create_time` DESC [ RunTime:0.000325s ]
[2026-05-27T11:17:58+08:00][sql] SELECT * FROM `cmf_product_category` WHERE  `parent_id` IN (28,19,22,23,25,27,30) [ RunTime:0.000373s ]
[2026-05-27T11:17:58+08:00][sql] SHOW FULL COLUMNS FROM `cmf_portal_category` [ RunTime:0.001216s ]
[2026-05-27T11:17:58+08:00][sql] SELECT * FROM `cmf_portal_category` WHERE (  `type` = 8 ) AND `cmf_portal_category`.`delete_time` = '0' ORDER BY `list_order` ASC [ RunTime:0.000335s ]
[2026-05-27T11:17:58+08:00][sql] SHOW FULL COLUMNS FROM `cmf_slide_item` [ RunTime:0.001422s ]
[2026-05-27T11:17:58+08:00][sql] SELECT `title`,`description`,`image` FROM `cmf_slide_item` WHERE  `slide_id` = 12  AND `status` = 1 ORDER BY `list_order` ASC,`id` DESC LIMIT 1 [ RunTime:0.000629s ]
[2026-05-27T11:17:58+08:00][sql] SELECT * FROM `cmf_portal_category` WHERE (  `id` = 0  AND `status` = 1 ) AND `cmf_portal_category`.`delete_time` = '0' LIMIT 1 [ RunTime:0.000331s ]
[2026-05-27T11:17:58+08:00][sql] SHOW FULL COLUMNS FROM `cmf_portal_post` [ RunTime:0.001224s ]
[2026-05-27T11:17:58+08:00][sql] SELECT COUNT(*) AS think_count FROM `cmf_portal_post` `p` LEFT JOIN `cmf_portal_category_post` `c` ON `p`.`id`=`c`.`post_id` WHERE (  `post_type` = 8 ) AND `p`.`delete_time` = '0' LIMIT 1 [ RunTime:0.001195s ]
[2026-05-27T11:17:58+08:00][sql] SELECT `p`.`id`,`p`.`post_title`,`p`.`thumbnail`,`p`.`more`,c.category_id as cid,`p`.`post_excerpt`,`p`.`create_time` FROM `cmf_portal_post` `p` LEFT JOIN `cmf_portal_category_post` `c` ON `p`.`id`=`c`.`post_id` WHERE (  `post_type` = 8 ) AND `p`.`delete_time` = '0' ORDER BY `c`.`list_order` ASC,`p`.`create_time` DESC LIMIT 0,6 [ RunTime:0.000720s ]
[2026-05-27T11:17:58+08:00][sql] SHOW FULL COLUMNS FROM `cmf_theme_file` [ RunTime:0.001421s ]
[2026-05-27T11:17:58+08:00][sql] SELECT `more`,`file`,`id` FROM `cmf_theme_file` WHERE  `theme` = 'simpleboot3'  AND (  `is_public` = 1 OR `file` = 'portal/news' ) ORDER BY `is_public` DESC [ RunTime:0.000876s ]
[2026-05-27T11:17:58+08:00][sql] SELECT `option_value` FROM `cmf_option` WHERE  `option_name` = 'storage' LIMIT 1 [ RunTime:0.001313s ]
[2026-05-27T11:18:00+08:00][sql] CONNECT:[ UseTime:0.000899s ] mysql:host=127.0.0.1;port=3306;dbname=weihua;charset=utf8mb4
[2026-05-27T11:18:00+08:00][sql] SHOW FULL COLUMNS FROM `cmf_option` [ RunTime:0.001072s ]
[2026-05-27T11:18:00+08:00][sql] SELECT `option_value` FROM `cmf_option` WHERE  `option_name` = 'cdn_settings' LIMIT 1 [ RunTime:0.000240s ]
[2026-05-27T11:18:00+08:00][sql] SELECT `option_value` FROM `cmf_option` WHERE  `option_name` = 'cdn_settings' LIMIT 1 [ RunTime:0.000226s ]
[2026-05-27T11:18:00+08:00][sql] SHOW FULL COLUMNS FROM `cmf_product_category` [ RunTime:0.000827s ]
[2026-05-27T11:18:00+08:00][sql] SELECT * FROM `cmf_product_category` WHERE  `parent_id` = 0 ORDER BY `list_order` ASC,`create_time` DESC [ RunTime:0.000259s ]
[2026-05-27T11:18:00+08:00][sql] SELECT * FROM `cmf_product_category` WHERE  `parent_id` IN (28,19,22,23,25,27,30) [ RunTime:0.000254s ]
[2026-05-27T11:18:00+08:00][sql] SHOW FULL COLUMNS FROM `cmf_portal_category` [ RunTime:0.000907s ]
[2026-05-27T11:18:00+08:00][sql] SELECT * FROM `cmf_portal_category` WHERE (  `type` = 8 ) AND `cmf_portal_category`.`delete_time` = '0' ORDER BY `list_order` ASC [ RunTime:0.000336s ]
[2026-05-27T11:18:00+08:00][sql] SELECT * FROM `cmf_portal_category` WHERE (  `id` = 1  AND `status` = 1 ) AND `cmf_portal_category`.`delete_time` = '0' LIMIT 1 [ RunTime:0.000708s ]
[2026-05-27T11:18:00+08:00][sql] SHOW FULL COLUMNS FROM `cmf_portal_post` [ RunTime:0.001139s ]
[2026-05-27T11:18:00+08:00][sql] SELECT `post`.* FROM `cmf_portal_post` `post` INNER JOIN `cmf_portal_category_post` `relation` ON `post`.`id`=`relation`.`post_id` WHERE (  `post`.`post_type` = '8'  AND `post`.`delete_time` = '0'  AND `relation`.`category_id` = '1'  AND `relation`.`post_id` = '15' ) AND `post`.`delete_time` = '0' LIMIT 1 [ RunTime:0.000575s ]
[2026-05-27T11:18:00+08:00][sql] SHOW FULL COLUMNS FROM `cmf_slide_item` [ RunTime:0.001235s ]
[2026-05-27T11:18:00+08:00][sql] SELECT `title`,`description`,`image` FROM `cmf_slide_item` WHERE  `slide_id` = 12  AND `status` = 1 ORDER BY `list_order` ASC,`id` DESC LIMIT 1 [ RunTime:0.000310s ]
[2026-05-27T11:18:00+08:00][sql] UPDATE `cmf_portal_post`  SET `post_hits` = `post_hits` + 1  WHERE (  `id` = 15 ) AND `cmf_portal_post`.`delete_time` = '0' [ RunTime:0.007445s ]
[2026-05-27T11:18:00+08:00][sql] SELECT `post`.* FROM `cmf_portal_post` `post` INNER JOIN `cmf_portal_category_post` `relation` ON `post`.`id`=`relation`.`post_id` WHERE (  `post`.`post_type` = '8'  AND `post`.`delete_time` = '0'  AND `relation`.`category_id` = '1'  AND `relation`.`post_id` = '15'  AND `relation`.`post_id` = '15' ) AND `post`.`delete_time` = '0' LIMIT 1 [ RunTime:0.000473s ]
[2026-05-27T11:18:00+08:00][sql] SELECT `post`.* FROM `cmf_portal_post` `post` INNER JOIN `cmf_portal_category_post` `relation` ON `post`.`id`=`relation`.`post_id` WHERE (  `post`.`post_type` = '8'  AND `post`.`delete_time` = '0'  AND `relation`.`category_id` = '1'  AND `relation`.`post_id` = '15'  AND `relation`.`post_id` < '15' ) AND `post`.`delete_time` = '0' ORDER BY `id` DESC LIMIT 1 [ RunTime:0.000448s ]
[2026-05-27T11:18:00+08:00][sql] SELECT `post`.* FROM `cmf_portal_post` `post` INNER JOIN `cmf_portal_category_post` `relation` ON `post`.`id`=`relation`.`post_id` WHERE (  `post`.`post_type` = '8'  AND `post`.`delete_time` = '0'  AND `relation`.`category_id` = '1'  AND `relation`.`post_id` = '15'  AND `relation`.`post_id` > '15' ) AND `post`.`delete_time` = '0' ORDER BY `id` DESC LIMIT 1 [ RunTime:0.000458s ]
[2026-05-27T11:18:00+08:00][sql] SHOW FULL COLUMNS FROM `cmf_theme_file` [ RunTime:0.001815s ]
[2026-05-27T11:18:00+08:00][sql] SELECT `more`,`file`,`id` FROM `cmf_theme_file` WHERE  `theme` = 'simpleboot3'  AND (  `is_public` = 1 OR `file` = 'portal/news-info' ) ORDER BY `is_public` DESC [ RunTime:0.000368s ]
[2026-05-27T11:18:00+08:00][sql] SELECT `option_value` FROM `cmf_option` WHERE  `option_name` = 'storage' LIMIT 1 [ RunTime:0.000576s ]
[2026-05-27T11:18:04+08:00][sql] CONNECT:[ UseTime:0.000825s ] mysql:host=127.0.0.1;port=3306;dbname=weihua;charset=utf8mb4
[2026-05-27T11:18:04+08:00][sql] SHOW FULL COLUMNS FROM `cmf_option` [ RunTime:0.003035s ]
[2026-05-27T11:18:04+08:00][sql] SELECT `option_value` FROM `cmf_option` WHERE  `option_name` = 'cdn_settings' LIMIT 1 [ RunTime:0.000490s ]
[2026-05-27T11:18:04+08:00][sql] SELECT `option_value` FROM `cmf_option` WHERE  `option_name` = 'cdn_settings' LIMIT 1 [ RunTime:0.000517s ]
[2026-05-27T11:18:04+08:00][sql] SHOW FULL COLUMNS FROM `cmf_product_category` [ RunTime:0.001382s ]
[2026-05-27T11:18:04+08:00][sql] SELECT * FROM `cmf_product_category` WHERE  `parent_id` = 0 ORDER BY `list_order` ASC,`create_time` DESC [ RunTime:0.000376s ]
[2026-05-27T11:18:04+08:00][sql] SELECT * FROM `cmf_product_category` WHERE  `parent_id` IN (28,19,22,23,25,27,30) [ RunTime:0.000358s ]
[2026-05-27T11:18:04+08:00][sql] SHOW FULL COLUMNS FROM `cmf_portal_category` [ RunTime:0.001523s ]
[2026-05-27T11:18:04+08:00][sql] SELECT * FROM `cmf_portal_category` WHERE (  `type` = 8 ) AND `cmf_portal_category`.`delete_time` = '0' ORDER BY `list_order` ASC [ RunTime:0.000674s ]
[2026-05-27T11:18:04+08:00][sql] SELECT * FROM `cmf_portal_category` WHERE (  `id` = 1  AND `status` = 1 ) AND `cmf_portal_category`.`delete_time` = '0' LIMIT 1 [ RunTime:0.001210s ]
[2026-05-27T11:18:04+08:00][sql] SHOW FULL COLUMNS FROM `cmf_portal_post` [ RunTime:0.001457s ]
[2026-05-27T11:18:04+08:00][sql] SELECT `post`.* FROM `cmf_portal_post` `post` INNER JOIN `cmf_portal_category_post` `relation` ON `post`.`id`=`relation`.`post_id` WHERE (  `post`.`post_type` = '8'  AND `post`.`delete_time` = '0'  AND `relation`.`category_id` = '1'  AND `relation`.`post_id` = '10' ) AND `post`.`delete_time` = '0' LIMIT 1 [ RunTime:0.000747s ]
[2026-05-27T11:18:04+08:00][sql] SHOW FULL COLUMNS FROM `cmf_slide_item` [ RunTime:0.001018s ]
[2026-05-27T11:18:04+08:00][sql] SELECT `title`,`description`,`image` FROM `cmf_slide_item` WHERE  `slide_id` = 12  AND `status` = 1 ORDER BY `list_order` ASC,`id` DESC LIMIT 1 [ RunTime:0.000486s ]
[2026-05-27T11:18:04+08:00][sql] UPDATE `cmf_portal_post`  SET `post_hits` = `post_hits` + 1  WHERE (  `id` = 10 ) AND `cmf_portal_post`.`delete_time` = '0' [ RunTime:0.003069s ]
[2026-05-27T11:18:04+08:00][sql] SELECT `post`.* FROM `cmf_portal_post` `post` INNER JOIN `cmf_portal_category_post` `relation` ON `post`.`id`=`relation`.`post_id` WHERE (  `post`.`post_type` = '8'  AND `post`.`delete_time` = '0'  AND `relation`.`category_id` = '1'  AND `relation`.`post_id` = '10'  AND `relation`.`post_id` = '10' ) AND `post`.`delete_time` = '0' LIMIT 1 [ RunTime:0.000379s ]
[2026-05-27T11:18:04+08:00][sql] SELECT `post`.* FROM `cmf_portal_post` `post` INNER JOIN `cmf_portal_category_post` `relation` ON `post`.`id`=`relation`.`post_id` WHERE (  `post`.`post_type` = '8'  AND `post`.`delete_time` = '0'  AND `relation`.`category_id` = '1'  AND `relation`.`post_id` = '10'  AND `relation`.`post_id` < '10' ) AND `post`.`delete_time` = '0' ORDER BY `id` DESC LIMIT 1 [ RunTime:0.000355s ]
[2026-05-27T11:18:04+08:00][sql] SELECT `post`.* FROM `cmf_portal_post` `post` INNER JOIN `cmf_portal_category_post` `relation` ON `post`.`id`=`relation`.`post_id` WHERE (  `post`.`post_type` = '8'  AND `post`.`delete_time` = '0'  AND `relation`.`category_id` = '1'  AND `relation`.`post_id` = '10'  AND `relation`.`post_id` > '10' ) AND `post`.`delete_time` = '0' ORDER BY `id` DESC LIMIT 1 [ RunTime:0.000324s ]
[2026-05-27T11:18:04+08:00][sql] SHOW FULL COLUMNS FROM `cmf_theme_file` [ RunTime:0.001821s ]
[2026-05-27T11:18:04+08:00][sql] SELECT `more`,`file`,`id` FROM `cmf_theme_file` WHERE  `theme` = 'simpleboot3'  AND (  `is_public` = 1 OR `file` = 'portal/news-info' ) ORDER BY `is_public` DESC [ RunTime:0.000743s ]
[2026-05-27T11:18:04+08:00][sql] SELECT `option_value` FROM `cmf_option` WHERE  `option_name` = 'storage' LIMIT 1 [ RunTime:0.000370s ]
[2026-05-27T11:18:06+08:00][sql] CONNECT:[ UseTime:0.001179s ] mysql:host=127.0.0.1;port=3306;dbname=weihua;charset=utf8mb4
[2026-05-27T11:18:06+08:00][sql] SHOW FULL COLUMNS FROM `cmf_option` [ RunTime:0.001579s ]
[2026-05-27T11:18:06+08:00][sql] SELECT `option_value` FROM `cmf_option` WHERE  `option_name` = 'cdn_settings' LIMIT 1 [ RunTime:0.000324s ]
[2026-05-27T11:18:06+08:00][sql] SELECT `option_value` FROM `cmf_option` WHERE  `option_name` = 'cdn_settings' LIMIT 1 [ RunTime:0.000258s ]
[2026-05-27T11:18:06+08:00][sql] SHOW FULL COLUMNS FROM `cmf_product_category` [ RunTime:0.000885s ]
[2026-05-27T11:18:06+08:00][sql] SELECT * FROM `cmf_product_category` WHERE  `parent_id` = 0 ORDER BY `list_order` ASC,`create_time` DESC [ RunTime:0.000281s ]
[2026-05-27T11:18:06+08:00][sql] SELECT * FROM `cmf_product_category` WHERE  `parent_id` IN (28,19,22,23,25,27,30) [ RunTime:0.000304s ]
[2026-05-27T11:18:06+08:00][sql] SHOW FULL COLUMNS FROM `cmf_portal_category` [ RunTime:0.000866s ]
[2026-05-27T11:18:06+08:00][sql] SELECT * FROM `cmf_portal_category` WHERE (  `type` = 8 ) AND `cmf_portal_category`.`delete_time` = '0' ORDER BY `list_order` ASC [ RunTime:0.000268s ]
[2026-05-27T11:18:06+08:00][sql] SELECT * FROM `cmf_portal_category` WHERE (  `id` = 1  AND `status` = 1 ) AND `cmf_portal_category`.`delete_time` = '0' LIMIT 1 [ RunTime:0.000298s ]
[2026-05-27T11:18:06+08:00][sql] SHOW FULL COLUMNS FROM `cmf_portal_post` [ RunTime:0.000937s ]
[2026-05-27T11:18:06+08:00][sql] SELECT `post`.* FROM `cmf_portal_post` `post` INNER JOIN `cmf_portal_category_post` `relation` ON `post`.`id`=`relation`.`post_id` WHERE (  `post`.`post_type` = '8'  AND `post`.`delete_time` = '0'  AND `relation`.`category_id` = '1'  AND `relation`.`post_id` = '13' ) AND `post`.`delete_time` = '0' LIMIT 1 [ RunTime:0.000883s ]
[2026-05-27T11:18:06+08:00][sql] SHOW FULL COLUMNS FROM `cmf_slide_item` [ RunTime:0.001485s ]
[2026-05-27T11:18:06+08:00][sql] SELECT `title`,`description`,`image` FROM `cmf_slide_item` WHERE  `slide_id` = 12  AND `status` = 1 ORDER BY `list_order` ASC,`id` DESC LIMIT 1 [ RunTime:0.000403s ]
[2026-05-27T11:18:06+08:00][sql] UPDATE `cmf_portal_post`  SET `post_hits` = `post_hits` + 1  WHERE (  `id` = 13 ) AND `cmf_portal_post`.`delete_time` = '0' [ RunTime:0.003482s ]
[2026-05-27T11:18:06+08:00][sql] SELECT `post`.* FROM `cmf_portal_post` `post` INNER JOIN `cmf_portal_category_post` `relation` ON `post`.`id`=`relation`.`post_id` WHERE (  `post`.`post_type` = '8'  AND `post`.`delete_time` = '0'  AND `relation`.`category_id` = '1'  AND `relation`.`post_id` = '13'  AND `relation`.`post_id` = '13' ) AND `post`.`delete_time` = '0' LIMIT 1 [ RunTime:0.000438s ]
[2026-05-27T11:18:06+08:00][sql] SELECT `post`.* FROM `cmf_portal_post` `post` INNER JOIN `cmf_portal_category_post` `relation` ON `post`.`id`=`relation`.`post_id` WHERE (  `post`.`post_type` = '8'  AND `post`.`delete_time` = '0'  AND `relation`.`category_id` = '1'  AND `relation`.`post_id` = '13'  AND `relation`.`post_id` < '13' ) AND `post`.`delete_time` = '0' ORDER BY `id` DESC LIMIT 1 [ RunTime:0.000520s ]
[2026-05-27T11:18:06+08:00][sql] SELECT `post`.* FROM `cmf_portal_post` `post` INNER JOIN `cmf_portal_category_post` `relation` ON `post`.`id`=`relation`.`post_id` WHERE (  `post`.`post_type` = '8'  AND `post`.`delete_time` = '0'  AND `relation`.`category_id` = '1'  AND `relation`.`post_id` = '13'  AND `relation`.`post_id` > '13' ) AND `post`.`delete_time` = '0' ORDER BY `id` DESC LIMIT 1 [ RunTime:0.000967s ]
[2026-05-27T11:18:06+08:00][sql] SHOW FULL COLUMNS FROM `cmf_theme_file` [ RunTime:0.001653s ]
[2026-05-27T11:18:06+08:00][sql] SELECT `more`,`file`,`id` FROM `cmf_theme_file` WHERE  `theme` = 'simpleboot3'  AND (  `is_public` = 1 OR `file` = 'portal/news-info' ) ORDER BY `is_public` DESC [ RunTime:0.000282s ]
[2026-05-27T11:18:06+08:00][sql] SELECT `option_value` FROM `cmf_option` WHERE  `option_name` = 'storage' LIMIT 1 [ RunTime:0.000542s ]
[2026-05-27T11:18:16+08:00][sql] CONNECT:[ UseTime:0.000931s ] mysql:host=127.0.0.1;port=3306;dbname=weihua;charset=utf8mb4
[2026-05-27T11:18:16+08:00][sql] SHOW FULL COLUMNS FROM `cmf_option` [ RunTime:0.001326s ]
[2026-05-27T11:18:16+08:00][sql] SELECT `option_value` FROM `cmf_option` WHERE  `option_name` = 'cdn_settings' LIMIT 1 [ RunTime:0.000296s ]
[2026-05-27T11:18:16+08:00][sql] SELECT `option_value` FROM `cmf_option` WHERE  `option_name` = 'cdn_settings' LIMIT 1 [ RunTime:0.000405s ]
[2026-05-27T11:18:16+08:00][sql] SHOW FULL COLUMNS FROM `cmf_product_category` [ RunTime:0.001432s ]
[2026-05-27T11:18:16+08:00][sql] SELECT * FROM `cmf_product_category` WHERE  `parent_id` = 0 ORDER BY `list_order` ASC,`create_time` DESC [ RunTime:0.000368s ]
[2026-05-27T11:18:16+08:00][sql] SELECT * FROM `cmf_product_category` WHERE  `parent_id` IN (28,19,22,23,25,27,30) [ RunTime:0.000425s ]
[2026-05-27T11:18:16+08:00][sql] SHOW FULL COLUMNS FROM `cmf_portal_category` [ RunTime:0.001513s ]
[2026-05-27T11:18:16+08:00][sql] SELECT * FROM `cmf_portal_category` WHERE (  `type` = 8 ) AND `cmf_portal_category`.`delete_time` = '0' ORDER BY `list_order` ASC [ RunTime:0.000480s ]
[2026-05-27T11:18:16+08:00][sql] SHOW FULL COLUMNS FROM `cmf_slide_item` [ RunTime:0.001187s ]
[2026-05-27T11:18:16+08:00][sql] SELECT `title`,`description`,`image` FROM `cmf_slide_item` WHERE  `slide_id` = 3  AND `status` = 1 ORDER BY `list_order` ASC,`id` DESC LIMIT 1 [ RunTime:0.000379s ]
[2026-05-27T11:18:16+08:00][sql] SHOW FULL COLUMNS FROM `cmf_portal_post` [ RunTime:0.001672s ]
[2026-05-27T11:18:16+08:00][sql] SELECT COUNT(*) AS think_count FROM `cmf_portal_post` WHERE (  `post_type` = 3 ) AND `cmf_portal_post`.`delete_time` = '0' LIMIT 1 [ RunTime:0.000511s ]
[2026-05-27T11:18:16+08:00][sql] SELECT `id`,`more`,`post_title`,`post_excerpt` FROM `cmf_portal_post` WHERE (  `post_type` = 3 ) AND `cmf_portal_post`.`delete_time` = '0' ORDER BY `create_time` DESC LIMIT 0,9 [ RunTime:0.000416s ]
[2026-05-27T11:18:16+08:00][sql] SHOW FULL COLUMNS FROM `cmf_theme_file` [ RunTime:0.001328s ]
[2026-05-27T11:18:16+08:00][sql] SELECT `more`,`file`,`id` FROM `cmf_theme_file` WHERE  `theme` = 'simpleboot3'  AND (  `is_public` = 1 OR `file` = 'portal/industries' ) ORDER BY `is_public` DESC [ RunTime:0.000404s ]
[2026-05-27T11:18:16+08:00][sql] SELECT `option_value` FROM `cmf_option` WHERE  `option_name` = 'storage' LIMIT 1 [ RunTime:0.000717s ]
[2026-05-27T11:18:17+08:00][sql] CONNECT:[ UseTime:0.000826s ] mysql:host=127.0.0.1;port=3306;dbname=weihua;charset=utf8mb4
[2026-05-27T11:18:17+08:00][sql] SHOW FULL COLUMNS FROM `cmf_option` [ RunTime:0.001253s ]
[2026-05-27T11:18:17+08:00][sql] SELECT `option_value` FROM `cmf_option` WHERE  `option_name` = 'cdn_settings' LIMIT 1 [ RunTime:0.000232s ]
[2026-05-27T11:18:17+08:00][sql] SELECT `option_value` FROM `cmf_option` WHERE  `option_name` = 'cdn_settings' LIMIT 1 [ RunTime:0.000427s ]
[2026-05-27T11:18:17+08:00][sql] SHOW FULL COLUMNS FROM `cmf_product_category` [ RunTime:0.001543s ]
[2026-05-27T11:18:17+08:00][sql] SELECT * FROM `cmf_product_category` WHERE  `parent_id` = 0 ORDER BY `list_order` ASC,`create_time` DESC [ RunTime:0.000519s ]
[2026-05-27T11:18:17+08:00][sql] SELECT * FROM `cmf_product_category` WHERE  `parent_id` IN (28,19,22,23,25,27,30) [ RunTime:0.000416s ]
[2026-05-27T11:18:17+08:00][sql] SHOW FULL COLUMNS FROM `cmf_portal_category` [ RunTime:0.001194s ]
[2026-05-27T11:18:17+08:00][sql] SELECT * FROM `cmf_portal_category` WHERE (  `type` = 8 ) AND `cmf_portal_category`.`delete_time` = '0' ORDER BY `list_order` ASC [ RunTime:0.000326s ]
[2026-05-27T11:18:17+08:00][sql] SELECT * FROM `cmf_portal_category` WHERE (  `id` = 0  AND `status` = 1 ) AND `cmf_portal_category`.`delete_time` = '0' LIMIT 1 [ RunTime:0.000471s ]
[2026-05-27T11:18:17+08:00][sql] SHOW FULL COLUMNS FROM `cmf_slide_item` [ RunTime:0.002171s ]
[2026-05-27T11:18:17+08:00][sql] SELECT `title`,`description`,`image` FROM `cmf_slide_item` WHERE  `slide_id` = 3  AND `status` = 1 ORDER BY `list_order` ASC,`id` DESC LIMIT 1 [ RunTime:0.000601s ]
[2026-05-27T11:18:17+08:00][sql] SHOW FULL COLUMNS FROM `cmf_portal_post` [ RunTime:0.002401s ]
[2026-05-27T11:18:17+08:00][sql] UPDATE `cmf_portal_post`  SET `post_hits` = `post_hits` + 1  WHERE (  `id` = 23 ) AND `cmf_portal_post`.`delete_time` = '0' [ RunTime:0.006491s ]
[2026-05-27T11:18:17+08:00][sql] SELECT * FROM `cmf_portal_post` WHERE (  `post_type` = 3  AND `delete_time` = 0  AND `id` = 23 ) AND `cmf_portal_post`.`delete_time` = '0' LIMIT 1 [ RunTime:0.000897s ]
[2026-05-27T11:18:17+08:00][sql] SELECT * FROM `cmf_portal_post` WHERE (  `post_type` = 3  AND `delete_time` = 0  AND `id` < 23 ) AND `cmf_portal_post`.`delete_time` = '0' ORDER BY `id` DESC LIMIT 1 [ RunTime:0.000574s ]
[2026-05-27T11:18:17+08:00][sql] SELECT * FROM `cmf_portal_post` WHERE (  `post_type` = 3  AND `delete_time` = 0  AND `id` > 23 ) AND `cmf_portal_post`.`delete_time` = '0' ORDER BY `id` ASC LIMIT 1 [ RunTime:0.000506s ]
[2026-05-27T11:18:17+08:00][sql] SHOW FULL COLUMNS FROM `cmf_theme_file` [ RunTime:0.001562s ]
[2026-05-27T11:18:17+08:00][sql] SELECT `more`,`file`,`id` FROM `cmf_theme_file` WHERE  `theme` = 'simpleboot3'  AND (  `is_public` = 1 OR `file` = 'portal/industries-info' ) ORDER BY `is_public` DESC [ RunTime:0.000430s ]
[2026-05-27T11:18:17+08:00][sql] SELECT `option_value` FROM `cmf_option` WHERE  `option_name` = 'storage' LIMIT 1 [ RunTime:0.000638s ]
[2026-05-27T11:18:33+08:00][sql] CONNECT:[ UseTime:0.000841s ] mysql:host=127.0.0.1;port=3306;dbname=weihua;charset=utf8mb4
[2026-05-27T11:18:33+08:00][sql] SHOW FULL COLUMNS FROM `cmf_option` [ RunTime:0.001339s ]
[2026-05-27T11:18:33+08:00][sql] SELECT `option_value` FROM `cmf_option` WHERE  `option_name` = 'cdn_settings' LIMIT 1 [ RunTime:0.000283s ]
[2026-05-27T11:18:33+08:00][sql] SELECT `option_value` FROM `cmf_option` WHERE  `option_name` = 'cdn_settings' LIMIT 1 [ RunTime:0.000446s ]
[2026-05-27T11:20:33+08:00][sql] CONNECT:[ UseTime:0.001066s ] mysql:host=127.0.0.1;port=3306;dbname=weihua;charset=utf8mb4
[2026-05-27T11:20:33+08:00][sql] SHOW FULL COLUMNS FROM `cmf_option` [ RunTime:0.001708s ]
[2026-05-27T11:20:33+08:00][sql] SELECT `option_value` FROM `cmf_option` WHERE  `option_name` = 'cdn_settings' LIMIT 1 [ RunTime:0.000306s ]
[2026-05-27T11:20:33+08:00][sql] SELECT `option_value` FROM `cmf_option` WHERE  `option_name` = 'cdn_settings' LIMIT 1 [ RunTime:0.000265s ]
[2026-05-27T11:21:38+08:00][sql] CONNECT:[ UseTime:0.001082s ] mysql:host=127.0.0.1;port=3306;dbname=weihua;charset=utf8mb4
[2026-05-27T11:21:38+08:00][sql] SHOW FULL COLUMNS FROM `cmf_hook` [ RunTime:0.001449s ]
[2026-05-27T11:21:38+08:00][sql] SELECT `hook`,`id` FROM `cmf_hook` WHERE  (  (  `app` = '' OR `app` = 'cmf' )  AND `type` = 3 ) OR `type` = 1 [ RunTime:0.000826s ]
[2026-05-27T11:21:38+08:00][sql] SHOW FULL COLUMNS FROM `cmf_hook_plugin` [ RunTime:0.000957s ]
[2026-05-27T11:21:38+08:00][sql] SELECT `hook`,`plugin` FROM `cmf_hook_plugin` WHERE  `status` = 1  AND `hook` IN ('app_begin','module_init','action_begin','view_filter','app_end','log_write','response_end','admin_init','home_init','send_mobile_verification_code','body_start','before_head_end','footer_start','before_footer','before_footer_end','before_body_end','left_sidebar_start','before_left_sidebar_end','right_sidebar_start','before_right_sidebar_end','comment','guestbook','switch_theme','after_content','before_content','log_write_done','switch_admin_theme','captcha_image','user_login_start') ORDER BY `list_order` ASC [ RunTime:0.000492s ]
[2026-05-27T11:21:38+08:00][sql] SELECT `hook` FROM `cmf_hook` WHERE  `app` = 'portal' [ RunTime:0.000750s ]
[2026-05-27T11:21:38+08:00][sql] SELECT `hook`,`plugin` FROM `cmf_hook_plugin` WHERE  `status` = 1  AND `hook` IN ('portal_before_assign_article','portal_admin_after_save_article','portal_admin_article_index_view','portal_admin_article_add_view','portal_admin_article_edit_view','portal_admin_category_index_view','portal_admin_category_add_view','portal_admin_category_edit_view','portal_admin_page_index_view','portal_admin_page_add_view','portal_admin_page_edit_view','portal_admin_tag_index_view','portal_admin_article_edit_view_right_sidebar','portal_admin_article_edit_view_main') ORDER BY `list_order` ASC [ RunTime:0.000435s ]
[2026-05-27T11:21:38+08:00][sql] SHOW FULL COLUMNS FROM `cmf_plugin` [ RunTime:0.004203s ]
[2026-05-27T11:21:38+08:00][sql] SELECT `config` FROM `cmf_plugin` WHERE  `name` = 'SwitchTheme' LIMIT 1 [ RunTime:0.001132s ]
[2026-05-27T11:21:38+08:00][sql] SHOW FULL COLUMNS FROM `cmf_option` [ RunTime:0.003009s ]
[2026-05-27T11:21:38+08:00][sql] SELECT `option_value` FROM `cmf_option` WHERE  `option_name` = 'cdn_settings' LIMIT 1 [ RunTime:0.000477s ]
[2026-05-27T11:21:38+08:00][sql] SELECT `option_value` FROM `cmf_option` WHERE  `option_name` = 'cdn_settings' LIMIT 1 [ RunTime:0.001112s ]
[2026-05-27T11:21:38+08:00][sql] SHOW FULL COLUMNS FROM `cmf_portal_post` [ RunTime:0.002837s ]
[2026-05-27T11:21:38+08:00][sql] SELECT `id`,`post_title`,`post_alias`,`update_time`,`create_time` FROM `cmf_portal_post` WHERE (  `post_type` = 3  AND ( delete_time IS NULL OR delete_time = 0 ) ) AND `cmf_portal_post`.`delete_time` = '0' [ RunTime:0.000689s ]
[2026-05-27T11:22:04+08:00][sql] CONNECT:[ UseTime:0.000824s ] mysql:host=127.0.0.1;port=3306;dbname=weihua;charset=utf8mb4
[2026-05-27T11:22:04+08:00][sql] SHOW FULL COLUMNS FROM `cmf_option` [ RunTime:0.001452s ]
[2026-05-27T11:22:04+08:00][sql] SELECT `option_value` FROM `cmf_option` WHERE  `option_name` = 'cdn_settings' LIMIT 1 [ RunTime:0.000263s ]
[2026-05-27T11:22:04+08:00][sql] SELECT `option_value` FROM `cmf_option` WHERE  `option_name` = 'cdn_settings' LIMIT 1 [ RunTime:0.000246s ]
[2026-05-27T11:22:04+08:00][sql] SHOW FULL COLUMNS FROM `cmf_portal_post` [ RunTime:0.001340s ]
[2026-05-27T11:22:04+08:00][sql] SELECT `id`,`post_title`,`post_alias`,`update_time`,`create_time` FROM `cmf_portal_post` WHERE (  `post_type` = 8  AND ( delete_time IS NULL OR delete_time = 0 ) ) AND `cmf_portal_post`.`delete_time` = '0' [ RunTime:0.000826s ]
[2026-05-27T11:23:03+08:00][sql] CONNECT:[ UseTime:0.001737s ] mysql:host=127.0.0.1;port=3306;dbname=weihua;charset=utf8mb4
[2026-05-27T11:23:03+08:00][sql] SHOW FULL COLUMNS FROM `cmf_option` [ RunTime:0.002757s ]
[2026-05-27T11:23:03+08:00][sql] SELECT `option_value` FROM `cmf_option` WHERE  `option_name` = 'cdn_settings' LIMIT 1 [ RunTime:0.000369s ]
[2026-05-27T11:23:03+08:00][sql] SELECT `option_value` FROM `cmf_option` WHERE  `option_name` = 'cdn_settings' LIMIT 1 [ RunTime:0.000592s ]
[2026-05-27T11:23:03+08:00][sql] SHOW FULL COLUMNS FROM `cmf_product` [ RunTime:0.002935s ]
[2026-05-27T11:23:03+08:00][sql] SELECT `id`,`alias`,`update_time`,`create_time` FROM `cmf_product` WHERE  ( delete_time IS NULL OR delete_time = 0 )  AND `alias` <> '' [ RunTime:0.002117s ]
[2026-05-27T11:23:33+08:00][sql] CONNECT:[ UseTime:0.000843s ] mysql:host=127.0.0.1;port=3306;dbname=weihua;charset=utf8mb4
[2026-05-27T11:23:33+08:00][sql] SHOW FULL COLUMNS FROM `cmf_option` [ RunTime:0.001477s ]
[2026-05-27T11:23:33+08:00][sql] SELECT `option_value` FROM `cmf_option` WHERE  `option_name` = 'cdn_settings' LIMIT 1 [ RunTime:0.000305s ]
[2026-05-27T11:23:33+08:00][sql] SELECT `option_value` FROM `cmf_option` WHERE  `option_name` = 'cdn_settings' LIMIT 1 [ RunTime:0.000467s ]
[2026-05-27T11:23:33+08:00][sql] SHOW FULL COLUMNS FROM `cmf_product_category` [ RunTime:0.001271s ]
[2026-05-27T11:23:33+08:00][sql] SELECT * FROM `cmf_product_category` WHERE  `parent_id` = 0 ORDER BY `list_order` ASC,`create_time` DESC [ RunTime:0.000631s ]
[2026-05-27T11:23:33+08:00][sql] SELECT * FROM `cmf_product_category` WHERE  `parent_id` IN (28,19,22,23,25,27,30) [ RunTime:0.000323s ]
[2026-05-27T11:23:33+08:00][sql] SHOW FULL COLUMNS FROM `cmf_portal_category` [ RunTime:0.001148s ]
[2026-05-27T11:23:33+08:00][sql] SELECT * FROM `cmf_portal_category` WHERE (  `type` = 8 ) AND `cmf_portal_category`.`delete_time` = '0' ORDER BY `list_order` ASC [ RunTime:0.000597s ]
[2026-05-27T11:23:33+08:00][sql] SELECT `option_value` FROM `cmf_option` WHERE  `option_name` = 'site_info' LIMIT 1 [ RunTime:0.000300s ]
[2026-05-27T11:23:33+08:00][sql] SHOW FULL COLUMNS FROM `cmf_slide_item` [ RunTime:0.001689s ]
[2026-05-27T11:23:33+08:00][sql] SELECT `title`,`description`,`image`,`url`,`target`,`content` FROM `cmf_slide_item` WHERE  `slide_id` = 1 ORDER BY `list_order` ASC [ RunTime:0.000615s ]
[2026-05-27T11:23:33+08:00][sql] SHOW FULL COLUMNS FROM `cmf_slide` [ RunTime:0.001001s ]
[2026-05-27T11:23:33+08:00][sql] SELECT * FROM `cmf_slide` WHERE  `name` LIKE '%choose%' OR `name` LIKE '%选择%' LIMIT 1 [ RunTime:0.000469s ]
[2026-05-27T11:23:33+08:00][sql] SELECT `title`,`description`,`image`,`url`,`target`,`content` FROM `cmf_slide_item` WHERE  `slide_id` = 14  AND `status` = 1 ORDER BY `list_order` ASC [ RunTime:0.000297s ]
[2026-05-27T11:23:33+08:00][sql] SELECT * FROM `cmf_product_category` WHERE  `parent_id` = 0  AND `recommend` = 1 ORDER BY `list_order` ASC,`create_time` DESC [ RunTime:0.000231s ]
[2026-05-27T11:23:33+08:00][sql] SHOW FULL COLUMNS FROM `cmf_product` [ RunTime:0.000943s ]
[2026-05-27T11:23:33+08:00][sql] SELECT `id`,`title`,`thumbnail`,`industry` FROM `cmf_product` WHERE  `is_recommended` = 1  AND `category_id` = 28 ORDER BY `list_order` ASC LIMIT 6 [ RunTime:0.000379s ]
[2026-05-27T11:23:33+08:00][sql] SELECT `id`,`title`,`thumbnail`,`industry` FROM `cmf_product` WHERE  `is_recommended` = 1  AND `category_id` = 19 ORDER BY `list_order` ASC LIMIT 6 [ RunTime:0.000270s ]
[2026-05-27T11:23:33+08:00][sql] SELECT `id`,`title`,`thumbnail`,`industry` FROM `cmf_product` WHERE  `is_recommended` = 1  AND `category_id` = 23 ORDER BY `list_order` ASC LIMIT 6 [ RunTime:0.000225s ]
[2026-05-27T11:23:33+08:00][sql] SELECT `option_value` FROM `cmf_option` WHERE  `option_name` = 'index_setting' LIMIT 1 [ RunTime:0.000184s ]
[2026-05-27T11:23:33+08:00][sql] SELECT `option_value` FROM `cmf_option` WHERE  `option_name` = 'about_site' LIMIT 1 [ RunTime:0.000332s ]
[2026-05-27T11:23:33+08:00][sql] SHOW FULL COLUMNS FROM `cmf_portal_post` [ RunTime:0.001192s ]
[2026-05-27T11:23:33+08:00][sql] SELECT `p`.`id`,`p`.`post_title`,`p`.`post_excerpt`,`p`.`thumbnail`,`p`.`create_time`,`c`.`category_id` FROM `cmf_portal_post` `p` INNER JOIN `cmf_portal_category_post` `c` ON `p`.`id`=`c`.`post_id` WHERE (  `p`.`post_type` = '8' ) AND `p`.`delete_time` = '0' ORDER BY `c`.`list_order` ASC,`p`.`create_time` DESC [ RunTime:0.001159s ]
[2026-05-27T11:23:33+08:00][sql] SELECT `id`,`post_title`,`post_excerpt`,`more` FROM `cmf_portal_post` WHERE (  `post_type` = 3 ) AND `cmf_portal_post`.`delete_time` = '0' ORDER BY `create_time` DESC [ RunTime:0.000408s ]
[2026-05-27T11:23:33+08:00][sql] SHOW FULL COLUMNS FROM `cmf_theme_file` [ RunTime:0.001748s ]
[2026-05-27T11:23:33+08:00][sql] SELECT `more`,`file`,`id` FROM `cmf_theme_file` WHERE  `theme` = 'simpleboot3'  AND (  `is_public` = 1 OR `file` = 'portal/index' ) ORDER BY `is_public` DESC [ RunTime:0.000565s ]
[2026-05-27T11:23:33+08:00][sql] SHOW FULL COLUMNS FROM `cmf_route` [ RunTime:0.000920s ]
[2026-05-27T11:23:33+08:00][sql] SELECT * FROM `cmf_route` WHERE  `status` = 1 ORDER BY `list_order` ASC [ RunTime:0.000547s ]
[2026-05-27T11:23:33+08:00][sql] SELECT `option_value` FROM `cmf_option` WHERE  `option_name` = 'storage' LIMIT 1 [ RunTime:0.000545s ]
[2026-05-27T11:23:35+08:00][sql] CONNECT:[ UseTime:0.000972s ] mysql:host=127.0.0.1;port=3306;dbname=weihua;charset=utf8mb4
[2026-05-27T11:23:35+08:00][sql] SHOW FULL COLUMNS FROM `cmf_option` [ RunTime:0.001665s ]
[2026-05-27T11:23:35+08:00][sql] SELECT `option_value` FROM `cmf_option` WHERE  `option_name` = 'cdn_settings' LIMIT 1 [ RunTime:0.000331s ]
[2026-05-27T11:23:35+08:00][sql] SELECT `option_value` FROM `cmf_option` WHERE  `option_name` = 'cdn_settings' LIMIT 1 [ RunTime:0.000616s ]
[2026-05-27T11:24:04+08:00][sql] CONNECT:[ UseTime:0.000808s ] mysql:host=127.0.0.1;port=3306;dbname=weihua;charset=utf8mb4
[2026-05-27T11:24:04+08:00][sql] SHOW FULL COLUMNS FROM `cmf_option` [ RunTime:0.001076s ]
[2026-05-27T11:24:04+08:00][sql] SELECT `option_value` FROM `cmf_option` WHERE  `option_name` = 'cdn_settings' LIMIT 1 [ RunTime:0.000231s ]
[2026-05-27T11:24:04+08:00][sql] SELECT `option_value` FROM `cmf_option` WHERE  `option_name` = 'cdn_settings' LIMIT 1 [ RunTime:0.000365s ]
[2026-05-27T11:24:04+08:00][sql] SHOW FULL COLUMNS FROM `cmf_product_category` [ RunTime:0.000980s ]
[2026-05-27T11:24:04+08:00][sql] SELECT * FROM `cmf_product_category` WHERE  `parent_id` = 0 ORDER BY `list_order` ASC,`create_time` DESC [ RunTime:0.000566s ]
[2026-05-27T11:24:04+08:00][sql] SELECT * FROM `cmf_product_category` WHERE  `parent_id` IN (28,19,22,23,25,27,30) [ RunTime:0.000297s ]
[2026-05-27T11:24:04+08:00][sql] SHOW FULL COLUMNS FROM `cmf_portal_category` [ RunTime:0.001714s ]
[2026-05-27T11:24:04+08:00][sql] SELECT * FROM `cmf_portal_category` WHERE (  `type` = 8 ) AND `cmf_portal_category`.`delete_time` = '0' ORDER BY `list_order` ASC [ RunTime:0.000547s ]
[2026-05-27T11:24:04+08:00][sql] SHOW FULL COLUMNS FROM `cmf_slide_item` [ RunTime:0.000820s ]
[2026-05-27T11:24:04+08:00][sql] SELECT `title`,`description`,`image`,`url`,`target`,`content` FROM `cmf_slide_item` WHERE  `slide_id` = 1 ORDER BY `list_order` ASC [ RunTime:0.000465s ]
[2026-05-27T11:24:04+08:00][sql] SHOW FULL COLUMNS FROM `cmf_slide` [ RunTime:0.000725s ]
[2026-05-27T11:24:04+08:00][sql] SELECT * FROM `cmf_slide` WHERE  `name` LIKE '%choose%' OR `name` LIKE '%选择%' LIMIT 1 [ RunTime:0.000376s ]
[2026-05-27T11:24:04+08:00][sql] SELECT `title`,`description`,`image`,`url`,`target`,`content` FROM `cmf_slide_item` WHERE  `slide_id` = 14  AND `status` = 1 ORDER BY `list_order` ASC [ RunTime:0.000302s ]
[2026-05-27T11:24:04+08:00][sql] SELECT * FROM `cmf_product_category` WHERE  `parent_id` = 0  AND `recommend` = 1 ORDER BY `list_order` ASC,`create_time` DESC [ RunTime:0.000257s ]
[2026-05-27T11:24:04+08:00][sql] SHOW FULL COLUMNS FROM `cmf_product` [ RunTime:0.000952s ]
[2026-05-27T11:24:04+08:00][sql] SELECT `id`,`title`,`thumbnail`,`industry` FROM `cmf_product` WHERE  `is_recommended` = 1  AND `category_id` = 28 ORDER BY `list_order` ASC LIMIT 6 [ RunTime:0.000386s ]
[2026-05-27T11:24:04+08:00][sql] SELECT `id`,`title`,`thumbnail`,`industry` FROM `cmf_product` WHERE  `is_recommended` = 1  AND `category_id` = 19 ORDER BY `list_order` ASC LIMIT 6 [ RunTime:0.000551s ]
[2026-05-27T11:24:04+08:00][sql] SELECT `id`,`title`,`thumbnail`,`industry` FROM `cmf_product` WHERE  `is_recommended` = 1  AND `category_id` = 23 ORDER BY `list_order` ASC LIMIT 6 [ RunTime:0.000361s ]
[2026-05-27T11:24:04+08:00][sql] SHOW FULL COLUMNS FROM `cmf_portal_post` [ RunTime:0.001180s ]
[2026-05-27T11:24:04+08:00][sql] SELECT `p`.`id`,`p`.`post_title`,`p`.`post_excerpt`,`p`.`thumbnail`,`p`.`create_time`,`c`.`category_id` FROM `cmf_portal_post` `p` INNER JOIN `cmf_portal_category_post` `c` ON `p`.`id`=`c`.`post_id` WHERE (  `p`.`post_type` = '8' ) AND `p`.`delete_time` = '0' ORDER BY `c`.`list_order` ASC,`p`.`create_time` DESC [ RunTime:0.000651s ]
[2026-05-27T11:24:04+08:00][sql] SELECT `id`,`post_title`,`post_excerpt`,`more` FROM `cmf_portal_post` WHERE (  `post_type` = 3 ) AND `cmf_portal_post`.`delete_time` = '0' ORDER BY `create_time` DESC [ RunTime:0.000296s ]
[2026-05-27T11:24:04+08:00][sql] SHOW FULL COLUMNS FROM `cmf_theme_file` [ RunTime:0.001189s ]
[2026-05-27T11:24:04+08:00][sql] SELECT `more`,`file`,`id` FROM `cmf_theme_file` WHERE  `theme` = 'simpleboot3'  AND (  `is_public` = 1 OR `file` = 'portal/index' ) ORDER BY `is_public` DESC [ RunTime:0.000554s ]
[2026-05-27T11:24:04+08:00][sql] SELECT `option_value` FROM `cmf_option` WHERE  `option_name` = 'storage' LIMIT 1 [ RunTime:0.000270s ]
[2026-05-27T11:24:06+08:00][sql] CONNECT:[ UseTime:0.000774s ] mysql:host=127.0.0.1;port=3306;dbname=weihua;charset=utf8mb4
[2026-05-27T11:24:06+08:00][sql] SHOW FULL COLUMNS FROM `cmf_option` [ RunTime:0.001376s ]
[2026-05-27T11:24:06+08:00][sql] SELECT `option_value` FROM `cmf_option` WHERE  `option_name` = 'cdn_settings' LIMIT 1 [ RunTime:0.000349s ]
[2026-05-27T11:24:06+08:00][sql] SELECT `option_value` FROM `cmf_option` WHERE  `option_name` = 'cdn_settings' LIMIT 1 [ RunTime:0.001695s ]
[2026-05-27T11:24:16+08:00][sql] CONNECT:[ UseTime:0.000728s ] mysql:host=127.0.0.1;port=3306;dbname=weihua;charset=utf8mb4
[2026-05-27T11:24:16+08:00][sql] SHOW FULL COLUMNS FROM `cmf_option` [ RunTime:0.001098s ]
[2026-05-27T11:24:16+08:00][sql] SELECT `option_value` FROM `cmf_option` WHERE  `option_name` = 'cdn_settings' LIMIT 1 [ RunTime:0.000236s ]
[2026-05-27T11:24:16+08:00][sql] SELECT `option_value` FROM `cmf_option` WHERE  `option_name` = 'cdn_settings' LIMIT 1 [ RunTime:0.000404s ]
[2026-05-27T11:24:16+08:00][sql] SHOW FULL COLUMNS FROM `cmf_product_category` [ RunTime:0.001056s ]
[2026-05-27T11:24:16+08:00][sql] SELECT * FROM `cmf_product_category` WHERE  `parent_id` = 0 ORDER BY `list_order` ASC,`create_time` DESC [ RunTime:0.000307s ]
[2026-05-27T11:24:16+08:00][sql] SELECT * FROM `cmf_product_category` WHERE  `parent_id` IN (28,19,22,23,25,27,30) [ RunTime:0.000269s ]
[2026-05-27T11:24:16+08:00][sql] SHOW FULL COLUMNS FROM `cmf_portal_category` [ RunTime:0.002223s ]
[2026-05-27T11:24:16+08:00][sql] SELECT * FROM `cmf_portal_category` WHERE (  `type` = 8 ) AND `cmf_portal_category`.`delete_time` = '0' ORDER BY `list_order` ASC [ RunTime:0.000683s ]
[2026-05-27T11:24:16+08:00][sql] SHOW FULL COLUMNS FROM `cmf_slide_item` [ RunTime:0.000803s ]
[2026-05-27T11:24:16+08:00][sql] SELECT `title`,`description`,`image`,`url`,`target`,`content` FROM `cmf_slide_item` WHERE  `slide_id` = 1 ORDER BY `list_order` ASC [ RunTime:0.000294s ]
[2026-05-27T11:24:16+08:00][sql] SHOW FULL COLUMNS FROM `cmf_slide` [ RunTime:0.001084s ]
[2026-05-27T11:24:16+08:00][sql] SELECT * FROM `cmf_slide` WHERE  `name` LIKE '%choose%' OR `name` LIKE '%选择%' LIMIT 1 [ RunTime:0.000273s ]
[2026-05-27T11:24:16+08:00][sql] SELECT `title`,`description`,`image`,`url`,`target`,`content` FROM `cmf_slide_item` WHERE  `slide_id` = 14  AND `status` = 1 ORDER BY `list_order` ASC [ RunTime:0.000324s ]
[2026-05-27T11:24:16+08:00][sql] SELECT * FROM `cmf_product_category` WHERE  `parent_id` = 0  AND `recommend` = 1 ORDER BY `list_order` ASC,`create_time` DESC [ RunTime:0.000852s ]
[2026-05-27T11:24:16+08:00][sql] SHOW FULL COLUMNS FROM `cmf_product` [ RunTime:0.001464s ]
[2026-05-27T11:24:16+08:00][sql] SELECT `id`,`title`,`thumbnail`,`industry` FROM `cmf_product` WHERE  `is_recommended` = 1  AND `category_id` = 28 ORDER BY `list_order` ASC LIMIT 6 [ RunTime:0.000505s ]
[2026-05-27T11:24:16+08:00][sql] SELECT `id`,`title`,`thumbnail`,`industry` FROM `cmf_product` WHERE  `is_recommended` = 1  AND `category_id` = 19 ORDER BY `list_order` ASC LIMIT 6 [ RunTime:0.000312s ]
[2026-05-27T11:24:16+08:00][sql] SELECT `id`,`title`,`thumbnail`,`industry` FROM `cmf_product` WHERE  `is_recommended` = 1  AND `category_id` = 23 ORDER BY `list_order` ASC LIMIT 6 [ RunTime:0.000249s ]
[2026-05-27T11:24:16+08:00][sql] SHOW FULL COLUMNS FROM `cmf_portal_post` [ RunTime:0.001984s ]
[2026-05-27T11:24:16+08:00][sql] SELECT `p`.`id`,`p`.`post_title`,`p`.`post_excerpt`,`p`.`thumbnail`,`p`.`create_time`,`c`.`category_id` FROM `cmf_portal_post` `p` INNER JOIN `cmf_portal_category_post` `c` ON `p`.`id`=`c`.`post_id` WHERE (  `p`.`post_type` = '8' ) AND `p`.`delete_time` = '0' ORDER BY `c`.`list_order` ASC,`p`.`create_time` DESC [ RunTime:0.001160s ]
[2026-05-27T11:24:16+08:00][sql] SELECT `id`,`post_title`,`post_excerpt`,`more` FROM `cmf_portal_post` WHERE (  `post_type` = 3 ) AND `cmf_portal_post`.`delete_time` = '0' ORDER BY `create_time` DESC [ RunTime:0.000862s ]
[2026-05-27T11:24:16+08:00][sql] SHOW FULL COLUMNS FROM `cmf_theme_file` [ RunTime:0.001182s ]
[2026-05-27T11:24:16+08:00][sql] SELECT `more`,`file`,`id` FROM `cmf_theme_file` WHERE  `theme` = 'simpleboot3'  AND (  `is_public` = 1 OR `file` = 'portal/index' ) ORDER BY `is_public` DESC [ RunTime:0.000303s ]
[2026-05-27T11:24:16+08:00][sql] SELECT `option_value` FROM `cmf_option` WHERE  `option_name` = 'storage' LIMIT 1 [ RunTime:0.000648s ]
[2026-05-27T11:24:18+08:00][sql] CONNECT:[ UseTime:0.001888s ] mysql:host=127.0.0.1;port=3306;dbname=weihua;charset=utf8mb4
[2026-05-27T11:24:18+08:00][sql] SHOW FULL COLUMNS FROM `cmf_option` [ RunTime:0.001538s ]
[2026-05-27T11:24:18+08:00][sql] SELECT `option_value` FROM `cmf_option` WHERE  `option_name` = 'cdn_settings' LIMIT 1 [ RunTime:0.000300s ]
[2026-05-27T11:24:18+08:00][sql] SELECT `option_value` FROM `cmf_option` WHERE  `option_name` = 'cdn_settings' LIMIT 1 [ RunTime:0.000491s ]
[2026-05-27T11:30:53+08:00][sql] CONNECT:[ UseTime:0.001681s ] mysql:host=127.0.0.1;port=3306;dbname=weihua;charset=utf8mb4
[2026-05-27T11:30:53+08:00][sql] SHOW FULL COLUMNS FROM `cmf_option` [ RunTime:0.002054s ]
[2026-05-27T11:30:53+08:00][sql] SELECT `option_value` FROM `cmf_option` WHERE  `option_name` = 'cdn_settings' LIMIT 1 [ RunTime:0.000844s ]
[2026-05-27T11:30:53+08:00][sql] SELECT `option_value` FROM `cmf_option` WHERE  `option_name` = 'cdn_settings' LIMIT 1 [ RunTime:0.000258s ]
[2026-05-27T11:30:54+08:00][sql] CONNECT:[ UseTime:0.000622s ] mysql:host=127.0.0.1;port=3306;dbname=weihua;charset=utf8mb4
[2026-05-27T11:30:54+08:00][sql] SHOW FULL COLUMNS FROM `cmf_option` [ RunTime:0.001399s ]
[2026-05-27T11:30:54+08:00][sql] SELECT `option_value` FROM `cmf_option` WHERE  `option_name` = 'cdn_settings' LIMIT 1 [ RunTime:0.000265s ]
[2026-05-27T11:30:54+08:00][sql] SELECT `option_value` FROM `cmf_option` WHERE  `option_name` = 'cdn_settings' LIMIT 1 [ RunTime:0.000205s ]
[2026-05-27T11:33:51+08:00][sql] CONNECT:[ UseTime:0.002409s ] mysql:host=127.0.0.1;port=3306;dbname=weihua;charset=utf8mb4
[2026-05-27T11:33:51+08:00][sql] SHOW FULL COLUMNS FROM `cmf_option` [ RunTime:0.001980s ]
[2026-05-27T11:33:51+08:00][sql] SELECT `option_value` FROM `cmf_option` WHERE  `option_name` = 'cdn_settings' LIMIT 1 [ RunTime:0.000335s ]
[2026-05-27T11:33:51+08:00][sql] SELECT `option_value` FROM `cmf_option` WHERE  `option_name` = 'cdn_settings' LIMIT 1 [ RunTime:0.000272s ]
[2026-05-27T11:33:53+08:00][sql] CONNECT:[ UseTime:0.017977s ] mysql:host=127.0.0.1;port=3306;dbname=weihua;charset=utf8mb4
[2026-05-27T11:33:53+08:00][sql] SHOW FULL COLUMNS FROM `cmf_option` [ RunTime:0.001238s ]
[2026-05-27T11:33:53+08:00][sql] SELECT `option_value` FROM `cmf_option` WHERE  `option_name` = 'cdn_settings' LIMIT 1 [ RunTime:0.000345s ]
[2026-05-27T11:33:53+08:00][sql] SELECT `option_value` FROM `cmf_option` WHERE  `option_name` = 'cdn_settings' LIMIT 1 [ RunTime:0.000266s ]
[2026-05-27T11:34:46+08:00][sql] CONNECT:[ UseTime:0.001424s ] mysql:host=127.0.0.1;port=3306;dbname=weihua;charset=utf8mb4
[2026-05-27T11:34:46+08:00][sql] SHOW FULL COLUMNS FROM `cmf_option` [ RunTime:0.002657s ]
[2026-05-27T11:34:46+08:00][sql] SELECT `option_value` FROM `cmf_option` WHERE  `option_name` = 'cdn_settings' LIMIT 1 [ RunTime:0.000322s ]
[2026-05-27T11:34:46+08:00][sql] SELECT `option_value` FROM `cmf_option` WHERE  `option_name` = 'cdn_settings' LIMIT 1 [ RunTime:0.000780s ]
[2026-05-27T14:05:18+08:00][sql] CONNECT:[ UseTime:0.001382s ] mysql:host=127.0.0.1;port=3306;dbname=weihua;charset=utf8mb4
[2026-05-27T14:05:18+08:00][sql] SHOW FULL COLUMNS FROM `cmf_plugin` [ RunTime:0.002714s ]
[2026-05-27T14:05:18+08:00][sql] SELECT `config` FROM `cmf_plugin` WHERE  `name` = 'SwitchTheme' LIMIT 1 [ RunTime:0.001318s ]
[2026-05-27T14:05:18+08:00][sql] SHOW FULL COLUMNS FROM `cmf_option` [ RunTime:0.002064s ]
[2026-05-27T14:05:18+08:00][sql] SELECT `option_value` FROM `cmf_option` WHERE  `option_name` = 'cdn_settings' LIMIT 1 [ RunTime:0.000617s ]
[2026-05-27T14:05:18+08:00][sql] SELECT `option_value` FROM `cmf_option` WHERE  `option_name` = 'cdn_settings' LIMIT 1 [ RunTime:0.000495s ]
[2026-05-27T14:10:48+08:00][sql] CONNECT:[ UseTime:0.003404s ] mysql:host=127.0.0.1;port=3306;dbname=weihua;charset=utf8mb4
[2026-05-27T14:10:48+08:00][sql] SHOW FULL COLUMNS FROM `cmf_option` [ RunTime:0.002416s ]
[2026-05-27T14:10:48+08:00][sql] SELECT `option_value` FROM `cmf_option` WHERE  `option_name` = 'cdn_settings' LIMIT 1 [ RunTime:0.000299s ]
[2026-05-27T14:10:48+08:00][sql] SELECT `option_value` FROM `cmf_option` WHERE  `option_name` = 'cdn_settings' LIMIT 1 [ RunTime:0.000608s ]
[2026-05-27T14:10:57+08:00][sql] CONNECT:[ UseTime:0.000867s ] mysql:host=127.0.0.1;port=3306;dbname=weihua;charset=utf8mb4
[2026-05-27T14:10:57+08:00][sql] SHOW FULL COLUMNS FROM `cmf_option` [ RunTime:0.001531s ]
[2026-05-27T14:10:57+08:00][sql] SELECT `option_value` FROM `cmf_option` WHERE  `option_name` = 'cdn_settings' LIMIT 1 [ RunTime:0.000413s ]
[2026-05-27T14:10:57+08:00][sql] SELECT `option_value` FROM `cmf_option` WHERE  `option_name` = 'cdn_settings' LIMIT 1 [ RunTime:0.000418s ]
[2026-05-27T14:19:24+08:00][sql] CONNECT:[ UseTime:0.001010s ] mysql:host=127.0.0.1;port=3306;dbname=weihua;charset=utf8mb4
[2026-05-27T14:19:24+08:00][sql] SHOW FULL COLUMNS FROM `cmf_option` [ RunTime:0.001875s ]
[2026-05-27T14:19:24+08:00][sql] SELECT `option_value` FROM `cmf_option` WHERE  `option_name` = 'cdn_settings' LIMIT 1 [ RunTime:0.000252s ]
[2026-05-27T14:19:24+08:00][sql] SELECT `option_value` FROM `cmf_option` WHERE  `option_name` = 'cdn_settings' LIMIT 1 [ RunTime:0.000340s ]
[2026-05-27T14:20:32+08:00][sql] CONNECT:[ UseTime:0.008560s ] mysql:host=127.0.0.1;port=3306;dbname=weihua;charset=utf8mb4
[2026-05-27T14:20:32+08:00][sql] SHOW FULL COLUMNS FROM `cmf_option` [ RunTime:0.002470s ]
[2026-05-27T14:20:32+08:00][sql] SELECT `option_value` FROM `cmf_option` WHERE  `option_name` = 'cdn_settings' LIMIT 1 [ RunTime:0.000270s ]
[2026-05-27T14:20:32+08:00][sql] SELECT `option_value` FROM `cmf_option` WHERE  `option_name` = 'cdn_settings' LIMIT 1 [ RunTime:0.000716s ]
[2026-05-27T14:20:33+08:00][sql] CONNECT:[ UseTime:0.000695s ] mysql:host=127.0.0.1;port=3306;dbname=weihua;charset=utf8mb4
[2026-05-27T14:20:33+08:00][sql] SHOW FULL COLUMNS FROM `cmf_option` [ RunTime:0.001937s ]
[2026-05-27T14:20:33+08:00][sql] SELECT `option_value` FROM `cmf_option` WHERE  `option_name` = 'cdn_settings' LIMIT 1 [ RunTime:0.000259s ]
[2026-05-27T14:20:33+08:00][sql] SELECT `option_value` FROM `cmf_option` WHERE  `option_name` = 'cdn_settings' LIMIT 1 [ RunTime:0.000271s ]
[2026-05-27T14:22:26+08:00][sql] CONNECT:[ UseTime:0.000832s ] mysql:host=127.0.0.1;port=3306;dbname=weihua;charset=utf8mb4
[2026-05-27T14:22:26+08:00][sql] SHOW FULL COLUMNS FROM `cmf_option` [ RunTime:0.002215s ]
[2026-05-27T14:22:26+08:00][sql] SELECT `option_value` FROM `cmf_option` WHERE  `option_name` = 'cdn_settings' LIMIT 1 [ RunTime:0.000312s ]
[2026-05-27T14:22:26+08:00][sql] SELECT `option_value` FROM `cmf_option` WHERE  `option_name` = 'cdn_settings' LIMIT 1 [ RunTime:0.000203s ]
[2026-05-27T14:22:27+08:00][sql] CONNECT:[ UseTime:0.001069s ] mysql:host=127.0.0.1;port=3306;dbname=weihua;charset=utf8mb4
[2026-05-27T14:22:27+08:00][sql] SHOW FULL COLUMNS FROM `cmf_option` [ RunTime:0.003398s ]
[2026-05-27T14:22:27+08:00][sql] SELECT `option_value` FROM `cmf_option` WHERE  `option_name` = 'cdn_settings' LIMIT 1 [ RunTime:0.000609s ]
[2026-05-27T14:22:27+08:00][sql] SELECT `option_value` FROM `cmf_option` WHERE  `option_name` = 'cdn_settings' LIMIT 1 [ RunTime:0.000597s ]
[2026-05-27T14:34:58+08:00][sql] CONNECT:[ UseTime:0.001541s ] mysql:host=127.0.0.1;port=3306;dbname=weihua;charset=utf8mb4
[2026-05-27T14:34:58+08:00][sql] SHOW FULL COLUMNS FROM `cmf_option` [ RunTime:0.003547s ]
[2026-05-27T14:34:58+08:00][sql] SELECT `option_value` FROM `cmf_option` WHERE  `option_name` = 'cdn_settings' LIMIT 1 [ RunTime:0.000423s ]
[2026-05-27T14:34:58+08:00][sql] SELECT `option_value` FROM `cmf_option` WHERE  `option_name` = 'cdn_settings' LIMIT 1 [ RunTime:0.000530s ]
[2026-05-27T14:45:51+08:00][sql] CONNECT:[ UseTime:0.002378s ] mysql:host=127.0.0.1;port=3306;dbname=weihua;charset=utf8mb4
[2026-05-27T14:45:51+08:00][sql] SHOW FULL COLUMNS FROM `cmf_option` [ RunTime:0.004461s ]
[2026-05-27T14:45:51+08:00][sql] SELECT `option_value` FROM `cmf_option` WHERE  `option_name` = 'cdn_settings' LIMIT 1 [ RunTime:0.000564s ]
[2026-05-27T14:45:51+08:00][sql] SELECT `option_value` FROM `cmf_option` WHERE  `option_name` = 'cdn_settings' LIMIT 1 [ RunTime:0.000300s ]
[2026-05-27T14:45:58+08:00][sql] CONNECT:[ UseTime:0.000861s ] mysql:host=127.0.0.1;port=3306;dbname=weihua;charset=utf8mb4
[2026-05-27T14:45:58+08:00][sql] SHOW FULL COLUMNS FROM `cmf_option` [ RunTime:0.001953s ]
[2026-05-27T14:45:58+08:00][sql] SELECT `option_value` FROM `cmf_option` WHERE  `option_name` = 'cdn_settings' LIMIT 1 [ RunTime:0.000287s ]
[2026-05-27T14:45:58+08:00][sql] SELECT `option_value` FROM `cmf_option` WHERE  `option_name` = 'cdn_settings' LIMIT 1 [ RunTime:0.000438s ]
[2026-05-27T14:45:58+08:00][sql] SHOW FULL COLUMNS FROM `cmf_product` [ RunTime:0.002503s ]
[2026-05-27T14:45:58+08:00][sql] SELECT `id`,`alias`,`update_time`,`create_time` FROM `cmf_product` WHERE  ( delete_time IS NULL OR delete_time = 0 )  AND `alias` <> '' [ RunTime:0.005584s ]
