[2026-05-28T11:32:59+08:00][sql] CONNECT:[ UseTime:0.007595s ] mysql:host=127.0.0.1;port=3306;dbname=weihua;charset=utf8mb4
[2026-05-28T11:32:59+08:00][sql] SHOW FULL COLUMNS FROM `cmf_plugin` [ RunTime:0.008464s ]
[2026-05-28T11:32:59+08:00][sql] SELECT `config` FROM `cmf_plugin` WHERE  `name` = 'SwitchTheme' LIMIT 1 [ RunTime:0.008651s ]
[2026-05-28T11:32:59+08:00][sql] SHOW FULL COLUMNS FROM `cmf_option` [ RunTime:0.004599s ]
[2026-05-28T11:32:59+08:00][sql] SELECT `option_value` FROM `cmf_option` WHERE  `option_name` = 'cdn_settings' LIMIT 1 [ RunTime:0.005718s ]
[2026-05-28T11:32:59+08:00][sql] SELECT `option_value` FROM `cmf_option` WHERE  `option_name` = 'cdn_settings' LIMIT 1 [ RunTime:0.000761s ]
[2026-05-28T11:32:59+08:00][sql] SHOW FULL COLUMNS FROM `cmf_product_category` [ RunTime:0.004315s ]
[2026-05-28T11:32:59+08:00][sql] SELECT * FROM `cmf_product_category` WHERE  `parent_id` = 0 ORDER BY `list_order` ASC,`create_time` DESC [ RunTime:0.003601s ]
[2026-05-28T11:32:59+08:00][sql] SELECT * FROM `cmf_product_category` WHERE  `parent_id` IN (28,19,22,23,25,27,30) [ RunTime:0.001219s ]
[2026-05-28T11:32:59+08:00][sql] SHOW FULL COLUMNS FROM `cmf_portal_category` [ RunTime:0.003144s ]
[2026-05-28T11:32:59+08:00][sql] SELECT * FROM `cmf_portal_category` WHERE (  `type` = 8 ) AND `cmf_portal_category`.`delete_time` = '0' ORDER BY `list_order` ASC [ RunTime:0.003988s ]
[2026-05-28T11:32:59+08:00][sql] SHOW FULL COLUMNS FROM `cmf_slide_item` [ RunTime:0.003395s ]
[2026-05-28T11:32:59+08:00][sql] SELECT `title`,`description`,`image`,`url`,`target`,`content` FROM `cmf_slide_item` WHERE  `slide_id` = 1 ORDER BY `list_order` ASC [ RunTime:0.005393s ]
[2026-05-28T11:32:59+08:00][sql] SHOW FULL COLUMNS FROM `cmf_slide` [ RunTime:0.002355s ]
[2026-05-28T11:32:59+08:00][sql] SELECT * FROM `cmf_slide` WHERE  `name` LIKE '%choose%' OR `name` LIKE '%选择%' LIMIT 1 [ RunTime:0.003083s ]
[2026-05-28T11:32:59+08:00][sql] SELECT `title`,`description`,`image`,`url`,`target`,`content` FROM `cmf_slide_item` WHERE  `slide_id` = 14  AND `status` = 1 ORDER BY `list_order` ASC [ RunTime:0.001007s ]
[2026-05-28T11:32:59+08:00][sql] SELECT * FROM `cmf_product_category` WHERE  `parent_id` = 0  AND `recommend` = 1 ORDER BY `list_order` ASC,`create_time` DESC [ RunTime:0.000593s ]
[2026-05-28T11:32:59+08:00][sql] SHOW FULL COLUMNS FROM `cmf_product` [ RunTime:0.003646s ]
[2026-05-28T11:32:59+08:00][sql] SELECT `id`,`title`,`thumbnail`,`industry` FROM `cmf_product` WHERE  `is_recommended` = 1  AND `category_id` = 28 ORDER BY `list_order` ASC LIMIT 6 [ RunTime:0.010888s ]
[2026-05-28T11:32:59+08:00][sql] SELECT `id`,`title`,`thumbnail`,`industry` FROM `cmf_product` WHERE  `is_recommended` = 1  AND `category_id` = 19 ORDER BY `list_order` ASC LIMIT 6 [ RunTime:0.001964s ]
[2026-05-28T11:32:59+08:00][sql] SELECT `id`,`title`,`thumbnail`,`industry` FROM `cmf_product` WHERE  `is_recommended` = 1  AND `category_id` = 23 ORDER BY `list_order` ASC LIMIT 6 [ RunTime:0.000434s ]
[2026-05-28T11:32:59+08:00][sql] SHOW FULL COLUMNS FROM `cmf_portal_post` [ RunTime:0.002406s ]
[2026-05-28T11:32:59+08:00][sql] SELECT `p`.`id`,`p`.`post_title`,`p`.`post_excerpt`,`p`.`thumbnail`,`p`.`create_time`,`c`.`category_id` FROM `cmf_portal_post` `p` INNER JOIN `cmf_portal_category_post` `c` ON `p`.`id`=`c`.`post_id` WHERE (  `p`.`post_type` = '8' ) AND `p`.`delete_time` = '0' ORDER BY `c`.`list_order` ASC,`p`.`create_time` DESC [ RunTime:0.007723s ]
[2026-05-28T11:32:59+08:00][sql] SELECT `id`,`post_title`,`post_excerpt`,`more` FROM `cmf_portal_post` WHERE (  `post_type` = 3 ) AND `cmf_portal_post`.`delete_time` = '0' ORDER BY `create_time` DESC [ RunTime:0.001749s ]
[2026-05-28T11:32:59+08:00][sql] SHOW FULL COLUMNS FROM `cmf_theme_file` [ RunTime:0.001454s ]
[2026-05-28T11:32:59+08:00][sql] SELECT `more`,`file`,`id` FROM `cmf_theme_file` WHERE  `theme` = 'simpleboot3'  AND (  `is_public` = 1 OR `file` = 'portal/index' ) ORDER BY `is_public` DESC [ RunTime:0.002359s ]
[2026-05-28T11:32:59+08:00][sql] SELECT `option_value` FROM `cmf_option` WHERE  `option_name` = 'storage' LIMIT 1 [ RunTime:0.000774s ]
[2026-05-28T11:33:08+08:00][sql] CONNECT:[ UseTime:0.000969s ] mysql:host=127.0.0.1;port=3306;dbname=weihua;charset=utf8mb4
[2026-05-28T11:33:08+08:00][sql] SHOW FULL COLUMNS FROM `cmf_option` [ RunTime:0.002082s ]
[2026-05-28T11:33:08+08:00][sql] SELECT `option_value` FROM `cmf_option` WHERE  `option_name` = 'cdn_settings' LIMIT 1 [ RunTime:0.000497s ]
[2026-05-28T11:33:08+08:00][sql] SELECT `option_value` FROM `cmf_option` WHERE  `option_name` = 'cdn_settings' LIMIT 1 [ RunTime:0.000282s ]
[2026-05-28T11:33:08+08:00][sql] SHOW FULL COLUMNS FROM `cmf_product_category` [ RunTime:0.001788s ]
[2026-05-28T11:33:08+08:00][sql] SELECT * FROM `cmf_product_category` WHERE  `parent_id` = 0 ORDER BY `list_order` ASC,`create_time` DESC [ RunTime:0.002035s ]
[2026-05-28T11:33:08+08:00][sql] SELECT * FROM `cmf_product_category` WHERE  `parent_id` IN (28,19,22,23,25,27,30) [ RunTime:0.001222s ]
[2026-05-28T11:33:08+08:00][sql] SHOW FULL COLUMNS FROM `cmf_portal_category` [ RunTime:0.002291s ]
[2026-05-28T11:33:08+08:00][sql] SELECT * FROM `cmf_portal_category` WHERE (  `type` = 8 ) AND `cmf_portal_category`.`delete_time` = '0' ORDER BY `list_order` ASC [ RunTime:0.001122s ]
[2026-05-28T11:33:08+08:00][sql] SHOW FULL COLUMNS FROM `cmf_slide_item` [ RunTime:0.001503s ]
[2026-05-28T11:33:08+08:00][sql] SELECT `title`,`description`,`image` FROM `cmf_slide_item` WHERE  `slide_id` = 12  AND `status` = 1 ORDER BY `list_order` ASC,`id` DESC LIMIT 1 [ RunTime:0.001569s ]
[2026-05-28T11:33:08+08:00][sql] SELECT * FROM `cmf_portal_category` WHERE (  `id` = 0  AND `status` = 1 ) AND `cmf_portal_category`.`delete_time` = '0' LIMIT 1 [ RunTime:0.000656s ]
[2026-05-28T11:33:08+08:00][sql] SHOW FULL COLUMNS FROM `cmf_portal_post` [ RunTime:0.001415s ]
[2026-05-28T11:33:08+08:00][sql] SELECT COUNT(*) AS think_count FROM `cmf_portal_post` `p` LEFT JOIN `cmf_portal_category_post` `c` ON `p`.`id`=`c`.`post_id` WHERE (  `post_type` = 8 ) AND `p`.`delete_time` = '0' LIMIT 1 [ RunTime:0.003002s ]
[2026-05-28T11:33:08+08:00][sql] SELECT `p`.`id`,`p`.`post_title`,`p`.`thumbnail`,`p`.`more`,c.category_id as cid,`p`.`post_excerpt`,`p`.`create_time` FROM `cmf_portal_post` `p` LEFT JOIN `cmf_portal_category_post` `c` ON `p`.`id`=`c`.`post_id` WHERE (  `post_type` = 8 ) AND `p`.`delete_time` = '0' ORDER BY `c`.`list_order` ASC,`p`.`create_time` DESC LIMIT 0,6 [ RunTime:0.000500s ]
[2026-05-28T11:33:08+08:00][sql] SHOW FULL COLUMNS FROM `cmf_theme_file` [ RunTime:0.001194s ]
[2026-05-28T11:33:08+08:00][sql] SELECT `more`,`file`,`id` FROM `cmf_theme_file` WHERE  `theme` = 'simpleboot3'  AND (  `is_public` = 1 OR `file` = 'portal/news' ) ORDER BY `is_public` DESC [ RunTime:0.000573s ]
[2026-05-28T11:33:08+08:00][sql] SELECT `option_value` FROM `cmf_option` WHERE  `option_name` = 'storage' LIMIT 1 [ RunTime:0.000444s ]
[2026-05-28T11:33:11+08:00][sql] CONNECT:[ UseTime:0.001231s ] mysql:host=127.0.0.1;port=3306;dbname=weihua;charset=utf8mb4
[2026-05-28T11:33:11+08:00][sql] SHOW FULL COLUMNS FROM `cmf_option` [ RunTime:0.002397s ]
[2026-05-28T11:33:11+08:00][sql] SELECT `option_value` FROM `cmf_option` WHERE  `option_name` = 'cdn_settings' LIMIT 1 [ RunTime:0.000722s ]
[2026-05-28T11:33:11+08:00][sql] SELECT `option_value` FROM `cmf_option` WHERE  `option_name` = 'cdn_settings' LIMIT 1 [ RunTime:0.001813s ]
[2026-05-28T11:33:11+08:00][sql] SHOW FULL COLUMNS FROM `cmf_product_category` [ RunTime:0.002041s ]
[2026-05-28T11:33:11+08:00][sql] SELECT * FROM `cmf_product_category` WHERE  `parent_id` = 0 ORDER BY `list_order` ASC,`create_time` DESC [ RunTime:0.001835s ]
[2026-05-28T11:33:11+08:00][sql] SELECT * FROM `cmf_product_category` WHERE  `parent_id` IN (28,19,22,23,25,27,30) [ RunTime:0.000764s ]
[2026-05-28T11:33:11+08:00][sql] SHOW FULL COLUMNS FROM `cmf_portal_category` [ RunTime:0.002447s ]
[2026-05-28T11:33:11+08:00][sql] SELECT * FROM `cmf_portal_category` WHERE (  `type` = 8 ) AND `cmf_portal_category`.`delete_time` = '0' ORDER BY `list_order` ASC [ RunTime:0.001726s ]
[2026-05-28T11:33:11+08:00][sql] SELECT * FROM `cmf_portal_category` WHERE (  `id` = 1  AND `status` = 1 ) AND `cmf_portal_category`.`delete_time` = '0' LIMIT 1 [ RunTime:0.000667s ]
[2026-05-28T11:33:11+08:00][sql] SHOW FULL COLUMNS FROM `cmf_portal_post` [ RunTime:0.001483s ]
[2026-05-28T11:33:11+08:00][sql] SELECT `post`.* FROM `cmf_portal_post` `post` LEFT JOIN `cmf_portal_category_post` `relation` ON `post`.`id`=`relation`.`post_id` WHERE (  `post`.`post_type` = '8'  AND `relation`.`category_id` = '1'  AND `post`.`id` = '9'  AND ( post.delete_time IS NULL OR post.delete_time = 0 ) ) AND `post`.`delete_time` = '0' LIMIT 1 [ RunTime:0.001704s ]
[2026-05-28T11:33:11+08:00][sql] SHOW FULL COLUMNS FROM `cmf_slide_item` [ RunTime:0.001231s ]
[2026-05-28T11:33:11+08:00][sql] SELECT `title`,`description`,`image` FROM `cmf_slide_item` WHERE  `slide_id` = 12  AND `status` = 1 ORDER BY `list_order` ASC,`id` DESC LIMIT 1 [ RunTime:0.000725s ]
[2026-05-28T11:33:11+08:00][sql] UPDATE `cmf_portal_post`  SET `post_hits` = `post_hits` + 1  WHERE (  `id` = 9 ) AND `cmf_portal_post`.`delete_time` = '0' [ RunTime:0.008424s ]
[2026-05-28T11:33:11+08:00][sql] SELECT `post`.* FROM `cmf_portal_post` `post` LEFT JOIN `cmf_portal_category_post` `relation` ON `post`.`id`=`relation`.`post_id` WHERE (  `post`.`post_type` = '8'  AND `relation`.`category_id` = '1'  AND `post`.`id` < '9'  AND ( post.delete_time IS NULL OR post.delete_time = 0 ) ) AND `post`.`delete_time` = '0' ORDER BY `post`.`id` DESC LIMIT 1 [ RunTime:0.001940s ]
[2026-05-28T11:33:11+08:00][sql] SELECT `post`.* FROM `cmf_portal_post` `post` LEFT JOIN `cmf_portal_category_post` `relation` ON `post`.`id`=`relation`.`post_id` WHERE (  `post`.`post_type` = '8'  AND `relation`.`category_id` = '1'  AND `post`.`id` > '9'  AND ( post.delete_time IS NULL OR post.delete_time = 0 ) ) AND `post`.`delete_time` = '0' ORDER BY `post`.`id` ASC LIMIT 1 [ RunTime:0.000701s ]
[2026-05-28T11:33:11+08:00][sql] SHOW FULL COLUMNS FROM `cmf_theme_file` [ RunTime:0.001506s ]
[2026-05-28T11:33:11+08:00][sql] SELECT `more`,`file`,`id` FROM `cmf_theme_file` WHERE  `theme` = 'simpleboot3'  AND (  `is_public` = 1 OR `file` = 'portal/news-info' ) ORDER BY `is_public` DESC [ RunTime:0.000593s ]
[2026-05-28T11:33:11+08:00][sql] SELECT `option_value` FROM `cmf_option` WHERE  `option_name` = 'storage' LIMIT 1 [ RunTime:0.000394s ]
[2026-05-28T11:33:16+08:00][sql] CONNECT:[ UseTime:0.000823s ] mysql:host=127.0.0.1;port=3306;dbname=weihua;charset=utf8mb4
[2026-05-28T11:33:16+08:00][sql] SHOW FULL COLUMNS FROM `cmf_option` [ RunTime:0.002593s ]
[2026-05-28T11:33:16+08:00][sql] SELECT `option_value` FROM `cmf_option` WHERE  `option_name` = 'cdn_settings' LIMIT 1 [ RunTime:0.002336s ]
[2026-05-28T11:33:16+08:00][sql] SELECT `option_value` FROM `cmf_option` WHERE  `option_name` = 'cdn_settings' LIMIT 1 [ RunTime:0.000343s ]
[2026-05-28T11:33:16+08:00][sql] SHOW FULL COLUMNS FROM `cmf_product_category` [ RunTime:0.001228s ]
[2026-05-28T11:33:16+08:00][sql] SELECT * FROM `cmf_product_category` WHERE  `parent_id` = 0 ORDER BY `list_order` ASC,`create_time` DESC [ RunTime:0.001921s ]
[2026-05-28T11:33:16+08:00][sql] SELECT * FROM `cmf_product_category` WHERE  `parent_id` IN (28,19,22,23,25,27,30) [ RunTime:0.000986s ]
[2026-05-28T11:33:16+08:00][sql] SHOW FULL COLUMNS FROM `cmf_portal_category` [ RunTime:0.001338s ]
[2026-05-28T11:33:16+08:00][sql] SELECT * FROM `cmf_portal_category` WHERE (  `type` = 8 ) AND `cmf_portal_category`.`delete_time` = '0' ORDER BY `list_order` ASC [ RunTime:0.001620s ]
[2026-05-28T11:33:16+08:00][sql] SELECT * FROM `cmf_portal_category` WHERE (  `id` = 1  AND `status` = 1 ) AND `cmf_portal_category`.`delete_time` = '0' LIMIT 1 [ RunTime:0.000517s ]
[2026-05-28T11:33:16+08:00][sql] SHOW FULL COLUMNS FROM `cmf_portal_post` [ RunTime:0.002058s ]
[2026-05-28T11:33:16+08:00][sql] SELECT `post`.* FROM `cmf_portal_post` `post` LEFT JOIN `cmf_portal_category_post` `relation` ON `post`.`id`=`relation`.`post_id` WHERE (  `post`.`post_type` = '8'  AND `relation`.`category_id` = '1'  AND `post`.`id` = '10'  AND ( post.delete_time IS NULL OR post.delete_time = 0 ) ) AND `post`.`delete_time` = '0' LIMIT 1 [ RunTime:0.001571s ]
[2026-05-28T11:33:16+08:00][sql] SHOW FULL COLUMNS FROM `cmf_slide_item` [ RunTime:0.001177s ]
[2026-05-28T11:33:16+08:00][sql] SELECT `title`,`description`,`image` FROM `cmf_slide_item` WHERE  `slide_id` = 12  AND `status` = 1 ORDER BY `list_order` ASC,`id` DESC LIMIT 1 [ RunTime:0.001170s ]
[2026-05-28T11:33:16+08:00][sql] UPDATE `cmf_portal_post`  SET `post_hits` = `post_hits` + 1  WHERE (  `id` = 10 ) AND `cmf_portal_post`.`delete_time` = '0' [ RunTime:0.004989s ]
[2026-05-28T11:33:16+08:00][sql] SELECT `post`.* FROM `cmf_portal_post` `post` LEFT JOIN `cmf_portal_category_post` `relation` ON `post`.`id`=`relation`.`post_id` WHERE (  `post`.`post_type` = '8'  AND `relation`.`category_id` = '1'  AND `post`.`id` < '10'  AND ( post.delete_time IS NULL OR post.delete_time = 0 ) ) AND `post`.`delete_time` = '0' ORDER BY `post`.`id` DESC LIMIT 1 [ RunTime:0.000833s ]
[2026-05-28T11:33:16+08:00][sql] SELECT `post`.* FROM `cmf_portal_post` `post` LEFT JOIN `cmf_portal_category_post` `relation` ON `post`.`id`=`relation`.`post_id` WHERE (  `post`.`post_type` = '8'  AND `relation`.`category_id` = '1'  AND `post`.`id` > '10'  AND ( post.delete_time IS NULL OR post.delete_time = 0 ) ) AND `post`.`delete_time` = '0' ORDER BY `post`.`id` ASC LIMIT 1 [ RunTime:0.002117s ]
[2026-05-28T11:33:16+08:00][sql] SHOW FULL COLUMNS FROM `cmf_theme_file` [ RunTime:0.001245s ]
[2026-05-28T11:33:16+08:00][sql] SELECT `more`,`file`,`id` FROM `cmf_theme_file` WHERE  `theme` = 'simpleboot3'  AND (  `is_public` = 1 OR `file` = 'portal/news-info' ) ORDER BY `is_public` DESC [ RunTime:0.000564s ]
[2026-05-28T11:33:16+08:00][sql] SELECT `option_value` FROM `cmf_option` WHERE  `option_name` = 'storage' LIMIT 1 [ RunTime:0.000524s ]
[2026-05-28T11:33:20+08:00][sql] CONNECT:[ UseTime:0.000985s ] mysql:host=127.0.0.1;port=3306;dbname=weihua;charset=utf8mb4
[2026-05-28T11:33:20+08:00][sql] SHOW FULL COLUMNS FROM `cmf_option` [ RunTime:0.001911s ]
[2026-05-28T11:33:20+08:00][sql] SELECT `option_value` FROM `cmf_option` WHERE  `option_name` = 'cdn_settings' LIMIT 1 [ RunTime:0.000807s ]
[2026-05-28T11:33:20+08:00][sql] SELECT `option_value` FROM `cmf_option` WHERE  `option_name` = 'cdn_settings' LIMIT 1 [ RunTime:0.000407s ]
[2026-05-28T11:33:20+08:00][sql] SHOW FULL COLUMNS FROM `cmf_product_category` [ RunTime:0.001315s ]
[2026-05-28T11:33:20+08:00][sql] SELECT * FROM `cmf_product_category` WHERE  `parent_id` = 0 ORDER BY `list_order` ASC,`create_time` DESC [ RunTime:0.001840s ]
[2026-05-28T11:33:20+08:00][sql] SELECT * FROM `cmf_product_category` WHERE  `parent_id` IN (28,19,22,23,25,27,30) [ RunTime:0.000384s ]
[2026-05-28T11:33:20+08:00][sql] SHOW FULL COLUMNS FROM `cmf_portal_category` [ RunTime:0.001106s ]
[2026-05-28T11:33:20+08:00][sql] SELECT * FROM `cmf_portal_category` WHERE (  `type` = 8 ) AND `cmf_portal_category`.`delete_time` = '0' ORDER BY `list_order` ASC [ RunTime:0.000531s ]
[2026-05-28T11:33:20+08:00][sql] SELECT * FROM `cmf_portal_category` WHERE (  `id` = 1  AND `status` = 1 ) AND `cmf_portal_category`.`delete_time` = '0' LIMIT 1 [ RunTime:0.000976s ]
[2026-05-28T11:33:20+08:00][sql] SHOW FULL COLUMNS FROM `cmf_portal_post` [ RunTime:0.002381s ]
[2026-05-28T11:33:20+08:00][sql] SELECT `post`.* FROM `cmf_portal_post` `post` LEFT JOIN `cmf_portal_category_post` `relation` ON `post`.`id`=`relation`.`post_id` WHERE (  `post`.`post_type` = '8'  AND `relation`.`category_id` = '1'  AND `post`.`id` = '9'  AND ( post.delete_time IS NULL OR post.delete_time = 0 ) ) AND `post`.`delete_time` = '0' LIMIT 1 [ RunTime:0.001007s ]
[2026-05-28T11:33:20+08:00][sql] SHOW FULL COLUMNS FROM `cmf_slide_item` [ RunTime:0.002437s ]
[2026-05-28T11:33:20+08:00][sql] SELECT `title`,`description`,`image` FROM `cmf_slide_item` WHERE  `slide_id` = 12  AND `status` = 1 ORDER BY `list_order` ASC,`id` DESC LIMIT 1 [ RunTime:0.000783s ]
[2026-05-28T11:33:20+08:00][sql] UPDATE `cmf_portal_post`  SET `post_hits` = `post_hits` + 1  WHERE (  `id` = 9 ) AND `cmf_portal_post`.`delete_time` = '0' [ RunTime:0.004879s ]
[2026-05-28T11:33:20+08:00][sql] SELECT `post`.* FROM `cmf_portal_post` `post` LEFT JOIN `cmf_portal_category_post` `relation` ON `post`.`id`=`relation`.`post_id` WHERE (  `post`.`post_type` = '8'  AND `relation`.`category_id` = '1'  AND `post`.`id` < '9'  AND ( post.delete_time IS NULL OR post.delete_time = 0 ) ) AND `post`.`delete_time` = '0' ORDER BY `post`.`id` DESC LIMIT 1 [ RunTime:0.000715s ]
[2026-05-28T11:33:20+08:00][sql] SELECT `post`.* FROM `cmf_portal_post` `post` LEFT JOIN `cmf_portal_category_post` `relation` ON `post`.`id`=`relation`.`post_id` WHERE (  `post`.`post_type` = '8'  AND `relation`.`category_id` = '1'  AND `post`.`id` > '9'  AND ( post.delete_time IS NULL OR post.delete_time = 0 ) ) AND `post`.`delete_time` = '0' ORDER BY `post`.`id` ASC LIMIT 1 [ RunTime:0.000590s ]
[2026-05-28T11:33:20+08:00][sql] SHOW FULL COLUMNS FROM `cmf_theme_file` [ RunTime:0.002305s ]
[2026-05-28T11:33:20+08:00][sql] SELECT `more`,`file`,`id` FROM `cmf_theme_file` WHERE  `theme` = 'simpleboot3'  AND (  `is_public` = 1 OR `file` = 'portal/news-info' ) ORDER BY `is_public` DESC [ RunTime:0.000780s ]
[2026-05-28T11:33:20+08:00][sql] SELECT `option_value` FROM `cmf_option` WHERE  `option_name` = 'storage' LIMIT 1 [ RunTime:0.000659s ]
[2026-05-28T11:33:26+08:00][sql] CONNECT:[ UseTime:0.001735s ] mysql:host=127.0.0.1;port=3306;dbname=weihua;charset=utf8mb4
[2026-05-28T11:33:26+08:00][sql] SHOW FULL COLUMNS FROM `cmf_option` [ RunTime:0.002313s ]
[2026-05-28T11:33:26+08:00][sql] SELECT `option_value` FROM `cmf_option` WHERE  `option_name` = 'cdn_settings' LIMIT 1 [ RunTime:0.000976s ]
[2026-05-28T11:33:26+08:00][sql] SELECT `option_value` FROM `cmf_option` WHERE  `option_name` = 'cdn_settings' LIMIT 1 [ RunTime:0.000599s ]
[2026-05-28T11:33:26+08:00][sql] SHOW FULL COLUMNS FROM `cmf_product_category` [ RunTime:0.001200s ]
[2026-05-28T11:33:26+08:00][sql] SELECT * FROM `cmf_product_category` WHERE  `parent_id` = 0 ORDER BY `list_order` ASC,`create_time` DESC [ RunTime:0.000656s ]
[2026-05-28T11:33:26+08:00][sql] SELECT * FROM `cmf_product_category` WHERE  `parent_id` IN (28,19,22,23,25,27,30) [ RunTime:0.000690s ]
[2026-05-28T11:33:26+08:00][sql] SHOW FULL COLUMNS FROM `cmf_portal_category` [ RunTime:0.001999s ]
[2026-05-28T11:33:26+08:00][sql] SELECT * FROM `cmf_portal_category` WHERE (  `type` = 8 ) AND `cmf_portal_category`.`delete_time` = '0' ORDER BY `list_order` ASC [ RunTime:0.001017s ]
[2026-05-28T11:33:26+08:00][sql] SELECT * FROM `cmf_portal_category` WHERE (  `id` = 1  AND `status` = 1 ) AND `cmf_portal_category`.`delete_time` = '0' LIMIT 1 [ RunTime:0.000882s ]
[2026-05-28T11:33:26+08:00][sql] SHOW FULL COLUMNS FROM `cmf_portal_post` [ RunTime:0.001715s ]
[2026-05-28T11:33:26+08:00][sql] SELECT `post`.* FROM `cmf_portal_post` `post` LEFT JOIN `cmf_portal_category_post` `relation` ON `post`.`id`=`relation`.`post_id` WHERE (  `post`.`post_type` = '8'  AND `relation`.`category_id` = '1'  AND `post`.`id` = '10'  AND ( post.delete_time IS NULL OR post.delete_time = 0 ) ) AND `post`.`delete_time` = '0' LIMIT 1 [ RunTime:0.001729s ]
[2026-05-28T11:33:26+08:00][sql] SHOW FULL COLUMNS FROM `cmf_slide_item` [ RunTime:0.002148s ]
[2026-05-28T11:33:26+08:00][sql] SELECT `title`,`description`,`image` FROM `cmf_slide_item` WHERE  `slide_id` = 12  AND `status` = 1 ORDER BY `list_order` ASC,`id` DESC LIMIT 1 [ RunTime:0.001473s ]
[2026-05-28T11:33:26+08:00][sql] UPDATE `cmf_portal_post`  SET `post_hits` = `post_hits` + 1  WHERE (  `id` = 10 ) AND `cmf_portal_post`.`delete_time` = '0' [ RunTime:0.005291s ]
[2026-05-28T11:33:26+08:00][sql] SELECT `post`.* FROM `cmf_portal_post` `post` LEFT JOIN `cmf_portal_category_post` `relation` ON `post`.`id`=`relation`.`post_id` WHERE (  `post`.`post_type` = '8'  AND `relation`.`category_id` = '1'  AND `post`.`id` < '10'  AND ( post.delete_time IS NULL OR post.delete_time = 0 ) ) AND `post`.`delete_time` = '0' ORDER BY `post`.`id` DESC LIMIT 1 [ RunTime:0.000846s ]
[2026-05-28T11:33:26+08:00][sql] SELECT `post`.* FROM `cmf_portal_post` `post` LEFT JOIN `cmf_portal_category_post` `relation` ON `post`.`id`=`relation`.`post_id` WHERE (  `post`.`post_type` = '8'  AND `relation`.`category_id` = '1'  AND `post`.`id` > '10'  AND ( post.delete_time IS NULL OR post.delete_time = 0 ) ) AND `post`.`delete_time` = '0' ORDER BY `post`.`id` ASC LIMIT 1 [ RunTime:0.000581s ]
[2026-05-28T11:33:26+08:00][sql] SHOW FULL COLUMNS FROM `cmf_theme_file` [ RunTime:0.003621s ]
[2026-05-28T11:33:26+08:00][sql] SELECT `more`,`file`,`id` FROM `cmf_theme_file` WHERE  `theme` = 'simpleboot3'  AND (  `is_public` = 1 OR `file` = 'portal/news-info' ) ORDER BY `is_public` DESC [ RunTime:0.000776s ]
[2026-05-28T11:33:26+08:00][sql] SELECT `option_value` FROM `cmf_option` WHERE  `option_name` = 'storage' LIMIT 1 [ RunTime:0.000708s ]
[2026-05-28T11:33:29+08:00][sql] CONNECT:[ UseTime:0.022064s ] mysql:host=127.0.0.1;port=3306;dbname=weihua;charset=utf8mb4
[2026-05-28T11:33:29+08:00][sql] SHOW FULL COLUMNS FROM `cmf_option` [ RunTime:0.001958s ]
[2026-05-28T11:33:29+08:00][sql] SELECT `option_value` FROM `cmf_option` WHERE  `option_name` = 'cdn_settings' LIMIT 1 [ RunTime:0.000522s ]
[2026-05-28T11:33:29+08:00][sql] SELECT `option_value` FROM `cmf_option` WHERE  `option_name` = 'cdn_settings' LIMIT 1 [ RunTime:0.000341s ]
[2026-05-28T11:33:29+08:00][sql] SHOW FULL COLUMNS FROM `cmf_product_category` [ RunTime:0.001192s ]
[2026-05-28T11:33:29+08:00][sql] SELECT * FROM `cmf_product_category` WHERE  `parent_id` = 0 ORDER BY `list_order` ASC,`create_time` DESC [ RunTime:0.000666s ]
[2026-05-28T11:33:29+08:00][sql] SELECT * FROM `cmf_product_category` WHERE  `parent_id` IN (28,19,22,23,25,27,30) [ RunTime:0.000432s ]
[2026-05-28T11:33:29+08:00][sql] SHOW FULL COLUMNS FROM `cmf_portal_category` [ RunTime:0.001310s ]
[2026-05-28T11:33:29+08:00][sql] SELECT * FROM `cmf_portal_category` WHERE (  `type` = 8 ) AND `cmf_portal_category`.`delete_time` = '0' ORDER BY `list_order` ASC [ RunTime:0.000552s ]
[2026-05-28T11:33:29+08:00][sql] SELECT * FROM `cmf_portal_category` WHERE (  `id` = 1  AND `status` = 1 ) AND `cmf_portal_category`.`delete_time` = '0' LIMIT 1 [ RunTime:0.000363s ]
[2026-05-28T11:33:29+08:00][sql] SHOW FULL COLUMNS FROM `cmf_portal_post` [ RunTime:0.001934s ]
[2026-05-28T11:33:29+08:00][sql] SELECT `post`.* FROM `cmf_portal_post` `post` LEFT JOIN `cmf_portal_category_post` `relation` ON `post`.`id`=`relation`.`post_id` WHERE (  `post`.`post_type` = '8'  AND `relation`.`category_id` = '1'  AND `post`.`id` = '12'  AND ( post.delete_time IS NULL OR post.delete_time = 0 ) ) AND `post`.`delete_time` = '0' LIMIT 1 [ RunTime:0.001368s ]
[2026-05-28T11:33:29+08:00][sql] SHOW FULL COLUMNS FROM `cmf_slide_item` [ RunTime:0.000944s ]
[2026-05-28T11:33:29+08:00][sql] SELECT `title`,`description`,`image` FROM `cmf_slide_item` WHERE  `slide_id` = 12  AND `status` = 1 ORDER BY `list_order` ASC,`id` DESC LIMIT 1 [ RunTime:0.001150s ]
[2026-05-28T11:33:29+08:00][sql] UPDATE `cmf_portal_post`  SET `post_hits` = `post_hits` + 1  WHERE (  `id` = 12 ) AND `cmf_portal_post`.`delete_time` = '0' [ RunTime:0.005888s ]
[2026-05-28T11:33:29+08:00][sql] SELECT `post`.* FROM `cmf_portal_post` `post` LEFT JOIN `cmf_portal_category_post` `relation` ON `post`.`id`=`relation`.`post_id` WHERE (  `post`.`post_type` = '8'  AND `relation`.`category_id` = '1'  AND `post`.`id` < '12'  AND ( post.delete_time IS NULL OR post.delete_time = 0 ) ) AND `post`.`delete_time` = '0' ORDER BY `post`.`id` DESC LIMIT 1 [ RunTime:0.000794s ]
[2026-05-28T11:33:29+08:00][sql] SELECT `post`.* FROM `cmf_portal_post` `post` LEFT JOIN `cmf_portal_category_post` `relation` ON `post`.`id`=`relation`.`post_id` WHERE (  `post`.`post_type` = '8'  AND `relation`.`category_id` = '1'  AND `post`.`id` > '12'  AND ( post.delete_time IS NULL OR post.delete_time = 0 ) ) AND `post`.`delete_time` = '0' ORDER BY `post`.`id` ASC LIMIT 1 [ RunTime:0.000554s ]
[2026-05-28T11:33:29+08:00][sql] SHOW FULL COLUMNS FROM `cmf_theme_file` [ RunTime:0.001477s ]
[2026-05-28T11:33:29+08:00][sql] SELECT `more`,`file`,`id` FROM `cmf_theme_file` WHERE  `theme` = 'simpleboot3'  AND (  `is_public` = 1 OR `file` = 'portal/news-info' ) ORDER BY `is_public` DESC [ RunTime:0.000612s ]
[2026-05-28T11:33:29+08:00][sql] SELECT `option_value` FROM `cmf_option` WHERE  `option_name` = 'storage' LIMIT 1 [ RunTime:0.000450s ]
[2026-05-28T11:33:33+08:00][sql] CONNECT:[ UseTime:0.001128s ] mysql:host=127.0.0.1;port=3306;dbname=weihua;charset=utf8mb4
[2026-05-28T11:33:33+08:00][sql] SHOW FULL COLUMNS FROM `cmf_option` [ RunTime:0.001799s ]
[2026-05-28T11:33:33+08:00][sql] SELECT `option_value` FROM `cmf_option` WHERE  `option_name` = 'cdn_settings' LIMIT 1 [ RunTime:0.000755s ]
[2026-05-28T11:33:33+08:00][sql] SELECT `option_value` FROM `cmf_option` WHERE  `option_name` = 'cdn_settings' LIMIT 1 [ RunTime:0.000288s ]
[2026-05-28T11:33:33+08:00][sql] SHOW FULL COLUMNS FROM `cmf_product_category` [ RunTime:0.000871s ]
[2026-05-28T11:33:33+08:00][sql] SELECT * FROM `cmf_product_category` WHERE  `parent_id` = 0 ORDER BY `list_order` ASC,`create_time` DESC [ RunTime:0.000463s ]
[2026-05-28T11:33:33+08:00][sql] SELECT * FROM `cmf_product_category` WHERE  `parent_id` IN (28,19,22,23,25,27,30) [ RunTime:0.000287s ]
[2026-05-28T11:33:33+08:00][sql] SHOW FULL COLUMNS FROM `cmf_portal_category` [ RunTime:0.001361s ]
[2026-05-28T11:33:33+08:00][sql] SELECT * FROM `cmf_portal_category` WHERE (  `type` = 8 ) AND `cmf_portal_category`.`delete_time` = '0' ORDER BY `list_order` ASC [ RunTime:0.000672s ]
[2026-05-28T11:33:33+08:00][sql] SELECT * FROM `cmf_portal_category` WHERE (  `id` = 1  AND `status` = 1 ) AND `cmf_portal_category`.`delete_time` = '0' LIMIT 1 [ RunTime:0.000765s ]
[2026-05-28T11:33:33+08:00][sql] SHOW FULL COLUMNS FROM `cmf_portal_post` [ RunTime:0.001526s ]
[2026-05-28T11:33:33+08:00][sql] SELECT `post`.* FROM `cmf_portal_post` `post` LEFT JOIN `cmf_portal_category_post` `relation` ON `post`.`id`=`relation`.`post_id` WHERE (  `post`.`post_type` = '8'  AND `relation`.`category_id` = '1'  AND `post`.`id` = '13'  AND ( post.delete_time IS NULL OR post.delete_time = 0 ) ) AND `post`.`delete_time` = '0' LIMIT 1 [ RunTime:0.001634s ]
[2026-05-28T11:33:33+08:00][sql] SHOW FULL COLUMNS FROM `cmf_slide_item` [ RunTime:0.000868s ]
[2026-05-28T11:33:33+08:00][sql] SELECT `title`,`description`,`image` FROM `cmf_slide_item` WHERE  `slide_id` = 12  AND `status` = 1 ORDER BY `list_order` ASC,`id` DESC LIMIT 1 [ RunTime:0.000487s ]
[2026-05-28T11:33:33+08:00][sql] UPDATE `cmf_portal_post`  SET `post_hits` = `post_hits` + 1  WHERE (  `id` = 13 ) AND `cmf_portal_post`.`delete_time` = '0' [ RunTime:0.003252s ]
[2026-05-28T11:33:33+08:00][sql] SELECT `post`.* FROM `cmf_portal_post` `post` LEFT JOIN `cmf_portal_category_post` `relation` ON `post`.`id`=`relation`.`post_id` WHERE (  `post`.`post_type` = '8'  AND `relation`.`category_id` = '1'  AND `post`.`id` < '13'  AND ( post.delete_time IS NULL OR post.delete_time = 0 ) ) AND `post`.`delete_time` = '0' ORDER BY `post`.`id` DESC LIMIT 1 [ RunTime:0.000568s ]
[2026-05-28T11:33:33+08:00][sql] SELECT `post`.* FROM `cmf_portal_post` `post` LEFT JOIN `cmf_portal_category_post` `relation` ON `post`.`id`=`relation`.`post_id` WHERE (  `post`.`post_type` = '8'  AND `relation`.`category_id` = '1'  AND `post`.`id` > '13'  AND ( post.delete_time IS NULL OR post.delete_time = 0 ) ) AND `post`.`delete_time` = '0' ORDER BY `post`.`id` ASC LIMIT 1 [ RunTime:0.000448s ]
[2026-05-28T11:33:33+08:00][sql] SHOW FULL COLUMNS FROM `cmf_theme_file` [ RunTime:0.001430s ]
[2026-05-28T11:33:33+08:00][sql] SELECT `more`,`file`,`id` FROM `cmf_theme_file` WHERE  `theme` = 'simpleboot3'  AND (  `is_public` = 1 OR `file` = 'portal/news-info' ) ORDER BY `is_public` DESC [ RunTime:0.000969s ]
[2026-05-28T11:33:33+08:00][sql] SELECT `option_value` FROM `cmf_option` WHERE  `option_name` = 'storage' LIMIT 1 [ RunTime:0.000322s ]
[2026-05-28T11:33:36+08:00][sql] CONNECT:[ UseTime:0.010505s ] mysql:host=127.0.0.1;port=3306;dbname=weihua;charset=utf8mb4
[2026-05-28T11:33:36+08:00][sql] SHOW FULL COLUMNS FROM `cmf_option` [ RunTime:0.001514s ]
[2026-05-28T11:33:36+08:00][sql] SELECT `option_value` FROM `cmf_option` WHERE  `option_name` = 'cdn_settings' LIMIT 1 [ RunTime:0.000592s ]
[2026-05-28T11:33:36+08:00][sql] SELECT `option_value` FROM `cmf_option` WHERE  `option_name` = 'cdn_settings' LIMIT 1 [ RunTime:0.000399s ]
[2026-05-28T11:33:36+08:00][sql] SHOW FULL COLUMNS FROM `cmf_product_category` [ RunTime:0.001815s ]
[2026-05-28T11:33:36+08:00][sql] SELECT * FROM `cmf_product_category` WHERE  `parent_id` = 0 ORDER BY `list_order` ASC,`create_time` DESC [ RunTime:0.001553s ]
[2026-05-28T11:33:36+08:00][sql] SELECT * FROM `cmf_product_category` WHERE  `parent_id` IN (28,19,22,23,25,27,30) [ RunTime:0.000929s ]
[2026-05-28T11:33:36+08:00][sql] SHOW FULL COLUMNS FROM `cmf_portal_category` [ RunTime:0.001777s ]
[2026-05-28T11:33:36+08:00][sql] SELECT * FROM `cmf_portal_category` WHERE (  `type` = 8 ) AND `cmf_portal_category`.`delete_time` = '0' ORDER BY `list_order` ASC [ RunTime:0.000683s ]
[2026-05-28T11:33:36+08:00][sql] SELECT * FROM `cmf_portal_category` WHERE (  `id` = 1  AND `status` = 1 ) AND `cmf_portal_category`.`delete_time` = '0' LIMIT 1 [ RunTime:0.000464s ]
[2026-05-28T11:33:36+08:00][sql] SHOW FULL COLUMNS FROM `cmf_portal_post` [ RunTime:0.001043s ]
[2026-05-28T11:33:36+08:00][sql] SELECT `post`.* FROM `cmf_portal_post` `post` LEFT JOIN `cmf_portal_category_post` `relation` ON `post`.`id`=`relation`.`post_id` WHERE (  `post`.`post_type` = '8'  AND `relation`.`category_id` = '1'  AND `post`.`id` = '14'  AND ( post.delete_time IS NULL OR post.delete_time = 0 ) ) AND `post`.`delete_time` = '0' LIMIT 1 [ RunTime:0.001354s ]
[2026-05-28T11:33:36+08:00][sql] SHOW FULL COLUMNS FROM `cmf_slide_item` [ RunTime:0.001990s ]
[2026-05-28T11:33:36+08:00][sql] SELECT `title`,`description`,`image` FROM `cmf_slide_item` WHERE  `slide_id` = 12  AND `status` = 1 ORDER BY `list_order` ASC,`id` DESC LIMIT 1 [ RunTime:0.000609s ]
[2026-05-28T11:33:36+08:00][sql] UPDATE `cmf_portal_post`  SET `post_hits` = `post_hits` + 1  WHERE (  `id` = 14 ) AND `cmf_portal_post`.`delete_time` = '0' [ RunTime:0.005043s ]
[2026-05-28T11:33:36+08:00][sql] SELECT `post`.* FROM `cmf_portal_post` `post` LEFT JOIN `cmf_portal_category_post` `relation` ON `post`.`id`=`relation`.`post_id` WHERE (  `post`.`post_type` = '8'  AND `relation`.`category_id` = '1'  AND `post`.`id` < '14'  AND ( post.delete_time IS NULL OR post.delete_time = 0 ) ) AND `post`.`delete_time` = '0' ORDER BY `post`.`id` DESC LIMIT 1 [ RunTime:0.000564s ]
[2026-05-28T11:33:36+08:00][sql] SELECT `post`.* FROM `cmf_portal_post` `post` LEFT JOIN `cmf_portal_category_post` `relation` ON `post`.`id`=`relation`.`post_id` WHERE (  `post`.`post_type` = '8'  AND `relation`.`category_id` = '1'  AND `post`.`id` > '14'  AND ( post.delete_time IS NULL OR post.delete_time = 0 ) ) AND `post`.`delete_time` = '0' ORDER BY `post`.`id` ASC LIMIT 1 [ RunTime:0.001107s ]
[2026-05-28T11:33:36+08:00][sql] SHOW FULL COLUMNS FROM `cmf_theme_file` [ RunTime:0.001186s ]
[2026-05-28T11:33:36+08:00][sql] SELECT `more`,`file`,`id` FROM `cmf_theme_file` WHERE  `theme` = 'simpleboot3'  AND (  `is_public` = 1 OR `file` = 'portal/news-info' ) ORDER BY `is_public` DESC [ RunTime:0.000508s ]
[2026-05-28T11:33:36+08:00][sql] SELECT `option_value` FROM `cmf_option` WHERE  `option_name` = 'storage' LIMIT 1 [ RunTime:0.000503s ]
[2026-05-28T11:33:43+08:00][sql] CONNECT:[ UseTime:0.000934s ] mysql:host=127.0.0.1;port=3306;dbname=weihua;charset=utf8mb4
[2026-05-28T11:33:43+08:00][sql] SHOW FULL COLUMNS FROM `cmf_option` [ RunTime:0.001557s ]
[2026-05-28T11:33:43+08:00][sql] SELECT `option_value` FROM `cmf_option` WHERE  `option_name` = 'cdn_settings' LIMIT 1 [ RunTime:0.000530s ]
[2026-05-28T11:33:43+08:00][sql] SELECT `option_value` FROM `cmf_option` WHERE  `option_name` = 'cdn_settings' LIMIT 1 [ RunTime:0.000439s ]
[2026-05-28T11:33:43+08:00][sql] SHOW FULL COLUMNS FROM `cmf_product_category` [ RunTime:0.001612s ]
[2026-05-28T11:33:43+08:00][sql] SELECT * FROM `cmf_product_category` WHERE  `parent_id` = 0 ORDER BY `list_order` ASC,`create_time` DESC [ RunTime:0.000626s ]
[2026-05-28T11:33:43+08:00][sql] SELECT * FROM `cmf_product_category` WHERE  `parent_id` IN (28,19,22,23,25,27,30) [ RunTime:0.000369s ]
[2026-05-28T11:33:43+08:00][sql] SHOW FULL COLUMNS FROM `cmf_portal_category` [ RunTime:0.001258s ]
[2026-05-28T11:33:43+08:00][sql] SELECT * FROM `cmf_portal_category` WHERE (  `type` = 8 ) AND `cmf_portal_category`.`delete_time` = '0' ORDER BY `list_order` ASC [ RunTime:0.000518s ]
[2026-05-28T11:33:43+08:00][sql] SELECT * FROM `cmf_portal_category` WHERE (  `id` = 1  AND `status` = 1 ) AND `cmf_portal_category`.`delete_time` = '0' LIMIT 1 [ RunTime:0.000402s ]
[2026-05-28T11:33:43+08:00][sql] SHOW FULL COLUMNS FROM `cmf_portal_post` [ RunTime:0.001362s ]
[2026-05-28T11:33:43+08:00][sql] SELECT `post`.* FROM `cmf_portal_post` `post` LEFT JOIN `cmf_portal_category_post` `relation` ON `post`.`id`=`relation`.`post_id` WHERE (  `post`.`post_type` = '8'  AND `relation`.`category_id` = '1'  AND `post`.`id` = '15'  AND ( post.delete_time IS NULL OR post.delete_time = 0 ) ) AND `post`.`delete_time` = '0' LIMIT 1 [ RunTime:0.000816s ]
[2026-05-28T11:33:43+08:00][sql] SHOW FULL COLUMNS FROM `cmf_slide_item` [ RunTime:0.001065s ]
[2026-05-28T11:33:43+08:00][sql] SELECT `title`,`description`,`image` FROM `cmf_slide_item` WHERE  `slide_id` = 12  AND `status` = 1 ORDER BY `list_order` ASC,`id` DESC LIMIT 1 [ RunTime:0.000677s ]
[2026-05-28T11:33:43+08:00][sql] UPDATE `cmf_portal_post`  SET `post_hits` = `post_hits` + 1  WHERE (  `id` = 15 ) AND `cmf_portal_post`.`delete_time` = '0' [ RunTime:0.003782s ]
[2026-05-28T11:33:43+08:00][sql] SELECT `post`.* FROM `cmf_portal_post` `post` LEFT JOIN `cmf_portal_category_post` `relation` ON `post`.`id`=`relation`.`post_id` WHERE (  `post`.`post_type` = '8'  AND `relation`.`category_id` = '1'  AND `post`.`id` < '15'  AND ( post.delete_time IS NULL OR post.delete_time = 0 ) ) AND `post`.`delete_time` = '0' ORDER BY `post`.`id` DESC LIMIT 1 [ RunTime:0.000661s ]
[2026-05-28T11:33:43+08:00][sql] SELECT `post`.* FROM `cmf_portal_post` `post` LEFT JOIN `cmf_portal_category_post` `relation` ON `post`.`id`=`relation`.`post_id` WHERE (  `post`.`post_type` = '8'  AND `relation`.`category_id` = '1'  AND `post`.`id` > '15'  AND ( post.delete_time IS NULL OR post.delete_time = 0 ) ) AND `post`.`delete_time` = '0' ORDER BY `post`.`id` ASC LIMIT 1 [ RunTime:0.000504s ]
[2026-05-28T11:33:43+08:00][sql] SHOW FULL COLUMNS FROM `cmf_theme_file` [ RunTime:0.001194s ]
[2026-05-28T11:33:43+08:00][sql] SELECT `more`,`file`,`id` FROM `cmf_theme_file` WHERE  `theme` = 'simpleboot3'  AND (  `is_public` = 1 OR `file` = 'portal/news-info' ) ORDER BY `is_public` DESC [ RunTime:0.000536s ]
[2026-05-28T11:33:43+08:00][sql] SELECT `option_value` FROM `cmf_option` WHERE  `option_name` = 'storage' LIMIT 1 [ RunTime:0.000296s ]
[2026-05-28T11:33:50+08:00][sql] CONNECT:[ UseTime:0.001544s ] mysql:host=127.0.0.1;port=3306;dbname=weihua;charset=utf8mb4
[2026-05-28T11:33:50+08:00][sql] SHOW FULL COLUMNS FROM `cmf_option` [ RunTime:0.001377s ]
[2026-05-28T11:33:50+08:00][sql] SELECT `option_value` FROM `cmf_option` WHERE  `option_name` = 'cdn_settings' LIMIT 1 [ RunTime:0.000397s ]
[2026-05-28T11:33:50+08:00][sql] SELECT `option_value` FROM `cmf_option` WHERE  `option_name` = 'cdn_settings' LIMIT 1 [ RunTime:0.000232s ]
[2026-05-28T11:33:50+08:00][sql] SHOW FULL COLUMNS FROM `cmf_product_category` [ RunTime:0.000858s ]
[2026-05-28T11:33:50+08:00][sql] SELECT * FROM `cmf_product_category` WHERE  `parent_id` = 0 ORDER BY `list_order` ASC,`create_time` DESC [ RunTime:0.000406s ]
[2026-05-28T11:33:50+08:00][sql] SELECT * FROM `cmf_product_category` WHERE  `parent_id` IN (28,19,22,23,25,27,30) [ RunTime:0.000411s ]
[2026-05-28T11:33:50+08:00][sql] SHOW FULL COLUMNS FROM `cmf_portal_category` [ RunTime:0.001376s ]
[2026-05-28T11:33:50+08:00][sql] SELECT * FROM `cmf_portal_category` WHERE (  `type` = 8 ) AND `cmf_portal_category`.`delete_time` = '0' ORDER BY `list_order` ASC [ RunTime:0.000557s ]
[2026-05-28T11:33:50+08:00][sql] SHOW FULL COLUMNS FROM `cmf_slide_item` [ RunTime:0.001070s ]
[2026-05-28T11:33:50+08:00][sql] SELECT `title`,`description`,`image` FROM `cmf_slide_item` WHERE  `slide_id` = 12  AND `status` = 1 ORDER BY `list_order` ASC,`id` DESC LIMIT 1 [ RunTime:0.000556s ]
[2026-05-28T11:33:50+08:00][sql] SELECT * FROM `cmf_portal_category` WHERE (  `id` = 1  AND `status` = 1 ) AND `cmf_portal_category`.`delete_time` = '0' LIMIT 1 [ RunTime:0.000262s ]
[2026-05-28T11:33:50+08:00][sql] SHOW FULL COLUMNS FROM `cmf_portal_post` [ RunTime:0.000963s ]
[2026-05-28T11:33:50+08:00][sql] SELECT COUNT(*) AS think_count FROM `cmf_portal_post` `p` LEFT JOIN `cmf_portal_category_post` `c` ON `p`.`id`=`c`.`post_id` WHERE (  `post_type` = 8  AND `c`.`category_id` = '1' ) AND `p`.`delete_time` = '0' LIMIT 1 [ RunTime:0.000705s ]
[2026-05-28T11:33:50+08:00][sql] SELECT `p`.`id`,`p`.`post_title`,`p`.`thumbnail`,`p`.`more`,c.category_id as cid,`p`.`post_excerpt`,`p`.`create_time` FROM `cmf_portal_post` `p` LEFT JOIN `cmf_portal_category_post` `c` ON `p`.`id`=`c`.`post_id` WHERE (  `post_type` = 8  AND `c`.`category_id` = '1' ) AND `p`.`delete_time` = '0' ORDER BY `c`.`list_order` ASC,`p`.`create_time` DESC LIMIT 0,6 [ RunTime:0.000442s ]
[2026-05-28T11:33:50+08:00][sql] SHOW FULL COLUMNS FROM `cmf_theme_file` [ RunTime:0.001127s ]
[2026-05-28T11:33:50+08:00][sql] SELECT `more`,`file`,`id` FROM `cmf_theme_file` WHERE  `theme` = 'simpleboot3'  AND (  `is_public` = 1 OR `file` = 'portal/news' ) ORDER BY `is_public` DESC [ RunTime:0.000407s ]
[2026-05-28T11:33:50+08:00][sql] SELECT `option_value` FROM `cmf_option` WHERE  `option_name` = 'storage' LIMIT 1 [ RunTime:0.000564s ]
[2026-05-28T11:33:52+08:00][sql] CONNECT:[ UseTime:0.000903s ] mysql:host=127.0.0.1;port=3306;dbname=weihua;charset=utf8mb4
[2026-05-28T11:33:52+08:00][sql] SHOW FULL COLUMNS FROM `cmf_option` [ RunTime:0.001967s ]
[2026-05-28T11:33:52+08:00][sql] SELECT `option_value` FROM `cmf_option` WHERE  `option_name` = 'cdn_settings' LIMIT 1 [ RunTime:0.000452s ]
[2026-05-28T11:33:52+08:00][sql] SELECT `option_value` FROM `cmf_option` WHERE  `option_name` = 'cdn_settings' LIMIT 1 [ RunTime:0.001580s ]
[2026-05-28T11:33:52+08:00][sql] SHOW FULL COLUMNS FROM `cmf_product_category` [ RunTime:0.001664s ]
[2026-05-28T11:33:52+08:00][sql] SELECT * FROM `cmf_product_category` WHERE  `parent_id` = 0 ORDER BY `list_order` ASC,`create_time` DESC [ RunTime:0.001181s ]
[2026-05-28T11:33:52+08:00][sql] SELECT * FROM `cmf_product_category` WHERE  `parent_id` IN (28,19,22,23,25,27,30) [ RunTime:0.000894s ]
[2026-05-28T11:33:52+08:00][sql] SHOW FULL COLUMNS FROM `cmf_portal_category` [ RunTime:0.001213s ]
[2026-05-28T11:33:52+08:00][sql] SELECT * FROM `cmf_portal_category` WHERE (  `type` = 8 ) AND `cmf_portal_category`.`delete_time` = '0' ORDER BY `list_order` ASC [ RunTime:0.000463s ]
[2026-05-28T11:33:52+08:00][sql] SELECT * FROM `cmf_portal_category` WHERE (  `id` = 1  AND `status` = 1 ) AND `cmf_portal_category`.`delete_time` = '0' LIMIT 1 [ RunTime:0.000587s ]
[2026-05-28T11:33:52+08:00][sql] SHOW FULL COLUMNS FROM `cmf_portal_post` [ RunTime:0.001300s ]
[2026-05-28T11:33:52+08:00][sql] SELECT `post`.* FROM `cmf_portal_post` `post` LEFT JOIN `cmf_portal_category_post` `relation` ON `post`.`id`=`relation`.`post_id` WHERE (  `post`.`post_type` = '8'  AND `relation`.`category_id` = '1'  AND `post`.`id` = '14'  AND ( post.delete_time IS NULL OR post.delete_time = 0 ) ) AND `post`.`delete_time` = '0' LIMIT 1 [ RunTime:0.000684s ]
[2026-05-28T11:33:52+08:00][sql] SHOW FULL COLUMNS FROM `cmf_slide_item` [ RunTime:0.000846s ]
[2026-05-28T11:33:52+08:00][sql] SELECT `title`,`description`,`image` FROM `cmf_slide_item` WHERE  `slide_id` = 12  AND `status` = 1 ORDER BY `list_order` ASC,`id` DESC LIMIT 1 [ RunTime:0.000490s ]
[2026-05-28T11:33:52+08:00][sql] UPDATE `cmf_portal_post`  SET `post_hits` = `post_hits` + 1  WHERE (  `id` = 14 ) AND `cmf_portal_post`.`delete_time` = '0' [ RunTime:0.004133s ]
[2026-05-28T11:33:52+08:00][sql] SELECT `post`.* FROM `cmf_portal_post` `post` LEFT JOIN `cmf_portal_category_post` `relation` ON `post`.`id`=`relation`.`post_id` WHERE (  `post`.`post_type` = '8'  AND `relation`.`category_id` = '1'  AND `post`.`id` < '14'  AND ( post.delete_time IS NULL OR post.delete_time = 0 ) ) AND `post`.`delete_time` = '0' ORDER BY `post`.`id` DESC LIMIT 1 [ RunTime:0.000381s ]
[2026-05-28T11:33:52+08:00][sql] SELECT `post`.* FROM `cmf_portal_post` `post` LEFT JOIN `cmf_portal_category_post` `relation` ON `post`.`id`=`relation`.`post_id` WHERE (  `post`.`post_type` = '8'  AND `relation`.`category_id` = '1'  AND `post`.`id` > '14'  AND ( post.delete_time IS NULL OR post.delete_time = 0 ) ) AND `post`.`delete_time` = '0' ORDER BY `post`.`id` ASC LIMIT 1 [ RunTime:0.000884s ]
[2026-05-28T11:33:52+08:00][sql] SHOW FULL COLUMNS FROM `cmf_theme_file` [ RunTime:0.001467s ]
[2026-05-28T11:33:52+08:00][sql] SELECT `more`,`file`,`id` FROM `cmf_theme_file` WHERE  `theme` = 'simpleboot3'  AND (  `is_public` = 1 OR `file` = 'portal/news-info' ) ORDER BY `is_public` DESC [ RunTime:0.001788s ]
[2026-05-28T11:33:52+08:00][sql] SELECT `option_value` FROM `cmf_option` WHERE  `option_name` = 'storage' LIMIT 1 [ RunTime:0.000312s ]
[2026-05-28T11:33:55+08:00][sql] CONNECT:[ UseTime:0.001137s ] mysql:host=127.0.0.1;port=3306;dbname=weihua;charset=utf8mb4
[2026-05-28T11:33:55+08:00][sql] SHOW FULL COLUMNS FROM `cmf_option` [ RunTime:0.002546s ]
[2026-05-28T11:33:55+08:00][sql] SELECT `option_value` FROM `cmf_option` WHERE  `option_name` = 'cdn_settings' LIMIT 1 [ RunTime:0.000582s ]
[2026-05-28T11:33:55+08:00][sql] SELECT `option_value` FROM `cmf_option` WHERE  `option_name` = 'cdn_settings' LIMIT 1 [ RunTime:0.000809s ]
[2026-05-28T11:33:55+08:00][sql] SHOW FULL COLUMNS FROM `cmf_product_category` [ RunTime:0.002826s ]
[2026-05-28T11:33:55+08:00][sql] SELECT * FROM `cmf_product_category` WHERE  `parent_id` = 0 ORDER BY `list_order` ASC,`create_time` DESC [ RunTime:0.000813s ]
[2026-05-28T11:33:55+08:00][sql] SELECT * FROM `cmf_product_category` WHERE  `parent_id` IN (28,19,22,23,25,27,30) [ RunTime:0.000477s ]
[2026-05-28T11:33:55+08:00][sql] SHOW FULL COLUMNS FROM `cmf_portal_category` [ RunTime:0.001724s ]
[2026-05-28T11:33:55+08:00][sql] SELECT * FROM `cmf_portal_category` WHERE (  `type` = 8 ) AND `cmf_portal_category`.`delete_time` = '0' ORDER BY `list_order` ASC [ RunTime:0.001210s ]
[2026-05-28T11:33:55+08:00][sql] SELECT * FROM `cmf_portal_category` WHERE (  `id` = 1  AND `status` = 1 ) AND `cmf_portal_category`.`delete_time` = '0' LIMIT 1 [ RunTime:0.002456s ]
[2026-05-28T11:33:55+08:00][sql] SHOW FULL COLUMNS FROM `cmf_portal_post` [ RunTime:0.002501s ]
[2026-05-28T11:33:55+08:00][sql] SELECT `post`.* FROM `cmf_portal_post` `post` LEFT JOIN `cmf_portal_category_post` `relation` ON `post`.`id`=`relation`.`post_id` WHERE (  `post`.`post_type` = '8'  AND `relation`.`category_id` = '1'  AND `post`.`id` = '15'  AND ( post.delete_time IS NULL OR post.delete_time = 0 ) ) AND `post`.`delete_time` = '0' LIMIT 1 [ RunTime:0.001620s ]
[2026-05-28T11:33:55+08:00][sql] SHOW FULL COLUMNS FROM `cmf_slide_item` [ RunTime:0.001668s ]
[2026-05-28T11:33:55+08:00][sql] SELECT `title`,`description`,`image` FROM `cmf_slide_item` WHERE  `slide_id` = 12  AND `status` = 1 ORDER BY `list_order` ASC,`id` DESC LIMIT 1 [ RunTime:0.000866s ]
[2026-05-28T11:33:55+08:00][sql] UPDATE `cmf_portal_post`  SET `post_hits` = `post_hits` + 1  WHERE (  `id` = 15 ) AND `cmf_portal_post`.`delete_time` = '0' [ RunTime:0.004059s ]
[2026-05-28T11:33:55+08:00][sql] SELECT `post`.* FROM `cmf_portal_post` `post` LEFT JOIN `cmf_portal_category_post` `relation` ON `post`.`id`=`relation`.`post_id` WHERE (  `post`.`post_type` = '8'  AND `relation`.`category_id` = '1'  AND `post`.`id` < '15'  AND ( post.delete_time IS NULL OR post.delete_time = 0 ) ) AND `post`.`delete_time` = '0' ORDER BY `post`.`id` DESC LIMIT 1 [ RunTime:0.001465s ]
[2026-05-28T11:33:55+08:00][sql] SELECT `post`.* FROM `cmf_portal_post` `post` LEFT JOIN `cmf_portal_category_post` `relation` ON `post`.`id`=`relation`.`post_id` WHERE (  `post`.`post_type` = '8'  AND `relation`.`category_id` = '1'  AND `post`.`id` > '15'  AND ( post.delete_time IS NULL OR post.delete_time = 0 ) ) AND `post`.`delete_time` = '0' ORDER BY `post`.`id` ASC LIMIT 1 [ RunTime:0.000821s ]
[2026-05-28T11:33:55+08:00][sql] SHOW FULL COLUMNS FROM `cmf_theme_file` [ RunTime:0.001745s ]
[2026-05-28T11:33:55+08:00][sql] SELECT `more`,`file`,`id` FROM `cmf_theme_file` WHERE  `theme` = 'simpleboot3'  AND (  `is_public` = 1 OR `file` = 'portal/news-info' ) ORDER BY `is_public` DESC [ RunTime:0.001000s ]
[2026-05-28T11:33:55+08:00][sql] SELECT `option_value` FROM `cmf_option` WHERE  `option_name` = 'storage' LIMIT 1 [ RunTime:0.001409s ]
[2026-05-28T11:33:57+08:00][sql] CONNECT:[ UseTime:0.000867s ] mysql:host=127.0.0.1;port=3306;dbname=weihua;charset=utf8mb4
[2026-05-28T11:33:57+08:00][sql] SHOW FULL COLUMNS FROM `cmf_option` [ RunTime:0.001780s ]
[2026-05-28T11:33:57+08:00][sql] SELECT `option_value` FROM `cmf_option` WHERE  `option_name` = 'cdn_settings' LIMIT 1 [ RunTime:0.000816s ]
[2026-05-28T11:33:57+08:00][sql] SELECT `option_value` FROM `cmf_option` WHERE  `option_name` = 'cdn_settings' LIMIT 1 [ RunTime:0.000419s ]
[2026-05-28T11:33:57+08:00][sql] SHOW FULL COLUMNS FROM `cmf_product_category` [ RunTime:0.001402s ]
[2026-05-28T11:33:57+08:00][sql] SELECT * FROM `cmf_product_category` WHERE  `parent_id` = 0 ORDER BY `list_order` ASC,`create_time` DESC [ RunTime:0.000732s ]
[2026-05-28T11:33:57+08:00][sql] SELECT * FROM `cmf_product_category` WHERE  `parent_id` IN (28,19,22,23,25,27,30) [ RunTime:0.000453s ]
[2026-05-28T11:33:57+08:00][sql] SHOW FULL COLUMNS FROM `cmf_portal_category` [ RunTime:0.001199s ]
[2026-05-28T11:33:57+08:00][sql] SELECT * FROM `cmf_portal_category` WHERE (  `type` = 8 ) AND `cmf_portal_category`.`delete_time` = '0' ORDER BY `list_order` ASC [ RunTime:0.000514s ]
[2026-05-28T11:33:57+08:00][sql] SELECT * FROM `cmf_portal_category` WHERE (  `id` = 1  AND `status` = 1 ) AND `cmf_portal_category`.`delete_time` = '0' LIMIT 1 [ RunTime:0.000392s ]
[2026-05-28T11:33:57+08:00][sql] SHOW FULL COLUMNS FROM `cmf_portal_post` [ RunTime:0.001812s ]
[2026-05-28T11:33:57+08:00][sql] SELECT `post`.* FROM `cmf_portal_post` `post` LEFT JOIN `cmf_portal_category_post` `relation` ON `post`.`id`=`relation`.`post_id` WHERE (  `post`.`post_type` = '8'  AND `relation`.`category_id` = '1'  AND `post`.`id` = '10'  AND ( post.delete_time IS NULL OR post.delete_time = 0 ) ) AND `post`.`delete_time` = '0' LIMIT 1 [ RunTime:0.000760s ]
[2026-05-28T11:33:57+08:00][sql] SHOW FULL COLUMNS FROM `cmf_slide_item` [ RunTime:0.001010s ]
[2026-05-28T11:33:57+08:00][sql] SELECT `title`,`description`,`image` FROM `cmf_slide_item` WHERE  `slide_id` = 12  AND `status` = 1 ORDER BY `list_order` ASC,`id` DESC LIMIT 1 [ RunTime:0.000652s ]
[2026-05-28T11:33:57+08:00][sql] UPDATE `cmf_portal_post`  SET `post_hits` = `post_hits` + 1  WHERE (  `id` = 10 ) AND `cmf_portal_post`.`delete_time` = '0' [ RunTime:0.005322s ]
[2026-05-28T11:33:57+08:00][sql] SELECT `post`.* FROM `cmf_portal_post` `post` LEFT JOIN `cmf_portal_category_post` `relation` ON `post`.`id`=`relation`.`post_id` WHERE (  `post`.`post_type` = '8'  AND `relation`.`category_id` = '1'  AND `post`.`id` < '10'  AND ( post.delete_time IS NULL OR post.delete_time = 0 ) ) AND `post`.`delete_time` = '0' ORDER BY `post`.`id` DESC LIMIT 1 [ RunTime:0.000695s ]
[2026-05-28T11:33:57+08:00][sql] SELECT `post`.* FROM `cmf_portal_post` `post` LEFT JOIN `cmf_portal_category_post` `relation` ON `post`.`id`=`relation`.`post_id` WHERE (  `post`.`post_type` = '8'  AND `relation`.`category_id` = '1'  AND `post`.`id` > '10'  AND ( post.delete_time IS NULL OR post.delete_time = 0 ) ) AND `post`.`delete_time` = '0' ORDER BY `post`.`id` ASC LIMIT 1 [ RunTime:0.000627s ]
[2026-05-28T11:33:57+08:00][sql] SHOW FULL COLUMNS FROM `cmf_theme_file` [ RunTime:0.001499s ]
[2026-05-28T11:33:57+08:00][sql] SELECT `more`,`file`,`id` FROM `cmf_theme_file` WHERE  `theme` = 'simpleboot3'  AND (  `is_public` = 1 OR `file` = 'portal/news-info' ) ORDER BY `is_public` DESC [ RunTime:0.001033s ]
[2026-05-28T11:33:57+08:00][sql] SELECT `option_value` FROM `cmf_option` WHERE  `option_name` = 'storage' LIMIT 1 [ RunTime:0.001213s ]
[2026-05-28T11:33:59+08:00][sql] CONNECT:[ UseTime:0.001037s ] mysql:host=127.0.0.1;port=3306;dbname=weihua;charset=utf8mb4
[2026-05-28T11:33:59+08:00][sql] SHOW FULL COLUMNS FROM `cmf_option` [ RunTime:0.002543s ]
[2026-05-28T11:33:59+08:00][sql] SELECT `option_value` FROM `cmf_option` WHERE  `option_name` = 'cdn_settings' LIMIT 1 [ RunTime:0.001022s ]
[2026-05-28T11:33:59+08:00][sql] SELECT `option_value` FROM `cmf_option` WHERE  `option_name` = 'cdn_settings' LIMIT 1 [ RunTime:0.000790s ]
[2026-05-28T11:33:59+08:00][sql] SHOW FULL COLUMNS FROM `cmf_product_category` [ RunTime:0.001687s ]
[2026-05-28T11:33:59+08:00][sql] SELECT * FROM `cmf_product_category` WHERE  `parent_id` = 0 ORDER BY `list_order` ASC,`create_time` DESC [ RunTime:0.000512s ]
[2026-05-28T11:33:59+08:00][sql] SELECT * FROM `cmf_product_category` WHERE  `parent_id` IN (28,19,22,23,25,27,30) [ RunTime:0.000299s ]
[2026-05-28T11:33:59+08:00][sql] SHOW FULL COLUMNS FROM `cmf_portal_category` [ RunTime:0.000920s ]
[2026-05-28T11:33:59+08:00][sql] SELECT * FROM `cmf_portal_category` WHERE (  `type` = 8 ) AND `cmf_portal_category`.`delete_time` = '0' ORDER BY `list_order` ASC [ RunTime:0.001123s ]
[2026-05-28T11:33:59+08:00][sql] SELECT * FROM `cmf_portal_category` WHERE (  `id` = 1  AND `status` = 1 ) AND `cmf_portal_category`.`delete_time` = '0' LIMIT 1 [ RunTime:0.000306s ]
[2026-05-28T11:33:59+08:00][sql] SHOW FULL COLUMNS FROM `cmf_portal_post` [ RunTime:0.001910s ]
[2026-05-28T11:33:59+08:00][sql] SELECT `post`.* FROM `cmf_portal_post` `post` LEFT JOIN `cmf_portal_category_post` `relation` ON `post`.`id`=`relation`.`post_id` WHERE (  `post`.`post_type` = '8'  AND `relation`.`category_id` = '1'  AND `post`.`id` = '9'  AND ( post.delete_time IS NULL OR post.delete_time = 0 ) ) AND `post`.`delete_time` = '0' LIMIT 1 [ RunTime:0.001654s ]
[2026-05-28T11:33:59+08:00][sql] SHOW FULL COLUMNS FROM `cmf_slide_item` [ RunTime:0.001205s ]
[2026-05-28T11:33:59+08:00][sql] SELECT `title`,`description`,`image` FROM `cmf_slide_item` WHERE  `slide_id` = 12  AND `status` = 1 ORDER BY `list_order` ASC,`id` DESC LIMIT 1 [ RunTime:0.001412s ]
[2026-05-28T11:33:59+08:00][sql] UPDATE `cmf_portal_post`  SET `post_hits` = `post_hits` + 1  WHERE (  `id` = 9 ) AND `cmf_portal_post`.`delete_time` = '0' [ RunTime:0.007851s ]
[2026-05-28T11:33:59+08:00][sql] SELECT `post`.* FROM `cmf_portal_post` `post` LEFT JOIN `cmf_portal_category_post` `relation` ON `post`.`id`=`relation`.`post_id` WHERE (  `post`.`post_type` = '8'  AND `relation`.`category_id` = '1'  AND `post`.`id` < '9'  AND ( post.delete_time IS NULL OR post.delete_time = 0 ) ) AND `post`.`delete_time` = '0' ORDER BY `post`.`id` DESC LIMIT 1 [ RunTime:0.000584s ]
[2026-05-28T11:33:59+08:00][sql] SELECT `post`.* FROM `cmf_portal_post` `post` LEFT JOIN `cmf_portal_category_post` `relation` ON `post`.`id`=`relation`.`post_id` WHERE (  `post`.`post_type` = '8'  AND `relation`.`category_id` = '1'  AND `post`.`id` > '9'  AND ( post.delete_time IS NULL OR post.delete_time = 0 ) ) AND `post`.`delete_time` = '0' ORDER BY `post`.`id` ASC LIMIT 1 [ RunTime:0.000593s ]
[2026-05-28T11:33:59+08:00][sql] SHOW FULL COLUMNS FROM `cmf_theme_file` [ RunTime:0.003029s ]
[2026-05-28T11:33:59+08:00][sql] SELECT `more`,`file`,`id` FROM `cmf_theme_file` WHERE  `theme` = 'simpleboot3'  AND (  `is_public` = 1 OR `file` = 'portal/news-info' ) ORDER BY `is_public` DESC [ RunTime:0.000534s ]
[2026-05-28T11:33:59+08:00][sql] SELECT `option_value` FROM `cmf_option` WHERE  `option_name` = 'storage' LIMIT 1 [ RunTime:0.000323s ]
[2026-05-28T11:34:30+08:00][sql] CONNECT:[ UseTime:0.000941s ] mysql:host=127.0.0.1;port=3306;dbname=weihua;charset=utf8mb4
[2026-05-28T11:34:30+08:00][sql] SHOW FULL COLUMNS FROM `cmf_hook` [ RunTime:0.004010s ]
[2026-05-28T11:34:30+08:00][sql] SELECT `hook` FROM `cmf_hook` WHERE  `app` = 'admin' [ RunTime:0.002537s ]
[2026-05-28T11:34:30+08:00][sql] SHOW FULL COLUMNS FROM `cmf_hook_plugin` [ RunTime:0.002017s ]
[2026-05-28T11:34:30+08:00][sql] SELECT `hook`,`plugin` FROM `cmf_hook_plugin` WHERE  `status` = 1  AND `hook` IN ('admin_dashboard','admin_login','admin_theme_design_view','admin_setting_site_view','admin_setting_clear_cache_view','admin_nav_index_view','admin_link_index_view','admin_slide_index_view','admin_user_index_view','admin_rbac_index_view','admin_index_index_view','admin_recycle_bin_index_view','admin_menu_index_view','admin_custom_login_open','admin_slide_item_index_view','admin_slide_item_add_view','admin_slide_item_edit_view','admin_user_add_view','admin_user_edit_view','admin_rbac_role_add_view','admin_rbac_role_edit_view','admin_rbac_authorize_view','admin_api_import_view') ORDER BY `list_order` ASC [ RunTime:0.001637s ]
[2026-05-28T11:34:30+08:00][sql] SHOW FULL COLUMNS FROM `cmf_option` [ RunTime:0.001412s ]
[2026-05-28T11:34:30+08:00][sql] SELECT `option_value` FROM `cmf_option` WHERE  `option_name` = 'cdn_settings' LIMIT 1 [ RunTime:0.001977s ]
[2026-05-28T11:34:30+08:00][sql] SELECT `option_value` FROM `cmf_option` WHERE  `option_name` = 'admin_settings' LIMIT 1 [ RunTime:0.000828s ]
[2026-05-28T11:34:31+08:00][sql] CONNECT:[ UseTime:0.019004s ] mysql:host=127.0.0.1;port=3306;dbname=weihua;charset=utf8mb4
[2026-05-28T11:34:31+08:00][sql] SHOW FULL COLUMNS FROM `cmf_option` [ RunTime:0.002006s ]
[2026-05-28T11:34:31+08:00][sql] SELECT `option_value` FROM `cmf_option` WHERE  `option_name` = 'cdn_settings' LIMIT 1 [ RunTime:0.000352s ]
[2026-05-28T11:34:40+08:00][sql] CONNECT:[ UseTime:0.013988s ] mysql:host=127.0.0.1;port=3306;dbname=weihua;charset=utf8mb4
[2026-05-28T11:34:40+08:00][sql] SHOW FULL COLUMNS FROM `cmf_option` [ RunTime:0.001985s ]
[2026-05-28T11:34:40+08:00][sql] SELECT `option_value` FROM `cmf_option` WHERE  `option_name` = 'cdn_settings' LIMIT 1 [ RunTime:0.000327s ]
[2026-05-28T11:34:40+08:00][sql] SHOW FULL COLUMNS FROM `cmf_user` [ RunTime:0.001675s ]
[2026-05-28T11:34:40+08:00][sql] SELECT * FROM `cmf_user` WHERE  `user_login` = 'antop002' LIMIT 1 [ RunTime:0.002536s ]
[2026-05-28T11:34:40+08:00][sql] SHOW FULL COLUMNS FROM `cmf_role_user` [ RunTime:0.001583s ]
[2026-05-28T11:34:40+08:00][sql] SELECT `role_id` FROM `cmf_role_user` `a` INNER JOIN `cmf_role` `b` ON `a`.`role_id`=`b`.`id` WHERE  `user_id` = 1  AND `status` = '1' LIMIT 1 [ RunTime:0.003352s ]
[2026-05-28T11:34:40+08:00][sql] SHOW FULL COLUMNS FROM `cmf_user_token` [ RunTime:0.003634s ]
[2026-05-28T11:34:40+08:00][sql] SELECT * FROM `cmf_user_token` WHERE  `user_id` = 1  AND `device_type` = 'web' LIMIT 1 [ RunTime:0.001741s ]
[2026-05-28T11:34:40+08:00][sql] UPDATE `cmf_user`  SET `last_login_ip` = '::1' , `last_login_time` = 1779939280  WHERE  `id` = 1 [ RunTime:0.002901s ]
[2026-05-28T11:34:42+08:00][sql] CONNECT:[ UseTime:0.001243s ] mysql:host=127.0.0.1;port=3306;dbname=weihua;charset=utf8mb4
[2026-05-28T11:34:42+08:00][sql] SHOW FULL COLUMNS FROM `cmf_option` [ RunTime:0.002007s ]
[2026-05-28T11:34:42+08:00][sql] SELECT `option_value` FROM `cmf_option` WHERE  `option_name` = 'cdn_settings' LIMIT 1 [ RunTime:0.000471s ]
[2026-05-28T11:34:42+08:00][sql] SHOW FULL COLUMNS FROM `cmf_user` [ RunTime:0.002180s ]
[2026-05-28T11:34:42+08:00][sql] SELECT * FROM `cmf_user` WHERE  `id` = 1 LIMIT 1 [ RunTime:0.000767s ]
[2026-05-28T11:34:42+08:00][sql] SHOW FULL COLUMNS FROM `cmf_admin_menu` [ RunTime:0.002385s ]
[2026-05-28T11:34:42+08:00][sql] SELECT * FROM `cmf_admin_menu` WHERE  `parent_id` = 0  AND `status` = 1 ORDER BY `list_order` ASC [ RunTime:0.005805s ]
[2026-05-28T11:34:42+08:00][sql] SELECT * FROM `cmf_admin_menu` WHERE  `parent_id` = 71  AND `status` = 1 ORDER BY `list_order` ASC [ RunTime:0.000745s ]
[2026-05-28T11:34:42+08:00][sql] SELECT * FROM `cmf_admin_menu` WHERE  `parent_id` = 78  AND `status` = 1 ORDER BY `list_order` ASC [ RunTime:0.000508s ]
[2026-05-28T11:34:42+08:00][sql] SELECT * FROM `cmf_admin_menu` WHERE  `parent_id` = 213  AND `status` = 1 ORDER BY `list_order` ASC [ RunTime:0.000512s ]
[2026-05-28T11:34:42+08:00][sql] SELECT * FROM `cmf_admin_menu` WHERE  `parent_id` = 214  AND `status` = 1 ORDER BY `list_order` ASC [ RunTime:0.000360s ]
[2026-05-28T11:34:42+08:00][sql] SELECT * FROM `cmf_admin_menu` WHERE  `parent_id` = 215  AND `status` = 1 ORDER BY `list_order` ASC [ RunTime:0.000339s ]
[2026-05-28T11:34:42+08:00][sql] SELECT * FROM `cmf_admin_menu` WHERE  `parent_id` = 217  AND `status` = 1 ORDER BY `list_order` ASC [ RunTime:0.000483s ]
[2026-05-28T11:34:42+08:00][sql] SELECT * FROM `cmf_admin_menu` WHERE  `parent_id` = 219  AND `status` = 1 ORDER BY `list_order` ASC [ RunTime:0.000372s ]
[2026-05-28T11:34:42+08:00][sql] SELECT * FROM `cmf_admin_menu` WHERE  `parent_id` = 220  AND `status` = 1 ORDER BY `list_order` ASC [ RunTime:0.000343s ]
[2026-05-28T11:34:42+08:00][sql] SELECT * FROM `cmf_admin_menu` WHERE  `parent_id` = 225  AND `status` = 1 ORDER BY `list_order` ASC [ RunTime:0.000419s ]
[2026-05-28T11:34:42+08:00][sql] SELECT * FROM `cmf_admin_menu` WHERE  `parent_id` = 221  AND `status` = 1 ORDER BY `list_order` ASC [ RunTime:0.000372s ]
[2026-05-28T11:34:42+08:00][sql] SELECT * FROM `cmf_admin_menu` WHERE  `parent_id` = 222  AND `status` = 1 ORDER BY `list_order` ASC [ RunTime:0.000430s ]
[2026-05-28T11:34:42+08:00][sql] SELECT * FROM `cmf_admin_menu` WHERE  `parent_id` = 223  AND `status` = 1 ORDER BY `list_order` ASC [ RunTime:0.000318s ]
[2026-05-28T11:34:42+08:00][sql] SELECT * FROM `cmf_admin_menu` WHERE  `parent_id` = 224  AND `status` = 1 ORDER BY `list_order` ASC [ RunTime:0.000379s ]
[2026-05-28T11:34:42+08:00][sql] SELECT * FROM `cmf_admin_menu` WHERE  `parent_id` = 226  AND `status` = 1 ORDER BY `list_order` ASC [ RunTime:0.000325s ]
[2026-05-28T11:34:42+08:00][sql] SELECT * FROM `cmf_admin_menu` WHERE  `parent_id` = 227  AND `status` = 1 ORDER BY `list_order` ASC [ RunTime:0.000511s ]
[2026-05-28T11:34:42+08:00][sql] SELECT * FROM `cmf_admin_menu` ORDER BY `app` ASC,`controller` ASC,`action` ASC [ RunTime:0.002041s ]
[2026-05-28T11:34:43+08:00][sql] CONNECT:[ UseTime:0.000842s ] mysql:host=127.0.0.1;port=3306;dbname=weihua;charset=utf8mb4
[2026-05-28T11:34:43+08:00][sql] SHOW FULL COLUMNS FROM `cmf_option` [ RunTime:0.001404s ]
[2026-05-28T11:34:43+08:00][sql] SELECT `option_value` FROM `cmf_option` WHERE  `option_name` = 'cdn_settings' LIMIT 1 [ RunTime:0.000295s ]
[2026-05-28T11:34:43+08:00][sql] SHOW FULL COLUMNS FROM `cmf_user` [ RunTime:0.002228s ]
[2026-05-28T11:34:43+08:00][sql] SELECT * FROM `cmf_user` WHERE  `id` = 1 LIMIT 1 [ RunTime:0.001286s ]
[2026-05-28T11:34:43+08:00][sql] SELECT `option_value` FROM `cmf_option` WHERE  `option_name` = 'cdn_settings' LIMIT 1 [ RunTime:0.000292s ]
[2026-05-28T11:34:43+08:00][sql] SELECT `option_value` FROM `cmf_option` WHERE  `option_name` = 'cmf_settings' LIMIT 1 [ RunTime:0.000524s ]
[2026-05-28T11:34:43+08:00][sql] SELECT `option_value` FROM `cmf_option` WHERE  `option_name` = 'product_setting' LIMIT 1 [ RunTime:0.000273s ]
[2026-05-28T11:34:43+08:00][sql] SELECT `option_value` FROM `cmf_option` WHERE  `option_name` = 'storage' LIMIT 1 [ RunTime:0.000503s ]
[2026-05-28T11:34:44+08:00][sql] CONNECT:[ UseTime:0.000867s ] mysql:host=127.0.0.1;port=3306;dbname=weihua;charset=utf8mb4
[2026-05-28T11:34:44+08:00][sql] SHOW FULL COLUMNS FROM `cmf_option` [ RunTime:0.001374s ]
[2026-05-28T11:34:44+08:00][sql] SELECT `option_value` FROM `cmf_option` WHERE  `option_name` = 'cdn_settings' LIMIT 1 [ RunTime:0.000278s ]
[2026-05-28T11:34:44+08:00][sql] SHOW FULL COLUMNS FROM `cmf_user` [ RunTime:0.001290s ]
[2026-05-28T11:34:44+08:00][sql] SELECT * FROM `cmf_user` WHERE  `id` = 1 LIMIT 1 [ RunTime:0.001071s ]
[2026-05-28T11:34:44+08:00][sql] SHOW FULL COLUMNS FROM `cmf_portal_post` [ RunTime:0.001545s ]
[2026-05-28T11:34:44+08:00][sql] SELECT COUNT(*) AS think_count FROM `cmf_portal_post` `a` INNER JOIN `cmf_user` `u` ON `a`.`user_id`=`u`.`id` WHERE (  `a`.`create_time` >= '0'  AND `a`.`delete_time` = '0'  AND (  `a`.`post_type` = '3' ) ) AND `a`.`delete_time` = '0' LIMIT 1 [ RunTime:0.000575s ]
[2026-05-28T11:34:44+08:00][sql] SELECT `a`.*,`u`.`user_login`,`u`.`user_nickname`,`u`.`user_email` FROM `cmf_portal_post` `a` INNER JOIN `cmf_user` `u` ON `a`.`user_id`=`u`.`id` WHERE (  `a`.`create_time` >= '0'  AND `a`.`delete_time` = '0'  AND (  `a`.`post_type` = '3' ) ) AND `a`.`delete_time` = '0' ORDER BY `update_time` DESC LIMIT 0,10 [ RunTime:0.000565s ]
[2026-05-28T11:34:44+08:00][sql] SHOW FULL COLUMNS FROM `cmf_portal_category` [ RunTime:0.001330s ]
[2026-05-28T11:34:44+08:00][sql] SELECT * FROM `cmf_portal_category` WHERE (  `delete_time` = 0  AND `type` = 3 ) AND `cmf_portal_category`.`delete_time` = '0' ORDER BY `list_order` ASC [ RunTime:0.000500s ]
[2026-05-28T11:34:46+08:00][sql] CONNECT:[ UseTime:0.001113s ] mysql:host=127.0.0.1;port=3306;dbname=weihua;charset=utf8mb4
[2026-05-28T11:34:46+08:00][sql] SHOW FULL COLUMNS FROM `cmf_option` [ RunTime:0.001488s ]
[2026-05-28T11:34:46+08:00][sql] SELECT `option_value` FROM `cmf_option` WHERE  `option_name` = 'cdn_settings' LIMIT 1 [ RunTime:0.000263s ]
[2026-05-28T11:34:46+08:00][sql] SHOW FULL COLUMNS FROM `cmf_user` [ RunTime:0.001155s ]
[2026-05-28T11:34:46+08:00][sql] SELECT * FROM `cmf_user` WHERE  `id` = 1 LIMIT 1 [ RunTime:0.000647s ]
[2026-05-28T11:34:46+08:00][sql] SHOW FULL COLUMNS FROM `cmf_portal_post` [ RunTime:0.001967s ]
[2026-05-28T11:34:46+08:00][sql] SELECT COUNT(*) AS think_count FROM `cmf_portal_post` `a` INNER JOIN `cmf_user` `u` ON `a`.`user_id`=`u`.`id` WHERE (  `a`.`create_time` >= '0'  AND `a`.`delete_time` = '0'  AND (  `a`.`post_type` = '8' ) ) AND `a`.`delete_time` = '0' LIMIT 1 [ RunTime:0.003686s ]
[2026-05-28T11:34:46+08:00][sql] SELECT `a`.*,`u`.`user_login`,`u`.`user_nickname`,`u`.`user_email` FROM `cmf_portal_post` `a` INNER JOIN `cmf_user` `u` ON `a`.`user_id`=`u`.`id` WHERE (  `a`.`create_time` >= '0'  AND `a`.`delete_time` = '0'  AND (  `a`.`post_type` = '8' ) ) AND `a`.`delete_time` = '0' ORDER BY `update_time` DESC LIMIT 0,10 [ RunTime:0.000616s ]
[2026-05-28T11:34:46+08:00][sql] SHOW FULL COLUMNS FROM `cmf_portal_category` [ RunTime:0.001233s ]
[2026-05-28T11:34:46+08:00][sql] SELECT * FROM `cmf_portal_category` WHERE (  `delete_time` = 0  AND `type` = 8 ) AND `cmf_portal_category`.`delete_time` = '0' ORDER BY `list_order` ASC [ RunTime:0.000361s ]
[2026-05-28T11:34:46+08:00][sql] SHOW FULL COLUMNS FROM `cmf_portal_category_post` [ RunTime:0.001438s ]
[2026-05-28T11:34:46+08:00][sql] SELECT `cmf_portal_category`.*,`pivot`.`id` AS `pivot__id`,`pivot`.`post_id` AS `pivot__post_id`,`pivot`.`category_id` AS `pivot__category_id`,`pivot`.`list_order` AS `pivot__list_order`,`pivot`.`status` AS `pivot__status` FROM `cmf_portal_category` INNER JOIN `cmf_portal_category_post` `pivot` ON `pivot`.`category_id`=`cmf_portal_category`.`id` WHERE (  `pivot`.`post_id` = '15' ) AND `cmf_portal_category`.`delete_time` = '0' [ RunTime:0.000620s ]
[2026-05-28T11:34:46+08:00][sql] SELECT `option_value` FROM `cmf_option` WHERE  `option_name` = 'storage' LIMIT 1 [ RunTime:0.000253s ]
[2026-05-28T11:34:46+08:00][sql] SELECT `cmf_portal_category`.*,`pivot`.`id` AS `pivot__id`,`pivot`.`post_id` AS `pivot__post_id`,`pivot`.`category_id` AS `pivot__category_id`,`pivot`.`list_order` AS `pivot__list_order`,`pivot`.`status` AS `pivot__status` FROM `cmf_portal_category` INNER JOIN `cmf_portal_category_post` `pivot` ON `pivot`.`category_id`=`cmf_portal_category`.`id` WHERE (  `pivot`.`post_id` = '14' ) AND `cmf_portal_category`.`delete_time` = '0' [ RunTime:0.000373s ]
[2026-05-28T11:34:46+08:00][sql] SELECT `cmf_portal_category`.*,`pivot`.`id` AS `pivot__id`,`pivot`.`post_id` AS `pivot__post_id`,`pivot`.`category_id` AS `pivot__category_id`,`pivot`.`list_order` AS `pivot__list_order`,`pivot`.`status` AS `pivot__status` FROM `cmf_portal_category` INNER JOIN `cmf_portal_category_post` `pivot` ON `pivot`.`category_id`=`cmf_portal_category`.`id` WHERE (  `pivot`.`post_id` = '12' ) AND `cmf_portal_category`.`delete_time` = '0' [ RunTime:0.000332s ]
[2026-05-28T11:34:46+08:00][sql] SELECT `cmf_portal_category`.*,`pivot`.`id` AS `pivot__id`,`pivot`.`post_id` AS `pivot__post_id`,`pivot`.`category_id` AS `pivot__category_id`,`pivot`.`list_order` AS `pivot__list_order`,`pivot`.`status` AS `pivot__status` FROM `cmf_portal_category` INNER JOIN `cmf_portal_category_post` `pivot` ON `pivot`.`category_id`=`cmf_portal_category`.`id` WHERE (  `pivot`.`post_id` = '10' ) AND `cmf_portal_category`.`delete_time` = '0' [ RunTime:0.000360s ]
[2026-05-28T11:34:46+08:00][sql] SELECT `cmf_portal_category`.*,`pivot`.`id` AS `pivot__id`,`pivot`.`post_id` AS `pivot__post_id`,`pivot`.`category_id` AS `pivot__category_id`,`pivot`.`list_order` AS `pivot__list_order`,`pivot`.`status` AS `pivot__status` FROM `cmf_portal_category` INNER JOIN `cmf_portal_category_post` `pivot` ON `pivot`.`category_id`=`cmf_portal_category`.`id` WHERE (  `pivot`.`post_id` = '13' ) AND `cmf_portal_category`.`delete_time` = '0' [ RunTime:0.000353s ]
[2026-05-28T11:34:46+08:00][sql] SELECT `cmf_portal_category`.*,`pivot`.`id` AS `pivot__id`,`pivot`.`post_id` AS `pivot__post_id`,`pivot`.`category_id` AS `pivot__category_id`,`pivot`.`list_order` AS `pivot__list_order`,`pivot`.`status` AS `pivot__status` FROM `cmf_portal_category` INNER JOIN `cmf_portal_category_post` `pivot` ON `pivot`.`category_id`=`cmf_portal_category`.`id` WHERE (  `pivot`.`post_id` = '9' ) AND `cmf_portal_category`.`delete_time` = '0' [ RunTime:0.000319s ]
[2026-05-28T11:34:47+08:00][sql] CONNECT:[ UseTime:0.000842s ] mysql:host=127.0.0.1;port=3306;dbname=weihua;charset=utf8mb4
[2026-05-28T11:34:47+08:00][sql] SHOW FULL COLUMNS FROM `cmf_option` [ RunTime:0.001133s ]
[2026-05-28T11:34:47+08:00][sql] SELECT `option_value` FROM `cmf_option` WHERE  `option_name` = 'cdn_settings' LIMIT 1 [ RunTime:0.000265s ]
[2026-05-28T11:34:47+08:00][sql] SHOW FULL COLUMNS FROM `cmf_user` [ RunTime:0.000965s ]
[2026-05-28T11:34:47+08:00][sql] SELECT * FROM `cmf_user` WHERE  `id` = 1 LIMIT 1 [ RunTime:0.001186s ]
[2026-05-28T11:34:47+08:00][sql] SHOW FULL COLUMNS FROM `cmf_portal_post` [ RunTime:0.001405s ]
[2026-05-28T11:34:47+08:00][sql] SELECT * FROM `cmf_portal_post` WHERE (  `id` = 15 ) AND `cmf_portal_post`.`delete_time` = '0' LIMIT 1 [ RunTime:0.000582s ]
[2026-05-28T11:34:47+08:00][sql] SHOW FULL COLUMNS FROM `cmf_portal_category_post` [ RunTime:0.001848s ]
[2026-05-28T11:34:47+08:00][sql] SHOW FULL COLUMNS FROM `cmf_portal_category` [ RunTime:0.001220s ]
[2026-05-28T11:34:47+08:00][sql] SELECT `a`.`name`,`a`.`id` FROM `cmf_portal_category` `a` INNER JOIN `cmf_portal_category_post` `pivot` ON `pivot`.`category_id`=`a`.`id` WHERE (  `pivot`.`post_id` = '15' ) AND `a`.`delete_time` = '0' [ RunTime:0.000730s ]
[2026-05-28T11:34:47+08:00][sql] SHOW FULL COLUMNS FROM `cmf_route` [ RunTime:0.000809s ]
[2026-05-28T11:34:47+08:00][sql] SELECT `url` FROM `cmf_route` WHERE  `full_url` = 'portal/index/news_info?cid=1&id=15' LIMIT 1 [ RunTime:0.001873s ]
[2026-05-28T11:34:47+08:00][sql] SHOW FULL COLUMNS FROM `cmf_theme_file` [ RunTime:0.001102s ]
[2026-05-28T11:34:47+08:00][sql] SELECT * FROM `cmf_theme_file` WHERE  `theme` = 'default'  AND `action` = 'portal/Article/index' [ RunTime:0.000300s ]
[2026-05-28T11:34:47+08:00][sql] SELECT `option_value` FROM `cmf_option` WHERE  `option_name` = 'storage' LIMIT 1 [ RunTime:0.000559s ]
[2026-05-28T11:34:47+08:00][sql] CONNECT:[ UseTime:0.019522s ] mysql:host=127.0.0.1;port=3306;dbname=weihua;charset=utf8mb4
[2026-05-28T11:34:47+08:00][sql] SHOW FULL COLUMNS FROM `cmf_hook` [ RunTime:0.003262s ]
[2026-05-28T11:34:47+08:00][sql] SELECT `hook` FROM `cmf_hook` WHERE  `app` = 'user' [ RunTime:0.001331s ]
[2026-05-28T11:34:47+08:00][sql] SHOW FULL COLUMNS FROM `cmf_hook_plugin` [ RunTime:0.002515s ]
[2026-05-28T11:34:47+08:00][sql] SELECT `hook`,`plugin` FROM `cmf_hook_plugin` WHERE  `status` = 1  AND `hook` IN ('fetch_upload_view','user_admin_index_view','user_admin_asset_index_view','user_admin_oauth_index_view','check_third_party_captcha','user_login_start') ORDER BY `list_order` ASC [ RunTime:0.001041s ]
[2026-05-28T11:34:47+08:00][sql] SHOW FULL COLUMNS FROM `cmf_option` [ RunTime:0.003077s ]
[2026-05-28T11:34:47+08:00][sql] SELECT `option_value` FROM `cmf_option` WHERE  `option_name` = 'cdn_settings' LIMIT 1 [ RunTime:0.000345s ]
[2026-05-28T11:34:47+08:00][sql] SELECT `option_value` FROM `cmf_option` WHERE  `option_name` = 'cdn_settings' LIMIT 1 [ RunTime:0.000516s ]
[2026-05-28T11:34:47+08:00][sql] SELECT `option_value` FROM `cmf_option` WHERE  `option_name` = 'upload_setting' LIMIT 1 [ RunTime:0.000702s ]
[2026-05-28T11:34:55+08:00][sql] CONNECT:[ UseTime:0.000941s ] mysql:host=127.0.0.1;port=3306;dbname=weihua;charset=utf8mb4
[2026-05-28T11:34:55+08:00][sql] SHOW FULL COLUMNS FROM `cmf_option` [ RunTime:0.002015s ]
[2026-05-28T11:34:55+08:00][sql] SELECT `option_value` FROM `cmf_option` WHERE  `option_name` = 'cdn_settings' LIMIT 1 [ RunTime:0.000311s ]
[2026-05-28T11:34:55+08:00][sql] SELECT `option_value` FROM `cmf_option` WHERE  `option_name` = 'cdn_settings' LIMIT 1 [ RunTime:0.000522s ]
[2026-05-28T11:34:55+08:00][sql] SHOW FULL COLUMNS FROM `cmf_product_category` [ RunTime:0.001282s ]
[2026-05-28T11:34:55+08:00][sql] SELECT * FROM `cmf_product_category` WHERE  `parent_id` = 0 ORDER BY `list_order` ASC,`create_time` DESC [ RunTime:0.000493s ]
[2026-05-28T11:34:55+08:00][sql] SELECT * FROM `cmf_product_category` WHERE  `parent_id` IN (28,19,22,23,25,27,30) [ RunTime:0.000373s ]
[2026-05-28T11:34:55+08:00][sql] SHOW FULL COLUMNS FROM `cmf_portal_category` [ RunTime:0.002450s ]
[2026-05-28T11:34:55+08:00][sql] SELECT * FROM `cmf_portal_category` WHERE (  `type` = 8 ) AND `cmf_portal_category`.`delete_time` = '0' ORDER BY `list_order` ASC [ RunTime:0.000450s ]
[2026-05-28T11:34:55+08:00][sql] SHOW FULL COLUMNS FROM `cmf_slide_item` [ RunTime:0.002147s ]
[2026-05-28T11:34:55+08:00][sql] SELECT `title`,`description`,`image` FROM `cmf_slide_item` WHERE  `slide_id` = 3  AND `status` = 1 ORDER BY `list_order` ASC,`id` DESC LIMIT 1 [ RunTime:0.000603s ]
[2026-05-28T11:34:55+08:00][sql] SHOW FULL COLUMNS FROM `cmf_portal_post` [ RunTime:0.001708s ]
[2026-05-28T11:34:55+08:00][sql] SELECT COUNT(*) AS think_count FROM `cmf_portal_post` WHERE (  `post_type` = 3 ) AND `cmf_portal_post`.`delete_time` = '0' LIMIT 1 [ RunTime:0.000393s ]
[2026-05-28T11:34:55+08:00][sql] SELECT `id`,`more`,`post_title`,`post_excerpt` FROM `cmf_portal_post` WHERE (  `post_type` = 3 ) AND `cmf_portal_post`.`delete_time` = '0' ORDER BY `create_time` DESC LIMIT 0,9 [ RunTime:0.000425s ]
[2026-05-28T11:34:55+08:00][sql] SHOW FULL COLUMNS FROM `cmf_theme_file` [ RunTime:0.001240s ]
[2026-05-28T11:34:55+08:00][sql] SELECT `more`,`file`,`id` FROM `cmf_theme_file` WHERE  `theme` = 'simpleboot3'  AND (  `is_public` = 1 OR `file` = 'portal/industries' ) ORDER BY `is_public` DESC [ RunTime:0.000392s ]
[2026-05-28T11:34:55+08:00][sql] SELECT `option_value` FROM `cmf_option` WHERE  `option_name` = 'storage' LIMIT 1 [ RunTime:0.000341s ]
[2026-05-28T11:34:57+08:00][sql] CONNECT:[ UseTime:0.001007s ] mysql:host=127.0.0.1;port=3306;dbname=weihua;charset=utf8mb4
[2026-05-28T11:34:57+08:00][sql] SHOW FULL COLUMNS FROM `cmf_option` [ RunTime:0.001887s ]
[2026-05-28T11:34:57+08:00][sql] SELECT `option_value` FROM `cmf_option` WHERE  `option_name` = 'cdn_settings' LIMIT 1 [ RunTime:0.000534s ]
[2026-05-28T11:34:57+08:00][sql] SELECT `option_value` FROM `cmf_option` WHERE  `option_name` = 'cdn_settings' LIMIT 1 [ RunTime:0.000845s ]
[2026-05-28T11:34:57+08:00][sql] SHOW FULL COLUMNS FROM `cmf_product_category` [ RunTime:0.002240s ]
[2026-05-28T11:34:57+08:00][sql] SELECT * FROM `cmf_product_category` WHERE  `parent_id` = 0 ORDER BY `list_order` ASC,`create_time` DESC [ RunTime:0.000845s ]
[2026-05-28T11:34:57+08:00][sql] SELECT * FROM `cmf_product_category` WHERE  `parent_id` IN (28,19,22,23,25,27,30) [ RunTime:0.001309s ]
[2026-05-28T11:34:57+08:00][sql] SHOW FULL COLUMNS FROM `cmf_portal_category` [ RunTime:0.003297s ]
[2026-05-28T11:34:57+08:00][sql] SELECT * FROM `cmf_portal_category` WHERE (  `type` = 8 ) AND `cmf_portal_category`.`delete_time` = '0' ORDER BY `list_order` ASC [ RunTime:0.001001s ]
[2026-05-28T11:34:57+08:00][sql] SELECT * FROM `cmf_portal_category` WHERE (  `id` = 0  AND `status` = 1 ) AND `cmf_portal_category`.`delete_time` = '0' LIMIT 1 [ RunTime:0.001851s ]
[2026-05-28T11:34:57+08:00][sql] SHOW FULL COLUMNS FROM `cmf_slide_item` [ RunTime:0.002471s ]
[2026-05-28T11:34:57+08:00][sql] SELECT `title`,`description`,`image` FROM `cmf_slide_item` WHERE  `slide_id` = 3  AND `status` = 1 ORDER BY `list_order` ASC,`id` DESC LIMIT 1 [ RunTime:0.000890s ]
[2026-05-28T11:34:57+08:00][sql] SHOW FULL COLUMNS FROM `cmf_portal_post` [ RunTime:0.002049s ]
[2026-05-28T11:34:57+08:00][sql] UPDATE `cmf_portal_post`  SET `post_hits` = `post_hits` + 1  WHERE (  `id` = 23 ) AND `cmf_portal_post`.`delete_time` = '0' [ RunTime:0.004137s ]
[2026-05-28T11:34:57+08:00][sql] SELECT * FROM `cmf_portal_post` WHERE (  `post_type` = 3  AND `id` = 23  AND ( delete_time IS NULL OR delete_time = 0 ) ) AND `cmf_portal_post`.`delete_time` = '0' LIMIT 1 [ RunTime:0.002153s ]
[2026-05-28T11:34:57+08:00][sql] SELECT * FROM `cmf_portal_post` WHERE (  `post_type` = 3  AND `id` < 23  AND ( delete_time IS NULL OR delete_time = 0 ) ) AND `cmf_portal_post`.`delete_time` = '0' ORDER BY `id` DESC LIMIT 1 [ RunTime:0.001659s ]
[2026-05-28T11:34:57+08:00][sql] SELECT * FROM `cmf_portal_post` WHERE (  `post_type` = 3  AND `id` > 23  AND ( delete_time IS NULL OR delete_time = 0 ) ) AND `cmf_portal_post`.`delete_time` = '0' ORDER BY `id` ASC LIMIT 1 [ RunTime:0.000771s ]
[2026-05-28T11:34:57+08:00][sql] SHOW FULL COLUMNS FROM `cmf_theme_file` [ RunTime:0.002344s ]
[2026-05-28T11:34:57+08:00][sql] SELECT `more`,`file`,`id` FROM `cmf_theme_file` WHERE  `theme` = 'simpleboot3'  AND (  `is_public` = 1 OR `file` = 'portal/industries-info' ) ORDER BY `is_public` DESC [ RunTime:0.000552s ]
[2026-05-28T11:34:57+08:00][sql] SELECT `option_value` FROM `cmf_option` WHERE  `option_name` = 'storage' LIMIT 1 [ RunTime:0.000538s ]
[2026-05-28T11:35:00+08:00][sql] CONNECT:[ UseTime:0.001640s ] mysql:host=127.0.0.1;port=3306;dbname=weihua;charset=utf8mb4
[2026-05-28T11:35:00+08:00][sql] SHOW FULL COLUMNS FROM `cmf_option` [ RunTime:0.003139s ]
[2026-05-28T11:35:00+08:00][sql] SELECT `option_value` FROM `cmf_option` WHERE  `option_name` = 'cdn_settings' LIMIT 1 [ RunTime:0.000612s ]
[2026-05-28T11:35:00+08:00][sql] SELECT `option_value` FROM `cmf_option` WHERE  `option_name` = 'cdn_settings' LIMIT 1 [ RunTime:0.000772s ]
[2026-05-28T11:35:00+08:00][sql] SHOW FULL COLUMNS FROM `cmf_product_category` [ RunTime:0.001530s ]
[2026-05-28T11:35:00+08:00][sql] SELECT * FROM `cmf_product_category` WHERE  `parent_id` = 0 ORDER BY `list_order` ASC,`create_time` DESC [ RunTime:0.000451s ]
[2026-05-28T11:35:00+08:00][sql] SELECT * FROM `cmf_product_category` WHERE  `parent_id` IN (28,19,22,23,25,27,30) [ RunTime:0.000703s ]
[2026-05-28T11:35:00+08:00][sql] SHOW FULL COLUMNS FROM `cmf_portal_category` [ RunTime:0.002514s ]
[2026-05-28T11:35:00+08:00][sql] SELECT * FROM `cmf_portal_category` WHERE (  `type` = 8 ) AND `cmf_portal_category`.`delete_time` = '0' ORDER BY `list_order` ASC [ RunTime:0.000813s ]
[2026-05-28T11:35:00+08:00][sql] SELECT * FROM `cmf_portal_category` WHERE (  `id` = 0  AND `status` = 1 ) AND `cmf_portal_category`.`delete_time` = '0' LIMIT 1 [ RunTime:0.000823s ]
[2026-05-28T11:35:00+08:00][sql] SHOW FULL COLUMNS FROM `cmf_slide_item` [ RunTime:0.001432s ]
[2026-05-28T11:35:00+08:00][sql] SELECT `title`,`description`,`image` FROM `cmf_slide_item` WHERE  `slide_id` = 3  AND `status` = 1 ORDER BY `list_order` ASC,`id` DESC LIMIT 1 [ RunTime:0.000444s ]
[2026-05-28T11:35:00+08:00][sql] SHOW FULL COLUMNS FROM `cmf_portal_post` [ RunTime:0.001435s ]
[2026-05-28T11:35:00+08:00][sql] UPDATE `cmf_portal_post`  SET `post_hits` = `post_hits` + 1  WHERE (  `id` = 22 ) AND `cmf_portal_post`.`delete_time` = '0' [ RunTime:0.003099s ]
[2026-05-28T11:35:00+08:00][sql] SELECT * FROM `cmf_portal_post` WHERE (  `post_type` = 3  AND `id` = 22  AND ( delete_time IS NULL OR delete_time = 0 ) ) AND `cmf_portal_post`.`delete_time` = '0' LIMIT 1 [ RunTime:0.000682s ]
[2026-05-28T11:35:00+08:00][sql] SELECT * FROM `cmf_portal_post` WHERE (  `post_type` = 3  AND `id` < 22  AND ( delete_time IS NULL OR delete_time = 0 ) ) AND `cmf_portal_post`.`delete_time` = '0' ORDER BY `id` DESC LIMIT 1 [ RunTime:0.000645s ]
[2026-05-28T11:35:00+08:00][sql] SELECT * FROM `cmf_portal_post` WHERE (  `post_type` = 3  AND `id` > 22  AND ( delete_time IS NULL OR delete_time = 0 ) ) AND `cmf_portal_post`.`delete_time` = '0' ORDER BY `id` ASC LIMIT 1 [ RunTime:0.000545s ]
[2026-05-28T11:35:00+08:00][sql] SHOW FULL COLUMNS FROM `cmf_theme_file` [ RunTime:0.002079s ]
[2026-05-28T11:35:00+08:00][sql] SELECT `more`,`file`,`id` FROM `cmf_theme_file` WHERE  `theme` = 'simpleboot3'  AND (  `is_public` = 1 OR `file` = 'portal/industries-info' ) ORDER BY `is_public` DESC [ RunTime:0.000453s ]
[2026-05-28T11:35:00+08:00][sql] SELECT `option_value` FROM `cmf_option` WHERE  `option_name` = 'storage' LIMIT 1 [ RunTime:0.000841s ]
[2026-05-28T11:35:03+08:00][sql] CONNECT:[ UseTime:0.000729s ] mysql:host=127.0.0.1;port=3306;dbname=weihua;charset=utf8mb4
[2026-05-28T11:35:03+08:00][sql] SHOW FULL COLUMNS FROM `cmf_option` [ RunTime:0.001439s ]
[2026-05-28T11:35:03+08:00][sql] SELECT `option_value` FROM `cmf_option` WHERE  `option_name` = 'cdn_settings' LIMIT 1 [ RunTime:0.000316s ]
[2026-05-28T11:35:03+08:00][sql] SELECT `option_value` FROM `cmf_option` WHERE  `option_name` = 'cdn_settings' LIMIT 1 [ RunTime:0.000470s ]
[2026-05-28T11:35:03+08:00][sql] SHOW FULL COLUMNS FROM `cmf_product_category` [ RunTime:0.001740s ]
[2026-05-28T11:35:03+08:00][sql] SELECT * FROM `cmf_product_category` WHERE  `parent_id` = 0 ORDER BY `list_order` ASC,`create_time` DESC [ RunTime:0.000366s ]
[2026-05-28T11:35:03+08:00][sql] SELECT * FROM `cmf_product_category` WHERE  `parent_id` IN (28,19,22,23,25,27,30) [ RunTime:0.000303s ]
[2026-05-28T11:35:03+08:00][sql] SHOW FULL COLUMNS FROM `cmf_portal_category` [ RunTime:0.001157s ]
[2026-05-28T11:35:03+08:00][sql] SELECT * FROM `cmf_portal_category` WHERE (  `type` = 8 ) AND `cmf_portal_category`.`delete_time` = '0' ORDER BY `list_order` ASC [ RunTime:0.000310s ]
[2026-05-28T11:35:03+08:00][sql] SELECT * FROM `cmf_portal_category` WHERE (  `id` = 0  AND `status` = 1 ) AND `cmf_portal_category`.`delete_time` = '0' LIMIT 1 [ RunTime:0.000336s ]
[2026-05-28T11:35:03+08:00][sql] SHOW FULL COLUMNS FROM `cmf_slide_item` [ RunTime:0.001005s ]
[2026-05-28T11:35:03+08:00][sql] SELECT `title`,`description`,`image` FROM `cmf_slide_item` WHERE  `slide_id` = 3  AND `status` = 1 ORDER BY `list_order` ASC,`id` DESC LIMIT 1 [ RunTime:0.000350s ]
[2026-05-28T11:35:03+08:00][sql] SHOW FULL COLUMNS FROM `cmf_portal_post` [ RunTime:0.001589s ]
[2026-05-28T11:35:03+08:00][sql] UPDATE `cmf_portal_post`  SET `post_hits` = `post_hits` + 1  WHERE (  `id` = 21 ) AND `cmf_portal_post`.`delete_time` = '0' [ RunTime:0.003679s ]
[2026-05-28T11:35:03+08:00][sql] SELECT * FROM `cmf_portal_post` WHERE (  `post_type` = 3  AND `id` = 21  AND ( delete_time IS NULL OR delete_time = 0 ) ) AND `cmf_portal_post`.`delete_time` = '0' LIMIT 1 [ RunTime:0.000555s ]
[2026-05-28T11:35:03+08:00][sql] SELECT * FROM `cmf_portal_post` WHERE (  `post_type` = 3  AND `id` < 21  AND ( delete_time IS NULL OR delete_time = 0 ) ) AND `cmf_portal_post`.`delete_time` = '0' ORDER BY `id` DESC LIMIT 1 [ RunTime:0.000545s ]
[2026-05-28T11:35:03+08:00][sql] SELECT * FROM `cmf_portal_post` WHERE (  `post_type` = 3  AND `id` > 21  AND ( delete_time IS NULL OR delete_time = 0 ) ) AND `cmf_portal_post`.`delete_time` = '0' ORDER BY `id` ASC LIMIT 1 [ RunTime:0.000396s ]
[2026-05-28T11:35:03+08:00][sql] SHOW FULL COLUMNS FROM `cmf_theme_file` [ RunTime:0.001433s ]
[2026-05-28T11:35:03+08:00][sql] SELECT `more`,`file`,`id` FROM `cmf_theme_file` WHERE  `theme` = 'simpleboot3'  AND (  `is_public` = 1 OR `file` = 'portal/industries-info' ) ORDER BY `is_public` DESC [ RunTime:0.000371s ]
[2026-05-28T11:35:03+08:00][sql] SELECT `option_value` FROM `cmf_option` WHERE  `option_name` = 'storage' LIMIT 1 [ RunTime:0.000310s ]
[2026-05-28T11:36:47+08:00][sql] CONNECT:[ UseTime:0.001185s ] mysql:host=127.0.0.1;port=3306;dbname=weihua;charset=utf8mb4
[2026-05-28T11:36:47+08:00][sql] SHOW FULL COLUMNS FROM `cmf_option` [ RunTime:0.002908s ]
[2026-05-28T11:36:47+08:00][sql] SELECT `option_value` FROM `cmf_option` WHERE  `option_name` = 'cdn_settings' LIMIT 1 [ RunTime:0.000675s ]
[2026-05-28T11:36:47+08:00][sql] SELECT `option_value` FROM `cmf_option` WHERE  `option_name` = 'cdn_settings' LIMIT 1 [ RunTime:0.000380s ]
[2026-05-28T11:36:47+08:00][sql] SHOW FULL COLUMNS FROM `cmf_product_category` [ RunTime:0.001036s ]
[2026-05-28T11:36:47+08:00][sql] SELECT * FROM `cmf_product_category` WHERE  `parent_id` = 0 ORDER BY `list_order` ASC,`create_time` DESC [ RunTime:0.000287s ]
[2026-05-28T11:36:47+08:00][sql] SELECT * FROM `cmf_product_category` WHERE  `parent_id` IN (28,19,22,23,25,27,30) [ RunTime:0.000286s ]
[2026-05-28T11:36:47+08:00][sql] SHOW FULL COLUMNS FROM `cmf_portal_category` [ RunTime:0.000997s ]
[2026-05-28T11:36:47+08:00][sql] SELECT * FROM `cmf_portal_category` WHERE (  `type` = 8 ) AND `cmf_portal_category`.`delete_time` = '0' ORDER BY `list_order` ASC [ RunTime:0.000290s ]
[2026-05-28T11:36:47+08:00][sql] SELECT * FROM `cmf_portal_category` WHERE (  `id` = 0  AND `status` = 1 ) AND `cmf_portal_category`.`delete_time` = '0' LIMIT 1 [ RunTime:0.000879s ]
[2026-05-28T11:36:47+08:00][sql] SHOW FULL COLUMNS FROM `cmf_slide_item` [ RunTime:0.001958s ]
[2026-05-28T11:36:47+08:00][sql] SELECT `title`,`description`,`image` FROM `cmf_slide_item` WHERE  `slide_id` = 8  AND `status` = 1 ORDER BY `list_order` ASC,`id` DESC LIMIT 1 [ RunTime:0.001068s ]
[2026-05-28T11:36:47+08:00][sql] SHOW FULL COLUMNS FROM `cmf_portal_post` [ RunTime:0.003068s ]
[2026-05-28T11:36:47+08:00][sql] UPDATE `cmf_portal_post`  SET `post_hits` = `post_hits` + 1  WHERE (  `id` = 21 ) AND `cmf_portal_post`.`delete_time` = '0' [ RunTime:0.005886s ]
[2026-05-28T11:36:47+08:00][sql] SELECT * FROM `cmf_portal_post` WHERE (  `post_type` = 3  AND `id` = 21  AND ( delete_time IS NULL OR delete_time = 0 ) ) AND `cmf_portal_post`.`delete_time` = '0' LIMIT 1 [ RunTime:0.001217s ]
[2026-05-28T11:36:47+08:00][sql] SELECT * FROM `cmf_portal_post` WHERE (  `post_type` = 3  AND `id` < 21  AND ( delete_time IS NULL OR delete_time = 0 ) ) AND `cmf_portal_post`.`delete_time` = '0' ORDER BY `id` DESC LIMIT 1 [ RunTime:0.000598s ]
[2026-05-28T11:36:47+08:00][sql] SELECT * FROM `cmf_portal_post` WHERE (  `post_type` = 3  AND `id` > 21  AND ( delete_time IS NULL OR delete_time = 0 ) ) AND `cmf_portal_post`.`delete_time` = '0' ORDER BY `id` ASC LIMIT 1 [ RunTime:0.000717s ]
[2026-05-28T11:36:47+08:00][sql] SHOW FULL COLUMNS FROM `cmf_theme_file` [ RunTime:0.002274s ]
[2026-05-28T11:36:47+08:00][sql] SELECT `more`,`file`,`id` FROM `cmf_theme_file` WHERE  `theme` = 'simpleboot3_mobile'  AND (  `is_public` = 1 OR `file` = 'portal/industries-info' ) ORDER BY `is_public` DESC [ RunTime:0.000666s ]
[2026-05-28T11:36:47+08:00][sql] SELECT `option_value` FROM `cmf_option` WHERE  `option_name` = 'storage' LIMIT 1 [ RunTime:0.000428s ]
[2026-05-28T11:36:51+08:00][sql] CONNECT:[ UseTime:0.001759s ] mysql:host=127.0.0.1;port=3306;dbname=weihua;charset=utf8mb4
[2026-05-28T11:36:51+08:00][sql] SHOW FULL COLUMNS FROM `cmf_option` [ RunTime:0.001485s ]
[2026-05-28T11:36:51+08:00][sql] SELECT `option_value` FROM `cmf_option` WHERE  `option_name` = 'cdn_settings' LIMIT 1 [ RunTime:0.000317s ]
[2026-05-28T11:36:51+08:00][sql] SELECT `option_value` FROM `cmf_option` WHERE  `option_name` = 'cdn_settings' LIMIT 1 [ RunTime:0.000596s ]
[2026-05-28T11:36:51+08:00][sql] SHOW FULL COLUMNS FROM `cmf_product_category` [ RunTime:0.001189s ]
[2026-05-28T11:36:51+08:00][sql] SELECT * FROM `cmf_product_category` WHERE  `parent_id` = 0 ORDER BY `list_order` ASC,`create_time` DESC [ RunTime:0.000347s ]
[2026-05-28T11:36:51+08:00][sql] SELECT * FROM `cmf_product_category` WHERE  `parent_id` IN (28,19,22,23,25,27,30) [ RunTime:0.000319s ]
[2026-05-28T11:36:51+08:00][sql] SHOW FULL COLUMNS FROM `cmf_portal_category` [ RunTime:0.004780s ]
[2026-05-28T11:36:51+08:00][sql] SELECT * FROM `cmf_portal_category` WHERE (  `type` = 8 ) AND `cmf_portal_category`.`delete_time` = '0' ORDER BY `list_order` ASC [ RunTime:0.000909s ]
[2026-05-28T11:36:51+08:00][sql] SELECT * FROM `cmf_portal_category` WHERE (  `id` = 0  AND `status` = 1 ) AND `cmf_portal_category`.`delete_time` = '0' LIMIT 1 [ RunTime:0.000813s ]
[2026-05-28T11:36:51+08:00][sql] SHOW FULL COLUMNS FROM `cmf_slide_item` [ RunTime:0.001502s ]
[2026-05-28T11:36:51+08:00][sql] SELECT `title`,`description`,`image` FROM `cmf_slide_item` WHERE  `slide_id` = 8  AND `status` = 1 ORDER BY `list_order` ASC,`id` DESC LIMIT 1 [ RunTime:0.000370s ]
[2026-05-28T11:36:51+08:00][sql] SHOW FULL COLUMNS FROM `cmf_portal_post` [ RunTime:0.001336s ]
[2026-05-28T11:36:51+08:00][sql] UPDATE `cmf_portal_post`  SET `post_hits` = `post_hits` + 1  WHERE (  `id` = 8 ) AND `cmf_portal_post`.`delete_time` = '0' [ RunTime:0.004825s ]
[2026-05-28T11:36:51+08:00][sql] SELECT * FROM `cmf_portal_post` WHERE (  `post_type` = 3  AND `id` = 8  AND ( delete_time IS NULL OR delete_time = 0 ) ) AND `cmf_portal_post`.`delete_time` = '0' LIMIT 1 [ RunTime:0.000753s ]
[2026-05-28T11:36:51+08:00][sql] SELECT * FROM `cmf_portal_post` WHERE (  `post_type` = 3  AND `id` < 8  AND ( delete_time IS NULL OR delete_time = 0 ) ) AND `cmf_portal_post`.`delete_time` = '0' ORDER BY `id` DESC LIMIT 1 [ RunTime:0.000527s ]
[2026-05-28T11:36:51+08:00][sql] SELECT * FROM `cmf_portal_post` WHERE (  `post_type` = 3  AND `id` > 8  AND ( delete_time IS NULL OR delete_time = 0 ) ) AND `cmf_portal_post`.`delete_time` = '0' ORDER BY `id` ASC LIMIT 1 [ RunTime:0.000562s ]
[2026-05-28T11:36:51+08:00][sql] SHOW FULL COLUMNS FROM `cmf_theme_file` [ RunTime:0.001538s ]
[2026-05-28T11:36:51+08:00][sql] SELECT `more`,`file`,`id` FROM `cmf_theme_file` WHERE  `theme` = 'simpleboot3_mobile'  AND (  `is_public` = 1 OR `file` = 'portal/industries-info' ) ORDER BY `is_public` DESC [ RunTime:0.000452s ]
[2026-05-28T11:36:51+08:00][sql] SELECT `option_value` FROM `cmf_option` WHERE  `option_name` = 'storage' LIMIT 1 [ RunTime:0.002507s ]
[2026-05-28T11:36:57+08:00][sql] CONNECT:[ UseTime:0.021615s ] mysql:host=127.0.0.1;port=3306;dbname=weihua;charset=utf8mb4
[2026-05-28T11:36:57+08:00][sql] SHOW FULL COLUMNS FROM `cmf_option` [ RunTime:0.002791s ]
[2026-05-28T11:36:57+08:00][sql] SELECT `option_value` FROM `cmf_option` WHERE  `option_name` = 'cdn_settings' LIMIT 1 [ RunTime:0.000446s ]
[2026-05-28T11:36:57+08:00][sql] SELECT `option_value` FROM `cmf_option` WHERE  `option_name` = 'cdn_settings' LIMIT 1 [ RunTime:0.000759s ]
[2026-05-28T11:36:57+08:00][sql] SHOW FULL COLUMNS FROM `cmf_product_category` [ RunTime:0.001364s ]
[2026-05-28T11:36:57+08:00][sql] SELECT * FROM `cmf_product_category` WHERE  `parent_id` = 0 ORDER BY `list_order` ASC,`create_time` DESC [ RunTime:0.000349s ]
[2026-05-28T11:36:57+08:00][sql] SELECT * FROM `cmf_product_category` WHERE  `parent_id` IN (28,19,22,23,25,27,30) [ RunTime:0.000465s ]
[2026-05-28T11:36:57+08:00][sql] SHOW FULL COLUMNS FROM `cmf_portal_category` [ RunTime:0.001724s ]
[2026-05-28T11:36:57+08:00][sql] SELECT * FROM `cmf_portal_category` WHERE (  `type` = 8 ) AND `cmf_portal_category`.`delete_time` = '0' ORDER BY `list_order` ASC [ RunTime:0.000360s ]
[2026-05-28T11:36:57+08:00][sql] SHOW FULL COLUMNS FROM `cmf_slide_item` [ RunTime:0.001155s ]
[2026-05-28T11:36:57+08:00][sql] SELECT `title`,`description`,`image` FROM `cmf_slide_item` WHERE  `slide_id` = 12  AND `status` = 1 ORDER BY `list_order` ASC,`id` DESC LIMIT 1 [ RunTime:0.000338s ]
[2026-05-28T11:36:57+08:00][sql] SELECT * FROM `cmf_portal_category` WHERE (  `id` = 0  AND `status` = 1 ) AND `cmf_portal_category`.`delete_time` = '0' LIMIT 1 [ RunTime:0.000268s ]
[2026-05-28T11:36:57+08:00][sql] SHOW FULL COLUMNS FROM `cmf_portal_post` [ RunTime:0.001078s ]
[2026-05-28T11:36:57+08:00][sql] SELECT COUNT(*) AS think_count FROM `cmf_portal_post` `p` LEFT JOIN `cmf_portal_category_post` `c` ON `p`.`id`=`c`.`post_id` WHERE (  `post_type` = 8 ) AND `p`.`delete_time` = '0' LIMIT 1 [ RunTime:0.000492s ]
[2026-05-28T11:36:57+08:00][sql] SELECT `p`.`id`,`p`.`post_title`,`p`.`thumbnail`,`p`.`more`,c.category_id as cid,`p`.`post_excerpt`,`p`.`create_time` FROM `cmf_portal_post` `p` LEFT JOIN `cmf_portal_category_post` `c` ON `p`.`id`=`c`.`post_id` WHERE (  `post_type` = 8 ) AND `p`.`delete_time` = '0' ORDER BY `c`.`list_order` ASC,`p`.`create_time` DESC LIMIT 0,6 [ RunTime:0.000433s ]
[2026-05-28T11:36:57+08:00][sql] SHOW FULL COLUMNS FROM `cmf_theme_file` [ RunTime:0.000804s ]
[2026-05-28T11:36:57+08:00][sql] SELECT `more`,`file`,`id` FROM `cmf_theme_file` WHERE  `theme` = 'simpleboot3_mobile'  AND (  `is_public` = 1 OR `file` = 'portal/news' ) ORDER BY `is_public` DESC [ RunTime:0.000280s ]
[2026-05-28T11:36:57+08:00][sql] SELECT `option_value` FROM `cmf_option` WHERE  `option_name` = 'storage' LIMIT 1 [ RunTime:0.000496s ]
[2026-05-28T11:37:00+08:00][sql] CONNECT:[ UseTime:0.025397s ] mysql:host=127.0.0.1;port=3306;dbname=weihua;charset=utf8mb4
[2026-05-28T11:37:00+08:00][sql] SHOW FULL COLUMNS FROM `cmf_option` [ RunTime:0.002318s ]
[2026-05-28T11:37:00+08:00][sql] SELECT `option_value` FROM `cmf_option` WHERE  `option_name` = 'cdn_settings' LIMIT 1 [ RunTime:0.000355s ]
[2026-05-28T11:37:00+08:00][sql] SELECT `option_value` FROM `cmf_option` WHERE  `option_name` = 'cdn_settings' LIMIT 1 [ RunTime:0.000325s ]
[2026-05-28T11:37:00+08:00][sql] SHOW FULL COLUMNS FROM `cmf_product_category` [ RunTime:0.001072s ]
[2026-05-28T11:37:00+08:00][sql] SELECT * FROM `cmf_product_category` WHERE  `parent_id` = 0 ORDER BY `list_order` ASC,`create_time` DESC [ RunTime:0.001135s ]
[2026-05-28T11:37:00+08:00][sql] SELECT * FROM `cmf_product_category` WHERE  `parent_id` IN (28,19,22,23,25,27,30) [ RunTime:0.000284s ]
[2026-05-28T11:37:00+08:00][sql] SHOW FULL COLUMNS FROM `cmf_portal_category` [ RunTime:0.001165s ]
[2026-05-28T11:37:00+08:00][sql] SELECT * FROM `cmf_portal_category` WHERE (  `type` = 8 ) AND `cmf_portal_category`.`delete_time` = '0' ORDER BY `list_order` ASC [ RunTime:0.001138s ]
[2026-05-28T11:37:00+08:00][sql] SELECT * FROM `cmf_portal_category` WHERE (  `id` = 1  AND `status` = 1 ) AND `cmf_portal_category`.`delete_time` = '0' LIMIT 1 [ RunTime:0.001023s ]
[2026-05-28T11:37:00+08:00][sql] SHOW FULL COLUMNS FROM `cmf_portal_post` [ RunTime:0.001195s ]
[2026-05-28T11:37:00+08:00][sql] SELECT `post`.* FROM `cmf_portal_post` `post` LEFT JOIN `cmf_portal_category_post` `relation` ON `post`.`id`=`relation`.`post_id` WHERE (  `post`.`post_type` = '8'  AND `relation`.`category_id` = '1'  AND `post`.`id` = '14'  AND ( post.delete_time IS NULL OR post.delete_time = 0 ) ) AND `post`.`delete_time` = '0' LIMIT 1 [ RunTime:0.001886s ]
[2026-05-28T11:37:00+08:00][sql] SHOW FULL COLUMNS FROM `cmf_slide_item` [ RunTime:0.001822s ]
[2026-05-28T11:37:00+08:00][sql] SELECT `title`,`description`,`image` FROM `cmf_slide_item` WHERE  `slide_id` = 12  AND `status` = 1 ORDER BY `list_order` ASC,`id` DESC LIMIT 1 [ RunTime:0.001126s ]
[2026-05-28T11:37:00+08:00][sql] UPDATE `cmf_portal_post`  SET `post_hits` = `post_hits` + 1  WHERE (  `id` = 14 ) AND `cmf_portal_post`.`delete_time` = '0' [ RunTime:0.005626s ]
[2026-05-28T11:37:00+08:00][sql] SELECT `post`.* FROM `cmf_portal_post` `post` LEFT JOIN `cmf_portal_category_post` `relation` ON `post`.`id`=`relation`.`post_id` WHERE (  `post`.`post_type` = '8'  AND `relation`.`category_id` = '1'  AND `post`.`id` < '14'  AND ( post.delete_time IS NULL OR post.delete_time = 0 ) ) AND `post`.`delete_time` = '0' ORDER BY `post`.`id` DESC LIMIT 1 [ RunTime:0.001339s ]
[2026-05-28T11:37:00+08:00][sql] SELECT `post`.* FROM `cmf_portal_post` `post` LEFT JOIN `cmf_portal_category_post` `relation` ON `post`.`id`=`relation`.`post_id` WHERE (  `post`.`post_type` = '8'  AND `relation`.`category_id` = '1'  AND `post`.`id` > '14'  AND ( post.delete_time IS NULL OR post.delete_time = 0 ) ) AND `post`.`delete_time` = '0' ORDER BY `post`.`id` ASC LIMIT 1 [ RunTime:0.000919s ]
[2026-05-28T11:37:00+08:00][sql] SHOW FULL COLUMNS FROM `cmf_theme_file` [ RunTime:0.001066s ]
[2026-05-28T11:37:00+08:00][sql] SELECT `more`,`file`,`id` FROM `cmf_theme_file` WHERE  `theme` = 'simpleboot3_mobile'  AND (  `is_public` = 1 OR `file` = 'portal/news-info' ) ORDER BY `is_public` DESC [ RunTime:0.000486s ]
[2026-05-28T11:37:00+08:00][sql] SELECT `option_value` FROM `cmf_option` WHERE  `option_name` = 'storage' LIMIT 1 [ RunTime:0.000514s ]
[2026-05-28T11:37:04+08:00][sql] CONNECT:[ UseTime:0.000879s ] mysql:host=127.0.0.1;port=3306;dbname=weihua;charset=utf8mb4
[2026-05-28T11:37:04+08:00][sql] SHOW FULL COLUMNS FROM `cmf_option` [ RunTime:0.001564s ]
[2026-05-28T11:37:04+08:00][sql] SELECT `option_value` FROM `cmf_option` WHERE  `option_name` = 'cdn_settings' LIMIT 1 [ RunTime:0.000312s ]
[2026-05-28T11:37:04+08:00][sql] SELECT `option_value` FROM `cmf_option` WHERE  `option_name` = 'cdn_settings' LIMIT 1 [ RunTime:0.000786s ]
[2026-05-28T11:37:04+08:00][sql] SHOW FULL COLUMNS FROM `cmf_product_category` [ RunTime:0.001598s ]
[2026-05-28T11:37:04+08:00][sql] SELECT * FROM `cmf_product_category` WHERE  `parent_id` = 0 ORDER BY `list_order` ASC,`create_time` DESC [ RunTime:0.000512s ]
[2026-05-28T11:37:04+08:00][sql] SELECT * FROM `cmf_product_category` WHERE  `parent_id` IN (28,19,22,23,25,27,30) [ RunTime:0.000680s ]
[2026-05-28T11:37:04+08:00][sql] SHOW FULL COLUMNS FROM `cmf_portal_category` [ RunTime:0.001504s ]
[2026-05-28T11:37:04+08:00][sql] SELECT * FROM `cmf_portal_category` WHERE (  `type` = 8 ) AND `cmf_portal_category`.`delete_time` = '0' ORDER BY `list_order` ASC [ RunTime:0.000459s ]
[2026-05-28T11:37:04+08:00][sql] SELECT * FROM `cmf_portal_category` WHERE (  `id` = 1  AND `status` = 1 ) AND `cmf_portal_category`.`delete_time` = '0' LIMIT 1 [ RunTime:0.000972s ]
[2026-05-28T11:37:04+08:00][sql] SHOW FULL COLUMNS FROM `cmf_portal_post` [ RunTime:0.001664s ]
[2026-05-28T11:37:04+08:00][sql] SELECT `post`.* FROM `cmf_portal_post` `post` LEFT JOIN `cmf_portal_category_post` `relation` ON `post`.`id`=`relation`.`post_id` WHERE (  `post`.`post_type` = '8'  AND `relation`.`category_id` = '1'  AND `post`.`id` = '15'  AND ( post.delete_time IS NULL OR post.delete_time = 0 ) ) AND `post`.`delete_time` = '0' LIMIT 1 [ RunTime:0.000579s ]
[2026-05-28T11:37:04+08:00][sql] SHOW FULL COLUMNS FROM `cmf_slide_item` [ RunTime:0.002057s ]
[2026-05-28T11:37:04+08:00][sql] SELECT `title`,`description`,`image` FROM `cmf_slide_item` WHERE  `slide_id` = 12  AND `status` = 1 ORDER BY `list_order` ASC,`id` DESC LIMIT 1 [ RunTime:0.000591s ]
[2026-05-28T11:37:04+08:00][sql] UPDATE `cmf_portal_post`  SET `post_hits` = `post_hits` + 1  WHERE (  `id` = 15 ) AND `cmf_portal_post`.`delete_time` = '0' [ RunTime:0.004625s ]
[2026-05-28T11:37:04+08:00][sql] SELECT `post`.* FROM `cmf_portal_post` `post` LEFT JOIN `cmf_portal_category_post` `relation` ON `post`.`id`=`relation`.`post_id` WHERE (  `post`.`post_type` = '8'  AND `relation`.`category_id` = '1'  AND `post`.`id` < '15'  AND ( post.delete_time IS NULL OR post.delete_time = 0 ) ) AND `post`.`delete_time` = '0' ORDER BY `post`.`id` DESC LIMIT 1 [ RunTime:0.001214s ]
[2026-05-28T11:37:04+08:00][sql] SELECT `post`.* FROM `cmf_portal_post` `post` LEFT JOIN `cmf_portal_category_post` `relation` ON `post`.`id`=`relation`.`post_id` WHERE (  `post`.`post_type` = '8'  AND `relation`.`category_id` = '1'  AND `post`.`id` > '15'  AND ( post.delete_time IS NULL OR post.delete_time = 0 ) ) AND `post`.`delete_time` = '0' ORDER BY `post`.`id` ASC LIMIT 1 [ RunTime:0.000841s ]
[2026-05-28T11:37:04+08:00][sql] SHOW FULL COLUMNS FROM `cmf_theme_file` [ RunTime:0.002095s ]
[2026-05-28T11:37:04+08:00][sql] SELECT `more`,`file`,`id` FROM `cmf_theme_file` WHERE  `theme` = 'simpleboot3_mobile'  AND (  `is_public` = 1 OR `file` = 'portal/news-info' ) ORDER BY `is_public` DESC [ RunTime:0.000506s ]
[2026-05-28T11:37:04+08:00][sql] SELECT `option_value` FROM `cmf_option` WHERE  `option_name` = 'storage' LIMIT 1 [ RunTime:0.000594s ]
[2026-05-28T14:04:46+08:00][sql] CONNECT:[ UseTime:0.001989s ] mysql:host=127.0.0.1;port=3306;dbname=weihua;charset=utf8mb4
[2026-05-28T14:04:46+08:00][sql] SHOW FULL COLUMNS FROM `cmf_plugin` [ RunTime:0.002059s ]
[2026-05-28T14:04:46+08:00][sql] SELECT `config` FROM `cmf_plugin` WHERE  `name` = 'SwitchTheme' LIMIT 1 [ RunTime:0.000893s ]
[2026-05-28T14:04:46+08:00][sql] SHOW FULL COLUMNS FROM `cmf_option` [ RunTime:0.001649s ]
[2026-05-28T14:04:46+08:00][sql] SELECT `option_value` FROM `cmf_option` WHERE  `option_name` = 'cdn_settings' LIMIT 1 [ RunTime:0.000339s ]
[2026-05-28T14:04:46+08:00][sql] SELECT `option_value` FROM `cmf_option` WHERE  `option_name` = 'cdn_settings' LIMIT 1 [ RunTime:0.000451s ]
[2026-05-28T14:04:46+08:00][sql] SHOW FULL COLUMNS FROM `cmf_product_category` [ RunTime:0.001707s ]
[2026-05-28T14:04:46+08:00][sql] SELECT * FROM `cmf_product_category` WHERE  `parent_id` = 0 ORDER BY `list_order` ASC,`create_time` DESC [ RunTime:0.000645s ]
[2026-05-28T14:04:46+08:00][sql] SELECT * FROM `cmf_product_category` WHERE  `parent_id` IN (28,19,22,23,25,27,30) [ RunTime:0.001014s ]
[2026-05-28T14:04:46+08:00][sql] SHOW FULL COLUMNS FROM `cmf_portal_category` [ RunTime:0.003544s ]
[2026-05-28T14:04:46+08:00][sql] SELECT * FROM `cmf_portal_category` WHERE (  `type` = 8 ) AND `cmf_portal_category`.`delete_time` = '0' ORDER BY `list_order` ASC [ RunTime:0.001973s ]
[2026-05-28T14:04:46+08:00][sql] SHOW FULL COLUMNS FROM `cmf_slide_item` [ RunTime:0.002140s ]
[2026-05-28T14:04:46+08:00][sql] SELECT `title`,`description`,`image`,`url`,`target`,`content` FROM `cmf_slide_item` WHERE  `slide_id` = 1 ORDER BY `list_order` ASC [ RunTime:0.001735s ]
[2026-05-28T14:04:46+08:00][sql] SHOW FULL COLUMNS FROM `cmf_slide` [ RunTime:0.001898s ]
[2026-05-28T14:04:46+08:00][sql] SELECT * FROM `cmf_slide` WHERE  `name` LIKE '%choose%' OR `name` LIKE '%选择%' LIMIT 1 [ RunTime:0.000835s ]
[2026-05-28T14:04:46+08:00][sql] SELECT `title`,`description`,`image`,`url`,`target`,`content` FROM `cmf_slide_item` WHERE  `slide_id` = 14  AND `status` = 1 ORDER BY `list_order` ASC [ RunTime:0.000638s ]
[2026-05-28T14:04:46+08:00][sql] SELECT * FROM `cmf_product_category` WHERE  `parent_id` = 0  AND `recommend` = 1 ORDER BY `list_order` ASC,`create_time` DESC [ RunTime:0.001156s ]
[2026-05-28T14:04:46+08:00][sql] SHOW FULL COLUMNS FROM `cmf_product` [ RunTime:0.002244s ]
[2026-05-28T14:04:46+08:00][sql] SELECT `id`,`title`,`thumbnail`,`industry` FROM `cmf_product` WHERE  `is_recommended` = 1  AND `category_id` = 28 ORDER BY `list_order` ASC LIMIT 6 [ RunTime:0.001304s ]
[2026-05-28T14:04:46+08:00][sql] SELECT `id`,`title`,`thumbnail`,`industry` FROM `cmf_product` WHERE  `is_recommended` = 1  AND `category_id` = 19 ORDER BY `list_order` ASC LIMIT 6 [ RunTime:0.000666s ]
[2026-05-28T14:04:46+08:00][sql] SELECT `id`,`title`,`thumbnail`,`industry` FROM `cmf_product` WHERE  `is_recommended` = 1  AND `category_id` = 23 ORDER BY `list_order` ASC LIMIT 6 [ RunTime:0.000649s ]
[2026-05-28T14:04:46+08:00][sql] SHOW FULL COLUMNS FROM `cmf_portal_post` [ RunTime:0.002960s ]
[2026-05-28T14:04:46+08:00][sql] SELECT `p`.`id`,`p`.`post_title`,`p`.`post_excerpt`,`p`.`thumbnail`,`p`.`create_time`,`c`.`category_id` FROM `cmf_portal_post` `p` INNER JOIN `cmf_portal_category_post` `c` ON `p`.`id`=`c`.`post_id` WHERE (  `p`.`post_type` = '8' ) AND `p`.`delete_time` = '0' ORDER BY `c`.`list_order` ASC,`p`.`create_time` DESC [ RunTime:0.001196s ]
[2026-05-28T14:04:46+08:00][sql] SELECT `id`,`post_title`,`post_excerpt`,`more` FROM `cmf_portal_post` WHERE (  `post_type` = 3 ) AND `cmf_portal_post`.`delete_time` = '0' ORDER BY `create_time` DESC [ RunTime:0.000397s ]
[2026-05-28T14:04:46+08:00][sql] SHOW FULL COLUMNS FROM `cmf_theme_file` [ RunTime:0.002175s ]
[2026-05-28T14:04:46+08:00][sql] SELECT `more`,`file`,`id` FROM `cmf_theme_file` WHERE  `theme` = 'simpleboot3'  AND (  `is_public` = 1 OR `file` = 'portal/index' ) ORDER BY `is_public` DESC [ RunTime:0.000649s ]
[2026-05-28T14:04:46+08:00][sql] SELECT `option_value` FROM `cmf_option` WHERE  `option_name` = 'storage' LIMIT 1 [ RunTime:0.000610s ]
[2026-05-28T14:04:51+08:00][sql] CONNECT:[ UseTime:0.001470s ] mysql:host=127.0.0.1;port=3306;dbname=weihua;charset=utf8mb4
[2026-05-28T14:04:51+08:00][sql] SHOW FULL COLUMNS FROM `cmf_option` [ RunTime:0.001695s ]
[2026-05-28T14:04:51+08:00][sql] SELECT `option_value` FROM `cmf_option` WHERE  `option_name` = 'cdn_settings' LIMIT 1 [ RunTime:0.000363s ]
[2026-05-28T14:04:51+08:00][sql] SELECT `option_value` FROM `cmf_option` WHERE  `option_name` = 'cdn_settings' LIMIT 1 [ RunTime:0.000536s ]
[2026-05-28T14:04:51+08:00][sql] SHOW FULL COLUMNS FROM `cmf_product_category` [ RunTime:0.001836s ]
[2026-05-28T14:04:51+08:00][sql] SELECT * FROM `cmf_product_category` WHERE  `parent_id` = 0 ORDER BY `list_order` ASC,`create_time` DESC [ RunTime:0.000530s ]
[2026-05-28T14:04:51+08:00][sql] SELECT * FROM `cmf_product_category` WHERE  `parent_id` IN (28,19,22,23,25,27,30) [ RunTime:0.000376s ]
[2026-05-28T14:04:51+08:00][sql] SHOW FULL COLUMNS FROM `cmf_portal_category` [ RunTime:0.001176s ]
[2026-05-28T14:04:51+08:00][sql] SELECT * FROM `cmf_portal_category` WHERE (  `type` = 8 ) AND `cmf_portal_category`.`delete_time` = '0' ORDER BY `list_order` ASC [ RunTime:0.000357s ]
[2026-05-28T14:04:51+08:00][sql] SHOW FULL COLUMNS FROM `cmf_slide_item` [ RunTime:0.001364s ]
[2026-05-28T14:04:51+08:00][sql] SELECT `title`,`description`,`image`,`url`,`target`,`content` FROM `cmf_slide_item` WHERE  `slide_id` = 1 ORDER BY `list_order` ASC [ RunTime:0.000366s ]
[2026-05-28T14:04:51+08:00][sql] SHOW FULL COLUMNS FROM `cmf_slide` [ RunTime:0.001165s ]
[2026-05-28T14:04:51+08:00][sql] SELECT * FROM `cmf_slide` WHERE  `name` LIKE '%choose%' OR `name` LIKE '%选择%' LIMIT 1 [ RunTime:0.000664s ]
[2026-05-28T14:04:51+08:00][sql] SELECT `title`,`description`,`image`,`url`,`target`,`content` FROM `cmf_slide_item` WHERE  `slide_id` = 14  AND `status` = 1 ORDER BY `list_order` ASC [ RunTime:0.000755s ]
[2026-05-28T14:04:51+08:00][sql] SELECT * FROM `cmf_product_category` WHERE  `parent_id` = 0  AND `recommend` = 1 ORDER BY `list_order` ASC,`create_time` DESC [ RunTime:0.000547s ]
[2026-05-28T14:04:51+08:00][sql] SHOW FULL COLUMNS FROM `cmf_product` [ RunTime:0.001975s ]
[2026-05-28T14:04:51+08:00][sql] SELECT `id`,`title`,`thumbnail`,`industry` FROM `cmf_product` WHERE  `is_recommended` = 1  AND `category_id` = 28 ORDER BY `list_order` ASC LIMIT 6 [ RunTime:0.000996s ]
[2026-05-28T14:04:51+08:00][sql] SELECT `id`,`title`,`thumbnail`,`industry` FROM `cmf_product` WHERE  `is_recommended` = 1  AND `category_id` = 19 ORDER BY `list_order` ASC LIMIT 6 [ RunTime:0.000545s ]
[2026-05-28T14:04:51+08:00][sql] SELECT `id`,`title`,`thumbnail`,`industry` FROM `cmf_product` WHERE  `is_recommended` = 1  AND `category_id` = 23 ORDER BY `list_order` ASC LIMIT 6 [ RunTime:0.000562s ]
[2026-05-28T14:04:51+08:00][sql] SHOW FULL COLUMNS FROM `cmf_portal_post` [ RunTime:0.001790s ]
[2026-05-28T14:04:51+08:00][sql] SELECT `p`.`id`,`p`.`post_title`,`p`.`post_excerpt`,`p`.`thumbnail`,`p`.`create_time`,`c`.`category_id` FROM `cmf_portal_post` `p` INNER JOIN `cmf_portal_category_post` `c` ON `p`.`id`=`c`.`post_id` WHERE (  `p`.`post_type` = '8' ) AND `p`.`delete_time` = '0' ORDER BY `c`.`list_order` ASC,`p`.`create_time` DESC [ RunTime:0.000967s ]
[2026-05-28T14:04:51+08:00][sql] SELECT `id`,`post_title`,`post_excerpt`,`more` FROM `cmf_portal_post` WHERE (  `post_type` = 3 ) AND `cmf_portal_post`.`delete_time` = '0' ORDER BY `create_time` DESC [ RunTime:0.000439s ]
[2026-05-28T14:04:51+08:00][sql] SHOW FULL COLUMNS FROM `cmf_theme_file` [ RunTime:0.002180s ]
[2026-05-28T14:04:51+08:00][sql] SELECT `more`,`file`,`id` FROM `cmf_theme_file` WHERE  `theme` = 'simpleboot3_mobile'  AND (  `is_public` = 1 OR `file` = 'portal/index' ) ORDER BY `is_public` DESC [ RunTime:0.000875s ]
[2026-05-28T14:04:51+08:00][sql] SELECT `option_value` FROM `cmf_option` WHERE  `option_name` = 'storage' LIMIT 1 [ RunTime:0.000420s ]
[2026-05-28T14:04:53+08:00][sql] CONNECT:[ UseTime:0.001251s ] mysql:host=127.0.0.1;port=3306;dbname=weihua;charset=utf8mb4
[2026-05-28T14:04:53+08:00][sql] SHOW FULL COLUMNS FROM `cmf_option` [ RunTime:0.002712s ]
[2026-05-28T14:04:53+08:00][sql] SELECT `option_value` FROM `cmf_option` WHERE  `option_name` = 'cdn_settings' LIMIT 1 [ RunTime:0.000663s ]
[2026-05-28T14:04:53+08:00][sql] SELECT `option_value` FROM `cmf_option` WHERE  `option_name` = 'cdn_settings' LIMIT 1 [ RunTime:0.000517s ]
[2026-05-28T14:04:53+08:00][sql] SHOW FULL COLUMNS FROM `cmf_product_category` [ RunTime:0.001419s ]
[2026-05-28T14:04:53+08:00][sql] SELECT * FROM `cmf_product_category` WHERE  `parent_id` = 0 ORDER BY `list_order` ASC,`create_time` DESC [ RunTime:0.000459s ]
[2026-05-28T14:04:53+08:00][sql] SELECT * FROM `cmf_product_category` WHERE  `parent_id` IN (28,19,22,23,25,27,30) [ RunTime:0.000502s ]
[2026-05-28T14:04:53+08:00][sql] SHOW FULL COLUMNS FROM `cmf_portal_category` [ RunTime:0.002621s ]
[2026-05-28T14:04:53+08:00][sql] SELECT * FROM `cmf_portal_category` WHERE (  `type` = 8 ) AND `cmf_portal_category`.`delete_time` = '0' ORDER BY `list_order` ASC [ RunTime:0.000818s ]
[2026-05-28T14:04:53+08:00][sql] SHOW FULL COLUMNS FROM `cmf_slide_item` [ RunTime:0.002406s ]
[2026-05-28T14:04:53+08:00][sql] SELECT `title`,`description`,`image` FROM `cmf_slide_item` WHERE  `slide_id` = 3  AND `status` = 1 ORDER BY `list_order` ASC,`id` DESC LIMIT 1 [ RunTime:0.000585s ]
[2026-05-28T14:04:53+08:00][sql] SHOW FULL COLUMNS FROM `cmf_portal_post` [ RunTime:0.001167s ]
[2026-05-28T14:04:53+08:00][sql] SELECT COUNT(*) AS think_count FROM `cmf_portal_post` WHERE (  `post_type` = 3 ) AND `cmf_portal_post`.`delete_time` = '0' LIMIT 1 [ RunTime:0.000336s ]
[2026-05-28T14:04:53+08:00][sql] SELECT `id`,`more`,`post_title`,`post_excerpt` FROM `cmf_portal_post` WHERE (  `post_type` = 3 ) AND `cmf_portal_post`.`delete_time` = '0' ORDER BY `create_time` DESC LIMIT 0,9 [ RunTime:0.000300s ]
[2026-05-28T14:04:53+08:00][sql] SHOW FULL COLUMNS FROM `cmf_theme_file` [ RunTime:0.002516s ]
[2026-05-28T14:04:53+08:00][sql] SELECT `more`,`file`,`id` FROM `cmf_theme_file` WHERE  `theme` = 'simpleboot3'  AND (  `is_public` = 1 OR `file` = 'portal/industries' ) ORDER BY `is_public` DESC [ RunTime:0.000621s ]
[2026-05-28T14:04:53+08:00][sql] SELECT `option_value` FROM `cmf_option` WHERE  `option_name` = 'storage' LIMIT 1 [ RunTime:0.000526s ]
[2026-05-28T14:04:56+08:00][sql] CONNECT:[ UseTime:0.000768s ] mysql:host=127.0.0.1;port=3306;dbname=weihua;charset=utf8mb4
[2026-05-28T14:04:56+08:00][sql] SHOW FULL COLUMNS FROM `cmf_option` [ RunTime:0.002917s ]
[2026-05-28T14:04:56+08:00][sql] SELECT `option_value` FROM `cmf_option` WHERE  `option_name` = 'cdn_settings' LIMIT 1 [ RunTime:0.000337s ]
[2026-05-28T14:04:56+08:00][sql] SELECT `option_value` FROM `cmf_option` WHERE  `option_name` = 'cdn_settings' LIMIT 1 [ RunTime:0.000312s ]
[2026-05-28T14:04:56+08:00][sql] SHOW FULL COLUMNS FROM `cmf_product_category` [ RunTime:0.002049s ]
[2026-05-28T14:04:56+08:00][sql] SELECT * FROM `cmf_product_category` WHERE  `parent_id` = 0 ORDER BY `list_order` ASC,`create_time` DESC [ RunTime:0.000608s ]
[2026-05-28T14:04:56+08:00][sql] SELECT * FROM `cmf_product_category` WHERE  `parent_id` IN (28,19,22,23,25,27,30) [ RunTime:0.000429s ]
[2026-05-28T14:04:56+08:00][sql] SHOW FULL COLUMNS FROM `cmf_portal_category` [ RunTime:0.001388s ]
[2026-05-28T14:04:56+08:00][sql] SELECT * FROM `cmf_portal_category` WHERE (  `type` = 8 ) AND `cmf_portal_category`.`delete_time` = '0' ORDER BY `list_order` ASC [ RunTime:0.000345s ]
[2026-05-28T14:04:56+08:00][sql] SELECT * FROM `cmf_portal_category` WHERE (  `id` = 0  AND `status` = 1 ) AND `cmf_portal_category`.`delete_time` = '0' LIMIT 1 [ RunTime:0.000323s ]
[2026-05-28T14:04:56+08:00][sql] SHOW FULL COLUMNS FROM `cmf_slide_item` [ RunTime:0.000992s ]
[2026-05-28T14:04:56+08:00][sql] SELECT `title`,`description`,`image` FROM `cmf_slide_item` WHERE  `slide_id` = 3  AND `status` = 1 ORDER BY `list_order` ASC,`id` DESC LIMIT 1 [ RunTime:0.000387s ]
[2026-05-28T14:04:56+08:00][sql] SHOW FULL COLUMNS FROM `cmf_portal_post` [ RunTime:0.001017s ]
[2026-05-28T14:04:56+08:00][sql] UPDATE `cmf_portal_post`  SET `post_hits` = `post_hits` + 1  WHERE (  `id` = 23 ) AND `cmf_portal_post`.`delete_time` = '0' [ RunTime:0.008500s ]
[2026-05-28T14:04:56+08:00][sql] SELECT * FROM `cmf_portal_post` WHERE (  `post_type` = 3  AND `id` = 23  AND ( delete_time IS NULL OR delete_time = 0 ) ) AND `cmf_portal_post`.`delete_time` = '0' LIMIT 1 [ RunTime:0.000758s ]
[2026-05-28T14:04:56+08:00][sql] SELECT * FROM `cmf_portal_post` WHERE (  `post_type` = 3  AND `id` < 23  AND ( delete_time IS NULL OR delete_time = 0 ) ) AND `cmf_portal_post`.`delete_time` = '0' ORDER BY `id` DESC LIMIT 1 [ RunTime:0.000473s ]
[2026-05-28T14:04:56+08:00][sql] SELECT * FROM `cmf_portal_post` WHERE (  `post_type` = 3  AND `id` > 23  AND ( delete_time IS NULL OR delete_time = 0 ) ) AND `cmf_portal_post`.`delete_time` = '0' ORDER BY `id` ASC LIMIT 1 [ RunTime:0.000323s ]
[2026-05-28T14:04:56+08:00][sql] SHOW FULL COLUMNS FROM `cmf_theme_file` [ RunTime:0.001530s ]
[2026-05-28T14:04:56+08:00][sql] SELECT `more`,`file`,`id` FROM `cmf_theme_file` WHERE  `theme` = 'simpleboot3'  AND (  `is_public` = 1 OR `file` = 'portal/industries-info' ) ORDER BY `is_public` DESC [ RunTime:0.000453s ]
[2026-05-28T14:04:56+08:00][sql] SELECT `option_value` FROM `cmf_option` WHERE  `option_name` = 'storage' LIMIT 1 [ RunTime:0.000449s ]
[2026-05-28T14:04:58+08:00][sql] CONNECT:[ UseTime:0.001084s ] mysql:host=127.0.0.1;port=3306;dbname=weihua;charset=utf8mb4
[2026-05-28T14:04:58+08:00][sql] SHOW FULL COLUMNS FROM `cmf_option` [ RunTime:0.001425s ]
[2026-05-28T14:04:58+08:00][sql] SELECT `option_value` FROM `cmf_option` WHERE  `option_name` = 'cdn_settings' LIMIT 1 [ RunTime:0.000320s ]
[2026-05-28T14:04:58+08:00][sql] SELECT `option_value` FROM `cmf_option` WHERE  `option_name` = 'cdn_settings' LIMIT 1 [ RunTime:0.000362s ]
[2026-05-28T14:04:58+08:00][sql] SHOW FULL COLUMNS FROM `cmf_product_category` [ RunTime:0.001235s ]
[2026-05-28T14:04:58+08:00][sql] SELECT * FROM `cmf_product_category` WHERE  `parent_id` = 0 ORDER BY `list_order` ASC,`create_time` DESC [ RunTime:0.000445s ]
[2026-05-28T14:04:58+08:00][sql] SELECT * FROM `cmf_product_category` WHERE  `parent_id` IN (28,19,22,23,25,27,30) [ RunTime:0.000407s ]
[2026-05-28T14:04:58+08:00][sql] SHOW FULL COLUMNS FROM `cmf_portal_category` [ RunTime:0.001302s ]
[2026-05-28T14:04:58+08:00][sql] SELECT * FROM `cmf_portal_category` WHERE (  `type` = 8 ) AND `cmf_portal_category`.`delete_time` = '0' ORDER BY `list_order` ASC [ RunTime:0.000338s ]
[2026-05-28T14:04:58+08:00][sql] SELECT * FROM `cmf_portal_category` WHERE (  `id` = 0  AND `status` = 1 ) AND `cmf_portal_category`.`delete_time` = '0' LIMIT 1 [ RunTime:0.000301s ]
[2026-05-28T14:04:58+08:00][sql] SHOW FULL COLUMNS FROM `cmf_slide_item` [ RunTime:0.001070s ]
[2026-05-28T14:04:58+08:00][sql] SELECT `title`,`description`,`image` FROM `cmf_slide_item` WHERE  `slide_id` = 3  AND `status` = 1 ORDER BY `list_order` ASC,`id` DESC LIMIT 1 [ RunTime:0.000298s ]
[2026-05-28T14:04:58+08:00][sql] SHOW FULL COLUMNS FROM `cmf_portal_post` [ RunTime:0.001245s ]
[2026-05-28T14:04:58+08:00][sql] UPDATE `cmf_portal_post`  SET `post_hits` = `post_hits` + 1  WHERE (  `id` = 22 ) AND `cmf_portal_post`.`delete_time` = '0' [ RunTime:0.004175s ]
[2026-05-28T14:04:58+08:00][sql] SELECT * FROM `cmf_portal_post` WHERE (  `post_type` = 3  AND `id` = 22  AND ( delete_time IS NULL OR delete_time = 0 ) ) AND `cmf_portal_post`.`delete_time` = '0' LIMIT 1 [ RunTime:0.000673s ]
[2026-05-28T14:04:58+08:00][sql] SELECT * FROM `cmf_portal_post` WHERE (  `post_type` = 3  AND `id` < 22  AND ( delete_time IS NULL OR delete_time = 0 ) ) AND `cmf_portal_post`.`delete_time` = '0' ORDER BY `id` DESC LIMIT 1 [ RunTime:0.000735s ]
[2026-05-28T14:04:58+08:00][sql] SELECT * FROM `cmf_portal_post` WHERE (  `post_type` = 3  AND `id` > 22  AND ( delete_time IS NULL OR delete_time = 0 ) ) AND `cmf_portal_post`.`delete_time` = '0' ORDER BY `id` ASC LIMIT 1 [ RunTime:0.000394s ]
[2026-05-28T14:04:58+08:00][sql] SHOW FULL COLUMNS FROM `cmf_theme_file` [ RunTime:0.002379s ]
[2026-05-28T14:04:58+08:00][sql] SELECT `more`,`file`,`id` FROM `cmf_theme_file` WHERE  `theme` = 'simpleboot3'  AND (  `is_public` = 1 OR `file` = 'portal/industries-info' ) ORDER BY `is_public` DESC [ RunTime:0.000492s ]
[2026-05-28T14:04:58+08:00][sql] SELECT `option_value` FROM `cmf_option` WHERE  `option_name` = 'storage' LIMIT 1 [ RunTime:0.000575s ]
[2026-05-28T14:05:02+08:00][sql] CONNECT:[ UseTime:0.001088s ] mysql:host=127.0.0.1;port=3306;dbname=weihua;charset=utf8mb4
[2026-05-28T14:05:02+08:00][sql] SHOW FULL COLUMNS FROM `cmf_option` [ RunTime:0.004274s ]
[2026-05-28T14:05:02+08:00][sql] SELECT `option_value` FROM `cmf_option` WHERE  `option_name` = 'cdn_settings' LIMIT 1 [ RunTime:0.000381s ]
[2026-05-28T14:05:02+08:00][sql] SELECT `option_value` FROM `cmf_option` WHERE  `option_name` = 'cdn_settings' LIMIT 1 [ RunTime:0.000436s ]
[2026-05-28T14:05:02+08:00][sql] SHOW FULL COLUMNS FROM `cmf_product_category` [ RunTime:0.001854s ]
[2026-05-28T14:05:02+08:00][sql] SELECT * FROM `cmf_product_category` WHERE  `parent_id` = 0 ORDER BY `list_order` ASC,`create_time` DESC [ RunTime:0.000366s ]
[2026-05-28T14:05:02+08:00][sql] SELECT * FROM `cmf_product_category` WHERE  `parent_id` IN (28,19,22,23,25,27,30) [ RunTime:0.000538s ]
[2026-05-28T14:05:02+08:00][sql] SHOW FULL COLUMNS FROM `cmf_portal_category` [ RunTime:0.002210s ]
[2026-05-28T14:05:02+08:00][sql] SELECT * FROM `cmf_portal_category` WHERE (  `type` = 8 ) AND `cmf_portal_category`.`delete_time` = '0' ORDER BY `list_order` ASC [ RunTime:0.000416s ]
[2026-05-28T14:05:02+08:00][sql] SELECT * FROM `cmf_portal_category` WHERE (  `id` = 0  AND `status` = 1 ) AND `cmf_portal_category`.`delete_time` = '0' LIMIT 1 [ RunTime:0.000524s ]
[2026-05-28T14:05:02+08:00][sql] SHOW FULL COLUMNS FROM `cmf_slide_item` [ RunTime:0.001289s ]
[2026-05-28T14:05:02+08:00][sql] SELECT `title`,`description`,`image` FROM `cmf_slide_item` WHERE  `slide_id` = 3  AND `status` = 1 ORDER BY `list_order` ASC,`id` DESC LIMIT 1 [ RunTime:0.000424s ]
[2026-05-28T14:05:02+08:00][sql] SHOW FULL COLUMNS FROM `cmf_portal_post` [ RunTime:0.001241s ]
[2026-05-28T14:05:02+08:00][sql] UPDATE `cmf_portal_post`  SET `post_hits` = `post_hits` + 1  WHERE (  `id` = 21 ) AND `cmf_portal_post`.`delete_time` = '0' [ RunTime:0.002655s ]
[2026-05-28T14:05:02+08:00][sql] SELECT * FROM `cmf_portal_post` WHERE (  `post_type` = 3  AND `id` = 21  AND ( delete_time IS NULL OR delete_time = 0 ) ) AND `cmf_portal_post`.`delete_time` = '0' LIMIT 1 [ RunTime:0.000493s ]
[2026-05-28T14:05:02+08:00][sql] SELECT * FROM `cmf_portal_post` WHERE (  `post_type` = 3  AND `id` < 21  AND ( delete_time IS NULL OR delete_time = 0 ) ) AND `cmf_portal_post`.`delete_time` = '0' ORDER BY `id` DESC LIMIT 1 [ RunTime:0.000746s ]
[2026-05-28T14:05:02+08:00][sql] SELECT * FROM `cmf_portal_post` WHERE (  `post_type` = 3  AND `id` > 21  AND ( delete_time IS NULL OR delete_time = 0 ) ) AND `cmf_portal_post`.`delete_time` = '0' ORDER BY `id` ASC LIMIT 1 [ RunTime:0.000626s ]
[2026-05-28T14:05:02+08:00][sql] SHOW FULL COLUMNS FROM `cmf_theme_file` [ RunTime:0.002330s ]
[2026-05-28T14:05:02+08:00][sql] SELECT `more`,`file`,`id` FROM `cmf_theme_file` WHERE  `theme` = 'simpleboot3'  AND (  `is_public` = 1 OR `file` = 'portal/industries-info' ) ORDER BY `is_public` DESC [ RunTime:0.000504s ]
[2026-05-28T14:05:02+08:00][sql] SELECT `option_value` FROM `cmf_option` WHERE  `option_name` = 'storage' LIMIT 1 [ RunTime:0.000706s ]
[2026-05-28T14:05:05+08:00][sql] CONNECT:[ UseTime:0.000918s ] mysql:host=127.0.0.1;port=3306;dbname=weihua;charset=utf8mb4
[2026-05-28T14:05:05+08:00][sql] SHOW FULL COLUMNS FROM `cmf_option` [ RunTime:0.001448s ]
[2026-05-28T14:05:05+08:00][sql] SELECT `option_value` FROM `cmf_option` WHERE  `option_name` = 'cdn_settings' LIMIT 1 [ RunTime:0.001937s ]
[2026-05-28T14:05:05+08:00][sql] SELECT `option_value` FROM `cmf_option` WHERE  `option_name` = 'cdn_settings' LIMIT 1 [ RunTime:0.000958s ]
[2026-05-28T14:05:05+08:00][sql] SHOW FULL COLUMNS FROM `cmf_product_category` [ RunTime:0.001518s ]
[2026-05-28T14:05:05+08:00][sql] SELECT * FROM `cmf_product_category` WHERE  `parent_id` = 0 ORDER BY `list_order` ASC,`create_time` DESC [ RunTime:0.000547s ]
[2026-05-28T14:05:05+08:00][sql] SELECT * FROM `cmf_product_category` WHERE  `parent_id` IN (28,19,22,23,25,27,30) [ RunTime:0.000399s ]
[2026-05-28T14:05:05+08:00][sql] SHOW FULL COLUMNS FROM `cmf_portal_category` [ RunTime:0.001742s ]
[2026-05-28T14:05:05+08:00][sql] SELECT * FROM `cmf_portal_category` WHERE (  `type` = 8 ) AND `cmf_portal_category`.`delete_time` = '0' ORDER BY `list_order` ASC [ RunTime:0.000422s ]
[2026-05-28T14:05:05+08:00][sql] SHOW FULL COLUMNS FROM `cmf_slide_item` [ RunTime:0.002046s ]
[2026-05-28T14:05:05+08:00][sql] SELECT `title`,`description`,`image` FROM `cmf_slide_item` WHERE  `slide_id` = 12  AND `status` = 1 ORDER BY `list_order` ASC,`id` DESC LIMIT 1 [ RunTime:0.000775s ]
[2026-05-28T14:05:05+08:00][sql] SELECT * FROM `cmf_portal_category` WHERE (  `id` = 0  AND `status` = 1 ) AND `cmf_portal_category`.`delete_time` = '0' LIMIT 1 [ RunTime:0.000812s ]
[2026-05-28T14:05:05+08:00][sql] SHOW FULL COLUMNS FROM `cmf_portal_post` [ RunTime:0.003571s ]
[2026-05-28T14:05:05+08:00][sql] SELECT COUNT(*) AS think_count FROM `cmf_portal_post` `p` LEFT JOIN `cmf_portal_category_post` `c` ON `p`.`id`=`c`.`post_id` WHERE (  `post_type` = 8 ) AND `p`.`delete_time` = '0' LIMIT 1 [ RunTime:0.001637s ]
[2026-05-28T14:05:05+08:00][sql] SELECT `p`.`id`,`p`.`post_title`,`p`.`thumbnail`,`p`.`more`,c.category_id as cid,`p`.`post_excerpt`,`p`.`create_time` FROM `cmf_portal_post` `p` LEFT JOIN `cmf_portal_category_post` `c` ON `p`.`id`=`c`.`post_id` WHERE (  `post_type` = 8 ) AND `p`.`delete_time` = '0' ORDER BY `c`.`list_order` ASC,`p`.`create_time` DESC LIMIT 0,6 [ RunTime:0.001331s ]
[2026-05-28T14:05:05+08:00][sql] SHOW FULL COLUMNS FROM `cmf_theme_file` [ RunTime:0.001600s ]
[2026-05-28T14:05:05+08:00][sql] SELECT `more`,`file`,`id` FROM `cmf_theme_file` WHERE  `theme` = 'simpleboot3_mobile'  AND (  `is_public` = 1 OR `file` = 'portal/news' ) ORDER BY `is_public` DESC [ RunTime:0.000417s ]
[2026-05-28T14:05:05+08:00][sql] SELECT `option_value` FROM `cmf_option` WHERE  `option_name` = 'storage' LIMIT 1 [ RunTime:0.000802s ]
[2026-05-28T14:05:07+08:00][sql] CONNECT:[ UseTime:0.000860s ] mysql:host=127.0.0.1;port=3306;dbname=weihua;charset=utf8mb4
[2026-05-28T14:05:07+08:00][sql] SHOW FULL COLUMNS FROM `cmf_option` [ RunTime:0.001647s ]
[2026-05-28T14:05:07+08:00][sql] SELECT `option_value` FROM `cmf_option` WHERE  `option_name` = 'cdn_settings' LIMIT 1 [ RunTime:0.000298s ]
[2026-05-28T14:05:07+08:00][sql] SELECT `option_value` FROM `cmf_option` WHERE  `option_name` = 'cdn_settings' LIMIT 1 [ RunTime:0.000296s ]
[2026-05-28T14:05:07+08:00][sql] SHOW FULL COLUMNS FROM `cmf_product_category` [ RunTime:0.001548s ]
[2026-05-28T14:05:07+08:00][sql] SELECT * FROM `cmf_product_category` WHERE  `parent_id` = 0 ORDER BY `list_order` ASC,`create_time` DESC [ RunTime:0.000374s ]
[2026-05-28T14:05:07+08:00][sql] SELECT * FROM `cmf_product_category` WHERE  `parent_id` IN (28,19,22,23,25,27,30) [ RunTime:0.000477s ]
[2026-05-28T14:05:07+08:00][sql] SHOW FULL COLUMNS FROM `cmf_portal_category` [ RunTime:0.001459s ]
[2026-05-28T14:05:07+08:00][sql] SELECT * FROM `cmf_portal_category` WHERE (  `type` = 8 ) AND `cmf_portal_category`.`delete_time` = '0' ORDER BY `list_order` ASC [ RunTime:0.000349s ]
[2026-05-28T14:05:07+08:00][sql] SELECT * FROM `cmf_portal_category` WHERE (  `id` = 1  AND `status` = 1 ) AND `cmf_portal_category`.`delete_time` = '0' LIMIT 1 [ RunTime:0.000373s ]
[2026-05-28T14:05:07+08:00][sql] SHOW FULL COLUMNS FROM `cmf_portal_post` [ RunTime:0.001250s ]
[2026-05-28T14:05:07+08:00][sql] SELECT `post`.* FROM `cmf_portal_post` `post` LEFT JOIN `cmf_portal_category_post` `relation` ON `post`.`id`=`relation`.`post_id` WHERE (  `post`.`post_type` = '8'  AND `relation`.`category_id` = '1'  AND `post`.`id` = '14'  AND ( post.delete_time IS NULL OR post.delete_time = 0 ) ) AND `post`.`delete_time` = '0' LIMIT 1 [ RunTime:0.000456s ]
[2026-05-28T14:05:07+08:00][sql] SHOW FULL COLUMNS FROM `cmf_slide_item` [ RunTime:0.000798s ]
[2026-05-28T14:05:07+08:00][sql] SELECT `title`,`description`,`image` FROM `cmf_slide_item` WHERE  `slide_id` = 12  AND `status` = 1 ORDER BY `list_order` ASC,`id` DESC LIMIT 1 [ RunTime:0.000347s ]
[2026-05-28T14:05:07+08:00][sql] UPDATE `cmf_portal_post`  SET `post_hits` = `post_hits` + 1  WHERE (  `id` = 14 ) AND `cmf_portal_post`.`delete_time` = '0' [ RunTime:0.004577s ]
[2026-05-28T14:05:07+08:00][sql] SELECT `post`.* FROM `cmf_portal_post` `post` LEFT JOIN `cmf_portal_category_post` `relation` ON `post`.`id`=`relation`.`post_id` WHERE (  `post`.`post_type` = '8'  AND `relation`.`category_id` = '1'  AND `post`.`id` < '14'  AND ( post.delete_time IS NULL OR post.delete_time = 0 ) ) AND `post`.`delete_time` = '0' ORDER BY `post`.`id` DESC LIMIT 1 [ RunTime:0.000847s ]
[2026-05-28T14:05:07+08:00][sql] SELECT `post`.* FROM `cmf_portal_post` `post` LEFT JOIN `cmf_portal_category_post` `relation` ON `post`.`id`=`relation`.`post_id` WHERE (  `post`.`post_type` = '8'  AND `relation`.`category_id` = '1'  AND `post`.`id` > '14'  AND ( post.delete_time IS NULL OR post.delete_time = 0 ) ) AND `post`.`delete_time` = '0' ORDER BY `post`.`id` ASC LIMIT 1 [ RunTime:0.000491s ]
[2026-05-28T14:05:07+08:00][sql] SHOW FULL COLUMNS FROM `cmf_theme_file` [ RunTime:0.001622s ]
[2026-05-28T14:05:07+08:00][sql] SELECT `more`,`file`,`id` FROM `cmf_theme_file` WHERE  `theme` = 'simpleboot3_mobile'  AND (  `is_public` = 1 OR `file` = 'portal/news-info' ) ORDER BY `is_public` DESC [ RunTime:0.000440s ]
[2026-05-28T14:05:07+08:00][sql] SELECT `option_value` FROM `cmf_option` WHERE  `option_name` = 'storage' LIMIT 1 [ RunTime:0.000673s ]
[2026-05-28T14:05:11+08:00][sql] CONNECT:[ UseTime:0.001542s ] mysql:host=127.0.0.1;port=3306;dbname=weihua;charset=utf8mb4
[2026-05-28T14:05:11+08:00][sql] SHOW FULL COLUMNS FROM `cmf_option` [ RunTime:0.002302s ]
[2026-05-28T14:05:11+08:00][sql] SELECT `option_value` FROM `cmf_option` WHERE  `option_name` = 'cdn_settings' LIMIT 1 [ RunTime:0.000725s ]
[2026-05-28T14:05:11+08:00][sql] SELECT `option_value` FROM `cmf_option` WHERE  `option_name` = 'cdn_settings' LIMIT 1 [ RunTime:0.000623s ]
[2026-05-28T14:05:11+08:00][sql] SHOW FULL COLUMNS FROM `cmf_product_category` [ RunTime:0.001498s ]
[2026-05-28T14:05:11+08:00][sql] SELECT * FROM `cmf_product_category` WHERE  `parent_id` = 0 ORDER BY `list_order` ASC,`create_time` DESC [ RunTime:0.000378s ]
[2026-05-28T14:05:11+08:00][sql] SELECT * FROM `cmf_product_category` WHERE  `parent_id` IN (28,19,22,23,25,27,30) [ RunTime:0.000902s ]
[2026-05-28T14:05:11+08:00][sql] SHOW FULL COLUMNS FROM `cmf_portal_category` [ RunTime:0.002801s ]
[2026-05-28T14:05:11+08:00][sql] SELECT * FROM `cmf_portal_category` WHERE (  `type` = 8 ) AND `cmf_portal_category`.`delete_time` = '0' ORDER BY `list_order` ASC [ RunTime:0.000742s ]
[2026-05-28T14:05:11+08:00][sql] SELECT * FROM `cmf_portal_category` WHERE (  `id` = 1  AND `status` = 1 ) AND `cmf_portal_category`.`delete_time` = '0' LIMIT 1 [ RunTime:0.000610s ]
[2026-05-28T14:05:11+08:00][sql] SHOW FULL COLUMNS FROM `cmf_portal_post` [ RunTime:0.001705s ]
[2026-05-28T14:05:11+08:00][sql] SELECT `post`.* FROM `cmf_portal_post` `post` LEFT JOIN `cmf_portal_category_post` `relation` ON `post`.`id`=`relation`.`post_id` WHERE (  `post`.`post_type` = '8'  AND `relation`.`category_id` = '1'  AND `post`.`id` = '15'  AND ( post.delete_time IS NULL OR post.delete_time = 0 ) ) AND `post`.`delete_time` = '0' LIMIT 1 [ RunTime:0.000533s ]
[2026-05-28T14:05:11+08:00][sql] SHOW FULL COLUMNS FROM `cmf_slide_item` [ RunTime:0.001286s ]
[2026-05-28T14:05:11+08:00][sql] SELECT `title`,`description`,`image` FROM `cmf_slide_item` WHERE  `slide_id` = 12  AND `status` = 1 ORDER BY `list_order` ASC,`id` DESC LIMIT 1 [ RunTime:0.000841s ]
[2026-05-28T14:05:11+08:00][sql] UPDATE `cmf_portal_post`  SET `post_hits` = `post_hits` + 1  WHERE (  `id` = 15 ) AND `cmf_portal_post`.`delete_time` = '0' [ RunTime:0.007114s ]
[2026-05-28T14:05:11+08:00][sql] SELECT `post`.* FROM `cmf_portal_post` `post` LEFT JOIN `cmf_portal_category_post` `relation` ON `post`.`id`=`relation`.`post_id` WHERE (  `post`.`post_type` = '8'  AND `relation`.`category_id` = '1'  AND `post`.`id` < '15'  AND ( post.delete_time IS NULL OR post.delete_time = 0 ) ) AND `post`.`delete_time` = '0' ORDER BY `post`.`id` DESC LIMIT 1 [ RunTime:0.000723s ]
[2026-05-28T14:05:11+08:00][sql] SELECT `post`.* FROM `cmf_portal_post` `post` LEFT JOIN `cmf_portal_category_post` `relation` ON `post`.`id`=`relation`.`post_id` WHERE (  `post`.`post_type` = '8'  AND `relation`.`category_id` = '1'  AND `post`.`id` > '15'  AND ( post.delete_time IS NULL OR post.delete_time = 0 ) ) AND `post`.`delete_time` = '0' ORDER BY `post`.`id` ASC LIMIT 1 [ RunTime:0.000504s ]
[2026-05-28T14:05:11+08:00][sql] SHOW FULL COLUMNS FROM `cmf_theme_file` [ RunTime:0.001157s ]
[2026-05-28T14:05:11+08:00][sql] SELECT `more`,`file`,`id` FROM `cmf_theme_file` WHERE  `theme` = 'simpleboot3_mobile'  AND (  `is_public` = 1 OR `file` = 'portal/news-info' ) ORDER BY `is_public` DESC [ RunTime:0.000399s ]
[2026-05-28T14:05:11+08:00][sql] SELECT `option_value` FROM `cmf_option` WHERE  `option_name` = 'storage' LIMIT 1 [ RunTime:0.000839s ]
[2026-05-28T14:05:17+08:00][sql] CONNECT:[ UseTime:0.025170s ] mysql:host=127.0.0.1;port=3306;dbname=weihua;charset=utf8mb4
[2026-05-28T14:05:17+08:00][sql] SHOW FULL COLUMNS FROM `cmf_option` [ RunTime:0.001573s ]
[2026-05-28T14:05:17+08:00][sql] SELECT `option_value` FROM `cmf_option` WHERE  `option_name` = 'cdn_settings' LIMIT 1 [ RunTime:0.000307s ]
[2026-05-28T14:05:17+08:00][sql] SELECT `option_value` FROM `cmf_option` WHERE  `option_name` = 'cdn_settings' LIMIT 1 [ RunTime:0.000334s ]
[2026-05-28T14:05:17+08:00][sql] SHOW FULL COLUMNS FROM `cmf_product_category` [ RunTime:0.001184s ]
[2026-05-28T14:05:17+08:00][sql] SELECT * FROM `cmf_product_category` WHERE  `parent_id` = 0 ORDER BY `list_order` ASC,`create_time` DESC [ RunTime:0.000312s ]
[2026-05-28T14:05:17+08:00][sql] SELECT * FROM `cmf_product_category` WHERE  `parent_id` IN (28,19,22,23,25,27,30) [ RunTime:0.000304s ]
[2026-05-28T14:05:17+08:00][sql] SHOW FULL COLUMNS FROM `cmf_portal_category` [ RunTime:0.001834s ]
[2026-05-28T14:05:17+08:00][sql] SELECT * FROM `cmf_portal_category` WHERE (  `type` = 8 ) AND `cmf_portal_category`.`delete_time` = '0' ORDER BY `list_order` ASC [ RunTime:0.000552s ]
[2026-05-28T14:05:17+08:00][sql] SELECT * FROM `cmf_portal_category` WHERE (  `id` = 1  AND `status` = 1 ) AND `cmf_portal_category`.`delete_time` = '0' LIMIT 1 [ RunTime:0.000655s ]
[2026-05-28T14:05:17+08:00][sql] SHOW FULL COLUMNS FROM `cmf_portal_post` [ RunTime:0.001884s ]
[2026-05-28T14:05:17+08:00][sql] SELECT `post`.* FROM `cmf_portal_post` `post` LEFT JOIN `cmf_portal_category_post` `relation` ON `post`.`id`=`relation`.`post_id` WHERE (  `post`.`post_type` = '8'  AND `relation`.`category_id` = '1'  AND `post`.`id` = '14'  AND ( post.delete_time IS NULL OR post.delete_time = 0 ) ) AND `post`.`delete_time` = '0' LIMIT 1 [ RunTime:0.000516s ]
[2026-05-28T14:05:17+08:00][sql] SHOW FULL COLUMNS FROM `cmf_slide_item` [ RunTime:0.001200s ]
[2026-05-28T14:05:17+08:00][sql] SELECT `title`,`description`,`image` FROM `cmf_slide_item` WHERE  `slide_id` = 12  AND `status` = 1 ORDER BY `list_order` ASC,`id` DESC LIMIT 1 [ RunTime:0.000339s ]
[2026-05-28T14:05:17+08:00][sql] UPDATE `cmf_portal_post`  SET `post_hits` = `post_hits` + 1  WHERE (  `id` = 14 ) AND `cmf_portal_post`.`delete_time` = '0' [ RunTime:0.003584s ]
[2026-05-28T14:05:17+08:00][sql] SELECT `post`.* FROM `cmf_portal_post` `post` LEFT JOIN `cmf_portal_category_post` `relation` ON `post`.`id`=`relation`.`post_id` WHERE (  `post`.`post_type` = '8'  AND `relation`.`category_id` = '1'  AND `post`.`id` < '14'  AND ( post.delete_time IS NULL OR post.delete_time = 0 ) ) AND `post`.`delete_time` = '0' ORDER BY `post`.`id` DESC LIMIT 1 [ RunTime:0.001119s ]
[2026-05-28T14:05:17+08:00][sql] SELECT `post`.* FROM `cmf_portal_post` `post` LEFT JOIN `cmf_portal_category_post` `relation` ON `post`.`id`=`relation`.`post_id` WHERE (  `post`.`post_type` = '8'  AND `relation`.`category_id` = '1'  AND `post`.`id` > '14'  AND ( post.delete_time IS NULL OR post.delete_time = 0 ) ) AND `post`.`delete_time` = '0' ORDER BY `post`.`id` ASC LIMIT 1 [ RunTime:0.000737s ]
[2026-05-28T14:05:17+08:00][sql] SHOW FULL COLUMNS FROM `cmf_theme_file` [ RunTime:0.001341s ]
[2026-05-28T14:05:17+08:00][sql] SELECT `more`,`file`,`id` FROM `cmf_theme_file` WHERE  `theme` = 'simpleboot3_mobile'  AND (  `is_public` = 1 OR `file` = 'portal/news-info' ) ORDER BY `is_public` DESC [ RunTime:0.000359s ]
[2026-05-28T14:05:17+08:00][sql] SELECT `option_value` FROM `cmf_option` WHERE  `option_name` = 'storage' LIMIT 1 [ RunTime:0.000268s ]
[2026-05-28T14:05:21+08:00][sql] CONNECT:[ UseTime:0.001143s ] mysql:host=127.0.0.1;port=3306;dbname=weihua;charset=utf8mb4
[2026-05-28T14:05:21+08:00][sql] SHOW FULL COLUMNS FROM `cmf_option` [ RunTime:0.001951s ]
[2026-05-28T14:05:21+08:00][sql] SELECT `option_value` FROM `cmf_option` WHERE  `option_name` = 'cdn_settings' LIMIT 1 [ RunTime:0.000411s ]
[2026-05-28T14:05:21+08:00][sql] SELECT `option_value` FROM `cmf_option` WHERE  `option_name` = 'cdn_settings' LIMIT 1 [ RunTime:0.000399s ]
[2026-05-28T14:05:21+08:00][sql] SHOW FULL COLUMNS FROM `cmf_product_category` [ RunTime:0.001208s ]
[2026-05-28T14:05:21+08:00][sql] SELECT * FROM `cmf_product_category` WHERE  `parent_id` = 0 ORDER BY `list_order` ASC,`create_time` DESC [ RunTime:0.000368s ]
[2026-05-28T14:05:21+08:00][sql] SELECT * FROM `cmf_product_category` WHERE  `parent_id` IN (28,19,22,23,25,27,30) [ RunTime:0.000339s ]
[2026-05-28T14:05:21+08:00][sql] SHOW FULL COLUMNS FROM `cmf_portal_category` [ RunTime:0.001777s ]
[2026-05-28T14:05:21+08:00][sql] SELECT * FROM `cmf_portal_category` WHERE (  `type` = 8 ) AND `cmf_portal_category`.`delete_time` = '0' ORDER BY `list_order` ASC [ RunTime:0.000268s ]
[2026-05-28T14:05:21+08:00][sql] SELECT * FROM `cmf_portal_category` WHERE (  `id` = 1  AND `status` = 1 ) AND `cmf_portal_category`.`delete_time` = '0' LIMIT 1 [ RunTime:0.000351s ]
[2026-05-28T14:05:21+08:00][sql] SHOW FULL COLUMNS FROM `cmf_portal_post` [ RunTime:0.001304s ]
[2026-05-28T14:05:21+08:00][sql] SELECT `post`.* FROM `cmf_portal_post` `post` LEFT JOIN `cmf_portal_category_post` `relation` ON `post`.`id`=`relation`.`post_id` WHERE (  `post`.`post_type` = '8'  AND `relation`.`category_id` = '1'  AND `post`.`id` = '13'  AND ( post.delete_time IS NULL OR post.delete_time = 0 ) ) AND `post`.`delete_time` = '0' LIMIT 1 [ RunTime:0.000486s ]
[2026-05-28T14:05:21+08:00][sql] SHOW FULL COLUMNS FROM `cmf_slide_item` [ RunTime:0.001022s ]
[2026-05-28T14:05:21+08:00][sql] SELECT `title`,`description`,`image` FROM `cmf_slide_item` WHERE  `slide_id` = 12  AND `status` = 1 ORDER BY `list_order` ASC,`id` DESC LIMIT 1 [ RunTime:0.000280s ]
[2026-05-28T14:05:21+08:00][sql] UPDATE `cmf_portal_post`  SET `post_hits` = `post_hits` + 1  WHERE (  `id` = 13 ) AND `cmf_portal_post`.`delete_time` = '0' [ RunTime:0.003366s ]
[2026-05-28T14:05:21+08:00][sql] SELECT `post`.* FROM `cmf_portal_post` `post` LEFT JOIN `cmf_portal_category_post` `relation` ON `post`.`id`=`relation`.`post_id` WHERE (  `post`.`post_type` = '8'  AND `relation`.`category_id` = '1'  AND `post`.`id` < '13'  AND ( post.delete_time IS NULL OR post.delete_time = 0 ) ) AND `post`.`delete_time` = '0' ORDER BY `post`.`id` DESC LIMIT 1 [ RunTime:0.000681s ]
[2026-05-28T14:05:21+08:00][sql] SELECT `post`.* FROM `cmf_portal_post` `post` LEFT JOIN `cmf_portal_category_post` `relation` ON `post`.`id`=`relation`.`post_id` WHERE (  `post`.`post_type` = '8'  AND `relation`.`category_id` = '1'  AND `post`.`id` > '13'  AND ( post.delete_time IS NULL OR post.delete_time = 0 ) ) AND `post`.`delete_time` = '0' ORDER BY `post`.`id` ASC LIMIT 1 [ RunTime:0.000520s ]
[2026-05-28T14:05:21+08:00][sql] SHOW FULL COLUMNS FROM `cmf_theme_file` [ RunTime:0.001036s ]
[2026-05-28T14:05:21+08:00][sql] SELECT `more`,`file`,`id` FROM `cmf_theme_file` WHERE  `theme` = 'simpleboot3_mobile'  AND (  `is_public` = 1 OR `file` = 'portal/news-info' ) ORDER BY `is_public` DESC [ RunTime:0.000282s ]
[2026-05-28T14:05:21+08:00][sql] SELECT `option_value` FROM `cmf_option` WHERE  `option_name` = 'storage' LIMIT 1 [ RunTime:0.000248s ]
[2026-05-28T14:05:23+08:00][sql] CONNECT:[ UseTime:0.000912s ] mysql:host=127.0.0.1;port=3306;dbname=weihua;charset=utf8mb4
[2026-05-28T14:05:23+08:00][sql] SHOW FULL COLUMNS FROM `cmf_option` [ RunTime:0.001864s ]
[2026-05-28T14:05:23+08:00][sql] SELECT `option_value` FROM `cmf_option` WHERE  `option_name` = 'cdn_settings' LIMIT 1 [ RunTime:0.000295s ]
[2026-05-28T14:05:23+08:00][sql] SELECT `option_value` FROM `cmf_option` WHERE  `option_name` = 'cdn_settings' LIMIT 1 [ RunTime:0.000318s ]
[2026-05-28T14:05:23+08:00][sql] SHOW FULL COLUMNS FROM `cmf_product_category` [ RunTime:0.002010s ]
[2026-05-28T14:05:23+08:00][sql] SELECT * FROM `cmf_product_category` WHERE  `parent_id` = 0 ORDER BY `list_order` ASC,`create_time` DESC [ RunTime:0.000343s ]
[2026-05-28T14:05:23+08:00][sql] SELECT * FROM `cmf_product_category` WHERE  `parent_id` IN (28,19,22,23,25,27,30) [ RunTime:0.000436s ]
[2026-05-28T14:05:23+08:00][sql] SHOW FULL COLUMNS FROM `cmf_portal_category` [ RunTime:0.001610s ]
[2026-05-28T14:05:23+08:00][sql] SELECT * FROM `cmf_portal_category` WHERE (  `type` = 8 ) AND `cmf_portal_category`.`delete_time` = '0' ORDER BY `list_order` ASC [ RunTime:0.000442s ]
[2026-05-28T14:05:23+08:00][sql] SELECT * FROM `cmf_portal_category` WHERE (  `id` = 1  AND `status` = 1 ) AND `cmf_portal_category`.`delete_time` = '0' LIMIT 1 [ RunTime:0.000620s ]
[2026-05-28T14:05:23+08:00][sql] SHOW FULL COLUMNS FROM `cmf_portal_post` [ RunTime:0.001931s ]
[2026-05-28T14:05:23+08:00][sql] SELECT `post`.* FROM `cmf_portal_post` `post` LEFT JOIN `cmf_portal_category_post` `relation` ON `post`.`id`=`relation`.`post_id` WHERE (  `post`.`post_type` = '8'  AND `relation`.`category_id` = '1'  AND `post`.`id` = '12'  AND ( post.delete_time IS NULL OR post.delete_time = 0 ) ) AND `post`.`delete_time` = '0' LIMIT 1 [ RunTime:0.000753s ]
[2026-05-28T14:05:23+08:00][sql] SHOW FULL COLUMNS FROM `cmf_slide_item` [ RunTime:0.001461s ]
[2026-05-28T14:05:23+08:00][sql] SELECT `title`,`description`,`image` FROM `cmf_slide_item` WHERE  `slide_id` = 12  AND `status` = 1 ORDER BY `list_order` ASC,`id` DESC LIMIT 1 [ RunTime:0.000402s ]
[2026-05-28T14:05:23+08:00][sql] UPDATE `cmf_portal_post`  SET `post_hits` = `post_hits` + 1  WHERE (  `id` = 12 ) AND `cmf_portal_post`.`delete_time` = '0' [ RunTime:0.003484s ]
[2026-05-28T14:05:23+08:00][sql] SELECT `post`.* FROM `cmf_portal_post` `post` LEFT JOIN `cmf_portal_category_post` `relation` ON `post`.`id`=`relation`.`post_id` WHERE (  `post`.`post_type` = '8'  AND `relation`.`category_id` = '1'  AND `post`.`id` < '12'  AND ( post.delete_time IS NULL OR post.delete_time = 0 ) ) AND `post`.`delete_time` = '0' ORDER BY `post`.`id` DESC LIMIT 1 [ RunTime:0.001339s ]
[2026-05-28T14:05:23+08:00][sql] SELECT `post`.* FROM `cmf_portal_post` `post` LEFT JOIN `cmf_portal_category_post` `relation` ON `post`.`id`=`relation`.`post_id` WHERE (  `post`.`post_type` = '8'  AND `relation`.`category_id` = '1'  AND `post`.`id` > '12'  AND ( post.delete_time IS NULL OR post.delete_time = 0 ) ) AND `post`.`delete_time` = '0' ORDER BY `post`.`id` ASC LIMIT 1 [ RunTime:0.001078s ]
[2026-05-28T14:05:23+08:00][sql] SHOW FULL COLUMNS FROM `cmf_theme_file` [ RunTime:0.001921s ]
[2026-05-28T14:05:23+08:00][sql] SELECT `more`,`file`,`id` FROM `cmf_theme_file` WHERE  `theme` = 'simpleboot3_mobile'  AND (  `is_public` = 1 OR `file` = 'portal/news-info' ) ORDER BY `is_public` DESC [ RunTime:0.000611s ]
[2026-05-28T14:05:23+08:00][sql] SELECT `option_value` FROM `cmf_option` WHERE  `option_name` = 'storage' LIMIT 1 [ RunTime:0.001074s ]
