[2026-04-16T22:36:50+08:00][sql] CONNECT:[ UseTime:0.002948s ] mysql:host=127.0.0.1;port=3306;dbname=weihua;charset=utf8mb4
[2026-04-16T22:36:50+08:00][sql] SHOW FULL COLUMNS FROM `cmf_option` [ RunTime:0.005052s ]
[2026-04-16T22:36:50+08:00][sql] SELECT `option_value` FROM `cmf_option` WHERE  `option_name` = 'cdn_settings' LIMIT 1 [ RunTime:0.000767s ]
[2026-04-16T22:36:50+08:00][sql] SELECT `option_value` FROM `cmf_option` WHERE  `option_name` = 'cdn_settings' LIMIT 1 [ RunTime:0.000570s ]
[2026-04-16T22:36:50+08:00][sql] SHOW FULL COLUMNS FROM `cmf_product_category` [ RunTime:0.002687s ]
[2026-04-16T22:36:50+08:00][sql] SELECT * FROM `cmf_product_category` WHERE  `parent_id` = 0 ORDER BY `list_order` ASC,`create_time` DESC [ RunTime:0.000973s ]
[2026-04-16T22:36:50+08:00][sql] SELECT * FROM `cmf_product_category` WHERE  `parent_id` IN (18,19,20,21,22,23,24,25,26,27) [ RunTime:0.000454s ]
[2026-04-16T22:36:50+08:00][sql] SHOW FULL COLUMNS FROM `cmf_portal_category` [ RunTime:0.002395s ]
[2026-04-16T22:36:50+08:00][sql] SELECT * FROM `cmf_portal_category` WHERE (  `type` = 8 ) AND `cmf_portal_category`.`delete_time` = '0' ORDER BY `list_order` ASC [ RunTime:0.000792s ]
[2026-04-16T22:36:50+08:00][sql] SHOW FULL COLUMNS FROM `cmf_slide_item` [ RunTime:0.002592s ]
[2026-04-16T22:36:50+08:00][sql] SELECT `title`,`image`,`content` FROM `cmf_slide_item` WHERE  `slide_id` = 1 ORDER BY `list_order` ASC [ RunTime:0.000654s ]
[2026-04-16T22:36:50+08:00][sql] SHOW FULL COLUMNS FROM `cmf_product` [ RunTime:0.001947s ]
[2026-04-16T22:36:50+08:00][sql] SELECT * FROM `cmf_product` WHERE  `is_recommended` = 1 ORDER BY `list_order` ASC LIMIT 8 [ RunTime:0.001342s ]
[2026-04-16T22:36:50+08:00][sql] SELECT `id`,`name` FROM `cmf_product_category` WHERE  `id` = 18 [ RunTime:0.000475s ]
[2026-04-16T22:36:50+08:00][sql] SHOW FULL COLUMNS FROM `cmf_portal_post` [ RunTime:0.003041s ]
[2026-04-16T22:36:50+08:00][sql] SELECT `p`.`id`,`p`.`post_title`,`p`.`post_excerpt`,`p`.`thumbnail`,`p`.`create_time`,`c`.`category_id` FROM `cmf_portal_post` `p` INNER JOIN `cmf_portal_category_post` `c` ON `p`.`id`=`c`.`post_id` WHERE (  `p`.`post_type` = '8' ) AND `p`.`delete_time` = '0' ORDER BY `c`.`list_order` ASC,`p`.`create_time` DESC LIMIT 4 [ RunTime:0.001606s ]
[2026-04-16T22:36:50+08:00][sql] SHOW FULL COLUMNS FROM `cmf_theme_file` [ RunTime:0.002857s ]
[2026-04-16T22:36:50+08:00][sql] SELECT `more`,`file`,`id` FROM `cmf_theme_file` WHERE  `theme` = 'simpleboot3'  AND (  `is_public` = 1 OR `file` = 'portal/index' ) ORDER BY `is_public` DESC [ RunTime:0.000952s ]
[2026-04-16T22:36:50+08:00][sql] SELECT `option_value` FROM `cmf_option` WHERE  `option_name` = 'storage' LIMIT 1 [ RunTime:0.000719s ]
[2026-04-16T22:37:17+08:00][sql] CONNECT:[ UseTime:0.001647s ] mysql:host=127.0.0.1;port=3306;dbname=weihua;charset=utf8mb4
[2026-04-16T22:37:17+08:00][sql] SHOW FULL COLUMNS FROM `cmf_option` [ RunTime:0.002918s ]
[2026-04-16T22:37:17+08:00][sql] SELECT `option_value` FROM `cmf_option` WHERE  `option_name` = 'cdn_settings' LIMIT 1 [ RunTime:0.000561s ]
[2026-04-16T22:37:17+08:00][sql] SELECT `option_value` FROM `cmf_option` WHERE  `option_name` = 'cdn_settings' LIMIT 1 [ RunTime:0.000230s ]
[2026-04-16T22:37:17+08:00][sql] SHOW FULL COLUMNS FROM `cmf_product_category` [ RunTime:0.001269s ]
[2026-04-16T22:37:17+08:00][sql] SELECT * FROM `cmf_product_category` WHERE  `parent_id` = 0 ORDER BY `list_order` ASC,`create_time` DESC [ RunTime:0.000527s ]
[2026-04-16T22:37:17+08:00][sql] SELECT * FROM `cmf_product_category` WHERE  `parent_id` IN (18,19,20,21,22,23,24,25,26,27) [ RunTime:0.000248s ]
[2026-04-16T22:37:17+08:00][sql] SHOW FULL COLUMNS FROM `cmf_portal_category` [ RunTime:0.001078s ]
[2026-04-16T22:37:17+08:00][sql] SELECT * FROM `cmf_portal_category` WHERE (  `type` = 8 ) AND `cmf_portal_category`.`delete_time` = '0' ORDER BY `list_order` ASC [ RunTime:0.000393s ]
[2026-04-16T22:37:17+08:00][sql] SHOW FULL COLUMNS FROM `cmf_slide_item` [ RunTime:0.001138s ]
[2026-04-16T22:37:17+08:00][sql] SELECT `title`,`image`,`content` FROM `cmf_slide_item` WHERE  `slide_id` = 1 ORDER BY `list_order` ASC [ RunTime:0.000388s ]
[2026-04-16T22:37:17+08:00][sql] SHOW FULL COLUMNS FROM `cmf_product` [ RunTime:0.001207s ]
[2026-04-16T22:37:17+08:00][sql] SELECT * FROM `cmf_product` WHERE  `is_recommended` = 1 ORDER BY `list_order` ASC LIMIT 8 [ RunTime:0.000417s ]
[2026-04-16T22:37:17+08:00][sql] SELECT `id`,`name` FROM `cmf_product_category` WHERE  `id` = 18 [ RunTime:0.000198s ]
[2026-04-16T22:37:17+08:00][sql] SHOW FULL COLUMNS FROM `cmf_portal_post` [ RunTime:0.001266s ]
[2026-04-16T22:37:17+08:00][sql] SELECT `p`.`id`,`p`.`post_title`,`p`.`post_excerpt`,`p`.`thumbnail`,`p`.`create_time`,`c`.`category_id` FROM `cmf_portal_post` `p` INNER JOIN `cmf_portal_category_post` `c` ON `p`.`id`=`c`.`post_id` WHERE (  `p`.`post_type` = '8' ) AND `p`.`delete_time` = '0' ORDER BY `c`.`list_order` ASC,`p`.`create_time` DESC LIMIT 4 [ RunTime:0.000462s ]
[2026-04-16T22:37:17+08:00][sql] SHOW FULL COLUMNS FROM `cmf_theme_file` [ RunTime:0.000951s ]
[2026-04-16T22:37:17+08:00][sql] SELECT `more`,`file`,`id` FROM `cmf_theme_file` WHERE  `theme` = 'simpleboot3'  AND (  `is_public` = 1 OR `file` = 'portal/index' ) ORDER BY `is_public` DESC [ RunTime:0.000383s ]
[2026-04-16T22:37:17+08:00][sql] SELECT `option_value` FROM `cmf_option` WHERE  `option_name` = 'storage' LIMIT 1 [ RunTime:0.000233s ]
[2026-04-16T22:37:23+08:00][sql] CONNECT:[ UseTime:0.001366s ] mysql:host=127.0.0.1;port=3306;dbname=weihua;charset=utf8mb4
[2026-04-16T22:37:23+08:00][sql] SHOW FULL COLUMNS FROM `cmf_option` [ RunTime:0.003500s ]
[2026-04-16T22:37:23+08:00][sql] SELECT `option_value` FROM `cmf_option` WHERE  `option_name` = 'cdn_settings' LIMIT 1 [ RunTime:0.000517s ]
[2026-04-16T22:37:23+08:00][sql] SELECT `option_value` FROM `cmf_option` WHERE  `option_name` = 'cdn_settings' LIMIT 1 [ RunTime:0.000212s ]
[2026-04-16T22:37:23+08:00][sql] SHOW FULL COLUMNS FROM `cmf_product_category` [ RunTime:0.001594s ]
[2026-04-16T22:37:23+08:00][sql] SELECT * FROM `cmf_product_category` WHERE  `parent_id` = 0 ORDER BY `list_order` ASC,`create_time` DESC [ RunTime:0.000611s ]
[2026-04-16T22:37:23+08:00][sql] SELECT * FROM `cmf_product_category` WHERE  `parent_id` IN (18,19,20,21,22,23,24,25,26,27) [ RunTime:0.000322s ]
[2026-04-16T22:37:23+08:00][sql] SHOW FULL COLUMNS FROM `cmf_portal_category` [ RunTime:0.001386s ]
[2026-04-16T22:37:23+08:00][sql] SELECT * FROM `cmf_portal_category` WHERE (  `type` = 8 ) AND `cmf_portal_category`.`delete_time` = '0' ORDER BY `list_order` ASC [ RunTime:0.000462s ]
[2026-04-16T22:37:23+08:00][sql] SHOW FULL COLUMNS FROM `cmf_product` [ RunTime:0.001770s ]
[2026-04-16T22:37:23+08:00][sql] SELECT * FROM `cmf_product` WHERE  `id` = 62 LIMIT 1 [ RunTime:0.000489s ]
[2026-04-16T22:37:23+08:00][sql] SELECT * FROM `cmf_product_category` WHERE  `id` = 18 LIMIT 1 [ RunTime:0.000260s ]
[2026-04-16T22:37:23+08:00][sql] SELECT `option_value` FROM `cmf_option` WHERE  `option_name` = 'product_setting' LIMIT 1 [ RunTime:0.000342s ]
[2026-04-16T22:37:23+08:00][sql] SELECT `id`,`title`,`industry`,`thumbnail` FROM `cmf_product` WHERE  `id` <> 62  AND `is_recommended` = 1  AND `category_id` = 18 ORDER BY RAND() LIMIT 4 [ RunTime:0.001660s ]
[2026-04-16T22:37:23+08:00][sql] SHOW FULL COLUMNS FROM `cmf_slide_item` [ RunTime:0.001543s ]
[2026-04-16T22:37:23+08:00][sql] SELECT `title`,`description`,`image` FROM `cmf_slide_item` WHERE  `slide_id` = 2 ORDER BY `list_order` ASC LIMIT 1 [ RunTime:0.000362s ]
[2026-04-16T22:37:23+08:00][sql] SHOW FULL COLUMNS FROM `cmf_theme_file` [ RunTime:0.001032s ]
[2026-04-16T22:37:23+08:00][sql] SELECT `more`,`file`,`id` FROM `cmf_theme_file` WHERE  `theme` = 'simpleboot3'  AND (  `is_public` = 1 OR `file` = 'portal/product-info' ) ORDER BY `is_public` DESC [ RunTime:0.000380s ]
[2026-04-16T22:37:23+08:00][sql] SELECT `option_value` FROM `cmf_option` WHERE  `option_name` = 'storage' LIMIT 1 [ RunTime:0.000589s ]
[2026-04-16T22:37:36+08:00][sql] CONNECT:[ UseTime:0.002380s ] mysql:host=127.0.0.1;port=3306;dbname=weihua;charset=utf8mb4
[2026-04-16T22:37:36+08:00][sql] SHOW FULL COLUMNS FROM `cmf_option` [ RunTime:0.003315s ]
[2026-04-16T22:37:36+08:00][sql] SELECT `option_value` FROM `cmf_option` WHERE  `option_name` = 'cdn_settings' LIMIT 1 [ RunTime:0.000646s ]
[2026-04-16T22:37:36+08:00][sql] SELECT `option_value` FROM `cmf_option` WHERE  `option_name` = 'cdn_settings' LIMIT 1 [ RunTime:0.000303s ]
[2026-04-16T22:37:36+08:00][sql] SHOW FULL COLUMNS FROM `cmf_product_category` [ RunTime:0.001466s ]
[2026-04-16T22:37:36+08:00][sql] SELECT * FROM `cmf_product_category` WHERE  `parent_id` = 0 ORDER BY `list_order` ASC,`create_time` DESC [ RunTime:0.000543s ]
[2026-04-16T22:37:36+08:00][sql] SELECT * FROM `cmf_product_category` WHERE  `parent_id` IN (18,19,20,21,22,23,24,25,26,27) [ RunTime:0.000349s ]
[2026-04-16T22:37:36+08:00][sql] SHOW FULL COLUMNS FROM `cmf_portal_category` [ RunTime:0.001336s ]
[2026-04-16T22:37:36+08:00][sql] SELECT * FROM `cmf_portal_category` WHERE (  `type` = 8 ) AND `cmf_portal_category`.`delete_time` = '0' ORDER BY `list_order` ASC [ RunTime:0.000522s ]
[2026-04-16T22:37:36+08:00][sql] SHOW FULL COLUMNS FROM `cmf_slide_item` [ RunTime:0.001736s ]
[2026-04-16T22:37:36+08:00][sql] SELECT `title`,`image`,`content` FROM `cmf_slide_item` WHERE  `slide_id` = 1 ORDER BY `list_order` ASC [ RunTime:0.001000s ]
[2026-04-16T22:37:36+08:00][sql] SHOW FULL COLUMNS FROM `cmf_product` [ RunTime:0.002617s ]
[2026-04-16T22:37:36+08:00][sql] SELECT * FROM `cmf_product` WHERE  `is_recommended` = 1 ORDER BY `list_order` ASC LIMIT 8 [ RunTime:0.000662s ]
[2026-04-16T22:37:36+08:00][sql] SELECT `id`,`name` FROM `cmf_product_category` WHERE  `id` = 18 [ RunTime:0.000236s ]
[2026-04-16T22:37:36+08:00][sql] SHOW FULL COLUMNS FROM `cmf_portal_post` [ RunTime:0.001596s ]
[2026-04-16T22:37:36+08:00][sql] SELECT `p`.`id`,`p`.`post_title`,`p`.`post_excerpt`,`p`.`thumbnail`,`p`.`create_time`,`c`.`category_id` FROM `cmf_portal_post` `p` INNER JOIN `cmf_portal_category_post` `c` ON `p`.`id`=`c`.`post_id` WHERE (  `p`.`post_type` = '8' ) AND `p`.`delete_time` = '0' ORDER BY `c`.`list_order` ASC,`p`.`create_time` DESC LIMIT 4 [ RunTime:0.000935s ]
[2026-04-16T22:37:36+08:00][sql] SHOW FULL COLUMNS FROM `cmf_theme_file` [ RunTime:0.001228s ]
[2026-04-16T22:37:36+08:00][sql] SELECT `more`,`file`,`id` FROM `cmf_theme_file` WHERE  `theme` = 'simpleboot3'  AND (  `is_public` = 1 OR `file` = 'portal/index' ) ORDER BY `is_public` DESC [ RunTime:0.000432s ]
[2026-04-16T22:37:36+08:00][sql] SELECT `option_value` FROM `cmf_option` WHERE  `option_name` = 'storage' LIMIT 1 [ RunTime:0.000950s ]
[2026-04-16T22:37:44+08:00][sql] CONNECT:[ UseTime:0.001765s ] mysql:host=127.0.0.1;port=3306;dbname=weihua;charset=utf8mb4
[2026-04-16T22:37:44+08:00][sql] SHOW FULL COLUMNS FROM `cmf_option` [ RunTime:0.003304s ]
[2026-04-16T22:37:44+08:00][sql] SELECT `option_value` FROM `cmf_option` WHERE  `option_name` = 'cdn_settings' LIMIT 1 [ RunTime:0.000304s ]
[2026-04-16T22:37:44+08:00][sql] SELECT `option_value` FROM `cmf_option` WHERE  `option_name` = 'cdn_settings' LIMIT 1 [ RunTime:0.000239s ]
[2026-04-16T22:37:44+08:00][sql] SHOW FULL COLUMNS FROM `cmf_product_category` [ RunTime:0.001308s ]
[2026-04-16T22:37:44+08:00][sql] SELECT * FROM `cmf_product_category` WHERE  `parent_id` = 0 ORDER BY `list_order` ASC,`create_time` DESC [ RunTime:0.000348s ]
[2026-04-16T22:37:44+08:00][sql] SELECT * FROM `cmf_product_category` WHERE  `parent_id` IN (18,19,20,21,22,23,24,25,26,27) [ RunTime:0.000279s ]
[2026-04-16T22:37:44+08:00][sql] SHOW FULL COLUMNS FROM `cmf_portal_category` [ RunTime:0.001268s ]
[2026-04-16T22:37:44+08:00][sql] SELECT * FROM `cmf_portal_category` WHERE (  `type` = 8 ) AND `cmf_portal_category`.`delete_time` = '0' ORDER BY `list_order` ASC [ RunTime:0.000342s ]
[2026-04-16T22:37:44+08:00][sql] SHOW FULL COLUMNS FROM `cmf_product` [ RunTime:0.001442s ]
[2026-04-16T22:37:44+08:00][sql] SELECT COUNT(*) AS think_count FROM `cmf_product` LIMIT 1 [ RunTime:0.000294s ]
[2026-04-16T22:37:44+08:00][sql] SELECT `id`,`category_id`,`title`,`thumbnail`,`industry` FROM `cmf_product` ORDER BY `list_order` ASC,`create_time` DESC LIMIT 0,12 [ RunTime:0.000243s ]
[2026-04-16T22:37:44+08:00][sql] SHOW FULL COLUMNS FROM `cmf_slide_item` [ RunTime:0.001433s ]
[2026-04-16T22:37:44+08:00][sql] SELECT `title`,`description`,`image` FROM `cmf_slide_item` WHERE  `slide_id` = 2 ORDER BY `list_order` ASC LIMIT 1 [ RunTime:0.000462s ]
[2026-04-16T22:37:44+08:00][sql] SHOW FULL COLUMNS FROM `cmf_theme_file` [ RunTime:0.001629s ]
[2026-04-16T22:37:44+08:00][sql] SELECT `more`,`file`,`id` FROM `cmf_theme_file` WHERE  `theme` = 'simpleboot3'  AND (  `is_public` = 1 OR `file` = 'portal/product' ) ORDER BY `is_public` DESC [ RunTime:0.000631s ]
[2026-04-16T22:37:44+08:00][sql] SELECT `option_value` FROM `cmf_option` WHERE  `option_name` = 'storage' LIMIT 1 [ RunTime:0.000705s ]
[2026-04-16T22:37:47+08:00][sql] CONNECT:[ UseTime:0.001807s ] mysql:host=127.0.0.1;port=3306;dbname=weihua;charset=utf8mb4
[2026-04-16T22:37:47+08:00][sql] SHOW FULL COLUMNS FROM `cmf_option` [ RunTime:0.002537s ]
[2026-04-16T22:37:47+08:00][sql] SELECT `option_value` FROM `cmf_option` WHERE  `option_name` = 'cdn_settings' LIMIT 1 [ RunTime:0.000575s ]
[2026-04-16T22:37:47+08:00][sql] SELECT `option_value` FROM `cmf_option` WHERE  `option_name` = 'cdn_settings' LIMIT 1 [ RunTime:0.000252s ]
[2026-04-16T22:37:47+08:00][sql] SHOW FULL COLUMNS FROM `cmf_product_category` [ RunTime:0.001305s ]
[2026-04-16T22:37:47+08:00][sql] SELECT * FROM `cmf_product_category` WHERE  `parent_id` = 0 ORDER BY `list_order` ASC,`create_time` DESC [ RunTime:0.000406s ]
[2026-04-16T22:37:47+08:00][sql] SELECT * FROM `cmf_product_category` WHERE  `parent_id` IN (18,19,20,21,22,23,24,25,26,27) [ RunTime:0.000349s ]
[2026-04-16T22:37:47+08:00][sql] SHOW FULL COLUMNS FROM `cmf_portal_category` [ RunTime:0.001438s ]
[2026-04-16T22:37:47+08:00][sql] SELECT * FROM `cmf_portal_category` WHERE (  `type` = 8 ) AND `cmf_portal_category`.`delete_time` = '0' ORDER BY `list_order` ASC [ RunTime:0.000689s ]
[2026-04-16T22:37:47+08:00][sql] SHOW FULL COLUMNS FROM `cmf_product` [ RunTime:0.001592s ]
[2026-04-16T22:37:47+08:00][sql] SELECT * FROM `cmf_product` WHERE  `id` = 62 LIMIT 1 [ RunTime:0.001002s ]
[2026-04-16T22:37:47+08:00][sql] SELECT * FROM `cmf_product_category` WHERE  `id` = 18 LIMIT 1 [ RunTime:0.000431s ]
[2026-04-16T22:37:47+08:00][sql] SELECT `id`,`title`,`industry`,`thumbnail` FROM `cmf_product` WHERE  `id` <> 62  AND `is_recommended` = 1  AND `category_id` = 18 ORDER BY RAND() LIMIT 4 [ RunTime:0.000490s ]
[2026-04-16T22:37:47+08:00][sql] SHOW FULL COLUMNS FROM `cmf_slide_item` [ RunTime:0.001045s ]
[2026-04-16T22:37:47+08:00][sql] SELECT `title`,`description`,`image` FROM `cmf_slide_item` WHERE  `slide_id` = 2 ORDER BY `list_order` ASC LIMIT 1 [ RunTime:0.000317s ]
[2026-04-16T22:37:47+08:00][sql] SHOW FULL COLUMNS FROM `cmf_theme_file` [ RunTime:0.000961s ]
[2026-04-16T22:37:47+08:00][sql] SELECT `more`,`file`,`id` FROM `cmf_theme_file` WHERE  `theme` = 'simpleboot3'  AND (  `is_public` = 1 OR `file` = 'portal/product-info' ) ORDER BY `is_public` DESC [ RunTime:0.000349s ]
[2026-04-16T22:37:47+08:00][sql] SELECT `option_value` FROM `cmf_option` WHERE  `option_name` = 'storage' LIMIT 1 [ RunTime:0.000298s ]
[2026-04-16T22:38:13+08:00][sql] CONNECT:[ UseTime:0.001364s ] mysql:host=127.0.0.1;port=3306;dbname=weihua;charset=utf8mb4
[2026-04-16T22:38:13+08:00][sql] SHOW FULL COLUMNS FROM `cmf_hook` [ RunTime:0.002583s ]
[2026-04-16T22:38:13+08:00][sql] SELECT `hook` FROM `cmf_hook` WHERE  `app` = 'admin' [ RunTime:0.000599s ]
[2026-04-16T22:38:13+08:00][sql] SHOW FULL COLUMNS FROM `cmf_hook_plugin` [ RunTime:0.001127s ]
[2026-04-16T22:38:13+08:00][sql] SELECT `hook`,`plugin` FROM `cmf_hook_plugin` WHERE  `status` = 1  AND `hook` IN ('admin_dashboard','admin_login','admin_theme_design_view','admin_setting_site_view','admin_setting_clear_cache_view','admin_nav_index_view','admin_link_index_view','admin_slide_index_view','admin_user_index_view','admin_rbac_index_view','admin_index_index_view','admin_recycle_bin_index_view','admin_menu_index_view','admin_custom_login_open','admin_slide_item_index_view','admin_slide_item_add_view','admin_slide_item_edit_view','admin_user_add_view','admin_user_edit_view','admin_rbac_role_add_view','admin_rbac_role_edit_view','admin_rbac_authorize_view','admin_api_import_view') ORDER BY `list_order` ASC [ RunTime:0.000485s ]
[2026-04-16T22:38:13+08:00][sql] SHOW FULL COLUMNS FROM `cmf_option` [ RunTime:0.001372s ]
[2026-04-16T22:38:13+08:00][sql] SELECT `option_value` FROM `cmf_option` WHERE  `option_name` = 'cdn_settings' LIMIT 1 [ RunTime:0.000280s ]
[2026-04-16T22:38:15+08:00][sql] CONNECT:[ UseTime:0.001394s ] mysql:host=127.0.0.1;port=3306;dbname=weihua;charset=utf8mb4
[2026-04-16T22:38:15+08:00][sql] SHOW FULL COLUMNS FROM `cmf_option` [ RunTime:0.003586s ]
[2026-04-16T22:38:15+08:00][sql] SELECT `option_value` FROM `cmf_option` WHERE  `option_name` = 'cdn_settings' LIMIT 1 [ RunTime:0.000533s ]
[2026-04-16T22:38:15+08:00][sql] SELECT `option_value` FROM `cmf_option` WHERE  `option_name` = 'cdn_settings' LIMIT 1 [ RunTime:0.000349s ]
[2026-04-16T22:38:15+08:00][sql] SHOW FULL COLUMNS FROM `cmf_product_category` [ RunTime:0.001778s ]
[2026-04-16T22:38:15+08:00][sql] SELECT * FROM `cmf_product_category` WHERE  `parent_id` = 0 ORDER BY `list_order` ASC,`create_time` DESC [ RunTime:0.000512s ]
[2026-04-16T22:38:15+08:00][sql] SELECT * FROM `cmf_product_category` WHERE  `parent_id` IN (18,19,20,21,22,23,24,25,26,27) [ RunTime:0.000269s ]
[2026-04-16T22:38:15+08:00][sql] SHOW FULL COLUMNS FROM `cmf_portal_category` [ RunTime:0.001507s ]
[2026-04-16T22:38:15+08:00][sql] SELECT * FROM `cmf_portal_category` WHERE (  `type` = 8 ) AND `cmf_portal_category`.`delete_time` = '0' ORDER BY `list_order` ASC [ RunTime:0.000787s ]
[2026-04-16T22:38:15+08:00][sql] SHOW FULL COLUMNS FROM `cmf_slide_item` [ RunTime:0.001297s ]
[2026-04-16T22:38:15+08:00][sql] SELECT `title`,`image`,`content` FROM `cmf_slide_item` WHERE  `slide_id` = 1 ORDER BY `list_order` ASC [ RunTime:0.000397s ]
[2026-04-16T22:38:15+08:00][sql] SHOW FULL COLUMNS FROM `cmf_product` [ RunTime:0.001193s ]
[2026-04-16T22:38:15+08:00][sql] SELECT * FROM `cmf_product` WHERE  `is_recommended` = 1 ORDER BY `list_order` ASC LIMIT 8 [ RunTime:0.000410s ]
[2026-04-16T22:38:15+08:00][sql] SELECT `id`,`name` FROM `cmf_product_category` WHERE  `id` = 18 [ RunTime:0.000204s ]
[2026-04-16T22:38:15+08:00][sql] SHOW FULL COLUMNS FROM `cmf_portal_post` [ RunTime:0.001370s ]
[2026-04-16T22:38:15+08:00][sql] SELECT `p`.`id`,`p`.`post_title`,`p`.`post_excerpt`,`p`.`thumbnail`,`p`.`create_time`,`c`.`category_id` FROM `cmf_portal_post` `p` INNER JOIN `cmf_portal_category_post` `c` ON `p`.`id`=`c`.`post_id` WHERE (  `p`.`post_type` = '8' ) AND `p`.`delete_time` = '0' ORDER BY `c`.`list_order` ASC,`p`.`create_time` DESC LIMIT 4 [ RunTime:0.001022s ]
[2026-04-16T22:38:15+08:00][sql] SHOW FULL COLUMNS FROM `cmf_theme_file` [ RunTime:0.001252s ]
[2026-04-16T22:38:15+08:00][sql] SELECT `more`,`file`,`id` FROM `cmf_theme_file` WHERE  `theme` = 'simpleboot3'  AND (  `is_public` = 1 OR `file` = 'portal/index' ) ORDER BY `is_public` DESC [ RunTime:0.000398s ]
[2026-04-16T22:38:15+08:00][sql] SELECT `option_value` FROM `cmf_option` WHERE  `option_name` = 'storage' LIMIT 1 [ RunTime:0.000556s ]
[2026-04-16T22:38:19+08:00][sql] CONNECT:[ UseTime:0.001830s ] mysql:host=127.0.0.1;port=3306;dbname=weihua;charset=utf8mb4
[2026-04-16T22:38:19+08:00][sql] SHOW FULL COLUMNS FROM `cmf_option` [ RunTime:0.002234s ]
[2026-04-16T22:38:19+08:00][sql] SELECT `option_value` FROM `cmf_option` WHERE  `option_name` = 'cdn_settings' LIMIT 1 [ RunTime:0.000316s ]
[2026-04-16T22:38:19+08:00][sql] SELECT `option_value` FROM `cmf_option` WHERE  `option_name` = 'admin_settings' LIMIT 1 [ RunTime:0.000237s ]
[2026-04-16T22:38:19+08:00][sql] CONNECT:[ UseTime:0.001197s ] mysql:host=127.0.0.1;port=3306;dbname=weihua;charset=utf8mb4
[2026-04-16T22:38:19+08:00][sql] SHOW FULL COLUMNS FROM `cmf_option` [ RunTime:0.003531s ]
[2026-04-16T22:38:19+08:00][sql] SELECT `option_value` FROM `cmf_option` WHERE  `option_name` = 'cdn_settings' LIMIT 1 [ RunTime:0.000690s ]
[2026-04-16T22:38:25+08:00][sql] CONNECT:[ UseTime:0.001263s ] mysql:host=127.0.0.1;port=3306;dbname=weihua;charset=utf8mb4
[2026-04-16T22:38:25+08:00][sql] SHOW FULL COLUMNS FROM `cmf_option` [ RunTime:0.002503s ]
[2026-04-16T22:38:25+08:00][sql] SELECT `option_value` FROM `cmf_option` WHERE  `option_name` = 'cdn_settings' LIMIT 1 [ RunTime:0.000621s ]
[2026-04-16T22:38:30+08:00][sql] CONNECT:[ UseTime:0.001109s ] mysql:host=127.0.0.1;port=3306;dbname=weihua;charset=utf8mb4
[2026-04-16T22:38:30+08:00][sql] SHOW FULL COLUMNS FROM `cmf_option` [ RunTime:0.003234s ]
[2026-04-16T22:38:30+08:00][sql] SELECT `option_value` FROM `cmf_option` WHERE  `option_name` = 'cdn_settings' LIMIT 1 [ RunTime:0.000654s ]
[2026-04-16T22:38:30+08:00][sql] SHOW FULL COLUMNS FROM `cmf_user` [ RunTime:0.004145s ]
[2026-04-16T22:38:30+08:00][sql] SELECT * FROM `cmf_user` WHERE  `user_login` = 'admin' LIMIT 1 [ RunTime:0.002771s ]
[2026-04-16T22:38:30+08:00][sql] SHOW FULL COLUMNS FROM `cmf_role_user` [ RunTime:0.011186s ]
[2026-04-16T22:38:30+08:00][sql] SELECT `role_id` FROM `cmf_role_user` `a` INNER JOIN `cmf_role` `b` ON `a`.`role_id`=`b`.`id` WHERE  `user_id` = 1  AND `status` = '1' LIMIT 1 [ RunTime:0.005925s ]
[2026-04-16T22:38:30+08:00][sql] SHOW FULL COLUMNS FROM `cmf_user_token` [ RunTime:0.002524s ]
[2026-04-16T22:38:30+08:00][sql] SELECT * FROM `cmf_user_token` WHERE  `user_id` = 1  AND `device_type` = 'web' LIMIT 1 [ RunTime:0.000903s ]
[2026-04-16T22:38:30+08:00][sql] UPDATE `cmf_user`  SET `last_login_ip` = '127.0.0.1' , `last_login_time` = 1776350310  WHERE  `id` = 1 [ RunTime:0.009151s ]
[2026-04-16T22:38:32+08:00][sql] CONNECT:[ UseTime:0.001125s ] mysql:host=127.0.0.1;port=3306;dbname=weihua;charset=utf8mb4
[2026-04-16T22:38:32+08:00][sql] SHOW FULL COLUMNS FROM `cmf_option` [ RunTime:0.002610s ]
[2026-04-16T22:38:32+08:00][sql] SELECT `option_value` FROM `cmf_option` WHERE  `option_name` = 'cdn_settings' LIMIT 1 [ RunTime:0.000442s ]
[2026-04-16T22:38:32+08:00][sql] SHOW FULL COLUMNS FROM `cmf_user` [ RunTime:0.001851s ]
[2026-04-16T22:38:32+08:00][sql] SELECT * FROM `cmf_user` WHERE  `id` = 1 LIMIT 1 [ RunTime:0.000725s ]
[2026-04-16T22:38:32+08:00][sql] SHOW FULL COLUMNS FROM `cmf_admin_menu` [ RunTime:0.001831s ]
[2026-04-16T22:38:32+08:00][sql] SELECT * FROM `cmf_admin_menu` WHERE  `parent_id` = 0  AND `status` = 1 ORDER BY `list_order` ASC [ RunTime:0.001529s ]
[2026-04-16T22:38:32+08:00][sql] SELECT * FROM `cmf_admin_menu` WHERE  `parent_id` = 71  AND `status` = 1 ORDER BY `list_order` ASC [ RunTime:0.000420s ]
[2026-04-16T22:38:32+08:00][sql] SELECT * FROM `cmf_admin_menu` WHERE  `parent_id` = 78  AND `status` = 1 ORDER BY `list_order` ASC [ RunTime:0.000332s ]
[2026-04-16T22:38:32+08:00][sql] SELECT * FROM `cmf_admin_menu` WHERE  `parent_id` = 213  AND `status` = 1 ORDER BY `list_order` ASC [ RunTime:0.000322s ]
[2026-04-16T22:38:32+08:00][sql] SELECT * FROM `cmf_admin_menu` WHERE  `parent_id` = 214  AND `status` = 1 ORDER BY `list_order` ASC [ RunTime:0.000318s ]
[2026-04-16T22:38:32+08:00][sql] SELECT * FROM `cmf_admin_menu` WHERE  `parent_id` = 215  AND `status` = 1 ORDER BY `list_order` ASC [ RunTime:0.000253s ]
[2026-04-16T22:38:32+08:00][sql] SELECT * FROM `cmf_admin_menu` WHERE  `parent_id` = 217  AND `status` = 1 ORDER BY `list_order` ASC [ RunTime:0.000466s ]
[2026-04-16T22:38:32+08:00][sql] SELECT * FROM `cmf_admin_menu` WHERE  `parent_id` = 219  AND `status` = 1 ORDER BY `list_order` ASC [ RunTime:0.000299s ]
[2026-04-16T22:38:32+08:00][sql] SELECT * FROM `cmf_admin_menu` WHERE  `parent_id` = 220  AND `status` = 1 ORDER BY `list_order` ASC [ RunTime:0.000225s ]
[2026-04-16T22:38:32+08:00][sql] SELECT * FROM `cmf_admin_menu` WHERE  `parent_id` = 225  AND `status` = 1 ORDER BY `list_order` ASC [ RunTime:0.000241s ]
[2026-04-16T22:38:32+08:00][sql] SELECT * FROM `cmf_admin_menu` WHERE  `parent_id` = 221  AND `status` = 1 ORDER BY `list_order` ASC [ RunTime:0.000246s ]
[2026-04-16T22:38:32+08:00][sql] SELECT * FROM `cmf_admin_menu` WHERE  `parent_id` = 222  AND `status` = 1 ORDER BY `list_order` ASC [ RunTime:0.000238s ]
[2026-04-16T22:38:32+08:00][sql] SELECT * FROM `cmf_admin_menu` WHERE  `parent_id` = 223  AND `status` = 1 ORDER BY `list_order` ASC [ RunTime:0.000252s ]
[2026-04-16T22:38:32+08:00][sql] SELECT * FROM `cmf_admin_menu` WHERE  `parent_id` = 224  AND `status` = 1 ORDER BY `list_order` ASC [ RunTime:0.000207s ]
[2026-04-16T22:38:32+08:00][sql] SELECT * FROM `cmf_admin_menu` WHERE  `parent_id` = 226  AND `status` = 1 ORDER BY `list_order` ASC [ RunTime:0.000221s ]
[2026-04-16T22:38:32+08:00][sql] SELECT * FROM `cmf_admin_menu` WHERE  `parent_id` = 227  AND `status` = 1 ORDER BY `list_order` ASC [ RunTime:0.000237s ]
[2026-04-16T22:38:32+08:00][sql] SELECT * FROM `cmf_admin_menu` ORDER BY `app` ASC,`controller` ASC,`action` ASC [ RunTime:0.000745s ]
[2026-04-16T22:38:32+08:00][sql] CONNECT:[ UseTime:0.000577s ] mysql:host=127.0.0.1;port=3306;dbname=weihua;charset=utf8mb4
[2026-04-16T22:38:32+08:00][sql] SHOW FULL COLUMNS FROM `cmf_option` [ RunTime:0.001386s ]
[2026-04-16T22:38:32+08:00][sql] SELECT `option_value` FROM `cmf_option` WHERE  `option_name` = 'cdn_settings' LIMIT 1 [ RunTime:0.000264s ]
[2026-04-16T22:38:32+08:00][sql] SHOW FULL COLUMNS FROM `cmf_user` [ RunTime:0.001046s ]
[2026-04-16T22:38:32+08:00][sql] SELECT * FROM `cmf_user` WHERE  `id` = 1 LIMIT 1 [ RunTime:0.000329s ]
[2026-04-16T22:38:32+08:00][sql] SELECT `option_value` FROM `cmf_option` WHERE  `option_name` = 'cdn_settings' LIMIT 1 [ RunTime:0.000332s ]
[2026-04-16T22:38:32+08:00][sql] SELECT `option_value` FROM `cmf_option` WHERE  `option_name` = 'cmf_settings' LIMIT 1 [ RunTime:0.000177s ]
[2026-04-16T22:38:32+08:00][sql] SELECT `option_value` FROM `cmf_option` WHERE  `option_name` = 'storage' LIMIT 1 [ RunTime:0.000423s ]
[2026-04-16T22:38:37+08:00][sql] CONNECT:[ UseTime:0.012546s ] mysql:host=127.0.0.1;port=3306;dbname=weihua;charset=utf8mb4
[2026-04-16T22:38:37+08:00][sql] SHOW FULL COLUMNS FROM `cmf_option` [ RunTime:0.003779s ]
[2026-04-16T22:38:37+08:00][sql] SELECT `option_value` FROM `cmf_option` WHERE  `option_name` = 'cdn_settings' LIMIT 1 [ RunTime:0.000597s ]
[2026-04-16T22:38:37+08:00][sql] SHOW FULL COLUMNS FROM `cmf_user` [ RunTime:0.003089s ]
[2026-04-16T22:38:37+08:00][sql] SELECT * FROM `cmf_user` WHERE  `id` = 1 LIMIT 1 [ RunTime:0.000956s ]
[2026-04-16T22:38:37+08:00][sql] SHOW FULL COLUMNS FROM `cmf_product` [ RunTime:0.002853s ]
[2026-04-16T22:38:37+08:00][sql] SELECT COUNT(*) AS think_count FROM `cmf_product` LIMIT 1 [ RunTime:0.000683s ]
[2026-04-16T22:38:37+08:00][sql] SELECT * FROM `cmf_product` ORDER BY `list_order` ASC,`id` DESC LIMIT 0,10 [ RunTime:0.000641s ]
[2026-04-16T22:38:37+08:00][sql] SHOW FULL COLUMNS FROM `cmf_product_category` [ RunTime:0.002348s ]
[2026-04-16T22:38:37+08:00][sql] SELECT `id`,`name` FROM `cmf_product_category` WHERE  `id` = 18 [ RunTime:0.000574s ]
[2026-04-16T22:38:37+08:00][sql] SELECT * FROM `cmf_product_category` [ RunTime:0.000487s ]
[2026-04-16T22:38:37+08:00][sql] SELECT `option_value` FROM `cmf_option` WHERE  `option_name` = 'storage' LIMIT 1 [ RunTime:0.000654s ]
[2026-04-16T22:38:39+08:00][sql] CONNECT:[ UseTime:0.001319s ] mysql:host=127.0.0.1;port=3306;dbname=weihua;charset=utf8mb4
[2026-04-16T22:38:39+08:00][sql] SHOW FULL COLUMNS FROM `cmf_option` [ RunTime:0.003114s ]
[2026-04-16T22:38:39+08:00][sql] SELECT `option_value` FROM `cmf_option` WHERE  `option_name` = 'cdn_settings' LIMIT 1 [ RunTime:0.000516s ]
[2026-04-16T22:38:39+08:00][sql] SHOW FULL COLUMNS FROM `cmf_user` [ RunTime:0.001548s ]
[2026-04-16T22:38:39+08:00][sql] SELECT * FROM `cmf_user` WHERE  `id` = 1 LIMIT 1 [ RunTime:0.000501s ]
[2026-04-16T22:38:39+08:00][sql] SHOW FULL COLUMNS FROM `cmf_product` [ RunTime:0.001353s ]
[2026-04-16T22:38:39+08:00][sql] SELECT * FROM `cmf_product` WHERE  `id` = 62 LIMIT 1 [ RunTime:0.000550s ]
[2026-04-16T22:38:39+08:00][sql] SHOW FULL COLUMNS FROM `cmf_product_category` [ RunTime:0.002276s ]
[2026-04-16T22:38:39+08:00][sql] SELECT * FROM `cmf_product_category` ORDER BY `list_order` ASC [ RunTime:0.000637s ]
[2026-04-16T22:38:39+08:00][sql] SELECT `option_value` FROM `cmf_option` WHERE  `option_name` = 'storage' LIMIT 1 [ RunTime:0.000429s ]
[2026-04-16T22:38:39+08:00][sql] CONNECT:[ UseTime:0.000627s ] mysql:host=127.0.0.1;port=3306;dbname=weihua;charset=utf8mb4
[2026-04-16T22:38:39+08:00][sql] SHOW FULL COLUMNS FROM `cmf_hook` [ RunTime:0.001636s ]
[2026-04-16T22:38:39+08:00][sql] SELECT `hook` FROM `cmf_hook` WHERE  `app` = 'user' [ RunTime:0.000283s ]
[2026-04-16T22:38:39+08:00][sql] SHOW FULL COLUMNS FROM `cmf_hook_plugin` [ RunTime:0.000867s ]
[2026-04-16T22:38:39+08:00][sql] SELECT `hook`,`plugin` FROM `cmf_hook_plugin` WHERE  `status` = 1  AND `hook` IN ('fetch_upload_view','user_admin_index_view','user_admin_asset_index_view','user_admin_oauth_index_view','check_third_party_captcha','user_login_start') ORDER BY `list_order` ASC [ RunTime:0.000279s ]
[2026-04-16T22:38:39+08:00][sql] SHOW FULL COLUMNS FROM `cmf_option` [ RunTime:0.004330s ]
[2026-04-16T22:38:39+08:00][sql] SELECT `option_value` FROM `cmf_option` WHERE  `option_name` = 'cdn_settings' LIMIT 1 [ RunTime:0.000390s ]
[2026-04-16T22:38:39+08:00][sql] SELECT `option_value` FROM `cmf_option` WHERE  `option_name` = 'cdn_settings' LIMIT 1 [ RunTime:0.000265s ]
[2026-04-16T22:38:39+08:00][sql] SELECT `option_value` FROM `cmf_option` WHERE  `option_name` = 'upload_setting' LIMIT 1 [ RunTime:0.000198s ]
[2026-04-16T22:38:39+08:00][sql] CONNECT:[ UseTime:0.000625s ] mysql:host=127.0.0.1;port=3306;dbname=weihua;charset=utf8mb4
[2026-04-16T22:38:39+08:00][sql] SHOW FULL COLUMNS FROM `cmf_hook` [ RunTime:0.001636s ]
[2026-04-16T22:38:39+08:00][sql] SELECT `hook` FROM `cmf_hook` WHERE  `app` = 'user' [ RunTime:0.000286s ]
[2026-04-16T22:38:39+08:00][sql] SHOW FULL COLUMNS FROM `cmf_hook_plugin` [ RunTime:0.000867s ]
[2026-04-16T22:38:39+08:00][sql] SELECT `hook`,`plugin` FROM `cmf_hook_plugin` WHERE  `status` = 1  AND `hook` IN ('fetch_upload_view','user_admin_index_view','user_admin_asset_index_view','user_admin_oauth_index_view','check_third_party_captcha','user_login_start') ORDER BY `list_order` ASC [ RunTime:0.000277s ]
[2026-04-16T22:38:39+08:00][sql] SHOW FULL COLUMNS FROM `cmf_option` [ RunTime:0.004331s ]
[2026-04-16T22:38:39+08:00][sql] SELECT `option_value` FROM `cmf_option` WHERE  `option_name` = 'cdn_settings' LIMIT 1 [ RunTime:0.000390s ]
[2026-04-16T22:38:39+08:00][sql] SELECT `option_value` FROM `cmf_option` WHERE  `option_name` = 'cdn_settings' LIMIT 1 [ RunTime:0.000268s ]
[2026-04-16T22:38:39+08:00][sql] SELECT `option_value` FROM `cmf_option` WHERE  `option_name` = 'upload_setting' LIMIT 1 [ RunTime:0.000237s ]
[2026-04-16T22:39:17+08:00][sql] CONNECT:[ UseTime:0.001610s ] mysql:host=127.0.0.1;port=3306;dbname=weihua;charset=utf8mb4
[2026-04-16T22:39:17+08:00][sql] SHOW FULL COLUMNS FROM `cmf_option` [ RunTime:0.017049s ]
[2026-04-16T22:39:17+08:00][sql] SELECT `option_value` FROM `cmf_option` WHERE  `option_name` = 'cdn_settings' LIMIT 1 [ RunTime:0.000524s ]
[2026-04-16T22:39:17+08:00][sql] SELECT `option_value` FROM `cmf_option` WHERE  `option_name` = 'storage' LIMIT 1 [ RunTime:0.000456s ]
[2026-04-16T22:39:23+08:00][sql] CONNECT:[ UseTime:0.000848s ] mysql:host=127.0.0.1;port=3306;dbname=weihua;charset=utf8mb4
[2026-04-16T22:39:23+08:00][sql] SHOW FULL COLUMNS FROM `cmf_option` [ RunTime:0.001903s ]
[2026-04-16T22:39:23+08:00][sql] SELECT `option_value` FROM `cmf_option` WHERE  `option_name` = 'cdn_settings' LIMIT 1 [ RunTime:0.000398s ]
[2026-04-16T22:39:23+08:00][sql] SELECT * FROM `cmf_option` WHERE  `option_name` = 'cmf_settings' LIMIT 1 [ RunTime:0.000741s ]
[2026-04-16T22:39:23+08:00][sql] SHOW FULL COLUMNS FROM `cmf_asset` [ RunTime:0.003370s ]
[2026-04-16T22:39:23+08:00][sql] SELECT * FROM `cmf_asset` WHERE  `user_id` = 1  AND `file_key` = 'ae4d63bfe5680ea96ccee46080fde9c9c7842aadd572cc6dcb053b2149409943' LIMIT 1 [ RunTime:0.002239s ]
[2026-04-16T22:39:23+08:00][sql] SELECT `option_value` FROM `cmf_option` WHERE  `option_name` = 'storage' LIMIT 1 [ RunTime:0.000292s ]
[2026-04-16T22:39:23+08:00][sql] INSERT INTO `cmf_asset` SET `user_id` = 1 , `file_size` = 1085 , `create_time` = 1776350363 , `file_md5` = 'ae4d63bfe5680ea96ccee46080fde9c9' , `file_sha1` = '09b84e63b017ca556a20264073b27c7c55e0ae88' , `file_key` = 'ae4d63bfe5680ea96ccee46080fde9c9c7842aadd572cc6dcb053b2149409943' , `filename` = '64c9b433b999588924fb5befa6c333b9.png' , `file_path` = 'portal/20260416/f333942517ca06def1eac91d681a9bf7.png' , `suffix` = 'png' [ RunTime:0.000936s ]
[2026-04-16T22:39:25+08:00][sql] CONNECT:[ UseTime:0.001489s ] mysql:host=127.0.0.1;port=3306;dbname=weihua;charset=utf8mb4
[2026-04-16T22:39:25+08:00][sql] SHOW FULL COLUMNS FROM `cmf_option` [ RunTime:0.002746s ]
[2026-04-16T22:39:25+08:00][sql] SELECT `option_value` FROM `cmf_option` WHERE  `option_name` = 'cdn_settings' LIMIT 1 [ RunTime:0.000401s ]
[2026-04-16T22:39:25+08:00][sql] SHOW FULL COLUMNS FROM `cmf_user` [ RunTime:0.001753s ]
[2026-04-16T22:39:25+08:00][sql] SELECT * FROM `cmf_user` WHERE  `id` = 1 LIMIT 1 [ RunTime:0.000729s ]
[2026-04-16T22:39:25+08:00][sql] SHOW FULL COLUMNS FROM `cmf_product_category` [ RunTime:0.001371s ]
[2026-04-16T22:39:25+08:00][sql] SELECT * FROM `cmf_product_category` WHERE  `id` = 18 LIMIT 1 [ RunTime:0.000438s ]
[2026-04-16T22:39:25+08:00][sql] SHOW FULL COLUMNS FROM `cmf_product` [ RunTime:0.001868s ]
[2026-04-16T22:39:25+08:00][sql] SELECT * FROM `cmf_product` WHERE  `id` = 62 LIMIT 1 [ RunTime:0.000759s ]
[2026-04-16T22:39:25+08:00][sql] SELECT `option_value` FROM `cmf_option` WHERE  `option_name` = 'storage' LIMIT 1 [ RunTime:0.000306s ]
[2026-04-16T22:39:25+08:00][sql] UPDATE `cmf_product`  SET `certificate` = '[{\"url\":\"portal\\/20260416\\/f333942517ca06def1eac91d681a9bf7.png\",\"name\":\"\"}]' , `update_time` = 1776350365  WHERE  `id` = 62 [ RunTime:0.001145s ]
[2026-04-16T22:39:25+08:00][sql] SHOW FULL COLUMNS FROM `cmf_route` [ RunTime:0.001180s ]
[2026-04-16T22:39:25+08:00][sql] SELECT * FROM `cmf_route` WHERE  `full_url` = 'portal/index/product_info?id=62' LIMIT 1 [ RunTime:0.000444s ]
[2026-04-16T22:39:25+08:00][sql] UPDATE `cmf_route`  SET `url` = 'BeamSpreaderBridgeCraneQC' , `list_order` = '2' , `type` = 2  WHERE  `id` = 88 [ RunTime:0.000239s ]
[2026-04-16T22:39:25+08:00][sql] SELECT * FROM `cmf_route` WHERE  `status` = 1 ORDER BY `list_order` ASC [ RunTime:0.000249s ]
[2026-04-16T22:39:27+08:00][sql] CONNECT:[ UseTime:0.001057s ] mysql:host=127.0.0.1;port=3306;dbname=weihua;charset=utf8mb4
[2026-04-16T22:39:27+08:00][sql] SHOW FULL COLUMNS FROM `cmf_option` [ RunTime:0.002219s ]
[2026-04-16T22:39:27+08:00][sql] SELECT `option_value` FROM `cmf_option` WHERE  `option_name` = 'cdn_settings' LIMIT 1 [ RunTime:0.000433s ]
[2026-04-16T22:39:27+08:00][sql] SHOW FULL COLUMNS FROM `cmf_user` [ RunTime:0.001494s ]
[2026-04-16T22:39:27+08:00][sql] SELECT * FROM `cmf_user` WHERE  `id` = 1 LIMIT 1 [ RunTime:0.000505s ]
[2026-04-16T22:39:27+08:00][sql] SHOW FULL COLUMNS FROM `cmf_product` [ RunTime:0.001370s ]
[2026-04-16T22:39:27+08:00][sql] SELECT * FROM `cmf_product` WHERE  `id` = 62 LIMIT 1 [ RunTime:0.000418s ]
[2026-04-16T22:39:27+08:00][sql] SHOW FULL COLUMNS FROM `cmf_product_category` [ RunTime:0.000951s ]
[2026-04-16T22:39:27+08:00][sql] SELECT * FROM `cmf_product_category` ORDER BY `list_order` ASC [ RunTime:0.000299s ]
[2026-04-16T22:39:27+08:00][sql] SELECT `option_value` FROM `cmf_option` WHERE  `option_name` = 'storage' LIMIT 1 [ RunTime:0.000362s ]
[2026-04-16T22:39:27+08:00][sql] CONNECT:[ UseTime:0.001355s ] mysql:host=127.0.0.1;port=3306;dbname=weihua;charset=utf8mb4
[2026-04-16T22:39:27+08:00][sql] SHOW FULL COLUMNS FROM `cmf_option` [ RunTime:0.003205s ]
[2026-04-16T22:39:27+08:00][sql] SELECT `option_value` FROM `cmf_option` WHERE  `option_name` = 'cdn_settings' LIMIT 1 [ RunTime:0.000385s ]
[2026-04-16T22:39:27+08:00][sql] SELECT `option_value` FROM `cmf_option` WHERE  `option_name` = 'cdn_settings' LIMIT 1 [ RunTime:0.000203s ]
[2026-04-16T22:39:27+08:00][sql] CONNECT:[ UseTime:0.000914s ] mysql:host=127.0.0.1;port=3306;dbname=weihua;charset=utf8mb4
[2026-04-16T22:39:27+08:00][sql] SHOW FULL COLUMNS FROM `cmf_option` [ RunTime:0.001694s ]
[2026-04-16T22:39:27+08:00][sql] SELECT `option_value` FROM `cmf_option` WHERE  `option_name` = 'cdn_settings' LIMIT 1 [ RunTime:0.000337s ]
[2026-04-16T22:39:27+08:00][sql] SELECT `option_value` FROM `cmf_option` WHERE  `option_name` = 'cdn_settings' LIMIT 1 [ RunTime:0.000276s ]
[2026-04-16T22:39:28+08:00][sql] CONNECT:[ UseTime:0.001086s ] mysql:host=127.0.0.1;port=3306;dbname=weihua;charset=utf8mb4
[2026-04-16T22:39:28+08:00][sql] SHOW FULL COLUMNS FROM `cmf_option` [ RunTime:0.002929s ]
[2026-04-16T22:39:28+08:00][sql] SELECT `option_value` FROM `cmf_option` WHERE  `option_name` = 'cdn_settings' LIMIT 1 [ RunTime:0.000580s ]
[2026-04-16T22:39:28+08:00][sql] SELECT `option_value` FROM `cmf_option` WHERE  `option_name` = 'cdn_settings' LIMIT 1 [ RunTime:0.000403s ]
[2026-04-16T22:39:28+08:00][sql] SHOW FULL COLUMNS FROM `cmf_product_category` [ RunTime:0.002536s ]
[2026-04-16T22:39:28+08:00][sql] SELECT * FROM `cmf_product_category` WHERE  `parent_id` = 0 ORDER BY `list_order` ASC,`create_time` DESC [ RunTime:0.000678s ]
[2026-04-16T22:39:28+08:00][sql] SELECT * FROM `cmf_product_category` WHERE  `parent_id` IN (18,19,20,21,22,23,24,25,26,27) [ RunTime:0.000358s ]
[2026-04-16T22:39:28+08:00][sql] SHOW FULL COLUMNS FROM `cmf_portal_category` [ RunTime:0.001406s ]
[2026-04-16T22:39:28+08:00][sql] SELECT * FROM `cmf_portal_category` WHERE (  `type` = 8 ) AND `cmf_portal_category`.`delete_time` = '0' ORDER BY `list_order` ASC [ RunTime:0.000607s ]
[2026-04-16T22:39:28+08:00][sql] SHOW FULL COLUMNS FROM `cmf_product` [ RunTime:0.002316s ]
[2026-04-16T22:39:28+08:00][sql] SELECT * FROM `cmf_product` WHERE  `id` = 62 LIMIT 1 [ RunTime:0.000732s ]
[2026-04-16T22:39:28+08:00][sql] SELECT * FROM `cmf_product_category` WHERE  `id` = 18 LIMIT 1 [ RunTime:0.000878s ]
[2026-04-16T22:39:28+08:00][sql] SELECT `id`,`title`,`industry`,`thumbnail` FROM `cmf_product` WHERE  `id` <> 62  AND `is_recommended` = 1  AND `category_id` = 18 ORDER BY RAND() LIMIT 4 [ RunTime:0.000616s ]
[2026-04-16T22:39:28+08:00][sql] SHOW FULL COLUMNS FROM `cmf_slide_item` [ RunTime:0.001545s ]
[2026-04-16T22:39:28+08:00][sql] SELECT `title`,`description`,`image` FROM `cmf_slide_item` WHERE  `slide_id` = 2 ORDER BY `list_order` ASC LIMIT 1 [ RunTime:0.000570s ]
[2026-04-16T22:39:28+08:00][sql] SHOW FULL COLUMNS FROM `cmf_theme_file` [ RunTime:0.001568s ]
[2026-04-16T22:39:28+08:00][sql] SELECT `more`,`file`,`id` FROM `cmf_theme_file` WHERE  `theme` = 'simpleboot3'  AND (  `is_public` = 1 OR `file` = 'portal/product-info' ) ORDER BY `is_public` DESC [ RunTime:0.000817s ]
[2026-04-16T22:39:28+08:00][sql] SELECT `option_value` FROM `cmf_option` WHERE  `option_name` = 'storage' LIMIT 1 [ RunTime:0.000586s ]
[2026-04-16T22:39:49+08:00][sql] CONNECT:[ UseTime:0.002454s ] mysql:host=127.0.0.1;port=3306;dbname=weihua;charset=utf8mb4
[2026-04-16T22:39:49+08:00][sql] SHOW FULL COLUMNS FROM `cmf_option` [ RunTime:0.004629s ]
[2026-04-16T22:39:49+08:00][sql] SELECT `option_value` FROM `cmf_option` WHERE  `option_name` = 'cdn_settings' LIMIT 1 [ RunTime:0.000725s ]
[2026-04-16T22:39:49+08:00][sql] SELECT `option_value` FROM `cmf_option` WHERE  `option_name` = 'cdn_settings' LIMIT 1 [ RunTime:0.000488s ]
[2026-04-16T22:39:49+08:00][sql] SHOW FULL COLUMNS FROM `cmf_product_category` [ RunTime:0.002482s ]
[2026-04-16T22:39:49+08:00][sql] SELECT * FROM `cmf_product_category` WHERE  `parent_id` = 0 ORDER BY `list_order` ASC,`create_time` DESC [ RunTime:0.001115s ]
[2026-04-16T22:39:49+08:00][sql] SELECT * FROM `cmf_product_category` WHERE  `parent_id` IN (18,19,20,21,22,23,24,25,26,27) [ RunTime:0.000503s ]
[2026-04-16T22:39:49+08:00][sql] SHOW FULL COLUMNS FROM `cmf_portal_category` [ RunTime:0.001653s ]
[2026-04-16T22:39:49+08:00][sql] SELECT * FROM `cmf_portal_category` WHERE (  `type` = 8 ) AND `cmf_portal_category`.`delete_time` = '0' ORDER BY `list_order` ASC [ RunTime:0.000612s ]
[2026-04-16T22:39:49+08:00][sql] SHOW FULL COLUMNS FROM `cmf_product` [ RunTime:0.002328s ]
[2026-04-16T22:39:49+08:00][sql] SELECT * FROM `cmf_product` WHERE  `id` = 62 LIMIT 1 [ RunTime:0.000790s ]
[2026-04-16T22:39:49+08:00][sql] SELECT * FROM `cmf_product_category` WHERE  `id` = 18 LIMIT 1 [ RunTime:0.000365s ]
[2026-04-16T22:39:49+08:00][sql] SELECT `id`,`title`,`industry`,`thumbnail` FROM `cmf_product` WHERE  `id` <> 62  AND `is_recommended` = 1  AND `category_id` = 18 ORDER BY RAND() LIMIT 4 [ RunTime:0.000633s ]
[2026-04-16T22:39:49+08:00][sql] SHOW FULL COLUMNS FROM `cmf_slide_item` [ RunTime:0.001847s ]
[2026-04-16T22:39:49+08:00][sql] SELECT `title`,`description`,`image` FROM `cmf_slide_item` WHERE  `slide_id` = 2 ORDER BY `list_order` ASC LIMIT 1 [ RunTime:0.000483s ]
[2026-04-16T22:39:49+08:00][sql] SHOW FULL COLUMNS FROM `cmf_theme_file` [ RunTime:0.002105s ]
[2026-04-16T22:39:49+08:00][sql] SELECT `more`,`file`,`id` FROM `cmf_theme_file` WHERE  `theme` = 'simpleboot3'  AND (  `is_public` = 1 OR `file` = 'portal/product-info' ) ORDER BY `is_public` DESC [ RunTime:0.000681s ]
[2026-04-16T22:39:49+08:00][sql] SELECT `option_value` FROM `cmf_option` WHERE  `option_name` = 'storage' LIMIT 1 [ RunTime:0.000906s ]
[2026-04-16T22:39:59+08:00][sql] CONNECT:[ UseTime:0.001576s ] mysql:host=127.0.0.1;port=3306;dbname=weihua;charset=utf8mb4
[2026-04-16T22:39:59+08:00][sql] SHOW FULL COLUMNS FROM `cmf_option` [ RunTime:0.002854s ]
[2026-04-16T22:39:59+08:00][sql] SELECT `option_value` FROM `cmf_option` WHERE  `option_name` = 'cdn_settings' LIMIT 1 [ RunTime:0.000491s ]
[2026-04-16T22:39:59+08:00][sql] SELECT `option_value` FROM `cmf_option` WHERE  `option_name` = 'cdn_settings' LIMIT 1 [ RunTime:0.000311s ]
[2026-04-16T22:39:59+08:00][sql] SHOW FULL COLUMNS FROM `cmf_product_category` [ RunTime:0.001655s ]
[2026-04-16T22:39:59+08:00][sql] SELECT * FROM `cmf_product_category` WHERE  `parent_id` = 0 ORDER BY `list_order` ASC,`create_time` DESC [ RunTime:0.000515s ]
[2026-04-16T22:39:59+08:00][sql] SELECT * FROM `cmf_product_category` WHERE  `parent_id` IN (18,19,20,21,22,23,24,25,26,27) [ RunTime:0.000362s ]
[2026-04-16T22:39:59+08:00][sql] SHOW FULL COLUMNS FROM `cmf_portal_category` [ RunTime:0.001586s ]
[2026-04-16T22:39:59+08:00][sql] SELECT * FROM `cmf_portal_category` WHERE (  `type` = 8 ) AND `cmf_portal_category`.`delete_time` = '0' ORDER BY `list_order` ASC [ RunTime:0.000520s ]
[2026-04-16T22:39:59+08:00][sql] SHOW FULL COLUMNS FROM `cmf_product` [ RunTime:0.002160s ]
[2026-04-16T22:39:59+08:00][sql] SELECT * FROM `cmf_product` WHERE  `id` = 62 LIMIT 1 [ RunTime:0.000725s ]
[2026-04-16T22:39:59+08:00][sql] SELECT * FROM `cmf_product_category` WHERE  `id` = 18 LIMIT 1 [ RunTime:0.000241s ]
[2026-04-16T22:39:59+08:00][sql] SELECT `id`,`title`,`industry`,`thumbnail` FROM `cmf_product` WHERE  `id` <> 62  AND `is_recommended` = 1  AND `category_id` = 18 ORDER BY RAND() LIMIT 4 [ RunTime:0.000421s ]
[2026-04-16T22:39:59+08:00][sql] SHOW FULL COLUMNS FROM `cmf_slide_item` [ RunTime:0.001122s ]
[2026-04-16T22:39:59+08:00][sql] SELECT `title`,`description`,`image` FROM `cmf_slide_item` WHERE  `slide_id` = 2 ORDER BY `list_order` ASC LIMIT 1 [ RunTime:0.000378s ]
[2026-04-16T22:39:59+08:00][sql] SHOW FULL COLUMNS FROM `cmf_theme_file` [ RunTime:0.001237s ]
[2026-04-16T22:39:59+08:00][sql] SELECT `more`,`file`,`id` FROM `cmf_theme_file` WHERE  `theme` = 'simpleboot3'  AND (  `is_public` = 1 OR `file` = 'portal/product-info' ) ORDER BY `is_public` DESC [ RunTime:0.000393s ]
[2026-04-16T22:39:59+08:00][sql] SELECT `option_value` FROM `cmf_option` WHERE  `option_name` = 'storage' LIMIT 1 [ RunTime:0.000540s ]
[2026-04-16T22:40:18+08:00][sql] CONNECT:[ UseTime:0.001714s ] mysql:host=127.0.0.1;port=3306;dbname=weihua;charset=utf8mb4
[2026-04-16T22:40:18+08:00][sql] SHOW FULL COLUMNS FROM `cmf_option` [ RunTime:0.002577s ]
[2026-04-16T22:40:18+08:00][sql] SELECT `option_value` FROM `cmf_option` WHERE  `option_name` = 'cdn_settings' LIMIT 1 [ RunTime:0.000783s ]
[2026-04-16T22:40:18+08:00][sql] SELECT `option_value` FROM `cmf_option` WHERE  `option_name` = 'cdn_settings' LIMIT 1 [ RunTime:0.000263s ]
[2026-04-16T22:40:18+08:00][sql] SHOW FULL COLUMNS FROM `cmf_product_category` [ RunTime:0.001554s ]
[2026-04-16T22:40:18+08:00][sql] SELECT * FROM `cmf_product_category` WHERE  `parent_id` = 0 ORDER BY `list_order` ASC,`create_time` DESC [ RunTime:0.000487s ]
[2026-04-16T22:40:18+08:00][sql] SELECT * FROM `cmf_product_category` WHERE  `parent_id` IN (18,19,20,21,22,23,24,25,26,27) [ RunTime:0.000344s ]
[2026-04-16T22:40:18+08:00][sql] SHOW FULL COLUMNS FROM `cmf_portal_category` [ RunTime:0.001334s ]
[2026-04-16T22:40:18+08:00][sql] SELECT * FROM `cmf_portal_category` WHERE (  `type` = 8 ) AND `cmf_portal_category`.`delete_time` = '0' ORDER BY `list_order` ASC [ RunTime:0.000312s ]
[2026-04-16T22:40:18+08:00][sql] SHOW FULL COLUMNS FROM `cmf_product` [ RunTime:0.001340s ]
[2026-04-16T22:40:18+08:00][sql] SELECT COUNT(*) AS think_count FROM `cmf_product` LIMIT 1 [ RunTime:0.000399s ]
[2026-04-16T22:40:18+08:00][sql] SELECT `id`,`category_id`,`title`,`thumbnail`,`industry` FROM `cmf_product` ORDER BY `list_order` ASC,`create_time` DESC LIMIT 0,12 [ RunTime:0.000283s ]
[2026-04-16T22:40:18+08:00][sql] SHOW FULL COLUMNS FROM `cmf_slide_item` [ RunTime:0.001268s ]
[2026-04-16T22:40:18+08:00][sql] SELECT `title`,`description`,`image` FROM `cmf_slide_item` WHERE  `slide_id` = 2 ORDER BY `list_order` ASC LIMIT 1 [ RunTime:0.000439s ]
[2026-04-16T22:40:18+08:00][sql] SHOW FULL COLUMNS FROM `cmf_theme_file` [ RunTime:0.001401s ]
[2026-04-16T22:40:18+08:00][sql] SELECT `more`,`file`,`id` FROM `cmf_theme_file` WHERE  `theme` = 'simpleboot3'  AND (  `is_public` = 1 OR `file` = 'portal/product' ) ORDER BY `is_public` DESC [ RunTime:0.000530s ]
[2026-04-16T22:40:18+08:00][sql] SELECT `option_value` FROM `cmf_option` WHERE  `option_name` = 'storage' LIMIT 1 [ RunTime:0.000342s ]
[2026-04-16T22:40:44+08:00][sql] CONNECT:[ UseTime:0.001356s ] mysql:host=127.0.0.1;port=3306;dbname=weihua;charset=utf8mb4
[2026-04-16T22:40:44+08:00][sql] SHOW FULL COLUMNS FROM `cmf_option` [ RunTime:0.002184s ]
[2026-04-16T22:40:44+08:00][sql] SELECT `option_value` FROM `cmf_option` WHERE  `option_name` = 'cdn_settings' LIMIT 1 [ RunTime:0.000386s ]
[2026-04-16T22:40:44+08:00][sql] SELECT `option_value` FROM `cmf_option` WHERE  `option_name` = 'cdn_settings' LIMIT 1 [ RunTime:0.000290s ]
[2026-04-16T22:40:44+08:00][sql] SHOW FULL COLUMNS FROM `cmf_product_category` [ RunTime:0.002239s ]
[2026-04-16T22:40:44+08:00][sql] SELECT * FROM `cmf_product_category` WHERE  `parent_id` = 0 ORDER BY `list_order` ASC,`create_time` DESC [ RunTime:0.000564s ]
[2026-04-16T22:40:44+08:00][sql] SELECT * FROM `cmf_product_category` WHERE  `parent_id` IN (18,19,20,21,22,23,24,25,26,27) [ RunTime:0.000344s ]
[2026-04-16T22:40:44+08:00][sql] SHOW FULL COLUMNS FROM `cmf_portal_category` [ RunTime:0.001615s ]
[2026-04-16T22:40:44+08:00][sql] SELECT * FROM `cmf_portal_category` WHERE (  `type` = 8 ) AND `cmf_portal_category`.`delete_time` = '0' ORDER BY `list_order` ASC [ RunTime:0.000509s ]
[2026-04-16T22:40:44+08:00][sql] SHOW FULL COLUMNS FROM `cmf_product` [ RunTime:0.001973s ]
[2026-04-16T22:40:44+08:00][sql] SELECT COUNT(*) AS think_count FROM `cmf_product` WHERE  `category_id` = 18 LIMIT 1 [ RunTime:0.000776s ]
[2026-04-16T22:40:44+08:00][sql] SELECT `id`,`category_id`,`title`,`thumbnail`,`industry` FROM `cmf_product` WHERE  `category_id` = 18 ORDER BY `list_order` ASC,`create_time` DESC LIMIT 0,12 [ RunTime:0.000329s ]
[2026-04-16T22:40:44+08:00][sql] SHOW FULL COLUMNS FROM `cmf_slide_item` [ RunTime:0.001084s ]
[2026-04-16T22:40:44+08:00][sql] SELECT `title`,`description`,`image` FROM `cmf_slide_item` WHERE  `slide_id` = 2 ORDER BY `list_order` ASC LIMIT 1 [ RunTime:0.000339s ]
[2026-04-16T22:40:44+08:00][sql] SHOW FULL COLUMNS FROM `cmf_theme_file` [ RunTime:0.001015s ]
[2026-04-16T22:40:44+08:00][sql] SELECT `more`,`file`,`id` FROM `cmf_theme_file` WHERE  `theme` = 'simpleboot3'  AND (  `is_public` = 1 OR `file` = 'portal/product' ) ORDER BY `is_public` DESC [ RunTime:0.000431s ]
[2026-04-16T22:40:44+08:00][sql] SELECT `option_value` FROM `cmf_option` WHERE  `option_name` = 'storage' LIMIT 1 [ RunTime:0.000385s ]
[2026-04-16T22:40:54+08:00][sql] CONNECT:[ UseTime:0.000852s ] mysql:host=127.0.0.1;port=3306;dbname=weihua;charset=utf8mb4
[2026-04-16T22:40:54+08:00][sql] SHOW FULL COLUMNS FROM `cmf_option` [ RunTime:0.002013s ]
[2026-04-16T22:40:54+08:00][sql] SELECT `option_value` FROM `cmf_option` WHERE  `option_name` = 'cdn_settings' LIMIT 1 [ RunTime:0.000307s ]
[2026-04-16T22:40:54+08:00][sql] SELECT `option_value` FROM `cmf_option` WHERE  `option_name` = 'cdn_settings' LIMIT 1 [ RunTime:0.000202s ]
[2026-04-16T22:40:54+08:00][sql] SHOW FULL COLUMNS FROM `cmf_product_category` [ RunTime:0.001381s ]
[2026-04-16T22:40:54+08:00][sql] SELECT * FROM `cmf_product_category` WHERE  `parent_id` = 0 ORDER BY `list_order` ASC,`create_time` DESC [ RunTime:0.000391s ]
[2026-04-16T22:40:54+08:00][sql] SELECT * FROM `cmf_product_category` WHERE  `parent_id` IN (18,19,20,21,22,23,24,25,26,27) [ RunTime:0.000297s ]
[2026-04-16T22:40:54+08:00][sql] SHOW FULL COLUMNS FROM `cmf_portal_category` [ RunTime:0.001221s ]
[2026-04-16T22:40:54+08:00][sql] SELECT * FROM `cmf_portal_category` WHERE (  `type` = 8 ) AND `cmf_portal_category`.`delete_time` = '0' ORDER BY `list_order` ASC [ RunTime:0.000311s ]
[2026-04-16T22:40:54+08:00][sql] SHOW FULL COLUMNS FROM `cmf_product` [ RunTime:0.001061s ]
[2026-04-16T22:40:54+08:00][sql] SELECT COUNT(*) AS think_count FROM `cmf_product` WHERE  `category_id` = 18 LIMIT 1 [ RunTime:0.000312s ]
[2026-04-16T22:40:54+08:00][sql] SELECT `id`,`category_id`,`title`,`thumbnail`,`industry` FROM `cmf_product` WHERE  `category_id` = 18 ORDER BY `list_order` ASC,`create_time` DESC LIMIT 0,12 [ RunTime:0.000197s ]
[2026-04-16T22:40:54+08:00][sql] SHOW FULL COLUMNS FROM `cmf_slide_item` [ RunTime:0.000939s ]
[2026-04-16T22:40:54+08:00][sql] SELECT `title`,`description`,`image` FROM `cmf_slide_item` WHERE  `slide_id` = 2 ORDER BY `list_order` ASC LIMIT 1 [ RunTime:0.000316s ]
[2026-04-16T22:40:54+08:00][sql] SHOW FULL COLUMNS FROM `cmf_theme_file` [ RunTime:0.001134s ]
[2026-04-16T22:40:54+08:00][sql] SELECT `more`,`file`,`id` FROM `cmf_theme_file` WHERE  `theme` = 'simpleboot3'  AND (  `is_public` = 1 OR `file` = 'portal/product' ) ORDER BY `is_public` DESC [ RunTime:0.000367s ]
[2026-04-16T22:40:54+08:00][sql] SELECT `option_value` FROM `cmf_option` WHERE  `option_name` = 'storage' LIMIT 1 [ RunTime:0.000543s ]
[2026-04-16T22:41:45+08:00][sql] CONNECT:[ UseTime:0.005865s ] mysql:host=127.0.0.1;port=3306;dbname=weihua;charset=utf8mb4
[2026-04-16T22:41:45+08:00][sql] SHOW FULL COLUMNS FROM `cmf_option` [ RunTime:0.004122s ]
[2026-04-16T22:41:45+08:00][sql] SELECT `option_value` FROM `cmf_option` WHERE  `option_name` = 'cdn_settings' LIMIT 1 [ RunTime:0.000514s ]
[2026-04-16T22:41:45+08:00][sql] SELECT `option_value` FROM `cmf_option` WHERE  `option_name` = 'cdn_settings' LIMIT 1 [ RunTime:0.000458s ]
[2026-04-16T22:41:45+08:00][sql] SHOW FULL COLUMNS FROM `cmf_product_category` [ RunTime:0.001535s ]
[2026-04-16T22:41:45+08:00][sql] SELECT * FROM `cmf_product_category` WHERE  `parent_id` = 0 ORDER BY `list_order` ASC,`create_time` DESC [ RunTime:0.000708s ]
[2026-04-16T22:41:45+08:00][sql] SELECT * FROM `cmf_product_category` WHERE  `parent_id` IN (18,19,20,21,22,23,24,25,26,27) [ RunTime:0.000436s ]
[2026-04-16T22:41:45+08:00][sql] SHOW FULL COLUMNS FROM `cmf_portal_category` [ RunTime:0.002652s ]
[2026-04-16T22:41:45+08:00][sql] SELECT * FROM `cmf_portal_category` WHERE (  `type` = 8 ) AND `cmf_portal_category`.`delete_time` = '0' ORDER BY `list_order` ASC [ RunTime:0.000834s ]
[2026-04-16T22:41:45+08:00][sql] SHOW FULL COLUMNS FROM `cmf_slide_item` [ RunTime:0.001959s ]
[2026-04-16T22:41:45+08:00][sql] SELECT `title`,`description`,`image` FROM `cmf_slide_item` WHERE  `slide_id` = 12 ORDER BY `list_order` ASC LIMIT 1 [ RunTime:0.000465s ]
[2026-04-16T22:41:45+08:00][sql] SELECT * FROM `cmf_portal_category` WHERE (  `id` = 0  AND `status` = 1 ) AND `cmf_portal_category`.`delete_time` = '0' LIMIT 1 [ RunTime:0.000544s ]
[2026-04-16T22:41:45+08:00][sql] SHOW FULL COLUMNS FROM `cmf_portal_post` [ RunTime:0.001667s ]
[2026-04-16T22:41:45+08:00][sql] SELECT COUNT(*) AS think_count FROM `cmf_portal_post` `p` LEFT JOIN `cmf_portal_category_post` `c` ON `p`.`id`=`c`.`post_id` WHERE (  `post_type` = 8 ) AND `p`.`delete_time` = '0' LIMIT 1 [ RunTime:0.000693s ]
[2026-04-16T22:41:45+08:00][sql] SELECT `p`.`id`,`p`.`post_title`,`p`.`thumbnail`,`p`.`more`,c.category_id as cid,`p`.`post_excerpt`,`p`.`create_time` FROM `cmf_portal_post` `p` LEFT JOIN `cmf_portal_category_post` `c` ON `p`.`id`=`c`.`post_id` WHERE (  `post_type` = 8 ) AND `p`.`delete_time` = '0' ORDER BY `c`.`list_order` ASC,`p`.`create_time` DESC LIMIT 0,6 [ RunTime:0.000412s ]
[2026-04-16T22:41:45+08:00][sql] SHOW FULL COLUMNS FROM `cmf_theme_file` [ RunTime:0.001687s ]
[2026-04-16T22:41:45+08:00][sql] SELECT `more`,`file`,`id` FROM `cmf_theme_file` WHERE  `theme` = 'simpleboot3'  AND (  `is_public` = 1 OR `file` = 'portal/news' ) ORDER BY `is_public` DESC [ RunTime:0.000661s ]
[2026-04-16T22:41:45+08:00][sql] SELECT `option_value` FROM `cmf_option` WHERE  `option_name` = 'storage' LIMIT 1 [ RunTime:0.000354s ]
[2026-04-16T22:41:49+08:00][sql] CONNECT:[ UseTime:0.001264s ] mysql:host=127.0.0.1;port=3306;dbname=weihua;charset=utf8mb4
[2026-04-16T22:41:49+08:00][sql] SHOW FULL COLUMNS FROM `cmf_option` [ RunTime:0.002215s ]
[2026-04-16T22:41:49+08:00][sql] SELECT `option_value` FROM `cmf_option` WHERE  `option_name` = 'cdn_settings' LIMIT 1 [ RunTime:0.000327s ]
[2026-04-16T22:41:49+08:00][sql] SELECT `option_value` FROM `cmf_option` WHERE  `option_name` = 'cdn_settings' LIMIT 1 [ RunTime:0.000301s ]
[2026-04-16T22:41:49+08:00][sql] SHOW FULL COLUMNS FROM `cmf_product_category` [ RunTime:0.001452s ]
[2026-04-16T22:41:49+08:00][sql] SELECT * FROM `cmf_product_category` WHERE  `parent_id` = 0 ORDER BY `list_order` ASC,`create_time` DESC [ RunTime:0.000371s ]
[2026-04-16T22:41:49+08:00][sql] SELECT * FROM `cmf_product_category` WHERE  `parent_id` IN (18,19,20,21,22,23,24,25,26,27) [ RunTime:0.000305s ]
[2026-04-16T22:41:49+08:00][sql] SHOW FULL COLUMNS FROM `cmf_portal_category` [ RunTime:0.001209s ]
[2026-04-16T22:41:49+08:00][sql] SELECT * FROM `cmf_portal_category` WHERE (  `type` = 8 ) AND `cmf_portal_category`.`delete_time` = '0' ORDER BY `list_order` ASC [ RunTime:0.000306s ]
[2026-04-16T22:41:49+08:00][sql] SELECT * FROM `cmf_portal_category` WHERE (  `id` = 1  AND `status` = 1 ) AND `cmf_portal_category`.`delete_time` = '0' LIMIT 1 [ RunTime:0.000295s ]
[2026-04-16T22:41:49+08:00][sql] SHOW FULL COLUMNS FROM `cmf_portal_post` [ RunTime:0.001292s ]
[2026-04-16T22:41:49+08:00][sql] SELECT `post`.* FROM `cmf_portal_post` `post` INNER JOIN `cmf_portal_category_post` `relation` ON `post`.`id`=`relation`.`post_id` WHERE (  `post`.`post_type` = '8'  AND `post`.`delete_time` = '0'  AND `relation`.`category_id` = '1'  AND `relation`.`post_id` = '2' ) AND `post`.`delete_time` = '0' LIMIT 1 [ RunTime:0.000583s ]
[2026-04-16T22:41:49+08:00][sql] SHOW FULL COLUMNS FROM `cmf_slide_item` [ RunTime:0.001110s ]
[2026-04-16T22:41:49+08:00][sql] SELECT `title`,`description`,`image` FROM `cmf_slide_item` WHERE  `slide_id` = 12 ORDER BY `list_order` ASC LIMIT 1 [ RunTime:0.000277s ]
[2026-04-16T22:41:49+08:00][sql] UPDATE `cmf_portal_post`  SET `post_hits` = `post_hits` + 1  WHERE (  `id` = 2 ) AND `cmf_portal_post`.`delete_time` = '0' [ RunTime:0.002306s ]
[2026-04-16T22:41:49+08:00][sql] SELECT `post`.* FROM `cmf_portal_post` `post` INNER JOIN `cmf_portal_category_post` `relation` ON `post`.`id`=`relation`.`post_id` WHERE (  `post`.`post_type` = '8'  AND `post`.`delete_time` = '0'  AND `relation`.`category_id` = '1'  AND `relation`.`post_id` = '2'  AND `relation`.`post_id` = '2' ) AND `post`.`delete_time` = '0' LIMIT 1 [ RunTime:0.000313s ]
[2026-04-16T22:41:49+08:00][sql] SELECT `post`.* FROM `cmf_portal_post` `post` INNER JOIN `cmf_portal_category_post` `relation` ON `post`.`id`=`relation`.`post_id` WHERE (  `post`.`post_type` = '8'  AND `post`.`delete_time` = '0'  AND `relation`.`category_id` = '1'  AND `relation`.`post_id` = '2'  AND `relation`.`post_id` < '2' ) AND `post`.`delete_time` = '0' ORDER BY `id` DESC LIMIT 1 [ RunTime:0.000312s ]
[2026-04-16T22:41:49+08:00][sql] SELECT `post`.* FROM `cmf_portal_post` `post` INNER JOIN `cmf_portal_category_post` `relation` ON `post`.`id`=`relation`.`post_id` WHERE (  `post`.`post_type` = '8'  AND `post`.`delete_time` = '0'  AND `relation`.`category_id` = '1'  AND `relation`.`post_id` = '2'  AND `relation`.`post_id` > '2' ) AND `post`.`delete_time` = '0' ORDER BY `id` DESC LIMIT 1 [ RunTime:0.000273s ]
[2026-04-16T22:41:49+08:00][sql] SHOW FULL COLUMNS FROM `cmf_theme_file` [ RunTime:0.001123s ]
[2026-04-16T22:41:49+08:00][sql] SELECT `more`,`file`,`id` FROM `cmf_theme_file` WHERE  `theme` = 'simpleboot3'  AND (  `is_public` = 1 OR `file` = 'portal/news-info' ) ORDER BY `is_public` DESC [ RunTime:0.000377s ]
[2026-04-16T22:41:49+08:00][sql] SELECT `option_value` FROM `cmf_option` WHERE  `option_name` = 'storage' LIMIT 1 [ RunTime:0.000750s ]
[2026-04-16T22:41:58+08:00][sql] CONNECT:[ UseTime:0.001768s ] mysql:host=127.0.0.1;port=3306;dbname=weihua;charset=utf8mb4
[2026-04-16T22:41:58+08:00][sql] SHOW FULL COLUMNS FROM `cmf_option` [ RunTime:0.002937s ]
[2026-04-16T22:41:58+08:00][sql] SELECT `option_value` FROM `cmf_option` WHERE  `option_name` = 'cdn_settings' LIMIT 1 [ RunTime:0.000669s ]
[2026-04-16T22:41:58+08:00][sql] SHOW FULL COLUMNS FROM `cmf_user` [ RunTime:0.001981s ]
[2026-04-16T22:41:58+08:00][sql] SELECT * FROM `cmf_user` WHERE  `id` = 1 LIMIT 1 [ RunTime:0.000777s ]
[2026-04-16T22:41:58+08:00][sql] SHOW FULL COLUMNS FROM `cmf_portal_category` [ RunTime:0.001685s ]
[2026-04-16T22:41:58+08:00][sql] SELECT * FROM `cmf_portal_category` WHERE (  `delete_time` = 0  AND `type` = 8 ) AND `cmf_portal_category`.`delete_time` = '0' ORDER BY `list_order` ASC [ RunTime:0.000887s ]
[2026-04-16T22:41:59+08:00][sql] CONNECT:[ UseTime:0.001191s ] mysql:host=127.0.0.1;port=3306;dbname=weihua;charset=utf8mb4
[2026-04-16T22:41:59+08:00][sql] SHOW FULL COLUMNS FROM `cmf_option` [ RunTime:0.002603s ]
[2026-04-16T22:41:59+08:00][sql] SELECT `option_value` FROM `cmf_option` WHERE  `option_name` = 'cdn_settings' LIMIT 1 [ RunTime:0.000376s ]
[2026-04-16T22:41:59+08:00][sql] SHOW FULL COLUMNS FROM `cmf_user` [ RunTime:0.002194s ]
[2026-04-16T22:41:59+08:00][sql] SELECT * FROM `cmf_user` WHERE  `id` = 1 LIMIT 1 [ RunTime:0.000652s ]
[2026-04-16T22:41:59+08:00][sql] SHOW FULL COLUMNS FROM `cmf_portal_post` [ RunTime:0.001431s ]
[2026-04-16T22:41:59+08:00][sql] SELECT COUNT(*) AS think_count FROM `cmf_portal_post` `a` INNER JOIN `cmf_user` `u` ON `a`.`user_id`=`u`.`id` WHERE (  `a`.`create_time` >= '0'  AND `a`.`delete_time` = '0'  AND (  `a`.`post_type` = '8' ) ) AND `a`.`delete_time` = '0' LIMIT 1 [ RunTime:0.000520s ]
[2026-04-16T22:41:59+08:00][sql] SELECT `a`.*,`u`.`user_login`,`u`.`user_nickname`,`u`.`user_email` FROM `cmf_portal_post` `a` INNER JOIN `cmf_user` `u` ON `a`.`user_id`=`u`.`id` WHERE (  `a`.`create_time` >= '0'  AND `a`.`delete_time` = '0'  AND (  `a`.`post_type` = '8' ) ) AND `a`.`delete_time` = '0' ORDER BY `update_time` DESC LIMIT 0,10 [ RunTime:0.000396s ]
[2026-04-16T22:41:59+08:00][sql] SHOW FULL COLUMNS FROM `cmf_portal_category` [ RunTime:0.001141s ]
[2026-04-16T22:41:59+08:00][sql] SELECT * FROM `cmf_portal_category` WHERE (  `delete_time` = 0  AND `type` = 8 ) AND `cmf_portal_category`.`delete_time` = '0' ORDER BY `list_order` ASC [ RunTime:0.000426s ]
[2026-04-16T22:41:59+08:00][sql] SHOW FULL COLUMNS FROM `cmf_portal_category_post` [ RunTime:0.002471s ]
[2026-04-16T22:41:59+08:00][sql] SELECT `cmf_portal_category`.*,`pivot`.`id` AS `pivot__id`,`pivot`.`post_id` AS `pivot__post_id`,`pivot`.`category_id` AS `pivot__category_id`,`pivot`.`list_order` AS `pivot__list_order`,`pivot`.`status` AS `pivot__status` FROM `cmf_portal_category` INNER JOIN `cmf_portal_category_post` `pivot` ON `pivot`.`category_id`=`cmf_portal_category`.`id` WHERE (  `pivot`.`post_id` = '2' ) AND `cmf_portal_category`.`delete_time` = '0' [ RunTime:0.000526s ]
[2026-04-16T22:41:59+08:00][sql] SELECT `option_value` FROM `cmf_option` WHERE  `option_name` = 'storage' LIMIT 1 [ RunTime:0.000263s ]
[2026-04-16T22:42:01+08:00][sql] CONNECT:[ UseTime:0.001731s ] mysql:host=127.0.0.1;port=3306;dbname=weihua;charset=utf8mb4
[2026-04-16T22:42:01+08:00][sql] SHOW FULL COLUMNS FROM `cmf_option` [ RunTime:0.003656s ]
[2026-04-16T22:42:01+08:00][sql] SELECT `option_value` FROM `cmf_option` WHERE  `option_name` = 'cdn_settings' LIMIT 1 [ RunTime:0.000572s ]
[2026-04-16T22:42:01+08:00][sql] SHOW FULL COLUMNS FROM `cmf_user` [ RunTime:0.001469s ]
[2026-04-16T22:42:01+08:00][sql] SELECT * FROM `cmf_user` WHERE  `id` = 1 LIMIT 1 [ RunTime:0.000540s ]
[2026-04-16T22:42:01+08:00][sql] SHOW FULL COLUMNS FROM `cmf_portal_post` [ RunTime:0.002761s ]
[2026-04-16T22:42:01+08:00][sql] SELECT * FROM `cmf_portal_post` WHERE (  `id` = 2 ) AND `cmf_portal_post`.`delete_time` = '0' LIMIT 1 [ RunTime:0.000837s ]
[2026-04-16T22:42:01+08:00][sql] SHOW FULL COLUMNS FROM `cmf_portal_category_post` [ RunTime:0.000977s ]
[2026-04-16T22:42:01+08:00][sql] SHOW FULL COLUMNS FROM `cmf_portal_category` [ RunTime:0.001034s ]
[2026-04-16T22:42:01+08:00][sql] SELECT `a`.`name`,`a`.`id` FROM `cmf_portal_category` `a` INNER JOIN `cmf_portal_category_post` `pivot` ON `pivot`.`category_id`=`a`.`id` WHERE (  `pivot`.`post_id` = '2' ) AND `a`.`delete_time` = '0' [ RunTime:0.000435s ]
[2026-04-16T22:42:01+08:00][sql] SHOW FULL COLUMNS FROM `cmf_route` [ RunTime:0.001379s ]
[2026-04-16T22:42:01+08:00][sql] SELECT `url` FROM `cmf_route` WHERE  `full_url` = 'portal/index/news_info?cid=1&id=2' LIMIT 1 [ RunTime:0.000370s ]
[2026-04-16T22:42:01+08:00][sql] SHOW FULL COLUMNS FROM `cmf_theme_file` [ RunTime:0.001089s ]
[2026-04-16T22:42:01+08:00][sql] SELECT * FROM `cmf_theme_file` WHERE  `theme` = 'default'  AND `action` = 'portal/Article/index' [ RunTime:0.000440s ]
[2026-04-16T22:42:01+08:00][sql] SELECT `option_value` FROM `cmf_option` WHERE  `option_name` = 'storage' LIMIT 1 [ RunTime:0.000351s ]
[2026-04-16T22:42:01+08:00][sql] CONNECT:[ UseTime:0.000994s ] mysql:host=127.0.0.1;port=3306;dbname=weihua;charset=utf8mb4
[2026-04-16T22:42:01+08:00][sql] SHOW FULL COLUMNS FROM `cmf_option` [ RunTime:0.002698s ]
[2026-04-16T22:42:01+08:00][sql] SELECT `option_value` FROM `cmf_option` WHERE  `option_name` = 'cdn_settings' LIMIT 1 [ RunTime:0.000568s ]
[2026-04-16T22:42:01+08:00][sql] SELECT `option_value` FROM `cmf_option` WHERE  `option_name` = 'cdn_settings' LIMIT 1 [ RunTime:0.000393s ]
[2026-04-16T22:44:09+08:00][sql] CONNECT:[ UseTime:0.003023s ] mysql:host=127.0.0.1;port=3306;dbname=weihua;charset=utf8mb4
[2026-04-16T22:44:09+08:00][sql] SHOW FULL COLUMNS FROM `cmf_option` [ RunTime:0.004181s ]
[2026-04-16T22:44:09+08:00][sql] SELECT `option_value` FROM `cmf_option` WHERE  `option_name` = 'cdn_settings' LIMIT 1 [ RunTime:0.000633s ]
[2026-04-16T22:44:09+08:00][sql] SELECT `option_value` FROM `cmf_option` WHERE  `option_name` = 'cdn_settings' LIMIT 1 [ RunTime:0.000334s ]
[2026-04-16T22:44:09+08:00][sql] SHOW FULL COLUMNS FROM `cmf_product_category` [ RunTime:0.002052s ]
[2026-04-16T22:44:09+08:00][sql] SELECT * FROM `cmf_product_category` WHERE  `parent_id` = 0 ORDER BY `list_order` ASC,`create_time` DESC [ RunTime:0.000779s ]
[2026-04-16T22:44:09+08:00][sql] SELECT * FROM `cmf_product_category` WHERE  `parent_id` IN (18,19,20,21,22,23,24,25,26,27) [ RunTime:0.000402s ]
[2026-04-16T22:44:09+08:00][sql] SHOW FULL COLUMNS FROM `cmf_portal_category` [ RunTime:0.002163s ]
[2026-04-16T22:44:09+08:00][sql] SELECT * FROM `cmf_portal_category` WHERE (  `type` = 8 ) AND `cmf_portal_category`.`delete_time` = '0' ORDER BY `list_order` ASC [ RunTime:0.000732s ]
[2026-04-16T22:44:09+08:00][sql] SHOW FULL COLUMNS FROM `cmf_slide_item` [ RunTime:0.001777s ]
[2026-04-16T22:44:09+08:00][sql] SELECT `title`,`description`,`image` FROM `cmf_slide_item` WHERE  `slide_id` = 12 ORDER BY `list_order` ASC LIMIT 1 [ RunTime:0.000542s ]
[2026-04-16T22:44:09+08:00][sql] SELECT * FROM `cmf_portal_category` WHERE (  `id` = 0  AND `status` = 1 ) AND `cmf_portal_category`.`delete_time` = '0' LIMIT 1 [ RunTime:0.000255s ]
[2026-04-16T22:44:09+08:00][sql] SHOW FULL COLUMNS FROM `cmf_portal_post` [ RunTime:0.001378s ]
[2026-04-16T22:44:09+08:00][sql] SELECT COUNT(*) AS think_count FROM `cmf_portal_post` `p` LEFT JOIN `cmf_portal_category_post` `c` ON `p`.`id`=`c`.`post_id` WHERE (  `post_type` = 8 ) AND `p`.`delete_time` = '0' LIMIT 1 [ RunTime:0.000907s ]
[2026-04-16T22:44:09+08:00][sql] SELECT `p`.`id`,`p`.`post_title`,`p`.`thumbnail`,`p`.`more`,c.category_id as cid,`p`.`post_excerpt`,`p`.`create_time` FROM `cmf_portal_post` `p` LEFT JOIN `cmf_portal_category_post` `c` ON `p`.`id`=`c`.`post_id` WHERE (  `post_type` = 8 ) AND `p`.`delete_time` = '0' ORDER BY `c`.`list_order` ASC,`p`.`create_time` DESC LIMIT 0,6 [ RunTime:0.000929s ]
[2026-04-16T22:44:09+08:00][sql] SHOW FULL COLUMNS FROM `cmf_theme_file` [ RunTime:0.002650s ]
[2026-04-16T22:44:09+08:00][sql] SELECT `more`,`file`,`id` FROM `cmf_theme_file` WHERE  `theme` = 'simpleboot3'  AND (  `is_public` = 1 OR `file` = 'portal/news' ) ORDER BY `is_public` DESC [ RunTime:0.000711s ]
[2026-04-16T22:44:09+08:00][sql] SELECT `option_value` FROM `cmf_option` WHERE  `option_name` = 'storage' LIMIT 1 [ RunTime:0.000523s ]
[2026-04-16T22:44:57+08:00][sql] CONNECT:[ UseTime:0.002025s ] mysql:host=127.0.0.1;port=3306;dbname=weihua;charset=utf8mb4
[2026-04-16T22:44:57+08:00][sql] SHOW FULL COLUMNS FROM `cmf_option` [ RunTime:0.004495s ]
[2026-04-16T22:44:57+08:00][sql] SELECT `option_value` FROM `cmf_option` WHERE  `option_name` = 'cdn_settings' LIMIT 1 [ RunTime:0.000784s ]
[2026-04-16T22:44:57+08:00][sql] SELECT `option_value` FROM `cmf_option` WHERE  `option_name` = 'cdn_settings' LIMIT 1 [ RunTime:0.000471s ]
[2026-04-16T22:44:57+08:00][sql] SHOW FULL COLUMNS FROM `cmf_product_category` [ RunTime:0.001885s ]
[2026-04-16T22:44:57+08:00][sql] SELECT * FROM `cmf_product_category` WHERE  `parent_id` = 0 ORDER BY `list_order` ASC,`create_time` DESC [ RunTime:0.011711s ]
[2026-04-16T22:44:57+08:00][sql] SELECT * FROM `cmf_product_category` WHERE  `parent_id` IN (18,19,20,21,22,23,24,25,26,27) [ RunTime:0.000472s ]
[2026-04-16T22:44:57+08:00][sql] SHOW FULL COLUMNS FROM `cmf_portal_category` [ RunTime:0.001947s ]
[2026-04-16T22:44:57+08:00][sql] SELECT * FROM `cmf_portal_category` WHERE (  `type` = 8 ) AND `cmf_portal_category`.`delete_time` = '0' ORDER BY `list_order` ASC [ RunTime:0.000510s ]
[2026-04-16T22:44:57+08:00][sql] SHOW FULL COLUMNS FROM `cmf_slide_item` [ RunTime:0.001309s ]
[2026-04-16T22:44:57+08:00][sql] SELECT `title`,`description`,`image` FROM `cmf_slide_item` WHERE  `slide_id` = 12 ORDER BY `list_order` ASC LIMIT 1 [ RunTime:0.000526s ]
[2026-04-16T22:44:57+08:00][sql] SELECT * FROM `cmf_portal_category` WHERE (  `id` = 0  AND `status` = 1 ) AND `cmf_portal_category`.`delete_time` = '0' LIMIT 1 [ RunTime:0.000273s ]
[2026-04-16T22:44:57+08:00][sql] SHOW FULL COLUMNS FROM `cmf_portal_post` [ RunTime:0.001232s ]
[2026-04-16T22:44:57+08:00][sql] SELECT COUNT(*) AS think_count FROM `cmf_portal_post` `p` LEFT JOIN `cmf_portal_category_post` `c` ON `p`.`id`=`c`.`post_id` WHERE (  `post_type` = 8 ) AND `p`.`delete_time` = '0' LIMIT 1 [ RunTime:0.000859s ]
[2026-04-16T22:44:57+08:00][sql] SELECT `p`.`id`,`p`.`post_title`,`p`.`thumbnail`,`p`.`more`,c.category_id as cid,`p`.`post_excerpt`,`p`.`create_time` FROM `cmf_portal_post` `p` LEFT JOIN `cmf_portal_category_post` `c` ON `p`.`id`=`c`.`post_id` WHERE (  `post_type` = 8 ) AND `p`.`delete_time` = '0' ORDER BY `c`.`list_order` ASC,`p`.`create_time` DESC LIMIT 0,6 [ RunTime:0.000744s ]
[2026-04-16T22:44:57+08:00][sql] SHOW FULL COLUMNS FROM `cmf_theme_file` [ RunTime:0.001142s ]
[2026-04-16T22:44:57+08:00][sql] SELECT `more`,`file`,`id` FROM `cmf_theme_file` WHERE  `theme` = 'simpleboot3'  AND (  `is_public` = 1 OR `file` = 'portal/news' ) ORDER BY `is_public` DESC [ RunTime:0.000812s ]
[2026-04-16T22:44:57+08:00][sql] SELECT `option_value` FROM `cmf_option` WHERE  `option_name` = 'storage' LIMIT 1 [ RunTime:0.000491s ]
[2026-04-16T22:45:32+08:00][sql] CONNECT:[ UseTime:0.001663s ] mysql:host=127.0.0.1;port=3306;dbname=weihua;charset=utf8mb4
[2026-04-16T22:45:32+08:00][sql] SHOW FULL COLUMNS FROM `cmf_option` [ RunTime:0.003623s ]
[2026-04-16T22:45:32+08:00][sql] SELECT `option_value` FROM `cmf_option` WHERE  `option_name` = 'cdn_settings' LIMIT 1 [ RunTime:0.000643s ]
[2026-04-16T22:45:32+08:00][sql] SELECT `option_value` FROM `cmf_option` WHERE  `option_name` = 'cdn_settings' LIMIT 1 [ RunTime:0.000489s ]
[2026-04-16T22:45:32+08:00][sql] SHOW FULL COLUMNS FROM `cmf_product_category` [ RunTime:0.002844s ]
[2026-04-16T22:45:32+08:00][sql] SELECT * FROM `cmf_product_category` WHERE  `parent_id` = 0 ORDER BY `list_order` ASC,`create_time` DESC [ RunTime:0.000747s ]
[2026-04-16T22:45:32+08:00][sql] SELECT * FROM `cmf_product_category` WHERE  `parent_id` IN (18,19,20,21,22,23,24,25,26,27) [ RunTime:0.000563s ]
[2026-04-16T22:45:32+08:00][sql] SHOW FULL COLUMNS FROM `cmf_portal_category` [ RunTime:0.001078s ]
[2026-04-16T22:45:32+08:00][sql] SELECT * FROM `cmf_portal_category` WHERE (  `type` = 8 ) AND `cmf_portal_category`.`delete_time` = '0' ORDER BY `list_order` ASC [ RunTime:0.000410s ]
[2026-04-16T22:45:32+08:00][sql] SHOW FULL COLUMNS FROM `cmf_slide_item` [ RunTime:0.001038s ]
[2026-04-16T22:45:32+08:00][sql] SELECT `title`,`description`,`image` FROM `cmf_slide_item` WHERE  `slide_id` = 12 ORDER BY `list_order` ASC LIMIT 1 [ RunTime:0.000279s ]
[2026-04-16T22:45:32+08:00][sql] SELECT * FROM `cmf_portal_category` WHERE (  `id` = 0  AND `status` = 1 ) AND `cmf_portal_category`.`delete_time` = '0' LIMIT 1 [ RunTime:0.000239s ]
[2026-04-16T22:45:32+08:00][sql] SHOW FULL COLUMNS FROM `cmf_portal_post` [ RunTime:0.001091s ]
[2026-04-16T22:45:32+08:00][sql] SELECT COUNT(*) AS think_count FROM `cmf_portal_post` `p` LEFT JOIN `cmf_portal_category_post` `c` ON `p`.`id`=`c`.`post_id` WHERE (  `post_type` = 8 ) AND `p`.`delete_time` = '0' LIMIT 1 [ RunTime:0.000878s ]
[2026-04-16T22:45:32+08:00][sql] SELECT `p`.`id`,`p`.`post_title`,`p`.`thumbnail`,`p`.`more`,c.category_id as cid,`p`.`post_excerpt`,`p`.`create_time` FROM `cmf_portal_post` `p` LEFT JOIN `cmf_portal_category_post` `c` ON `p`.`id`=`c`.`post_id` WHERE (  `post_type` = 8 ) AND `p`.`delete_time` = '0' ORDER BY `c`.`list_order` ASC,`p`.`create_time` DESC LIMIT 0,6 [ RunTime:0.000815s ]
[2026-04-16T22:45:32+08:00][sql] SHOW FULL COLUMNS FROM `cmf_theme_file` [ RunTime:0.001586s ]
[2026-04-16T22:45:32+08:00][sql] SELECT `more`,`file`,`id` FROM `cmf_theme_file` WHERE  `theme` = 'simpleboot3'  AND (  `is_public` = 1 OR `file` = 'portal/news' ) ORDER BY `is_public` DESC [ RunTime:0.000300s ]
[2026-04-16T22:45:32+08:00][sql] SELECT `option_value` FROM `cmf_option` WHERE  `option_name` = 'storage' LIMIT 1 [ RunTime:0.000240s ]
[2026-04-16T22:45:49+08:00][sql] CONNECT:[ UseTime:0.000826s ] mysql:host=127.0.0.1;port=3306;dbname=weihua;charset=utf8mb4
[2026-04-16T22:45:49+08:00][sql] SHOW FULL COLUMNS FROM `cmf_option` [ RunTime:0.002198s ]
[2026-04-16T22:45:49+08:00][sql] SELECT `option_value` FROM `cmf_option` WHERE  `option_name` = 'cdn_settings' LIMIT 1 [ RunTime:0.000419s ]
[2026-04-16T22:45:49+08:00][sql] SELECT `option_value` FROM `cmf_option` WHERE  `option_name` = 'cdn_settings' LIMIT 1 [ RunTime:0.000335s ]
[2026-04-16T22:45:49+08:00][sql] SHOW FULL COLUMNS FROM `cmf_product_category` [ RunTime:0.001742s ]
[2026-04-16T22:45:49+08:00][sql] SELECT * FROM `cmf_product_category` WHERE  `parent_id` = 0 ORDER BY `list_order` ASC,`create_time` DESC [ RunTime:0.000521s ]
[2026-04-16T22:45:49+08:00][sql] SELECT * FROM `cmf_product_category` WHERE  `parent_id` IN (18,19,20,21,22,23,24,25,26,27) [ RunTime:0.000525s ]
[2026-04-16T22:45:49+08:00][sql] SHOW FULL COLUMNS FROM `cmf_portal_category` [ RunTime:0.002489s ]
[2026-04-16T22:45:49+08:00][sql] SELECT * FROM `cmf_portal_category` WHERE (  `type` = 8 ) AND `cmf_portal_category`.`delete_time` = '0' ORDER BY `list_order` ASC [ RunTime:0.000669s ]
[2026-04-16T22:45:49+08:00][sql] SHOW FULL COLUMNS FROM `cmf_slide_item` [ RunTime:0.002026s ]
[2026-04-16T22:45:49+08:00][sql] SELECT `title`,`description`,`image` FROM `cmf_slide_item` WHERE  `slide_id` = 12 ORDER BY `list_order` ASC LIMIT 1 [ RunTime:0.000296s ]
[2026-04-16T22:45:49+08:00][sql] SELECT * FROM `cmf_portal_category` WHERE (  `id` = 0  AND `status` = 1 ) AND `cmf_portal_category`.`delete_time` = '0' LIMIT 1 [ RunTime:0.000243s ]
[2026-04-16T22:45:49+08:00][sql] SHOW FULL COLUMNS FROM `cmf_portal_post` [ RunTime:0.001086s ]
[2026-04-16T22:45:49+08:00][sql] SELECT COUNT(*) AS think_count FROM `cmf_portal_post` `p` LEFT JOIN `cmf_portal_category_post` `c` ON `p`.`id`=`c`.`post_id` WHERE (  `post_type` = 8 ) AND `p`.`delete_time` = '0' LIMIT 1 [ RunTime:0.000461s ]
[2026-04-16T22:45:49+08:00][sql] SELECT `p`.`id`,`p`.`post_title`,`p`.`thumbnail`,`p`.`more`,c.category_id as cid,`p`.`post_excerpt`,`p`.`create_time` FROM `cmf_portal_post` `p` LEFT JOIN `cmf_portal_category_post` `c` ON `p`.`id`=`c`.`post_id` WHERE (  `post_type` = 8 ) AND `p`.`delete_time` = '0' ORDER BY `c`.`list_order` ASC,`p`.`create_time` DESC LIMIT 0,6 [ RunTime:0.000359s ]
[2026-04-16T22:45:49+08:00][sql] SHOW FULL COLUMNS FROM `cmf_theme_file` [ RunTime:0.002182s ]
[2026-04-16T22:45:49+08:00][sql] SELECT `more`,`file`,`id` FROM `cmf_theme_file` WHERE  `theme` = 'simpleboot3'  AND (  `is_public` = 1 OR `file` = 'portal/news' ) ORDER BY `is_public` DESC [ RunTime:0.000616s ]
[2026-04-16T22:45:49+08:00][sql] SELECT `option_value` FROM `cmf_option` WHERE  `option_name` = 'storage' LIMIT 1 [ RunTime:0.000191s ]
[2026-04-16T22:46:01+08:00][sql] CONNECT:[ UseTime:0.004386s ] mysql:host=127.0.0.1;port=3306;dbname=weihua;charset=utf8mb4
[2026-04-16T22:46:01+08:00][sql] SHOW FULL COLUMNS FROM `cmf_option` [ RunTime:0.001489s ]
[2026-04-16T22:46:01+08:00][sql] SELECT `option_value` FROM `cmf_option` WHERE  `option_name` = 'cdn_settings' LIMIT 1 [ RunTime:0.000293s ]
[2026-04-16T22:46:01+08:00][sql] SELECT `option_value` FROM `cmf_option` WHERE  `option_name` = 'cdn_settings' LIMIT 1 [ RunTime:0.000198s ]
[2026-04-16T22:46:01+08:00][sql] SHOW FULL COLUMNS FROM `cmf_product_category` [ RunTime:0.001015s ]
[2026-04-16T22:46:01+08:00][sql] SELECT * FROM `cmf_product_category` WHERE  `parent_id` = 0 ORDER BY `list_order` ASC,`create_time` DESC [ RunTime:0.000317s ]
[2026-04-16T22:46:01+08:00][sql] SELECT * FROM `cmf_product_category` WHERE  `parent_id` IN (18,19,20,21,22,23,24,25,26,27) [ RunTime:0.000215s ]
[2026-04-16T22:46:01+08:00][sql] SHOW FULL COLUMNS FROM `cmf_portal_category` [ RunTime:0.001562s ]
[2026-04-16T22:46:01+08:00][sql] SELECT * FROM `cmf_portal_category` WHERE (  `type` = 8 ) AND `cmf_portal_category`.`delete_time` = '0' ORDER BY `list_order` ASC [ RunTime:0.000555s ]
[2026-04-16T22:46:01+08:00][sql] SHOW FULL COLUMNS FROM `cmf_slide_item` [ RunTime:0.001038s ]
[2026-04-16T22:46:01+08:00][sql] SELECT `title`,`description`,`image` FROM `cmf_slide_item` WHERE  `slide_id` = 12 ORDER BY `list_order` ASC LIMIT 1 [ RunTime:0.000564s ]
[2026-04-16T22:46:01+08:00][sql] SELECT * FROM `cmf_portal_category` WHERE (  `id` = 0  AND `status` = 1 ) AND `cmf_portal_category`.`delete_time` = '0' LIMIT 1 [ RunTime:0.000535s ]
[2026-04-16T22:46:01+08:00][sql] SHOW FULL COLUMNS FROM `cmf_portal_post` [ RunTime:0.002427s ]
[2026-04-16T22:46:01+08:00][sql] SELECT COUNT(*) AS think_count FROM `cmf_portal_post` `p` LEFT JOIN `cmf_portal_category_post` `c` ON `p`.`id`=`c`.`post_id` WHERE (  `post_type` = 8 ) AND `p`.`delete_time` = '0' LIMIT 1 [ RunTime:0.001088s ]
[2026-04-16T22:46:01+08:00][sql] SELECT `p`.`id`,`p`.`post_title`,`p`.`thumbnail`,`p`.`more`,c.category_id as cid,`p`.`post_excerpt`,`p`.`create_time` FROM `cmf_portal_post` `p` LEFT JOIN `cmf_portal_category_post` `c` ON `p`.`id`=`c`.`post_id` WHERE (  `post_type` = 8 ) AND `p`.`delete_time` = '0' ORDER BY `c`.`list_order` ASC,`p`.`create_time` DESC LIMIT 0,6 [ RunTime:0.000814s ]
[2026-04-16T22:46:01+08:00][sql] SHOW FULL COLUMNS FROM `cmf_theme_file` [ RunTime:0.002067s ]
[2026-04-16T22:46:01+08:00][sql] SELECT `more`,`file`,`id` FROM `cmf_theme_file` WHERE  `theme` = 'simpleboot3'  AND (  `is_public` = 1 OR `file` = 'portal/news' ) ORDER BY `is_public` DESC [ RunTime:0.000645s ]
[2026-04-16T22:46:01+08:00][sql] SELECT `option_value` FROM `cmf_option` WHERE  `option_name` = 'storage' LIMIT 1 [ RunTime:0.000422s ]
[2026-04-16T22:46:27+08:00][sql] CONNECT:[ UseTime:0.001602s ] mysql:host=127.0.0.1;port=3306;dbname=weihua;charset=utf8mb4
[2026-04-16T22:46:27+08:00][sql] SHOW FULL COLUMNS FROM `cmf_option` [ RunTime:0.002504s ]
[2026-04-16T22:46:27+08:00][sql] SELECT `option_value` FROM `cmf_option` WHERE  `option_name` = 'cdn_settings' LIMIT 1 [ RunTime:0.000363s ]
[2026-04-16T22:46:27+08:00][sql] SELECT `option_value` FROM `cmf_option` WHERE  `option_name` = 'cdn_settings' LIMIT 1 [ RunTime:0.000219s ]
[2026-04-16T22:46:27+08:00][sql] SHOW FULL COLUMNS FROM `cmf_product_category` [ RunTime:0.001154s ]
[2026-04-16T22:46:27+08:00][sql] SELECT * FROM `cmf_product_category` WHERE  `parent_id` = 0 ORDER BY `list_order` ASC,`create_time` DESC [ RunTime:0.000491s ]
[2026-04-16T22:46:27+08:00][sql] SELECT * FROM `cmf_product_category` WHERE  `parent_id` IN (18,19,20,21,22,23,24,25,26,27) [ RunTime:0.000239s ]
[2026-04-16T22:46:27+08:00][sql] SHOW FULL COLUMNS FROM `cmf_portal_category` [ RunTime:0.001155s ]
[2026-04-16T22:46:27+08:00][sql] SELECT * FROM `cmf_portal_category` WHERE (  `type` = 8 ) AND `cmf_portal_category`.`delete_time` = '0' ORDER BY `list_order` ASC [ RunTime:0.000335s ]
[2026-04-16T22:46:27+08:00][sql] SHOW FULL COLUMNS FROM `cmf_slide_item` [ RunTime:0.000918s ]
[2026-04-16T22:46:27+08:00][sql] SELECT `title`,`description`,`image` FROM `cmf_slide_item` WHERE  `slide_id` = 12 ORDER BY `list_order` ASC LIMIT 1 [ RunTime:0.000339s ]
[2026-04-16T22:46:27+08:00][sql] SELECT * FROM `cmf_portal_category` WHERE (  `id` = 0  AND `status` = 1 ) AND `cmf_portal_category`.`delete_time` = '0' LIMIT 1 [ RunTime:0.000245s ]
[2026-04-16T22:46:27+08:00][sql] SHOW FULL COLUMNS FROM `cmf_portal_post` [ RunTime:0.001083s ]
[2026-04-16T22:46:27+08:00][sql] SELECT COUNT(*) AS think_count FROM `cmf_portal_post` `p` LEFT JOIN `cmf_portal_category_post` `c` ON `p`.`id`=`c`.`post_id` WHERE (  `post_type` = 8 ) AND `p`.`delete_time` = '0' LIMIT 1 [ RunTime:0.000443s ]
[2026-04-16T22:46:27+08:00][sql] SELECT `p`.`id`,`p`.`post_title`,`p`.`thumbnail`,`p`.`more`,c.category_id as cid,`p`.`post_excerpt`,`p`.`create_time` FROM `cmf_portal_post` `p` LEFT JOIN `cmf_portal_category_post` `c` ON `p`.`id`=`c`.`post_id` WHERE (  `post_type` = 8 ) AND `p`.`delete_time` = '0' ORDER BY `c`.`list_order` ASC,`p`.`create_time` DESC LIMIT 0,6 [ RunTime:0.000337s ]
[2026-04-16T22:46:27+08:00][sql] SHOW FULL COLUMNS FROM `cmf_theme_file` [ RunTime:0.000900s ]
[2026-04-16T22:46:27+08:00][sql] SELECT `more`,`file`,`id` FROM `cmf_theme_file` WHERE  `theme` = 'simpleboot3'  AND (  `is_public` = 1 OR `file` = 'portal/news' ) ORDER BY `is_public` DESC [ RunTime:0.000361s ]
[2026-04-16T22:46:27+08:00][sql] SELECT `option_value` FROM `cmf_option` WHERE  `option_name` = 'storage' LIMIT 1 [ RunTime:0.000175s ]
[2026-04-16T22:46:38+08:00][sql] CONNECT:[ UseTime:0.001092s ] mysql:host=127.0.0.1;port=3306;dbname=weihua;charset=utf8mb4
[2026-04-16T22:46:38+08:00][sql] SHOW FULL COLUMNS FROM `cmf_option` [ RunTime:0.002515s ]
[2026-04-16T22:46:38+08:00][sql] SELECT `option_value` FROM `cmf_option` WHERE  `option_name` = 'cdn_settings' LIMIT 1 [ RunTime:0.000442s ]
[2026-04-16T22:46:38+08:00][sql] SELECT `option_value` FROM `cmf_option` WHERE  `option_name` = 'cdn_settings' LIMIT 1 [ RunTime:0.000435s ]
[2026-04-16T22:46:38+08:00][sql] SHOW FULL COLUMNS FROM `cmf_product_category` [ RunTime:0.002903s ]
[2026-04-16T22:46:38+08:00][sql] SELECT * FROM `cmf_product_category` WHERE  `parent_id` = 0 ORDER BY `list_order` ASC,`create_time` DESC [ RunTime:0.000769s ]
[2026-04-16T22:46:38+08:00][sql] SELECT * FROM `cmf_product_category` WHERE  `parent_id` IN (18,19,20,21,22,23,24,25,26,27) [ RunTime:0.000619s ]
[2026-04-16T22:46:38+08:00][sql] SHOW FULL COLUMNS FROM `cmf_portal_category` [ RunTime:0.001997s ]
[2026-04-16T22:46:38+08:00][sql] SELECT * FROM `cmf_portal_category` WHERE (  `type` = 8 ) AND `cmf_portal_category`.`delete_time` = '0' ORDER BY `list_order` ASC [ RunTime:0.000708s ]
[2026-04-16T22:46:38+08:00][sql] SHOW FULL COLUMNS FROM `cmf_slide_item` [ RunTime:0.002207s ]
[2026-04-16T22:46:38+08:00][sql] SELECT `title`,`description`,`image` FROM `cmf_slide_item` WHERE  `slide_id` = 12 ORDER BY `list_order` ASC LIMIT 1 [ RunTime:0.000660s ]
[2026-04-16T22:46:38+08:00][sql] SELECT * FROM `cmf_portal_category` WHERE (  `id` = 0  AND `status` = 1 ) AND `cmf_portal_category`.`delete_time` = '0' LIMIT 1 [ RunTime:0.000513s ]
[2026-04-16T22:46:38+08:00][sql] SHOW FULL COLUMNS FROM `cmf_portal_post` [ RunTime:0.002658s ]
[2026-04-16T22:46:38+08:00][sql] SELECT COUNT(*) AS think_count FROM `cmf_portal_post` `p` LEFT JOIN `cmf_portal_category_post` `c` ON `p`.`id`=`c`.`post_id` WHERE (  `post_type` = 8 ) AND `p`.`delete_time` = '0' LIMIT 1 [ RunTime:0.000978s ]
[2026-04-16T22:46:38+08:00][sql] SELECT `p`.`id`,`p`.`post_title`,`p`.`thumbnail`,`p`.`more`,c.category_id as cid,`p`.`post_excerpt`,`p`.`create_time` FROM `cmf_portal_post` `p` LEFT JOIN `cmf_portal_category_post` `c` ON `p`.`id`=`c`.`post_id` WHERE (  `post_type` = 8 ) AND `p`.`delete_time` = '0' ORDER BY `c`.`list_order` ASC,`p`.`create_time` DESC LIMIT 0,6 [ RunTime:0.000782s ]
[2026-04-16T22:46:38+08:00][sql] SHOW FULL COLUMNS FROM `cmf_theme_file` [ RunTime:0.002354s ]
[2026-04-16T22:46:38+08:00][sql] SELECT `more`,`file`,`id` FROM `cmf_theme_file` WHERE  `theme` = 'simpleboot3'  AND (  `is_public` = 1 OR `file` = 'portal/news' ) ORDER BY `is_public` DESC [ RunTime:0.000620s ]
[2026-04-16T22:46:38+08:00][sql] SELECT `option_value` FROM `cmf_option` WHERE  `option_name` = 'storage' LIMIT 1 [ RunTime:0.000521s ]
[2026-04-16T22:46:44+08:00][sql] CONNECT:[ UseTime:0.001008s ] mysql:host=127.0.0.1;port=3306;dbname=weihua;charset=utf8mb4
[2026-04-16T22:46:44+08:00][sql] SHOW FULL COLUMNS FROM `cmf_option` [ RunTime:0.001692s ]
[2026-04-16T22:46:44+08:00][sql] SELECT `option_value` FROM `cmf_option` WHERE  `option_name` = 'cdn_settings' LIMIT 1 [ RunTime:0.000339s ]
[2026-04-16T22:46:44+08:00][sql] SELECT `option_value` FROM `cmf_option` WHERE  `option_name` = 'cdn_settings' LIMIT 1 [ RunTime:0.000319s ]
[2026-04-16T22:46:44+08:00][sql] SHOW FULL COLUMNS FROM `cmf_product_category` [ RunTime:0.001246s ]
[2026-04-16T22:46:44+08:00][sql] SELECT * FROM `cmf_product_category` WHERE  `parent_id` = 0 ORDER BY `list_order` ASC,`create_time` DESC [ RunTime:0.000375s ]
[2026-04-16T22:46:44+08:00][sql] SELECT * FROM `cmf_product_category` WHERE  `parent_id` IN (18,19,20,21,22,23,24,25,26,27) [ RunTime:0.000260s ]
[2026-04-16T22:46:44+08:00][sql] SHOW FULL COLUMNS FROM `cmf_portal_category` [ RunTime:0.001085s ]
[2026-04-16T22:46:44+08:00][sql] SELECT * FROM `cmf_portal_category` WHERE (  `type` = 8 ) AND `cmf_portal_category`.`delete_time` = '0' ORDER BY `list_order` ASC [ RunTime:0.000337s ]
[2026-04-16T22:46:44+08:00][sql] SHOW FULL COLUMNS FROM `cmf_slide_item` [ RunTime:0.001117s ]
[2026-04-16T22:46:44+08:00][sql] SELECT `title`,`description`,`image` FROM `cmf_slide_item` WHERE  `slide_id` = 12 ORDER BY `list_order` ASC LIMIT 1 [ RunTime:0.000360s ]
[2026-04-16T22:46:44+08:00][sql] SELECT * FROM `cmf_portal_category` WHERE (  `id` = 0  AND `status` = 1 ) AND `cmf_portal_category`.`delete_time` = '0' LIMIT 1 [ RunTime:0.000269s ]
[2026-04-16T22:46:44+08:00][sql] SHOW FULL COLUMNS FROM `cmf_portal_post` [ RunTime:0.001318s ]
[2026-04-16T22:46:44+08:00][sql] SELECT COUNT(*) AS think_count FROM `cmf_portal_post` `p` LEFT JOIN `cmf_portal_category_post` `c` ON `p`.`id`=`c`.`post_id` WHERE (  `post_type` = 8 ) AND `p`.`delete_time` = '0' LIMIT 1 [ RunTime:0.000388s ]
[2026-04-16T22:46:44+08:00][sql] SELECT `p`.`id`,`p`.`post_title`,`p`.`thumbnail`,`p`.`more`,c.category_id as cid,`p`.`post_excerpt`,`p`.`create_time` FROM `cmf_portal_post` `p` LEFT JOIN `cmf_portal_category_post` `c` ON `p`.`id`=`c`.`post_id` WHERE (  `post_type` = 8 ) AND `p`.`delete_time` = '0' ORDER BY `c`.`list_order` ASC,`p`.`create_time` DESC LIMIT 0,6 [ RunTime:0.000383s ]
[2026-04-16T22:46:44+08:00][sql] SHOW FULL COLUMNS FROM `cmf_theme_file` [ RunTime:0.000930s ]
[2026-04-16T22:46:44+08:00][sql] SELECT `more`,`file`,`id` FROM `cmf_theme_file` WHERE  `theme` = 'simpleboot3'  AND (  `is_public` = 1 OR `file` = 'portal/news' ) ORDER BY `is_public` DESC [ RunTime:0.000401s ]
[2026-04-16T22:46:44+08:00][sql] SELECT `option_value` FROM `cmf_option` WHERE  `option_name` = 'storage' LIMIT 1 [ RunTime:0.000175s ]
[2026-04-16T22:47:03+08:00][sql] CONNECT:[ UseTime:0.001442s ] mysql:host=127.0.0.1;port=3306;dbname=weihua;charset=utf8mb4
[2026-04-16T22:47:03+08:00][sql] SHOW FULL COLUMNS FROM `cmf_option` [ RunTime:0.003152s ]
[2026-04-16T22:47:03+08:00][sql] SELECT `option_value` FROM `cmf_option` WHERE  `option_name` = 'cdn_settings' LIMIT 1 [ RunTime:0.000534s ]
[2026-04-16T22:47:03+08:00][sql] SELECT `option_value` FROM `cmf_option` WHERE  `option_name` = 'cdn_settings' LIMIT 1 [ RunTime:0.000325s ]
[2026-04-16T22:47:03+08:00][sql] SHOW FULL COLUMNS FROM `cmf_product_category` [ RunTime:0.001939s ]
[2026-04-16T22:47:03+08:00][sql] SELECT * FROM `cmf_product_category` WHERE  `parent_id` = 0 ORDER BY `list_order` ASC,`create_time` DESC [ RunTime:0.000605s ]
[2026-04-16T22:47:03+08:00][sql] SELECT * FROM `cmf_product_category` WHERE  `parent_id` IN (18,19,20,21,22,23,24,25,26,27) [ RunTime:0.000396s ]
[2026-04-16T22:47:03+08:00][sql] SHOW FULL COLUMNS FROM `cmf_portal_category` [ RunTime:0.001999s ]
[2026-04-16T22:47:03+08:00][sql] SELECT * FROM `cmf_portal_category` WHERE (  `type` = 8 ) AND `cmf_portal_category`.`delete_time` = '0' ORDER BY `list_order` ASC [ RunTime:0.000695s ]
[2026-04-16T22:47:03+08:00][sql] SHOW FULL COLUMNS FROM `cmf_slide_item` [ RunTime:0.002030s ]
[2026-04-16T22:47:03+08:00][sql] SELECT `title`,`description`,`image` FROM `cmf_slide_item` WHERE  `slide_id` = 12 ORDER BY `list_order` ASC LIMIT 1 [ RunTime:0.000606s ]
[2026-04-16T22:47:03+08:00][sql] SELECT * FROM `cmf_portal_category` WHERE (  `id` = 0  AND `status` = 1 ) AND `cmf_portal_category`.`delete_time` = '0' LIMIT 1 [ RunTime:0.000445s ]
[2026-04-16T22:47:03+08:00][sql] SHOW FULL COLUMNS FROM `cmf_portal_post` [ RunTime:0.002038s ]
[2026-04-16T22:47:03+08:00][sql] SELECT COUNT(*) AS think_count FROM `cmf_portal_post` `p` LEFT JOIN `cmf_portal_category_post` `c` ON `p`.`id`=`c`.`post_id` WHERE (  `post_type` = 8 ) AND `p`.`delete_time` = '0' LIMIT 1 [ RunTime:0.000875s ]
[2026-04-16T22:47:03+08:00][sql] SELECT `p`.`id`,`p`.`post_title`,`p`.`thumbnail`,`p`.`more`,c.category_id as cid,`p`.`post_excerpt`,`p`.`create_time` FROM `cmf_portal_post` `p` LEFT JOIN `cmf_portal_category_post` `c` ON `p`.`id`=`c`.`post_id` WHERE (  `post_type` = 8 ) AND `p`.`delete_time` = '0' ORDER BY `c`.`list_order` ASC,`p`.`create_time` DESC LIMIT 0,6 [ RunTime:0.000711s ]
[2026-04-16T22:47:03+08:00][sql] SHOW FULL COLUMNS FROM `cmf_theme_file` [ RunTime:0.001661s ]
[2026-04-16T22:47:03+08:00][sql] SELECT `more`,`file`,`id` FROM `cmf_theme_file` WHERE  `theme` = 'simpleboot3'  AND (  `is_public` = 1 OR `file` = 'portal/news' ) ORDER BY `is_public` DESC [ RunTime:0.000498s ]
[2026-04-16T22:47:03+08:00][sql] SELECT `option_value` FROM `cmf_option` WHERE  `option_name` = 'storage' LIMIT 1 [ RunTime:0.000479s ]
[2026-04-16T22:47:08+08:00][sql] CONNECT:[ UseTime:0.000869s ] mysql:host=127.0.0.1;port=3306;dbname=weihua;charset=utf8mb4
[2026-04-16T22:47:08+08:00][sql] SHOW FULL COLUMNS FROM `cmf_option` [ RunTime:0.001911s ]
[2026-04-16T22:47:08+08:00][sql] SELECT `option_value` FROM `cmf_option` WHERE  `option_name` = 'cdn_settings' LIMIT 1 [ RunTime:0.000369s ]
[2026-04-16T22:47:08+08:00][sql] SELECT `option_value` FROM `cmf_option` WHERE  `option_name` = 'cdn_settings' LIMIT 1 [ RunTime:0.000188s ]
[2026-04-16T22:47:08+08:00][sql] SHOW FULL COLUMNS FROM `cmf_product_category` [ RunTime:0.002387s ]
[2026-04-16T22:47:08+08:00][sql] SELECT * FROM `cmf_product_category` WHERE  `parent_id` = 0 ORDER BY `list_order` ASC,`create_time` DESC [ RunTime:0.000754s ]
[2026-04-16T22:47:08+08:00][sql] SELECT * FROM `cmf_product_category` WHERE  `parent_id` IN (18,19,20,21,22,23,24,25,26,27) [ RunTime:0.000530s ]
[2026-04-16T22:47:08+08:00][sql] SHOW FULL COLUMNS FROM `cmf_portal_category` [ RunTime:0.002777s ]
[2026-04-16T22:47:08+08:00][sql] SELECT * FROM `cmf_portal_category` WHERE (  `type` = 8 ) AND `cmf_portal_category`.`delete_time` = '0' ORDER BY `list_order` ASC [ RunTime:0.000664s ]
[2026-04-16T22:47:08+08:00][sql] SHOW FULL COLUMNS FROM `cmf_slide_item` [ RunTime:0.002344s ]
[2026-04-16T22:47:08+08:00][sql] SELECT `title`,`description`,`image` FROM `cmf_slide_item` WHERE  `slide_id` = 12 ORDER BY `list_order` ASC LIMIT 1 [ RunTime:0.000655s ]
[2026-04-16T22:47:08+08:00][sql] SELECT * FROM `cmf_portal_category` WHERE (  `id` = 0  AND `status` = 1 ) AND `cmf_portal_category`.`delete_time` = '0' LIMIT 1 [ RunTime:0.000496s ]
[2026-04-16T22:47:08+08:00][sql] SHOW FULL COLUMNS FROM `cmf_portal_post` [ RunTime:0.002814s ]
[2026-04-16T22:47:08+08:00][sql] SELECT COUNT(*) AS think_count FROM `cmf_portal_post` `p` LEFT JOIN `cmf_portal_category_post` `c` ON `p`.`id`=`c`.`post_id` WHERE (  `post_type` = 8 ) AND `p`.`delete_time` = '0' LIMIT 1 [ RunTime:0.000823s ]
[2026-04-16T22:47:08+08:00][sql] SELECT `p`.`id`,`p`.`post_title`,`p`.`thumbnail`,`p`.`more`,c.category_id as cid,`p`.`post_excerpt`,`p`.`create_time` FROM `cmf_portal_post` `p` LEFT JOIN `cmf_portal_category_post` `c` ON `p`.`id`=`c`.`post_id` WHERE (  `post_type` = 8 ) AND `p`.`delete_time` = '0' ORDER BY `c`.`list_order` ASC,`p`.`create_time` DESC LIMIT 0,6 [ RunTime:0.000827s ]
[2026-04-16T22:47:08+08:00][sql] SHOW FULL COLUMNS FROM `cmf_theme_file` [ RunTime:0.002362s ]
[2026-04-16T22:47:08+08:00][sql] SELECT `more`,`file`,`id` FROM `cmf_theme_file` WHERE  `theme` = 'simpleboot3'  AND (  `is_public` = 1 OR `file` = 'portal/news' ) ORDER BY `is_public` DESC [ RunTime:0.000675s ]
[2026-04-16T22:47:08+08:00][sql] SELECT `option_value` FROM `cmf_option` WHERE  `option_name` = 'storage' LIMIT 1 [ RunTime:0.000543s ]
[2026-04-16T22:47:18+08:00][sql] CONNECT:[ UseTime:0.000879s ] mysql:host=127.0.0.1;port=3306;dbname=weihua;charset=utf8mb4
[2026-04-16T22:47:18+08:00][sql] SHOW FULL COLUMNS FROM `cmf_option` [ RunTime:0.001741s ]
[2026-04-16T22:47:18+08:00][sql] SELECT `option_value` FROM `cmf_option` WHERE  `option_name` = 'cdn_settings' LIMIT 1 [ RunTime:0.000325s ]
[2026-04-16T22:47:18+08:00][sql] SELECT `option_value` FROM `cmf_option` WHERE  `option_name` = 'cdn_settings' LIMIT 1 [ RunTime:0.000246s ]
[2026-04-16T22:47:18+08:00][sql] SHOW FULL COLUMNS FROM `cmf_product_category` [ RunTime:0.001143s ]
[2026-04-16T22:47:18+08:00][sql] SELECT * FROM `cmf_product_category` WHERE  `parent_id` = 0 ORDER BY `list_order` ASC,`create_time` DESC [ RunTime:0.000398s ]
[2026-04-16T22:47:18+08:00][sql] SELECT * FROM `cmf_product_category` WHERE  `parent_id` IN (18,19,20,21,22,23,24,25,26,27) [ RunTime:0.000225s ]
[2026-04-16T22:47:18+08:00][sql] SHOW FULL COLUMNS FROM `cmf_portal_category` [ RunTime:0.001006s ]
[2026-04-16T22:47:18+08:00][sql] SELECT * FROM `cmf_portal_category` WHERE (  `type` = 8 ) AND `cmf_portal_category`.`delete_time` = '0' ORDER BY `list_order` ASC [ RunTime:0.000265s ]
[2026-04-16T22:47:18+08:00][sql] SHOW FULL COLUMNS FROM `cmf_slide_item` [ RunTime:0.000913s ]
[2026-04-16T22:47:18+08:00][sql] SELECT `title`,`description`,`image` FROM `cmf_slide_item` WHERE  `slide_id` = 12 ORDER BY `list_order` ASC LIMIT 1 [ RunTime:0.000343s ]
[2026-04-16T22:47:18+08:00][sql] SELECT * FROM `cmf_portal_category` WHERE (  `id` = 0  AND `status` = 1 ) AND `cmf_portal_category`.`delete_time` = '0' LIMIT 1 [ RunTime:0.000233s ]
[2026-04-16T22:47:18+08:00][sql] SHOW FULL COLUMNS FROM `cmf_portal_post` [ RunTime:0.001904s ]
[2026-04-16T22:47:18+08:00][sql] SELECT COUNT(*) AS think_count FROM `cmf_portal_post` `p` LEFT JOIN `cmf_portal_category_post` `c` ON `p`.`id`=`c`.`post_id` WHERE (  `post_type` = 8 ) AND `p`.`delete_time` = '0' LIMIT 1 [ RunTime:0.000559s ]
[2026-04-16T22:47:18+08:00][sql] SELECT `p`.`id`,`p`.`post_title`,`p`.`thumbnail`,`p`.`more`,c.category_id as cid,`p`.`post_excerpt`,`p`.`create_time` FROM `cmf_portal_post` `p` LEFT JOIN `cmf_portal_category_post` `c` ON `p`.`id`=`c`.`post_id` WHERE (  `post_type` = 8 ) AND `p`.`delete_time` = '0' ORDER BY `c`.`list_order` ASC,`p`.`create_time` DESC LIMIT 0,6 [ RunTime:0.000505s ]
[2026-04-16T22:47:18+08:00][sql] SHOW FULL COLUMNS FROM `cmf_theme_file` [ RunTime:0.001459s ]
[2026-04-16T22:47:18+08:00][sql] SELECT `more`,`file`,`id` FROM `cmf_theme_file` WHERE  `theme` = 'simpleboot3'  AND (  `is_public` = 1 OR `file` = 'portal/news' ) ORDER BY `is_public` DESC [ RunTime:0.000396s ]
[2026-04-16T22:47:18+08:00][sql] SELECT `option_value` FROM `cmf_option` WHERE  `option_name` = 'storage' LIMIT 1 [ RunTime:0.000374s ]
[2026-04-16T22:47:25+08:00][sql] CONNECT:[ UseTime:0.001209s ] mysql:host=127.0.0.1;port=3306;dbname=weihua;charset=utf8mb4
[2026-04-16T22:47:25+08:00][sql] SHOW FULL COLUMNS FROM `cmf_option` [ RunTime:0.002911s ]
[2026-04-16T22:47:25+08:00][sql] SELECT `option_value` FROM `cmf_option` WHERE  `option_name` = 'cdn_settings' LIMIT 1 [ RunTime:0.000364s ]
[2026-04-16T22:47:25+08:00][sql] SELECT `option_value` FROM `cmf_option` WHERE  `option_name` = 'cdn_settings' LIMIT 1 [ RunTime:0.000207s ]
[2026-04-16T22:47:25+08:00][sql] SHOW FULL COLUMNS FROM `cmf_product_category` [ RunTime:0.002384s ]
[2026-04-16T22:47:25+08:00][sql] SELECT * FROM `cmf_product_category` WHERE  `parent_id` = 0 ORDER BY `list_order` ASC,`create_time` DESC [ RunTime:0.000752s ]
[2026-04-16T22:47:25+08:00][sql] SELECT * FROM `cmf_product_category` WHERE  `parent_id` IN (18,19,20,21,22,23,24,25,26,27) [ RunTime:0.000548s ]
[2026-04-16T22:47:25+08:00][sql] SHOW FULL COLUMNS FROM `cmf_portal_category` [ RunTime:0.001988s ]
[2026-04-16T22:47:25+08:00][sql] SELECT * FROM `cmf_portal_category` WHERE (  `type` = 8 ) AND `cmf_portal_category`.`delete_time` = '0' ORDER BY `list_order` ASC [ RunTime:0.000393s ]
[2026-04-16T22:47:25+08:00][sql] SHOW FULL COLUMNS FROM `cmf_slide_item` [ RunTime:0.002712s ]
[2026-04-16T22:47:25+08:00][sql] SELECT `title`,`description`,`image` FROM `cmf_slide_item` WHERE  `slide_id` = 12 ORDER BY `list_order` ASC LIMIT 1 [ RunTime:0.000659s ]
[2026-04-16T22:47:25+08:00][sql] SELECT * FROM `cmf_portal_category` WHERE (  `id` = 0  AND `status` = 1 ) AND `cmf_portal_category`.`delete_time` = '0' LIMIT 1 [ RunTime:0.000547s ]
[2026-04-16T22:47:25+08:00][sql] SHOW FULL COLUMNS FROM `cmf_portal_post` [ RunTime:0.002695s ]
[2026-04-16T22:47:25+08:00][sql] SELECT COUNT(*) AS think_count FROM `cmf_portal_post` `p` LEFT JOIN `cmf_portal_category_post` `c` ON `p`.`id`=`c`.`post_id` WHERE (  `post_type` = 8 ) AND `p`.`delete_time` = '0' LIMIT 1 [ RunTime:0.000811s ]
[2026-04-16T22:47:25+08:00][sql] SELECT `p`.`id`,`p`.`post_title`,`p`.`thumbnail`,`p`.`more`,c.category_id as cid,`p`.`post_excerpt`,`p`.`create_time` FROM `cmf_portal_post` `p` LEFT JOIN `cmf_portal_category_post` `c` ON `p`.`id`=`c`.`post_id` WHERE (  `post_type` = 8 ) AND `p`.`delete_time` = '0' ORDER BY `c`.`list_order` ASC,`p`.`create_time` DESC LIMIT 0,6 [ RunTime:0.000722s ]
[2026-04-16T22:47:25+08:00][sql] SHOW FULL COLUMNS FROM `cmf_theme_file` [ RunTime:0.002212s ]
[2026-04-16T22:47:25+08:00][sql] SELECT `more`,`file`,`id` FROM `cmf_theme_file` WHERE  `theme` = 'simpleboot3'  AND (  `is_public` = 1 OR `file` = 'portal/news' ) ORDER BY `is_public` DESC [ RunTime:0.000721s ]
[2026-04-16T22:47:25+08:00][sql] SELECT `option_value` FROM `cmf_option` WHERE  `option_name` = 'storage' LIMIT 1 [ RunTime:0.000483s ]
[2026-04-16T22:47:36+08:00][sql] CONNECT:[ UseTime:0.002197s ] mysql:host=127.0.0.1;port=3306;dbname=weihua;charset=utf8mb4
[2026-04-16T22:47:36+08:00][sql] SHOW FULL COLUMNS FROM `cmf_option` [ RunTime:0.002627s ]
[2026-04-16T22:47:36+08:00][sql] SELECT `option_value` FROM `cmf_option` WHERE  `option_name` = 'cdn_settings' LIMIT 1 [ RunTime:0.000379s ]
[2026-04-16T22:47:36+08:00][sql] SELECT `option_value` FROM `cmf_option` WHERE  `option_name` = 'cdn_settings' LIMIT 1 [ RunTime:0.000174s ]
[2026-04-16T22:47:36+08:00][sql] SHOW FULL COLUMNS FROM `cmf_product_category` [ RunTime:0.001004s ]
[2026-04-16T22:47:36+08:00][sql] SELECT * FROM `cmf_product_category` WHERE  `parent_id` = 0 ORDER BY `list_order` ASC,`create_time` DESC [ RunTime:0.000414s ]
[2026-04-16T22:47:36+08:00][sql] SELECT * FROM `cmf_product_category` WHERE  `parent_id` IN (18,19,20,21,22,23,24,25,26,27) [ RunTime:0.000234s ]
[2026-04-16T22:47:36+08:00][sql] SHOW FULL COLUMNS FROM `cmf_portal_category` [ RunTime:0.001173s ]
[2026-04-16T22:47:36+08:00][sql] SELECT * FROM `cmf_portal_category` WHERE (  `type` = 8 ) AND `cmf_portal_category`.`delete_time` = '0' ORDER BY `list_order` ASC [ RunTime:0.000410s ]
[2026-04-16T22:47:36+08:00][sql] SHOW FULL COLUMNS FROM `cmf_slide_item` [ RunTime:0.001127s ]
[2026-04-16T22:47:36+08:00][sql] SELECT `title`,`description`,`image` FROM `cmf_slide_item` WHERE  `slide_id` = 12 ORDER BY `list_order` ASC LIMIT 1 [ RunTime:0.000352s ]
[2026-04-16T22:47:36+08:00][sql] SELECT * FROM `cmf_portal_category` WHERE (  `id` = 0  AND `status` = 1 ) AND `cmf_portal_category`.`delete_time` = '0' LIMIT 1 [ RunTime:0.000282s ]
[2026-04-16T22:47:36+08:00][sql] SHOW FULL COLUMNS FROM `cmf_portal_post` [ RunTime:0.001269s ]
[2026-04-16T22:47:36+08:00][sql] SELECT COUNT(*) AS think_count FROM `cmf_portal_post` `p` LEFT JOIN `cmf_portal_category_post` `c` ON `p`.`id`=`c`.`post_id` WHERE (  `post_type` = 8 ) AND `p`.`delete_time` = '0' LIMIT 1 [ RunTime:0.000492s ]
[2026-04-16T22:47:36+08:00][sql] SELECT `p`.`id`,`p`.`post_title`,`p`.`thumbnail`,`p`.`more`,c.category_id as cid,`p`.`post_excerpt`,`p`.`create_time` FROM `cmf_portal_post` `p` LEFT JOIN `cmf_portal_category_post` `c` ON `p`.`id`=`c`.`post_id` WHERE (  `post_type` = 8 ) AND `p`.`delete_time` = '0' ORDER BY `c`.`list_order` ASC,`p`.`create_time` DESC LIMIT 0,6 [ RunTime:0.000358s ]
[2026-04-16T22:47:36+08:00][sql] SHOW FULL COLUMNS FROM `cmf_theme_file` [ RunTime:0.000948s ]
[2026-04-16T22:47:36+08:00][sql] SELECT `more`,`file`,`id` FROM `cmf_theme_file` WHERE  `theme` = 'simpleboot3'  AND (  `is_public` = 1 OR `file` = 'portal/news' ) ORDER BY `is_public` DESC [ RunTime:0.000409s ]
[2026-04-16T22:47:36+08:00][sql] SELECT `option_value` FROM `cmf_option` WHERE  `option_name` = 'storage' LIMIT 1 [ RunTime:0.000391s ]
[2026-04-16T22:47:58+08:00][sql] CONNECT:[ UseTime:0.002336s ] mysql:host=127.0.0.1;port=3306;dbname=weihua;charset=utf8mb4
[2026-04-16T22:47:58+08:00][sql] SHOW FULL COLUMNS FROM `cmf_option` [ RunTime:0.017957s ]
[2026-04-16T22:47:58+08:00][sql] SELECT `option_value` FROM `cmf_option` WHERE  `option_name` = 'cdn_settings' LIMIT 1 [ RunTime:0.000627s ]
[2026-04-16T22:47:58+08:00][sql] SELECT `option_value` FROM `cmf_option` WHERE  `option_name` = 'cdn_settings' LIMIT 1 [ RunTime:0.000464s ]
[2026-04-16T22:47:58+08:00][sql] SHOW FULL COLUMNS FROM `cmf_product_category` [ RunTime:0.003674s ]
[2026-04-16T22:47:58+08:00][sql] SELECT * FROM `cmf_product_category` WHERE  `parent_id` = 0 ORDER BY `list_order` ASC,`create_time` DESC [ RunTime:0.000834s ]
[2026-04-16T22:47:58+08:00][sql] SELECT * FROM `cmf_product_category` WHERE  `parent_id` IN (18,19,20,21,22,23,24,25,26,27) [ RunTime:0.000369s ]
[2026-04-16T22:47:58+08:00][sql] SHOW FULL COLUMNS FROM `cmf_portal_category` [ RunTime:0.001280s ]
[2026-04-16T22:47:58+08:00][sql] SELECT * FROM `cmf_portal_category` WHERE (  `type` = 8 ) AND `cmf_portal_category`.`delete_time` = '0' ORDER BY `list_order` ASC [ RunTime:0.000353s ]
[2026-04-16T22:47:58+08:00][sql] SHOW FULL COLUMNS FROM `cmf_slide_item` [ RunTime:0.000947s ]
[2026-04-16T22:47:58+08:00][sql] SELECT `title`,`description`,`image` FROM `cmf_slide_item` WHERE  `slide_id` = 12 ORDER BY `list_order` ASC LIMIT 1 [ RunTime:0.000291s ]
[2026-04-16T22:47:58+08:00][sql] SELECT * FROM `cmf_portal_category` WHERE (  `id` = 0  AND `status` = 1 ) AND `cmf_portal_category`.`delete_time` = '0' LIMIT 1 [ RunTime:0.000209s ]
[2026-04-16T22:47:58+08:00][sql] SHOW FULL COLUMNS FROM `cmf_portal_post` [ RunTime:0.001108s ]
[2026-04-16T22:47:58+08:00][sql] SELECT COUNT(*) AS think_count FROM `cmf_portal_post` `p` LEFT JOIN `cmf_portal_category_post` `c` ON `p`.`id`=`c`.`post_id` WHERE (  `post_type` = 8 ) AND `p`.`delete_time` = '0' LIMIT 1 [ RunTime:0.000415s ]
[2026-04-16T22:47:58+08:00][sql] SELECT `p`.`id`,`p`.`post_title`,`p`.`thumbnail`,`p`.`more`,c.category_id as cid,`p`.`post_excerpt`,`p`.`create_time` FROM `cmf_portal_post` `p` LEFT JOIN `cmf_portal_category_post` `c` ON `p`.`id`=`c`.`post_id` WHERE (  `post_type` = 8 ) AND `p`.`delete_time` = '0' ORDER BY `c`.`list_order` ASC,`p`.`create_time` DESC LIMIT 0,6 [ RunTime:0.000306s ]
[2026-04-16T22:47:58+08:00][sql] SHOW FULL COLUMNS FROM `cmf_theme_file` [ RunTime:0.000907s ]
[2026-04-16T22:47:58+08:00][sql] SELECT `more`,`file`,`id` FROM `cmf_theme_file` WHERE  `theme` = 'simpleboot3'  AND (  `is_public` = 1 OR `file` = 'portal/news' ) ORDER BY `is_public` DESC [ RunTime:0.000323s ]
[2026-04-16T22:47:58+08:00][sql] SELECT `option_value` FROM `cmf_option` WHERE  `option_name` = 'storage' LIMIT 1 [ RunTime:0.000189s ]
[2026-04-16T22:48:15+08:00][sql] CONNECT:[ UseTime:0.001275s ] mysql:host=127.0.0.1;port=3306;dbname=weihua;charset=utf8mb4
[2026-04-16T22:48:15+08:00][sql] SHOW FULL COLUMNS FROM `cmf_option` [ RunTime:0.002252s ]
[2026-04-16T22:48:15+08:00][sql] SELECT `option_value` FROM `cmf_option` WHERE  `option_name` = 'cdn_settings' LIMIT 1 [ RunTime:0.000461s ]
[2026-04-16T22:48:15+08:00][sql] SELECT `option_value` FROM `cmf_option` WHERE  `option_name` = 'cdn_settings' LIMIT 1 [ RunTime:0.000216s ]
[2026-04-16T22:48:15+08:00][sql] SHOW FULL COLUMNS FROM `cmf_product_category` [ RunTime:0.001120s ]
[2026-04-16T22:48:15+08:00][sql] SELECT * FROM `cmf_product_category` WHERE  `parent_id` = 0 ORDER BY `list_order` ASC,`create_time` DESC [ RunTime:0.000406s ]
[2026-04-16T22:48:15+08:00][sql] SELECT * FROM `cmf_product_category` WHERE  `parent_id` IN (18,19,20,21,22,23,24,25,26,27) [ RunTime:0.000358s ]
[2026-04-16T22:48:15+08:00][sql] SHOW FULL COLUMNS FROM `cmf_portal_category` [ RunTime:0.001491s ]
[2026-04-16T22:48:15+08:00][sql] SELECT * FROM `cmf_portal_category` WHERE (  `type` = 8 ) AND `cmf_portal_category`.`delete_time` = '0' ORDER BY `list_order` ASC [ RunTime:0.000394s ]
[2026-04-16T22:48:15+08:00][sql] SHOW FULL COLUMNS FROM `cmf_slide_item` [ RunTime:0.001066s ]
[2026-04-16T22:48:15+08:00][sql] SELECT `title`,`description`,`image` FROM `cmf_slide_item` WHERE  `slide_id` = 12 ORDER BY `list_order` ASC LIMIT 1 [ RunTime:0.000350s ]
[2026-04-16T22:48:15+08:00][sql] SELECT * FROM `cmf_portal_category` WHERE (  `id` = 0  AND `status` = 1 ) AND `cmf_portal_category`.`delete_time` = '0' LIMIT 1 [ RunTime:0.000250s ]
[2026-04-16T22:48:15+08:00][sql] SHOW FULL COLUMNS FROM `cmf_portal_post` [ RunTime:0.001387s ]
[2026-04-16T22:48:15+08:00][sql] SELECT COUNT(*) AS think_count FROM `cmf_portal_post` `p` LEFT JOIN `cmf_portal_category_post` `c` ON `p`.`id`=`c`.`post_id` WHERE (  `post_type` = 8 ) AND `p`.`delete_time` = '0' LIMIT 1 [ RunTime:0.000515s ]
[2026-04-16T22:48:15+08:00][sql] SELECT `p`.`id`,`p`.`post_title`,`p`.`thumbnail`,`p`.`more`,c.category_id as cid,`p`.`post_excerpt`,`p`.`create_time` FROM `cmf_portal_post` `p` LEFT JOIN `cmf_portal_category_post` `c` ON `p`.`id`=`c`.`post_id` WHERE (  `post_type` = 8 ) AND `p`.`delete_time` = '0' ORDER BY `c`.`list_order` ASC,`p`.`create_time` DESC LIMIT 0,6 [ RunTime:0.000628s ]
[2026-04-16T22:48:15+08:00][sql] SHOW FULL COLUMNS FROM `cmf_theme_file` [ RunTime:0.001158s ]
[2026-04-16T22:48:15+08:00][sql] SELECT `more`,`file`,`id` FROM `cmf_theme_file` WHERE  `theme` = 'simpleboot3'  AND (  `is_public` = 1 OR `file` = 'portal/news' ) ORDER BY `is_public` DESC [ RunTime:0.000382s ]
[2026-04-16T22:48:15+08:00][sql] SELECT `option_value` FROM `cmf_option` WHERE  `option_name` = 'storage' LIMIT 1 [ RunTime:0.000579s ]
[2026-04-16T22:48:39+08:00][sql] CONNECT:[ UseTime:0.001433s ] mysql:host=127.0.0.1;port=3306;dbname=weihua;charset=utf8mb4
[2026-04-16T22:48:39+08:00][sql] SHOW FULL COLUMNS FROM `cmf_option` [ RunTime:0.003333s ]
[2026-04-16T22:48:39+08:00][sql] SELECT `option_value` FROM `cmf_option` WHERE  `option_name` = 'cdn_settings' LIMIT 1 [ RunTime:0.000512s ]
[2026-04-16T22:48:39+08:00][sql] SELECT `option_value` FROM `cmf_option` WHERE  `option_name` = 'cdn_settings' LIMIT 1 [ RunTime:0.013384s ]
[2026-04-16T22:48:39+08:00][sql] SHOW FULL COLUMNS FROM `cmf_product_category` [ RunTime:0.002317s ]
[2026-04-16T22:48:39+08:00][sql] SELECT * FROM `cmf_product_category` WHERE  `parent_id` = 0 ORDER BY `list_order` ASC,`create_time` DESC [ RunTime:0.000486s ]
[2026-04-16T22:48:39+08:00][sql] SELECT * FROM `cmf_product_category` WHERE  `parent_id` IN (18,19,20,21,22,23,24,25,26,27) [ RunTime:0.000293s ]
[2026-04-16T22:48:39+08:00][sql] SHOW FULL COLUMNS FROM `cmf_portal_category` [ RunTime:0.001267s ]
[2026-04-16T22:48:39+08:00][sql] SELECT * FROM `cmf_portal_category` WHERE (  `type` = 8 ) AND `cmf_portal_category`.`delete_time` = '0' ORDER BY `list_order` ASC [ RunTime:0.000423s ]
[2026-04-16T22:48:39+08:00][sql] SHOW FULL COLUMNS FROM `cmf_slide_item` [ RunTime:0.001426s ]
[2026-04-16T22:48:39+08:00][sql] SELECT `title`,`description`,`image` FROM `cmf_slide_item` WHERE  `slide_id` = 12 ORDER BY `list_order` ASC LIMIT 1 [ RunTime:0.000576s ]
[2026-04-16T22:48:39+08:00][sql] SELECT * FROM `cmf_portal_category` WHERE (  `id` = 0  AND `status` = 1 ) AND `cmf_portal_category`.`delete_time` = '0' LIMIT 1 [ RunTime:0.000250s ]
[2026-04-16T22:48:39+08:00][sql] SHOW FULL COLUMNS FROM `cmf_portal_post` [ RunTime:0.001426s ]
[2026-04-16T22:48:39+08:00][sql] SELECT COUNT(*) AS think_count FROM `cmf_portal_post` `p` LEFT JOIN `cmf_portal_category_post` `c` ON `p`.`id`=`c`.`post_id` WHERE (  `post_type` = 8 ) AND `p`.`delete_time` = '0' LIMIT 1 [ RunTime:0.000672s ]
[2026-04-16T22:48:39+08:00][sql] SELECT `p`.`id`,`p`.`post_title`,`p`.`thumbnail`,`p`.`more`,c.category_id as cid,`p`.`post_excerpt`,`p`.`create_time` FROM `cmf_portal_post` `p` LEFT JOIN `cmf_portal_category_post` `c` ON `p`.`id`=`c`.`post_id` WHERE (  `post_type` = 8 ) AND `p`.`delete_time` = '0' ORDER BY `c`.`list_order` ASC,`p`.`create_time` DESC LIMIT 0,6 [ RunTime:0.000378s ]
[2026-04-16T22:48:39+08:00][sql] SHOW FULL COLUMNS FROM `cmf_theme_file` [ RunTime:0.000963s ]
[2026-04-16T22:48:39+08:00][sql] SELECT `more`,`file`,`id` FROM `cmf_theme_file` WHERE  `theme` = 'simpleboot3'  AND (  `is_public` = 1 OR `file` = 'portal/news' ) ORDER BY `is_public` DESC [ RunTime:0.000346s ]
[2026-04-16T22:48:39+08:00][sql] SELECT `option_value` FROM `cmf_option` WHERE  `option_name` = 'storage' LIMIT 1 [ RunTime:0.000282s ]
[2026-04-16T22:49:06+08:00][sql] CONNECT:[ UseTime:0.001467s ] mysql:host=127.0.0.1;port=3306;dbname=weihua;charset=utf8mb4
[2026-04-16T22:49:06+08:00][sql] SHOW FULL COLUMNS FROM `cmf_option` [ RunTime:0.003294s ]
[2026-04-16T22:49:06+08:00][sql] SELECT `option_value` FROM `cmf_option` WHERE  `option_name` = 'cdn_settings' LIMIT 1 [ RunTime:0.000470s ]
[2026-04-16T22:49:06+08:00][sql] SELECT `option_value` FROM `cmf_option` WHERE  `option_name` = 'cdn_settings' LIMIT 1 [ RunTime:0.000375s ]
[2026-04-16T22:49:06+08:00][sql] SHOW FULL COLUMNS FROM `cmf_product_category` [ RunTime:0.001791s ]
[2026-04-16T22:49:06+08:00][sql] SELECT * FROM `cmf_product_category` WHERE  `parent_id` = 0 ORDER BY `list_order` ASC,`create_time` DESC [ RunTime:0.000745s ]
[2026-04-16T22:49:06+08:00][sql] SELECT * FROM `cmf_product_category` WHERE  `parent_id` IN (18,19,20,21,22,23,24,25,26,27) [ RunTime:0.000433s ]
[2026-04-16T22:49:06+08:00][sql] SHOW FULL COLUMNS FROM `cmf_portal_category` [ RunTime:0.001870s ]
[2026-04-16T22:49:06+08:00][sql] SELECT * FROM `cmf_portal_category` WHERE (  `type` = 8 ) AND `cmf_portal_category`.`delete_time` = '0' ORDER BY `list_order` ASC [ RunTime:0.000508s ]
[2026-04-16T22:49:06+08:00][sql] SHOW FULL COLUMNS FROM `cmf_slide_item` [ RunTime:0.001542s ]
[2026-04-16T22:49:06+08:00][sql] SELECT `title`,`description`,`image` FROM `cmf_slide_item` WHERE  `slide_id` = 12 ORDER BY `list_order` ASC LIMIT 1 [ RunTime:0.000352s ]
[2026-04-16T22:49:06+08:00][sql] SELECT * FROM `cmf_portal_category` WHERE (  `id` = 0  AND `status` = 1 ) AND `cmf_portal_category`.`delete_time` = '0' LIMIT 1 [ RunTime:0.000319s ]
[2026-04-16T22:49:06+08:00][sql] SHOW FULL COLUMNS FROM `cmf_portal_post` [ RunTime:0.001483s ]
[2026-04-16T22:49:06+08:00][sql] SELECT COUNT(*) AS think_count FROM `cmf_portal_post` `p` LEFT JOIN `cmf_portal_category_post` `c` ON `p`.`id`=`c`.`post_id` WHERE (  `post_type` = 8 ) AND `p`.`delete_time` = '0' LIMIT 1 [ RunTime:0.000512s ]
[2026-04-16T22:49:06+08:00][sql] SELECT `p`.`id`,`p`.`post_title`,`p`.`thumbnail`,`p`.`more`,c.category_id as cid,`p`.`post_excerpt`,`p`.`create_time` FROM `cmf_portal_post` `p` LEFT JOIN `cmf_portal_category_post` `c` ON `p`.`id`=`c`.`post_id` WHERE (  `post_type` = 8 ) AND `p`.`delete_time` = '0' ORDER BY `c`.`list_order` ASC,`p`.`create_time` DESC LIMIT 0,6 [ RunTime:0.000368s ]
[2026-04-16T22:49:06+08:00][sql] SHOW FULL COLUMNS FROM `cmf_theme_file` [ RunTime:0.000914s ]
[2026-04-16T22:49:06+08:00][sql] SELECT `more`,`file`,`id` FROM `cmf_theme_file` WHERE  `theme` = 'simpleboot3'  AND (  `is_public` = 1 OR `file` = 'portal/news' ) ORDER BY `is_public` DESC [ RunTime:0.000515s ]
[2026-04-16T22:49:06+08:00][sql] SELECT `option_value` FROM `cmf_option` WHERE  `option_name` = 'storage' LIMIT 1 [ RunTime:0.000229s ]
[2026-04-16T22:49:22+08:00][sql] CONNECT:[ UseTime:0.011517s ] mysql:host=127.0.0.1;port=3306;dbname=weihua;charset=utf8mb4
[2026-04-16T22:49:22+08:00][sql] SHOW FULL COLUMNS FROM `cmf_option` [ RunTime:0.001752s ]
[2026-04-16T22:49:22+08:00][sql] SELECT `option_value` FROM `cmf_option` WHERE  `option_name` = 'cdn_settings' LIMIT 1 [ RunTime:0.000307s ]
[2026-04-16T22:49:22+08:00][sql] SELECT `option_value` FROM `cmf_option` WHERE  `option_name` = 'cdn_settings' LIMIT 1 [ RunTime:0.000225s ]
[2026-04-16T22:49:22+08:00][sql] SHOW FULL COLUMNS FROM `cmf_product_category` [ RunTime:0.001059s ]
[2026-04-16T22:49:22+08:00][sql] SELECT * FROM `cmf_product_category` WHERE  `parent_id` = 0 ORDER BY `list_order` ASC,`create_time` DESC [ RunTime:0.000485s ]
[2026-04-16T22:49:22+08:00][sql] SELECT * FROM `cmf_product_category` WHERE  `parent_id` IN (18,19,20,21,22,23,24,25,26,27) [ RunTime:0.000333s ]
[2026-04-16T22:49:22+08:00][sql] SHOW FULL COLUMNS FROM `cmf_portal_category` [ RunTime:0.001466s ]
[2026-04-16T22:49:22+08:00][sql] SELECT * FROM `cmf_portal_category` WHERE (  `type` = 8 ) AND `cmf_portal_category`.`delete_time` = '0' ORDER BY `list_order` ASC [ RunTime:0.000461s ]
[2026-04-16T22:49:22+08:00][sql] SHOW FULL COLUMNS FROM `cmf_slide_item` [ RunTime:0.001292s ]
[2026-04-16T22:49:22+08:00][sql] SELECT `title`,`description`,`image` FROM `cmf_slide_item` WHERE  `slide_id` = 4 ORDER BY `list_order` ASC LIMIT 1 [ RunTime:0.000405s ]
[2026-04-16T22:49:22+08:00][sql] SHOW FULL COLUMNS FROM `cmf_theme_file` [ RunTime:0.001279s ]
[2026-04-16T22:49:22+08:00][sql] SELECT `more`,`file`,`id` FROM `cmf_theme_file` WHERE  `theme` = 'simpleboot3'  AND (  `is_public` = 1 OR `file` = 'portal/about' ) ORDER BY `is_public` DESC [ RunTime:0.000643s ]
[2026-04-16T22:49:22+08:00][sql] SELECT `option_value` FROM `cmf_option` WHERE  `option_name` = 'storage' LIMIT 1 [ RunTime:0.000460s ]
[2026-04-16T22:49:30+08:00][sql] CONNECT:[ UseTime:0.001451s ] mysql:host=127.0.0.1;port=3306;dbname=weihua;charset=utf8mb4
[2026-04-16T22:49:30+08:00][sql] SHOW FULL COLUMNS FROM `cmf_option` [ RunTime:0.002168s ]
[2026-04-16T22:49:30+08:00][sql] SELECT `option_value` FROM `cmf_option` WHERE  `option_name` = 'cdn_settings' LIMIT 1 [ RunTime:0.000359s ]
[2026-04-16T22:49:30+08:00][sql] SELECT `option_value` FROM `cmf_option` WHERE  `option_name` = 'cdn_settings' LIMIT 1 [ RunTime:0.000317s ]
[2026-04-16T22:49:30+08:00][sql] SHOW FULL COLUMNS FROM `cmf_product_category` [ RunTime:0.001371s ]
[2026-04-16T22:49:30+08:00][sql] SELECT * FROM `cmf_product_category` WHERE  `parent_id` = 0 ORDER BY `list_order` ASC,`create_time` DESC [ RunTime:0.000748s ]
[2026-04-16T22:49:30+08:00][sql] SELECT * FROM `cmf_product_category` WHERE  `parent_id` IN (18,19,20,21,22,23,24,25,26,27) [ RunTime:0.000280s ]
[2026-04-16T22:49:30+08:00][sql] SHOW FULL COLUMNS FROM `cmf_portal_category` [ RunTime:0.001233s ]
[2026-04-16T22:49:30+08:00][sql] SELECT * FROM `cmf_portal_category` WHERE (  `type` = 8 ) AND `cmf_portal_category`.`delete_time` = '0' ORDER BY `list_order` ASC [ RunTime:0.000401s ]
[2026-04-16T22:49:30+08:00][sql] SHOW FULL COLUMNS FROM `cmf_slide_item` [ RunTime:0.001932s ]
[2026-04-16T22:49:30+08:00][sql] SELECT `title`,`description`,`image` FROM `cmf_slide_item` WHERE  `slide_id` = 4 ORDER BY `list_order` ASC LIMIT 1 [ RunTime:0.000552s ]
[2026-04-16T22:49:30+08:00][sql] SHOW FULL COLUMNS FROM `cmf_theme_file` [ RunTime:0.001561s ]
[2026-04-16T22:49:30+08:00][sql] SELECT `more`,`file`,`id` FROM `cmf_theme_file` WHERE  `theme` = 'simpleboot3'  AND (  `is_public` = 1 OR `file` = 'portal/cert' ) ORDER BY `is_public` DESC [ RunTime:0.000345s ]
[2026-04-16T22:49:30+08:00][sql] SELECT `option_value` FROM `cmf_option` WHERE  `option_name` = 'storage' LIMIT 1 [ RunTime:0.000562s ]
[2026-04-16T22:49:44+08:00][sql] CONNECT:[ UseTime:0.000711s ] mysql:host=127.0.0.1;port=3306;dbname=weihua;charset=utf8mb4
[2026-04-16T22:49:44+08:00][sql] SHOW FULL COLUMNS FROM `cmf_option` [ RunTime:0.001431s ]
[2026-04-16T22:49:44+08:00][sql] SELECT `option_value` FROM `cmf_option` WHERE  `option_name` = 'cdn_settings' LIMIT 1 [ RunTime:0.000266s ]
[2026-04-16T22:49:44+08:00][sql] SELECT `option_value` FROM `cmf_option` WHERE  `option_name` = 'cdn_settings' LIMIT 1 [ RunTime:0.000184s ]
[2026-04-16T22:49:44+08:00][sql] SHOW FULL COLUMNS FROM `cmf_product_category` [ RunTime:0.000935s ]
[2026-04-16T22:49:44+08:00][sql] SELECT * FROM `cmf_product_category` WHERE  `parent_id` = 0 ORDER BY `list_order` ASC,`create_time` DESC [ RunTime:0.000284s ]
[2026-04-16T22:49:44+08:00][sql] SELECT * FROM `cmf_product_category` WHERE  `parent_id` IN (18,19,20,21,22,23,24,25,26,27) [ RunTime:0.000356s ]
[2026-04-16T22:49:44+08:00][sql] SHOW FULL COLUMNS FROM `cmf_portal_category` [ RunTime:0.001405s ]
[2026-04-16T22:49:44+08:00][sql] SELECT * FROM `cmf_portal_category` WHERE (  `type` = 8 ) AND `cmf_portal_category`.`delete_time` = '0' ORDER BY `list_order` ASC [ RunTime:0.000271s ]
[2026-04-16T22:49:44+08:00][sql] SHOW FULL COLUMNS FROM `cmf_slide_item` [ RunTime:0.000983s ]
[2026-04-16T22:49:44+08:00][sql] SELECT `title`,`description`,`image` FROM `cmf_slide_item` WHERE  `slide_id` = 4 ORDER BY `list_order` ASC LIMIT 1 [ RunTime:0.000257s ]
[2026-04-16T22:49:44+08:00][sql] SHOW FULL COLUMNS FROM `cmf_theme_file` [ RunTime:0.000910s ]
[2026-04-16T22:49:44+08:00][sql] SELECT `more`,`file`,`id` FROM `cmf_theme_file` WHERE  `theme` = 'simpleboot3'  AND (  `is_public` = 1 OR `file` = 'portal/cert' ) ORDER BY `is_public` DESC [ RunTime:0.000276s ]
[2026-04-16T22:49:44+08:00][sql] SELECT `option_value` FROM `cmf_option` WHERE  `option_name` = 'storage' LIMIT 1 [ RunTime:0.000525s ]
[2026-04-16T22:49:57+08:00][sql] CONNECT:[ UseTime:0.001195s ] mysql:host=127.0.0.1;port=3306;dbname=weihua;charset=utf8mb4
[2026-04-16T22:49:57+08:00][sql] SHOW FULL COLUMNS FROM `cmf_option` [ RunTime:0.001856s ]
[2026-04-16T22:49:57+08:00][sql] SELECT `option_value` FROM `cmf_option` WHERE  `option_name` = 'cdn_settings' LIMIT 1 [ RunTime:0.000454s ]
[2026-04-16T22:49:57+08:00][sql] SELECT `option_value` FROM `cmf_option` WHERE  `option_name` = 'cdn_settings' LIMIT 1 [ RunTime:0.000331s ]
[2026-04-16T22:49:57+08:00][sql] SHOW FULL COLUMNS FROM `cmf_product_category` [ RunTime:0.001760s ]
[2026-04-16T22:49:57+08:00][sql] SELECT * FROM `cmf_product_category` WHERE  `parent_id` = 0 ORDER BY `list_order` ASC,`create_time` DESC [ RunTime:0.000518s ]
[2026-04-16T22:49:57+08:00][sql] SELECT * FROM `cmf_product_category` WHERE  `parent_id` IN (18,19,20,21,22,23,24,25,26,27) [ RunTime:0.000380s ]
[2026-04-16T22:49:57+08:00][sql] SHOW FULL COLUMNS FROM `cmf_portal_category` [ RunTime:0.001941s ]
[2026-04-16T22:49:57+08:00][sql] SELECT * FROM `cmf_portal_category` WHERE (  `type` = 8 ) AND `cmf_portal_category`.`delete_time` = '0' ORDER BY `list_order` ASC [ RunTime:0.000687s ]
[2026-04-16T22:49:57+08:00][sql] SHOW FULL COLUMNS FROM `cmf_slide_item` [ RunTime:0.002170s ]
[2026-04-16T22:49:57+08:00][sql] SELECT `title`,`description`,`image` FROM `cmf_slide_item` WHERE  `slide_id` = 4 ORDER BY `list_order` ASC LIMIT 1 [ RunTime:0.000655s ]
[2026-04-16T22:49:57+08:00][sql] SHOW FULL COLUMNS FROM `cmf_theme_file` [ RunTime:0.001894s ]
[2026-04-16T22:49:57+08:00][sql] SELECT `more`,`file`,`id` FROM `cmf_theme_file` WHERE  `theme` = 'simpleboot3'  AND (  `is_public` = 1 OR `file` = 'portal/cert' ) ORDER BY `is_public` DESC [ RunTime:0.000300s ]
[2026-04-16T22:49:57+08:00][sql] SELECT `option_value` FROM `cmf_option` WHERE  `option_name` = 'storage' LIMIT 1 [ RunTime:0.000312s ]
[2026-04-16T22:50:03+08:00][sql] CONNECT:[ UseTime:0.002437s ] mysql:host=127.0.0.1;port=3306;dbname=weihua;charset=utf8mb4
[2026-04-16T22:50:03+08:00][sql] SHOW FULL COLUMNS FROM `cmf_option` [ RunTime:0.004356s ]
[2026-04-16T22:50:03+08:00][sql] SELECT `option_value` FROM `cmf_option` WHERE  `option_name` = 'cdn_settings' LIMIT 1 [ RunTime:0.000682s ]
[2026-04-16T22:50:03+08:00][sql] SELECT `option_value` FROM `cmf_option` WHERE  `option_name` = 'cdn_settings' LIMIT 1 [ RunTime:0.000307s ]
[2026-04-16T22:50:03+08:00][sql] SHOW FULL COLUMNS FROM `cmf_product_category` [ RunTime:0.001469s ]
[2026-04-16T22:50:03+08:00][sql] SELECT * FROM `cmf_product_category` WHERE  `parent_id` = 0 ORDER BY `list_order` ASC,`create_time` DESC [ RunTime:0.000696s ]
[2026-04-16T22:50:03+08:00][sql] SELECT * FROM `cmf_product_category` WHERE  `parent_id` IN (18,19,20,21,22,23,24,25,26,27) [ RunTime:0.000307s ]
[2026-04-16T22:50:03+08:00][sql] SHOW FULL COLUMNS FROM `cmf_portal_category` [ RunTime:0.001654s ]
[2026-04-16T22:50:03+08:00][sql] SELECT * FROM `cmf_portal_category` WHERE (  `type` = 8 ) AND `cmf_portal_category`.`delete_time` = '0' ORDER BY `list_order` ASC [ RunTime:0.000630s ]
[2026-04-16T22:50:03+08:00][sql] SHOW FULL COLUMNS FROM `cmf_slide_item` [ RunTime:0.001678s ]
[2026-04-16T22:50:03+08:00][sql] SELECT `title`,`description`,`image` FROM `cmf_slide_item` WHERE  `slide_id` = 4 ORDER BY `list_order` ASC LIMIT 1 [ RunTime:0.000495s ]
[2026-04-16T22:50:03+08:00][sql] SHOW FULL COLUMNS FROM `cmf_theme_file` [ RunTime:0.001585s ]
[2026-04-16T22:50:03+08:00][sql] SELECT `more`,`file`,`id` FROM `cmf_theme_file` WHERE  `theme` = 'simpleboot3'  AND (  `is_public` = 1 OR `file` = 'portal/cert' ) ORDER BY `is_public` DESC [ RunTime:0.000439s ]
[2026-04-16T22:50:03+08:00][sql] SELECT `option_value` FROM `cmf_option` WHERE  `option_name` = 'storage' LIMIT 1 [ RunTime:0.000425s ]
[2026-04-16T22:50:15+08:00][sql] CONNECT:[ UseTime:0.001679s ] mysql:host=127.0.0.1;port=3306;dbname=weihua;charset=utf8mb4
[2026-04-16T22:50:15+08:00][sql] SHOW FULL COLUMNS FROM `cmf_option` [ RunTime:0.002778s ]
[2026-04-16T22:50:15+08:00][sql] SELECT `option_value` FROM `cmf_option` WHERE  `option_name` = 'cdn_settings' LIMIT 1 [ RunTime:0.000415s ]
[2026-04-16T22:50:15+08:00][sql] SELECT `option_value` FROM `cmf_option` WHERE  `option_name` = 'cdn_settings' LIMIT 1 [ RunTime:0.000282s ]
[2026-04-16T22:50:15+08:00][sql] SHOW FULL COLUMNS FROM `cmf_product_category` [ RunTime:0.002044s ]
[2026-04-16T22:50:15+08:00][sql] SELECT * FROM `cmf_product_category` WHERE  `parent_id` = 0 ORDER BY `list_order` ASC,`create_time` DESC [ RunTime:0.000768s ]
[2026-04-16T22:50:15+08:00][sql] SELECT * FROM `cmf_product_category` WHERE  `parent_id` IN (18,19,20,21,22,23,24,25,26,27) [ RunTime:0.000460s ]
[2026-04-16T22:50:15+08:00][sql] SHOW FULL COLUMNS FROM `cmf_portal_category` [ RunTime:0.001985s ]
[2026-04-16T22:50:15+08:00][sql] SELECT * FROM `cmf_portal_category` WHERE (  `type` = 8 ) AND `cmf_portal_category`.`delete_time` = '0' ORDER BY `list_order` ASC [ RunTime:0.001348s ]
[2026-04-16T22:50:15+08:00][sql] SHOW FULL COLUMNS FROM `cmf_slide_item` [ RunTime:0.002137s ]
[2026-04-16T22:50:15+08:00][sql] SELECT `title`,`description`,`image` FROM `cmf_slide_item` WHERE  `slide_id` = 4 ORDER BY `list_order` ASC LIMIT 1 [ RunTime:0.000451s ]
[2026-04-16T22:50:15+08:00][sql] SHOW FULL COLUMNS FROM `cmf_theme_file` [ RunTime:0.001446s ]
[2026-04-16T22:50:15+08:00][sql] SELECT `more`,`file`,`id` FROM `cmf_theme_file` WHERE  `theme` = 'simpleboot3'  AND (  `is_public` = 1 OR `file` = 'portal/cert' ) ORDER BY `is_public` DESC [ RunTime:0.000563s ]
[2026-04-16T22:50:15+08:00][sql] SELECT `option_value` FROM `cmf_option` WHERE  `option_name` = 'storage' LIMIT 1 [ RunTime:0.000839s ]
[2026-04-16T22:50:31+08:00][sql] CONNECT:[ UseTime:0.001572s ] mysql:host=127.0.0.1;port=3306;dbname=weihua;charset=utf8mb4
[2026-04-16T22:50:31+08:00][sql] SHOW FULL COLUMNS FROM `cmf_option` [ RunTime:0.002286s ]
[2026-04-16T22:50:31+08:00][sql] SELECT `option_value` FROM `cmf_option` WHERE  `option_name` = 'cdn_settings' LIMIT 1 [ RunTime:0.000667s ]
[2026-04-16T22:50:31+08:00][sql] SELECT `option_value` FROM `cmf_option` WHERE  `option_name` = 'cdn_settings' LIMIT 1 [ RunTime:0.000413s ]
[2026-04-16T22:50:31+08:00][sql] SHOW FULL COLUMNS FROM `cmf_product_category` [ RunTime:0.002224s ]
[2026-04-16T22:50:31+08:00][sql] SELECT * FROM `cmf_product_category` WHERE  `parent_id` = 0 ORDER BY `list_order` ASC,`create_time` DESC [ RunTime:0.000411s ]
[2026-04-16T22:50:31+08:00][sql] SELECT * FROM `cmf_product_category` WHERE  `parent_id` IN (18,19,20,21,22,23,24,25,26,27) [ RunTime:0.000296s ]
[2026-04-16T22:50:31+08:00][sql] SHOW FULL COLUMNS FROM `cmf_portal_category` [ RunTime:0.001442s ]
[2026-04-16T22:50:31+08:00][sql] SELECT * FROM `cmf_portal_category` WHERE (  `type` = 8 ) AND `cmf_portal_category`.`delete_time` = '0' ORDER BY `list_order` ASC [ RunTime:0.000379s ]
[2026-04-16T22:50:31+08:00][sql] SHOW FULL COLUMNS FROM `cmf_slide_item` [ RunTime:0.001093s ]
[2026-04-16T22:50:31+08:00][sql] SELECT `title`,`description`,`image` FROM `cmf_slide_item` WHERE  `slide_id` = 4 ORDER BY `list_order` ASC LIMIT 1 [ RunTime:0.000325s ]
[2026-04-16T22:50:31+08:00][sql] SHOW FULL COLUMNS FROM `cmf_theme_file` [ RunTime:0.001141s ]
[2026-04-16T22:50:31+08:00][sql] SELECT `more`,`file`,`id` FROM `cmf_theme_file` WHERE  `theme` = 'simpleboot3'  AND (  `is_public` = 1 OR `file` = 'portal/create' ) ORDER BY `is_public` DESC [ RunTime:0.000347s ]
[2026-04-16T22:50:31+08:00][sql] SELECT `option_value` FROM `cmf_option` WHERE  `option_name` = 'storage' LIMIT 1 [ RunTime:0.000722s ]
[2026-04-16T22:50:42+08:00][sql] CONNECT:[ UseTime:0.001523s ] mysql:host=127.0.0.1;port=3306;dbname=weihua;charset=utf8mb4
[2026-04-16T22:50:42+08:00][sql] SHOW FULL COLUMNS FROM `cmf_option` [ RunTime:0.002297s ]
[2026-04-16T22:50:42+08:00][sql] SELECT `option_value` FROM `cmf_option` WHERE  `option_name` = 'cdn_settings' LIMIT 1 [ RunTime:0.000333s ]
[2026-04-16T22:50:42+08:00][sql] SELECT `option_value` FROM `cmf_option` WHERE  `option_name` = 'cdn_settings' LIMIT 1 [ RunTime:0.000234s ]
[2026-04-16T22:50:42+08:00][sql] SHOW FULL COLUMNS FROM `cmf_product_category` [ RunTime:0.001223s ]
[2026-04-16T22:50:42+08:00][sql] SELECT * FROM `cmf_product_category` WHERE  `parent_id` = 0 ORDER BY `list_order` ASC,`create_time` DESC [ RunTime:0.000657s ]
[2026-04-16T22:50:42+08:00][sql] SELECT * FROM `cmf_product_category` WHERE  `parent_id` IN (18,19,20,21,22,23,24,25,26,27) [ RunTime:0.000299s ]
[2026-04-16T22:50:42+08:00][sql] SHOW FULL COLUMNS FROM `cmf_portal_category` [ RunTime:0.001326s ]
[2026-04-16T22:50:42+08:00][sql] SELECT * FROM `cmf_portal_category` WHERE (  `type` = 8 ) AND `cmf_portal_category`.`delete_time` = '0' ORDER BY `list_order` ASC [ RunTime:0.000450s ]
[2026-04-16T22:50:42+08:00][sql] SHOW FULL COLUMNS FROM `cmf_slide_item` [ RunTime:0.001659s ]
[2026-04-16T22:50:42+08:00][sql] SELECT `title`,`description`,`image` FROM `cmf_slide_item` WHERE  `slide_id` = 6 ORDER BY `list_order` ASC LIMIT 1 [ RunTime:0.000530s ]
[2026-04-16T22:50:42+08:00][sql] SHOW FULL COLUMNS FROM `cmf_theme_file` [ RunTime:0.001196s ]
[2026-04-16T22:50:42+08:00][sql] SELECT `more`,`file`,`id` FROM `cmf_theme_file` WHERE  `theme` = 'simpleboot3'  AND (  `is_public` = 1 OR `file` = 'portal/service' ) ORDER BY `is_public` DESC [ RunTime:0.000336s ]
[2026-04-16T22:50:42+08:00][sql] SELECT `option_value` FROM `cmf_option` WHERE  `option_name` = 'storage' LIMIT 1 [ RunTime:0.000286s ]
[2026-04-16T22:50:44+08:00][sql] CONNECT:[ UseTime:0.002111s ] mysql:host=127.0.0.1;port=3306;dbname=weihua;charset=utf8mb4
[2026-04-16T22:50:44+08:00][sql] SHOW FULL COLUMNS FROM `cmf_option` [ RunTime:0.003333s ]
[2026-04-16T22:50:44+08:00][sql] SELECT `option_value` FROM `cmf_option` WHERE  `option_name` = 'cdn_settings' LIMIT 1 [ RunTime:0.000475s ]
[2026-04-16T22:50:44+08:00][sql] SELECT `option_value` FROM `cmf_option` WHERE  `option_name` = 'cdn_settings' LIMIT 1 [ RunTime:0.000426s ]
[2026-04-16T22:50:44+08:00][sql] SHOW FULL COLUMNS FROM `cmf_product_category` [ RunTime:0.002466s ]
[2026-04-16T22:50:44+08:00][sql] SELECT * FROM `cmf_product_category` WHERE  `parent_id` = 0 ORDER BY `list_order` ASC,`create_time` DESC [ RunTime:0.000818s ]
[2026-04-16T22:50:44+08:00][sql] SELECT * FROM `cmf_product_category` WHERE  `parent_id` IN (18,19,20,21,22,23,24,25,26,27) [ RunTime:0.000467s ]
[2026-04-16T22:50:44+08:00][sql] SHOW FULL COLUMNS FROM `cmf_portal_category` [ RunTime:0.002302s ]
[2026-04-16T22:50:44+08:00][sql] SELECT * FROM `cmf_portal_category` WHERE (  `type` = 8 ) AND `cmf_portal_category`.`delete_time` = '0' ORDER BY `list_order` ASC [ RunTime:0.000503s ]
[2026-04-16T22:50:44+08:00][sql] SHOW FULL COLUMNS FROM `cmf_slide_item` [ RunTime:0.001426s ]
[2026-04-16T22:50:44+08:00][sql] SELECT `title`,`description`,`image` FROM `cmf_slide_item` WHERE  `slide_id` = 6 ORDER BY `list_order` ASC LIMIT 1 [ RunTime:0.000598s ]
[2026-04-16T22:50:44+08:00][sql] SHOW FULL COLUMNS FROM `cmf_portal_post` [ RunTime:0.001860s ]
[2026-04-16T22:50:44+08:00][sql] SELECT `id`,`post_title`,`more` FROM `cmf_portal_post` WHERE (  `post_type` = 4 ) AND `cmf_portal_post`.`delete_time` = '0' [ RunTime:0.000774s ]
[2026-04-16T22:50:44+08:00][sql] SHOW FULL COLUMNS FROM `cmf_theme_file` [ RunTime:0.001514s ]
[2026-04-16T22:50:44+08:00][sql] SELECT `more`,`file`,`id` FROM `cmf_theme_file` WHERE  `theme` = 'simpleboot3'  AND (  `is_public` = 1 OR `file` = 'portal/download' ) ORDER BY `is_public` DESC [ RunTime:0.000544s ]
[2026-04-16T22:50:44+08:00][sql] SELECT `option_value` FROM `cmf_option` WHERE  `option_name` = 'storage' LIMIT 1 [ RunTime:0.000716s ]
[2026-04-16T22:50:59+08:00][sql] CONNECT:[ UseTime:0.003034s ] mysql:host=127.0.0.1;port=3306;dbname=weihua;charset=utf8mb4
[2026-04-16T22:50:59+08:00][sql] SHOW FULL COLUMNS FROM `cmf_option` [ RunTime:0.005332s ]
[2026-04-16T22:50:59+08:00][sql] SELECT `option_value` FROM `cmf_option` WHERE  `option_name` = 'cdn_settings' LIMIT 1 [ RunTime:0.000805s ]
[2026-04-16T22:50:59+08:00][sql] SELECT `option_value` FROM `cmf_option` WHERE  `option_name` = 'cdn_settings' LIMIT 1 [ RunTime:0.000501s ]
[2026-04-16T22:50:59+08:00][sql] SHOW FULL COLUMNS FROM `cmf_product_category` [ RunTime:0.003000s ]
[2026-04-16T22:50:59+08:00][sql] SELECT * FROM `cmf_product_category` WHERE  `parent_id` = 0 ORDER BY `list_order` ASC,`create_time` DESC [ RunTime:0.000945s ]
[2026-04-16T22:50:59+08:00][sql] SELECT * FROM `cmf_product_category` WHERE  `parent_id` IN (18,19,20,21,22,23,24,25,26,27) [ RunTime:0.000631s ]
[2026-04-16T22:50:59+08:00][sql] SHOW FULL COLUMNS FROM `cmf_portal_category` [ RunTime:0.002721s ]
[2026-04-16T22:50:59+08:00][sql] SELECT * FROM `cmf_portal_category` WHERE (  `type` = 8 ) AND `cmf_portal_category`.`delete_time` = '0' ORDER BY `list_order` ASC [ RunTime:0.000853s ]
[2026-04-16T22:50:59+08:00][sql] SHOW FULL COLUMNS FROM `cmf_slide_item` [ RunTime:0.001334s ]
[2026-04-16T22:50:59+08:00][sql] SELECT `title`,`description`,`image` FROM `cmf_slide_item` WHERE  `slide_id` = 6 ORDER BY `list_order` ASC LIMIT 1 [ RunTime:0.000473s ]
[2026-04-16T22:50:59+08:00][sql] SHOW FULL COLUMNS FROM `cmf_portal_post` [ RunTime:0.001267s ]
[2026-04-16T22:50:59+08:00][sql] SELECT `id`,`post_title`,`more` FROM `cmf_portal_post` WHERE (  `post_type` = 4 ) AND `cmf_portal_post`.`delete_time` = '0' [ RunTime:0.000379s ]
[2026-04-16T22:50:59+08:00][sql] SHOW FULL COLUMNS FROM `cmf_theme_file` [ RunTime:0.002294s ]
[2026-04-16T22:50:59+08:00][sql] SELECT `more`,`file`,`id` FROM `cmf_theme_file` WHERE  `theme` = 'simpleboot3'  AND (  `is_public` = 1 OR `file` = 'portal/download' ) ORDER BY `is_public` DESC [ RunTime:0.000937s ]
[2026-04-16T22:50:59+08:00][sql] SELECT `option_value` FROM `cmf_option` WHERE  `option_name` = 'storage' LIMIT 1 [ RunTime:0.000432s ]
[2026-04-16T22:51:13+08:00][sql] CONNECT:[ UseTime:0.001230s ] mysql:host=127.0.0.1;port=3306;dbname=weihua;charset=utf8mb4
[2026-04-16T22:51:13+08:00][sql] SHOW FULL COLUMNS FROM `cmf_option` [ RunTime:0.003142s ]
[2026-04-16T22:51:13+08:00][sql] SELECT `option_value` FROM `cmf_option` WHERE  `option_name` = 'cdn_settings' LIMIT 1 [ RunTime:0.000492s ]
[2026-04-16T22:51:13+08:00][sql] SELECT `option_value` FROM `cmf_option` WHERE  `option_name` = 'cdn_settings' LIMIT 1 [ RunTime:0.000377s ]
[2026-04-16T22:51:13+08:00][sql] SHOW FULL COLUMNS FROM `cmf_product_category` [ RunTime:0.002082s ]
[2026-04-16T22:51:13+08:00][sql] SELECT * FROM `cmf_product_category` WHERE  `parent_id` = 0 ORDER BY `list_order` ASC,`create_time` DESC [ RunTime:0.000745s ]
[2026-04-16T22:51:13+08:00][sql] SELECT * FROM `cmf_product_category` WHERE  `parent_id` IN (18,19,20,21,22,23,24,25,26,27) [ RunTime:0.000657s ]
[2026-04-16T22:51:13+08:00][sql] SHOW FULL COLUMNS FROM `cmf_portal_category` [ RunTime:0.001407s ]
[2026-04-16T22:51:13+08:00][sql] SELECT * FROM `cmf_portal_category` WHERE (  `type` = 8 ) AND `cmf_portal_category`.`delete_time` = '0' ORDER BY `list_order` ASC [ RunTime:0.000293s ]
[2026-04-16T22:51:13+08:00][sql] SHOW FULL COLUMNS FROM `cmf_slide_item` [ RunTime:0.002367s ]
[2026-04-16T22:51:13+08:00][sql] SELECT `title`,`description`,`image` FROM `cmf_slide_item` WHERE  `slide_id` = 6 ORDER BY `list_order` ASC LIMIT 1 [ RunTime:0.000719s ]
[2026-04-16T22:51:13+08:00][sql] SHOW FULL COLUMNS FROM `cmf_portal_post` [ RunTime:0.002816s ]
[2026-04-16T22:51:13+08:00][sql] SELECT `id`,`post_title`,`more` FROM `cmf_portal_post` WHERE (  `post_type` = 4 ) AND `cmf_portal_post`.`delete_time` = '0' [ RunTime:0.000889s ]
[2026-04-16T22:51:13+08:00][sql] SHOW FULL COLUMNS FROM `cmf_theme_file` [ RunTime:0.002232s ]
[2026-04-16T22:51:13+08:00][sql] SELECT `more`,`file`,`id` FROM `cmf_theme_file` WHERE  `theme` = 'simpleboot3'  AND (  `is_public` = 1 OR `file` = 'portal/download' ) ORDER BY `is_public` DESC [ RunTime:0.000648s ]
[2026-04-16T22:51:13+08:00][sql] SELECT `option_value` FROM `cmf_option` WHERE  `option_name` = 'storage' LIMIT 1 [ RunTime:0.000310s ]
[2026-04-16T22:51:18+08:00][sql] CONNECT:[ UseTime:0.001420s ] mysql:host=127.0.0.1;port=3306;dbname=weihua;charset=utf8mb4
[2026-04-16T22:51:18+08:00][sql] SHOW FULL COLUMNS FROM `cmf_option` [ RunTime:0.002595s ]
[2026-04-16T22:51:18+08:00][sql] SELECT `option_value` FROM `cmf_option` WHERE  `option_name` = 'cdn_settings' LIMIT 1 [ RunTime:0.000436s ]
[2026-04-16T22:51:18+08:00][sql] SELECT `option_value` FROM `cmf_option` WHERE  `option_name` = 'cdn_settings' LIMIT 1 [ RunTime:0.000415s ]
[2026-04-16T22:51:18+08:00][sql] SHOW FULL COLUMNS FROM `cmf_product_category` [ RunTime:0.001360s ]
[2026-04-16T22:51:18+08:00][sql] SELECT * FROM `cmf_product_category` WHERE  `parent_id` = 0 ORDER BY `list_order` ASC,`create_time` DESC [ RunTime:0.000609s ]
[2026-04-16T22:51:18+08:00][sql] SELECT * FROM `cmf_product_category` WHERE  `parent_id` IN (18,19,20,21,22,23,24,25,26,27) [ RunTime:0.000259s ]
[2026-04-16T22:51:18+08:00][sql] SHOW FULL COLUMNS FROM `cmf_portal_category` [ RunTime:0.001352s ]
[2026-04-16T22:51:18+08:00][sql] SELECT * FROM `cmf_portal_category` WHERE (  `type` = 8 ) AND `cmf_portal_category`.`delete_time` = '0' ORDER BY `list_order` ASC [ RunTime:0.000331s ]
[2026-04-16T22:51:18+08:00][sql] SHOW FULL COLUMNS FROM `cmf_product` [ RunTime:0.001568s ]
[2026-04-16T22:51:18+08:00][sql] SELECT COUNT(*) AS think_count FROM `cmf_product` LIMIT 1 [ RunTime:0.000422s ]
[2026-04-16T22:51:18+08:00][sql] SELECT `id`,`category_id`,`title`,`thumbnail`,`industry` FROM `cmf_product` ORDER BY `list_order` ASC,`create_time` DESC LIMIT 0,12 [ RunTime:0.000265s ]
[2026-04-16T22:51:18+08:00][sql] SHOW FULL COLUMNS FROM `cmf_slide_item` [ RunTime:0.001037s ]
[2026-04-16T22:51:18+08:00][sql] SELECT `title`,`description`,`image` FROM `cmf_slide_item` WHERE  `slide_id` = 2 ORDER BY `list_order` ASC LIMIT 1 [ RunTime:0.000323s ]
[2026-04-16T22:51:18+08:00][sql] SHOW FULL COLUMNS FROM `cmf_theme_file` [ RunTime:0.001061s ]
[2026-04-16T22:51:18+08:00][sql] SELECT `more`,`file`,`id` FROM `cmf_theme_file` WHERE  `theme` = 'simpleboot3'  AND (  `is_public` = 1 OR `file` = 'portal/product' ) ORDER BY `is_public` DESC [ RunTime:0.000422s ]
[2026-04-16T22:51:18+08:00][sql] SELECT `option_value` FROM `cmf_option` WHERE  `option_name` = 'storage' LIMIT 1 [ RunTime:0.000658s ]
[2026-04-16T22:51:29+08:00][sql] CONNECT:[ UseTime:0.001923s ] mysql:host=127.0.0.1;port=3306;dbname=weihua;charset=utf8mb4
[2026-04-16T22:51:29+08:00][sql] SHOW FULL COLUMNS FROM `cmf_option` [ RunTime:0.002742s ]
[2026-04-16T22:51:29+08:00][sql] SELECT `option_value` FROM `cmf_option` WHERE  `option_name` = 'cdn_settings' LIMIT 1 [ RunTime:0.000744s ]
[2026-04-16T22:51:29+08:00][sql] SELECT `option_value` FROM `cmf_option` WHERE  `option_name` = 'cdn_settings' LIMIT 1 [ RunTime:0.000335s ]
[2026-04-16T22:51:29+08:00][sql] SHOW FULL COLUMNS FROM `cmf_product_category` [ RunTime:0.001720s ]
[2026-04-16T22:51:29+08:00][sql] SELECT * FROM `cmf_product_category` WHERE  `parent_id` = 0 ORDER BY `list_order` ASC,`create_time` DESC [ RunTime:0.000556s ]
[2026-04-16T22:51:29+08:00][sql] SELECT * FROM `cmf_product_category` WHERE  `parent_id` IN (18,19,20,21,22,23,24,25,26,27) [ RunTime:0.000379s ]
[2026-04-16T22:51:29+08:00][sql] SHOW FULL COLUMNS FROM `cmf_portal_category` [ RunTime:0.001362s ]
[2026-04-16T22:51:29+08:00][sql] SELECT * FROM `cmf_portal_category` WHERE (  `type` = 8 ) AND `cmf_portal_category`.`delete_time` = '0' ORDER BY `list_order` ASC [ RunTime:0.000380s ]
[2026-04-16T22:51:29+08:00][sql] SHOW FULL COLUMNS FROM `cmf_slide_item` [ RunTime:0.000979s ]
[2026-04-16T22:51:29+08:00][sql] SELECT `title`,`description`,`image` FROM `cmf_slide_item` WHERE  `slide_id` = 3 ORDER BY `list_order` ASC LIMIT 1 [ RunTime:0.000301s ]
[2026-04-16T22:51:29+08:00][sql] SHOW FULL COLUMNS FROM `cmf_portal_post` [ RunTime:0.002826s ]
[2026-04-16T22:51:29+08:00][sql] SELECT COUNT(*) AS think_count FROM `cmf_portal_post` WHERE (  `post_type` = 3 ) AND `cmf_portal_post`.`delete_time` = '0' LIMIT 1 [ RunTime:0.000858s ]
[2026-04-16T22:51:29+08:00][sql] SELECT `id`,`more`,`post_title`,`post_excerpt` FROM `cmf_portal_post` WHERE (  `post_type` = 3 ) AND `cmf_portal_post`.`delete_time` = '0' ORDER BY `create_time` DESC LIMIT 0,9 [ RunTime:0.000619s ]
[2026-04-16T22:51:29+08:00][sql] SHOW FULL COLUMNS FROM `cmf_theme_file` [ RunTime:0.002185s ]
[2026-04-16T22:51:29+08:00][sql] SELECT `more`,`file`,`id` FROM `cmf_theme_file` WHERE  `theme` = 'simpleboot3'  AND (  `is_public` = 1 OR `file` = 'portal/industries' ) ORDER BY `is_public` DESC [ RunTime:0.000637s ]
[2026-04-16T22:51:29+08:00][sql] SELECT `option_value` FROM `cmf_option` WHERE  `option_name` = 'storage' LIMIT 1 [ RunTime:0.000573s ]
[2026-04-16T22:51:32+08:00][sql] CONNECT:[ UseTime:0.001604s ] mysql:host=127.0.0.1;port=3306;dbname=weihua;charset=utf8mb4
[2026-04-16T22:51:32+08:00][sql] SHOW FULL COLUMNS FROM `cmf_option` [ RunTime:0.002680s ]
[2026-04-16T22:51:32+08:00][sql] SELECT `option_value` FROM `cmf_option` WHERE  `option_name` = 'cdn_settings' LIMIT 1 [ RunTime:0.000564s ]
[2026-04-16T22:51:32+08:00][sql] SELECT `option_value` FROM `cmf_option` WHERE  `option_name` = 'cdn_settings' LIMIT 1 [ RunTime:0.000328s ]
[2026-04-16T22:51:32+08:00][sql] SHOW FULL COLUMNS FROM `cmf_product_category` [ RunTime:0.001778s ]
[2026-04-16T22:51:32+08:00][sql] SELECT * FROM `cmf_product_category` WHERE  `parent_id` = 0 ORDER BY `list_order` ASC,`create_time` DESC [ RunTime:0.000537s ]
[2026-04-16T22:51:32+08:00][sql] SELECT * FROM `cmf_product_category` WHERE  `parent_id` IN (18,19,20,21,22,23,24,25,26,27) [ RunTime:0.000374s ]
[2026-04-16T22:51:32+08:00][sql] SHOW FULL COLUMNS FROM `cmf_portal_category` [ RunTime:0.001641s ]
[2026-04-16T22:51:32+08:00][sql] SELECT * FROM `cmf_portal_category` WHERE (  `type` = 8 ) AND `cmf_portal_category`.`delete_time` = '0' ORDER BY `list_order` ASC [ RunTime:0.000538s ]
[2026-04-16T22:51:32+08:00][sql] SELECT * FROM `cmf_portal_category` WHERE (  `id` = 0  AND `status` = 1 ) AND `cmf_portal_category`.`delete_time` = '0' LIMIT 1 [ RunTime:0.000498s ]
[2026-04-16T22:51:32+08:00][sql] SHOW FULL COLUMNS FROM `cmf_slide_item` [ RunTime:0.001916s ]
[2026-04-16T22:51:32+08:00][sql] SELECT `title`,`description`,`image` FROM `cmf_slide_item` WHERE  `slide_id` = 3 ORDER BY `list_order` ASC LIMIT 1 [ RunTime:0.000534s ]
[2026-04-16T22:51:32+08:00][sql] SHOW FULL COLUMNS FROM `cmf_portal_post` [ RunTime:0.001962s ]
[2026-04-16T22:51:32+08:00][sql] UPDATE `cmf_portal_post`  SET `post_hits` = `post_hits` + 1  WHERE (  `id` = 3 ) AND `cmf_portal_post`.`delete_time` = '0' [ RunTime:0.002686s ]
[2026-04-16T22:51:32+08:00][sql] SELECT * FROM `cmf_portal_post` WHERE (  `post_type` = 3  AND `delete_time` = 0  AND `id` = 3 ) AND `cmf_portal_post`.`delete_time` = '0' LIMIT 1 [ RunTime:0.000519s ]
[2026-04-16T22:51:32+08:00][sql] SELECT * FROM `cmf_portal_post` WHERE (  `post_type` = 3  AND `delete_time` = 0  AND `id` < 3 ) AND `cmf_portal_post`.`delete_time` = '0' ORDER BY `id` DESC LIMIT 1 [ RunTime:0.000593s ]
[2026-04-16T22:51:32+08:00][sql] SELECT * FROM `cmf_portal_post` WHERE (  `post_type` = 3  AND `delete_time` = 0  AND `id` > 3 ) AND `cmf_portal_post`.`delete_time` = '0' ORDER BY `id` ASC LIMIT 1 [ RunTime:0.000551s ]
[2026-04-16T22:51:32+08:00][sql] SHOW FULL COLUMNS FROM `cmf_theme_file` [ RunTime:0.001895s ]
[2026-04-16T22:51:32+08:00][sql] SELECT `more`,`file`,`id` FROM `cmf_theme_file` WHERE  `theme` = 'simpleboot3'  AND (  `is_public` = 1 OR `file` = 'portal/industries-info' ) ORDER BY `is_public` DESC [ RunTime:0.000479s ]
[2026-04-16T22:51:32+08:00][sql] SELECT `option_value` FROM `cmf_option` WHERE  `option_name` = 'storage' LIMIT 1 [ RunTime:0.000289s ]
[2026-04-16T22:52:14+08:00][sql] CONNECT:[ UseTime:0.001014s ] mysql:host=127.0.0.1;port=3306;dbname=weihua;charset=utf8mb4
[2026-04-16T22:52:14+08:00][sql] SHOW FULL COLUMNS FROM `cmf_option` [ RunTime:0.001767s ]
[2026-04-16T22:52:14+08:00][sql] SELECT `option_value` FROM `cmf_option` WHERE  `option_name` = 'cdn_settings' LIMIT 1 [ RunTime:0.000338s ]
[2026-04-16T22:52:14+08:00][sql] SELECT `option_value` FROM `cmf_option` WHERE  `option_name` = 'cdn_settings' LIMIT 1 [ RunTime:0.000231s ]
[2026-04-16T22:52:14+08:00][sql] SHOW FULL COLUMNS FROM `cmf_product_category` [ RunTime:0.001164s ]
[2026-04-16T22:52:14+08:00][sql] SELECT * FROM `cmf_product_category` WHERE  `parent_id` = 0 ORDER BY `list_order` ASC,`create_time` DESC [ RunTime:0.000406s ]
[2026-04-16T22:52:14+08:00][sql] SELECT * FROM `cmf_product_category` WHERE  `parent_id` IN (18,19,20,21,22,23,24,25,26,27) [ RunTime:0.000284s ]
[2026-04-16T22:52:14+08:00][sql] SHOW FULL COLUMNS FROM `cmf_portal_category` [ RunTime:0.001151s ]
[2026-04-16T22:52:14+08:00][sql] SELECT * FROM `cmf_portal_category` WHERE (  `type` = 8 ) AND `cmf_portal_category`.`delete_time` = '0' ORDER BY `list_order` ASC [ RunTime:0.000347s ]
[2026-04-16T22:52:14+08:00][sql] SHOW FULL COLUMNS FROM `cmf_product` [ RunTime:0.001084s ]
[2026-04-16T22:52:14+08:00][sql] SELECT COUNT(*) AS think_count FROM `cmf_product` LIMIT 1 [ RunTime:0.000282s ]
[2026-04-16T22:52:14+08:00][sql] SELECT `id`,`category_id`,`title`,`thumbnail`,`industry` FROM `cmf_product` ORDER BY `list_order` ASC,`create_time` DESC LIMIT 0,12 [ RunTime:0.000229s ]
[2026-04-16T22:52:14+08:00][sql] SHOW FULL COLUMNS FROM `cmf_slide_item` [ RunTime:0.001029s ]
[2026-04-16T22:52:14+08:00][sql] SELECT `title`,`description`,`image` FROM `cmf_slide_item` WHERE  `slide_id` = 2 ORDER BY `list_order` ASC LIMIT 1 [ RunTime:0.000381s ]
[2026-04-16T22:52:14+08:00][sql] SHOW FULL COLUMNS FROM `cmf_theme_file` [ RunTime:0.000934s ]
[2026-04-16T22:52:14+08:00][sql] SELECT `more`,`file`,`id` FROM `cmf_theme_file` WHERE  `theme` = 'simpleboot3'  AND (  `is_public` = 1 OR `file` = 'portal/product' ) ORDER BY `is_public` DESC [ RunTime:0.000276s ]
[2026-04-16T22:52:14+08:00][sql] SELECT `option_value` FROM `cmf_option` WHERE  `option_name` = 'storage' LIMIT 1 [ RunTime:0.000421s ]
[2026-04-16T22:52:18+08:00][sql] CONNECT:[ UseTime:0.001747s ] mysql:host=127.0.0.1;port=3306;dbname=weihua;charset=utf8mb4
[2026-04-16T22:52:18+08:00][sql] SHOW FULL COLUMNS FROM `cmf_option` [ RunTime:0.002531s ]
[2026-04-16T22:52:18+08:00][sql] SELECT `option_value` FROM `cmf_option` WHERE  `option_name` = 'cdn_settings' LIMIT 1 [ RunTime:0.000489s ]
[2026-04-16T22:52:18+08:00][sql] SELECT `option_value` FROM `cmf_option` WHERE  `option_name` = 'cdn_settings' LIMIT 1 [ RunTime:0.000234s ]
[2026-04-16T22:52:18+08:00][sql] SHOW FULL COLUMNS FROM `cmf_product_category` [ RunTime:0.001445s ]
[2026-04-16T22:52:18+08:00][sql] SELECT * FROM `cmf_product_category` WHERE  `parent_id` = 0 ORDER BY `list_order` ASC,`create_time` DESC [ RunTime:0.000385s ]
[2026-04-16T22:52:18+08:00][sql] SELECT * FROM `cmf_product_category` WHERE  `parent_id` IN (18,19,20,21,22,23,24,25,26,27) [ RunTime:0.000249s ]
[2026-04-16T22:52:18+08:00][sql] SHOW FULL COLUMNS FROM `cmf_portal_category` [ RunTime:0.001186s ]
[2026-04-16T22:52:18+08:00][sql] SELECT * FROM `cmf_portal_category` WHERE (  `type` = 8 ) AND `cmf_portal_category`.`delete_time` = '0' ORDER BY `list_order` ASC [ RunTime:0.000363s ]
[2026-04-16T22:52:18+08:00][sql] SHOW FULL COLUMNS FROM `cmf_product` [ RunTime:0.001420s ]
[2026-04-16T22:52:18+08:00][sql] SELECT * FROM `cmf_product` WHERE  `id` = 62 LIMIT 1 [ RunTime:0.000482s ]
[2026-04-16T22:52:18+08:00][sql] SELECT * FROM `cmf_product_category` WHERE  `id` = 18 LIMIT 1 [ RunTime:0.000214s ]
[2026-04-16T22:52:18+08:00][sql] SELECT `id`,`title`,`industry`,`thumbnail` FROM `cmf_product` WHERE  `id` <> 62  AND `is_recommended` = 1  AND `category_id` = 18 ORDER BY RAND() LIMIT 4 [ RunTime:0.000508s ]
[2026-04-16T22:52:18+08:00][sql] SHOW FULL COLUMNS FROM `cmf_slide_item` [ RunTime:0.001105s ]
[2026-04-16T22:52:18+08:00][sql] SELECT `title`,`description`,`image` FROM `cmf_slide_item` WHERE  `slide_id` = 2 ORDER BY `list_order` ASC LIMIT 1 [ RunTime:0.000297s ]
[2026-04-16T22:52:18+08:00][sql] SHOW FULL COLUMNS FROM `cmf_theme_file` [ RunTime:0.001147s ]
[2026-04-16T22:52:18+08:00][sql] SELECT `more`,`file`,`id` FROM `cmf_theme_file` WHERE  `theme` = 'simpleboot3'  AND (  `is_public` = 1 OR `file` = 'portal/product-info' ) ORDER BY `is_public` DESC [ RunTime:0.000350s ]
[2026-04-16T22:52:18+08:00][sql] SELECT `option_value` FROM `cmf_option` WHERE  `option_name` = 'storage' LIMIT 1 [ RunTime:0.000572s ]
[2026-04-16T23:18:29+08:00][sql] CONNECT:[ UseTime:0.027168s ] mysql:host=127.0.0.1;port=3306;dbname=weihua;charset=utf8mb4
[2026-04-16T23:18:29+08:00][sql] SHOW FULL COLUMNS FROM `cmf_option` [ RunTime:0.028587s ]
[2026-04-16T23:18:29+08:00][sql] SELECT `option_value` FROM `cmf_option` WHERE  `option_name` = 'cdn_settings' LIMIT 1 [ RunTime:0.001417s ]
[2026-04-16T23:18:29+08:00][sql] SELECT `option_value` FROM `cmf_option` WHERE  `option_name` = 'cdn_settings' LIMIT 1 [ RunTime:0.000690s ]
[2026-04-16T23:18:29+08:00][sql] SHOW FULL COLUMNS FROM `cmf_product_category` [ RunTime:0.002431s ]
[2026-04-16T23:18:29+08:00][sql] SELECT * FROM `cmf_product_category` WHERE  `parent_id` = 0 ORDER BY `list_order` ASC,`create_time` DESC [ RunTime:0.000816s ]
[2026-04-16T23:18:29+08:00][sql] SELECT * FROM `cmf_product_category` WHERE  `parent_id` IN (18,19,20,21,22,23,24,25,26,27) [ RunTime:0.000546s ]
[2026-04-16T23:18:29+08:00][sql] SHOW FULL COLUMNS FROM `cmf_portal_category` [ RunTime:0.002115s ]
[2026-04-16T23:18:29+08:00][sql] SELECT * FROM `cmf_portal_category` WHERE (  `type` = 8 ) AND `cmf_portal_category`.`delete_time` = '0' ORDER BY `list_order` ASC [ RunTime:0.000863s ]
[2026-04-16T23:18:29+08:00][sql] SHOW FULL COLUMNS FROM `cmf_slide_item` [ RunTime:0.002161s ]
[2026-04-16T23:18:29+08:00][sql] SELECT `title`,`description`,`image` FROM `cmf_slide_item` WHERE  `slide_id` = 5 ORDER BY `list_order` ASC LIMIT 1 [ RunTime:0.000706s ]
[2026-04-16T23:18:29+08:00][sql] SELECT `option_value` FROM `cmf_option` WHERE  `option_name` = 'quote_site' LIMIT 1 [ RunTime:0.000545s ]
[2026-04-16T23:18:29+08:00][sql] SHOW FULL COLUMNS FROM `cmf_theme_file` [ RunTime:0.002249s ]
[2026-04-16T23:18:29+08:00][sql] SELECT `more`,`file`,`id` FROM `cmf_theme_file` WHERE  `theme` = 'simpleboot3'  AND (  `is_public` = 1 OR `file` = 'portal/quote' ) ORDER BY `is_public` DESC [ RunTime:0.000677s ]
[2026-04-16T23:18:29+08:00][sql] SELECT `option_value` FROM `cmf_option` WHERE  `option_name` = 'storage' LIMIT 1 [ RunTime:0.000596s ]
[2026-04-16T23:25:04+08:00][sql] CONNECT:[ UseTime:0.002545s ] mysql:host=127.0.0.1;port=3306;dbname=weihua;charset=utf8mb4
[2026-04-16T23:25:04+08:00][sql] SHOW FULL COLUMNS FROM `cmf_option` [ RunTime:0.005366s ]
[2026-04-16T23:25:04+08:00][sql] SELECT `option_value` FROM `cmf_option` WHERE  `option_name` = 'cdn_settings' LIMIT 1 [ RunTime:0.000722s ]
[2026-04-16T23:25:04+08:00][sql] SELECT `option_value` FROM `cmf_option` WHERE  `option_name` = 'cdn_settings' LIMIT 1 [ RunTime:0.000576s ]
[2026-04-16T23:25:04+08:00][sql] SHOW FULL COLUMNS FROM `cmf_product_category` [ RunTime:0.002391s ]
[2026-04-16T23:25:04+08:00][sql] SELECT * FROM `cmf_product_category` WHERE  `parent_id` = 0 ORDER BY `list_order` ASC,`create_time` DESC [ RunTime:0.000769s ]
[2026-04-16T23:25:04+08:00][sql] SELECT * FROM `cmf_product_category` WHERE  `parent_id` IN (18,19,20,21,22,23,24,25,26,27) [ RunTime:0.000491s ]
[2026-04-16T23:25:04+08:00][sql] SHOW FULL COLUMNS FROM `cmf_portal_category` [ RunTime:0.002091s ]
[2026-04-16T23:25:04+08:00][sql] SELECT * FROM `cmf_portal_category` WHERE (  `type` = 8 ) AND `cmf_portal_category`.`delete_time` = '0' ORDER BY `list_order` ASC [ RunTime:0.000724s ]
[2026-04-16T23:25:04+08:00][sql] SHOW FULL COLUMNS FROM `cmf_slide_item` [ RunTime:0.002657s ]
[2026-04-16T23:25:04+08:00][sql] SELECT `title`,`description`,`image` FROM `cmf_slide_item` WHERE  `slide_id` = 5 ORDER BY `list_order` ASC LIMIT 1 [ RunTime:0.000728s ]
[2026-04-16T23:25:04+08:00][sql] SHOW FULL COLUMNS FROM `cmf_theme_file` [ RunTime:0.002587s ]
[2026-04-16T23:25:04+08:00][sql] SELECT `more`,`file`,`id` FROM `cmf_theme_file` WHERE  `theme` = 'simpleboot3'  AND (  `is_public` = 1 OR `file` = 'portal/quote' ) ORDER BY `is_public` DESC [ RunTime:0.000897s ]
[2026-04-16T23:25:04+08:00][sql] SELECT `option_value` FROM `cmf_option` WHERE  `option_name` = 'storage' LIMIT 1 [ RunTime:0.000518s ]
[2026-04-16T23:25:24+08:00][sql] CONNECT:[ UseTime:0.000883s ] mysql:host=127.0.0.1;port=3306;dbname=weihua;charset=utf8mb4
[2026-04-16T23:25:24+08:00][sql] SHOW FULL COLUMNS FROM `cmf_option` [ RunTime:0.002930s ]
[2026-04-16T23:25:24+08:00][sql] SELECT `option_value` FROM `cmf_option` WHERE  `option_name` = 'cdn_settings' LIMIT 1 [ RunTime:0.000591s ]
[2026-04-16T23:25:24+08:00][sql] SELECT `option_value` FROM `cmf_option` WHERE  `option_name` = 'cdn_settings' LIMIT 1 [ RunTime:0.000213s ]
[2026-04-16T23:25:24+08:00][sql] SHOW FULL COLUMNS FROM `cmf_product_category` [ RunTime:0.000966s ]
[2026-04-16T23:25:24+08:00][sql] SELECT * FROM `cmf_product_category` WHERE  `parent_id` = 0 ORDER BY `list_order` ASC,`create_time` DESC [ RunTime:0.000308s ]
[2026-04-16T23:25:24+08:00][sql] SELECT * FROM `cmf_product_category` WHERE  `parent_id` IN (18,19,20,21,22,23,24,25,26,27) [ RunTime:0.000221s ]
[2026-04-16T23:25:24+08:00][sql] SHOW FULL COLUMNS FROM `cmf_portal_category` [ RunTime:0.001299s ]
[2026-04-16T23:25:24+08:00][sql] SELECT * FROM `cmf_portal_category` WHERE (  `type` = 8 ) AND `cmf_portal_category`.`delete_time` = '0' ORDER BY `list_order` ASC [ RunTime:0.000662s ]
[2026-04-16T23:25:24+08:00][sql] SHOW FULL COLUMNS FROM `cmf_slide_item` [ RunTime:0.002230s ]
[2026-04-16T23:25:24+08:00][sql] SELECT `title`,`description`,`image` FROM `cmf_slide_item` WHERE  `slide_id` = 5 ORDER BY `list_order` ASC LIMIT 1 [ RunTime:0.000656s ]
[2026-04-16T23:25:24+08:00][sql] SHOW FULL COLUMNS FROM `cmf_theme_file` [ RunTime:0.001504s ]
[2026-04-16T23:25:24+08:00][sql] SELECT `more`,`file`,`id` FROM `cmf_theme_file` WHERE  `theme` = 'simpleboot3'  AND (  `is_public` = 1 OR `file` = 'portal/quote' ) ORDER BY `is_public` DESC [ RunTime:0.000318s ]
[2026-04-16T23:25:24+08:00][sql] SELECT `option_value` FROM `cmf_option` WHERE  `option_name` = 'storage' LIMIT 1 [ RunTime:0.000236s ]
[2026-04-16T23:25:35+08:00][sql] CONNECT:[ UseTime:0.002584s ] mysql:host=127.0.0.1;port=3306;dbname=weihua;charset=utf8mb4
[2026-04-16T23:25:35+08:00][sql] SHOW FULL COLUMNS FROM `cmf_option` [ RunTime:0.004267s ]
[2026-04-16T23:25:35+08:00][sql] SELECT `option_value` FROM `cmf_option` WHERE  `option_name` = 'cdn_settings' LIMIT 1 [ RunTime:0.001067s ]
[2026-04-16T23:25:35+08:00][sql] SELECT `option_value` FROM `cmf_option` WHERE  `option_name` = 'cdn_settings' LIMIT 1 [ RunTime:0.000313s ]
[2026-04-16T23:25:35+08:00][sql] SHOW FULL COLUMNS FROM `cmf_product_category` [ RunTime:0.002626s ]
[2026-04-16T23:25:35+08:00][sql] SELECT * FROM `cmf_product_category` WHERE  `parent_id` = 0 ORDER BY `list_order` ASC,`create_time` DESC [ RunTime:0.000700s ]
[2026-04-16T23:25:35+08:00][sql] SELECT * FROM `cmf_product_category` WHERE  `parent_id` IN (18,19,20,21,22,23,24,25,26,27) [ RunTime:0.001035s ]
[2026-04-16T23:25:35+08:00][sql] SHOW FULL COLUMNS FROM `cmf_portal_category` [ RunTime:0.007178s ]
[2026-04-16T23:25:35+08:00][sql] SELECT * FROM `cmf_portal_category` WHERE (  `type` = 8 ) AND `cmf_portal_category`.`delete_time` = '0' ORDER BY `list_order` ASC [ RunTime:0.000706s ]
[2026-04-16T23:25:35+08:00][sql] SHOW FULL COLUMNS FROM `cmf_slide_item` [ RunTime:0.001516s ]
[2026-04-16T23:25:35+08:00][sql] SELECT `title`,`description`,`image` FROM `cmf_slide_item` WHERE  `slide_id` = 5 ORDER BY `list_order` ASC LIMIT 1 [ RunTime:0.000606s ]
[2026-04-16T23:25:35+08:00][sql] SHOW FULL COLUMNS FROM `cmf_theme_file` [ RunTime:0.001610s ]
[2026-04-16T23:25:35+08:00][sql] SELECT `more`,`file`,`id` FROM `cmf_theme_file` WHERE  `theme` = 'simpleboot3'  AND (  `is_public` = 1 OR `file` = 'portal/quote' ) ORDER BY `is_public` DESC [ RunTime:0.000477s ]
[2026-04-16T23:25:35+08:00][sql] SELECT `option_value` FROM `cmf_option` WHERE  `option_name` = 'storage' LIMIT 1 [ RunTime:0.000541s ]
[2026-04-16T23:32:09+08:00][sql] CONNECT:[ UseTime:0.002089s ] mysql:host=127.0.0.1;port=3306;dbname=weihua;charset=utf8mb4
[2026-04-16T23:32:09+08:00][sql] SHOW FULL COLUMNS FROM `cmf_option` [ RunTime:0.004192s ]
[2026-04-16T23:32:09+08:00][sql] SELECT `option_value` FROM `cmf_option` WHERE  `option_name` = 'cdn_settings' LIMIT 1 [ RunTime:0.000718s ]
[2026-04-16T23:32:09+08:00][sql] SELECT `option_value` FROM `cmf_option` WHERE  `option_name` = 'cdn_settings' LIMIT 1 [ RunTime:0.000281s ]
[2026-04-16T23:32:09+08:00][sql] SHOW FULL COLUMNS FROM `cmf_product_category` [ RunTime:0.001669s ]
[2026-04-16T23:32:09+08:00][sql] SELECT * FROM `cmf_product_category` WHERE  `parent_id` = 0 ORDER BY `list_order` ASC,`create_time` DESC [ RunTime:0.000513s ]
[2026-04-16T23:32:09+08:00][sql] SELECT * FROM `cmf_product_category` WHERE  `parent_id` IN (18,19,20,21,22,23,24,25,26,27) [ RunTime:0.000601s ]
[2026-04-16T23:32:09+08:00][sql] SHOW FULL COLUMNS FROM `cmf_portal_category` [ RunTime:0.002385s ]
[2026-04-16T23:32:09+08:00][sql] SELECT * FROM `cmf_portal_category` WHERE (  `type` = 8 ) AND `cmf_portal_category`.`delete_time` = '0' ORDER BY `list_order` ASC [ RunTime:0.000863s ]
[2026-04-16T23:32:09+08:00][sql] SHOW FULL COLUMNS FROM `cmf_slide_item` [ RunTime:0.004279s ]
[2026-04-16T23:32:09+08:00][sql] SELECT `title`,`description`,`image` FROM `cmf_slide_item` WHERE  `slide_id` = 5 ORDER BY `list_order` ASC LIMIT 1 [ RunTime:0.001382s ]
[2026-04-16T23:32:09+08:00][sql] SHOW FULL COLUMNS FROM `cmf_theme_file` [ RunTime:0.001366s ]
[2026-04-16T23:32:09+08:00][sql] SELECT `more`,`file`,`id` FROM `cmf_theme_file` WHERE  `theme` = 'simpleboot3'  AND (  `is_public` = 1 OR `file` = 'portal/quote' ) ORDER BY `is_public` DESC [ RunTime:0.000497s ]
[2026-04-16T23:32:09+08:00][sql] SELECT `option_value` FROM `cmf_option` WHERE  `option_name` = 'storage' LIMIT 1 [ RunTime:0.000846s ]
[2026-04-16T23:33:23+08:00][sql] CONNECT:[ UseTime:0.008547s ] mysql:host=127.0.0.1;port=3306;dbname=weihua;charset=utf8mb4
[2026-04-16T23:33:23+08:00][sql] SHOW FULL COLUMNS FROM `cmf_option` [ RunTime:0.003750s ]
[2026-04-16T23:33:23+08:00][sql] SELECT `option_value` FROM `cmf_option` WHERE  `option_name` = 'cdn_settings' LIMIT 1 [ RunTime:0.000939s ]
[2026-04-16T23:33:23+08:00][sql] SELECT `option_value` FROM `cmf_option` WHERE  `option_name` = 'cdn_settings' LIMIT 1 [ RunTime:0.000600s ]
[2026-04-16T23:33:23+08:00][sql] SHOW FULL COLUMNS FROM `cmf_product_category` [ RunTime:0.002688s ]
[2026-04-16T23:33:23+08:00][sql] SELECT * FROM `cmf_product_category` WHERE  `parent_id` = 0 ORDER BY `list_order` ASC,`create_time` DESC [ RunTime:0.001143s ]
[2026-04-16T23:33:23+08:00][sql] SELECT * FROM `cmf_product_category` WHERE  `parent_id` IN (18,19,20,21,22,23,24,25,26,27) [ RunTime:0.000312s ]
[2026-04-16T23:33:23+08:00][sql] SHOW FULL COLUMNS FROM `cmf_portal_category` [ RunTime:0.002787s ]
[2026-04-16T23:33:23+08:00][sql] SELECT * FROM `cmf_portal_category` WHERE (  `type` = 8 ) AND `cmf_portal_category`.`delete_time` = '0' ORDER BY `list_order` ASC [ RunTime:0.000806s ]
[2026-04-16T23:33:23+08:00][sql] SHOW FULL COLUMNS FROM `cmf_slide_item` [ RunTime:0.001221s ]
[2026-04-16T23:33:23+08:00][sql] SELECT `title`,`description`,`image` FROM `cmf_slide_item` WHERE  `slide_id` = 5 ORDER BY `list_order` ASC LIMIT 1 [ RunTime:0.000389s ]
[2026-04-16T23:33:23+08:00][sql] SHOW FULL COLUMNS FROM `cmf_theme_file` [ RunTime:0.002161s ]
[2026-04-16T23:33:23+08:00][sql] SELECT `more`,`file`,`id` FROM `cmf_theme_file` WHERE  `theme` = 'simpleboot3'  AND (  `is_public` = 1 OR `file` = 'portal/quote' ) ORDER BY `is_public` DESC [ RunTime:0.000875s ]
[2026-04-16T23:33:23+08:00][sql] SELECT `option_value` FROM `cmf_option` WHERE  `option_name` = 'storage' LIMIT 1 [ RunTime:0.000558s ]
[2026-04-16T23:33:43+08:00][sql] CONNECT:[ UseTime:0.000791s ] mysql:host=127.0.0.1;port=3306;dbname=weihua;charset=utf8mb4
[2026-04-16T23:33:43+08:00][sql] SHOW FULL COLUMNS FROM `cmf_option` [ RunTime:0.001505s ]
[2026-04-16T23:33:43+08:00][sql] SELECT `option_value` FROM `cmf_option` WHERE  `option_name` = 'cdn_settings' LIMIT 1 [ RunTime:0.000388s ]
[2026-04-16T23:33:43+08:00][sql] SELECT `option_value` FROM `cmf_option` WHERE  `option_name` = 'cdn_settings' LIMIT 1 [ RunTime:0.000167s ]
[2026-04-16T23:33:43+08:00][sql] SHOW FULL COLUMNS FROM `cmf_product_category` [ RunTime:0.001140s ]
[2026-04-16T23:33:43+08:00][sql] SELECT * FROM `cmf_product_category` WHERE  `parent_id` = 0 ORDER BY `list_order` ASC,`create_time` DESC [ RunTime:0.000349s ]
[2026-04-16T23:33:43+08:00][sql] SELECT * FROM `cmf_product_category` WHERE  `parent_id` IN (18,19,20,21,22,23,24,25,26,27) [ RunTime:0.000311s ]
[2026-04-16T23:33:43+08:00][sql] SHOW FULL COLUMNS FROM `cmf_portal_category` [ RunTime:0.006458s ]
[2026-04-16T23:33:43+08:00][sql] SELECT * FROM `cmf_portal_category` WHERE (  `type` = 8 ) AND `cmf_portal_category`.`delete_time` = '0' ORDER BY `list_order` ASC [ RunTime:0.000425s ]
[2026-04-16T23:33:43+08:00][sql] SHOW FULL COLUMNS FROM `cmf_slide_item` [ RunTime:0.007107s ]
[2026-04-16T23:33:43+08:00][sql] SELECT `title`,`description`,`image` FROM `cmf_slide_item` WHERE  `slide_id` = 5 ORDER BY `list_order` ASC LIMIT 1 [ RunTime:0.000402s ]
[2026-04-16T23:33:43+08:00][sql] SHOW FULL COLUMNS FROM `cmf_theme_file` [ RunTime:0.000962s ]
[2026-04-16T23:33:43+08:00][sql] SELECT `more`,`file`,`id` FROM `cmf_theme_file` WHERE  `theme` = 'simpleboot3'  AND (  `is_public` = 1 OR `file` = 'portal/quote' ) ORDER BY `is_public` DESC [ RunTime:0.000285s ]
[2026-04-16T23:33:43+08:00][sql] SELECT `option_value` FROM `cmf_option` WHERE  `option_name` = 'storage' LIMIT 1 [ RunTime:0.000201s ]
[2026-04-16T23:33:54+08:00][sql] CONNECT:[ UseTime:0.019936s ] mysql:host=127.0.0.1;port=3306;dbname=weihua;charset=utf8mb4
[2026-04-16T23:33:54+08:00][sql] SHOW FULL COLUMNS FROM `cmf_option` [ RunTime:0.002869s ]
[2026-04-16T23:33:54+08:00][sql] SELECT `option_value` FROM `cmf_option` WHERE  `option_name` = 'cdn_settings' LIMIT 1 [ RunTime:0.000361s ]
[2026-04-16T23:33:54+08:00][sql] SELECT `option_value` FROM `cmf_option` WHERE  `option_name` = 'cdn_settings' LIMIT 1 [ RunTime:0.000351s ]
[2026-04-16T23:33:54+08:00][sql] SHOW FULL COLUMNS FROM `cmf_product_category` [ RunTime:0.001725s ]
[2026-04-16T23:33:54+08:00][sql] SELECT * FROM `cmf_product_category` WHERE  `parent_id` = 0 ORDER BY `list_order` ASC,`create_time` DESC [ RunTime:0.000463s ]
[2026-04-16T23:33:54+08:00][sql] SELECT * FROM `cmf_product_category` WHERE  `parent_id` IN (18,19,20,21,22,23,24,25,26,27) [ RunTime:0.000214s ]
[2026-04-16T23:33:54+08:00][sql] SHOW FULL COLUMNS FROM `cmf_portal_category` [ RunTime:0.001093s ]
[2026-04-16T23:33:54+08:00][sql] SELECT * FROM `cmf_portal_category` WHERE (  `type` = 8 ) AND `cmf_portal_category`.`delete_time` = '0' ORDER BY `list_order` ASC [ RunTime:0.000312s ]
[2026-04-16T23:33:54+08:00][sql] SHOW FULL COLUMNS FROM `cmf_slide_item` [ RunTime:0.000947s ]
[2026-04-16T23:33:54+08:00][sql] SELECT `title`,`description`,`image` FROM `cmf_slide_item` WHERE  `slide_id` = 5 ORDER BY `list_order` ASC LIMIT 1 [ RunTime:0.000343s ]
[2026-04-16T23:33:54+08:00][sql] SHOW FULL COLUMNS FROM `cmf_theme_file` [ RunTime:0.000965s ]
[2026-04-16T23:33:54+08:00][sql] SELECT `more`,`file`,`id` FROM `cmf_theme_file` WHERE  `theme` = 'simpleboot3'  AND (  `is_public` = 1 OR `file` = 'portal/quote' ) ORDER BY `is_public` DESC [ RunTime:0.000316s ]
[2026-04-16T23:33:54+08:00][sql] SELECT `option_value` FROM `cmf_option` WHERE  `option_name` = 'storage' LIMIT 1 [ RunTime:0.000170s ]
[2026-04-16T23:34:26+08:00][sql] CONNECT:[ UseTime:0.000864s ] mysql:host=127.0.0.1;port=3306;dbname=weihua;charset=utf8mb4
[2026-04-16T23:34:26+08:00][sql] SHOW FULL COLUMNS FROM `cmf_option` [ RunTime:0.002116s ]
[2026-04-16T23:34:26+08:00][sql] SELECT `option_value` FROM `cmf_option` WHERE  `option_name` = 'cdn_settings' LIMIT 1 [ RunTime:0.000295s ]
[2026-04-16T23:34:26+08:00][sql] SELECT `option_value` FROM `cmf_option` WHERE  `option_name` = 'cdn_settings' LIMIT 1 [ RunTime:0.000205s ]
[2026-04-16T23:34:26+08:00][sql] SHOW FULL COLUMNS FROM `cmf_product_category` [ RunTime:0.001035s ]
[2026-04-16T23:34:26+08:00][sql] SELECT * FROM `cmf_product_category` WHERE  `parent_id` = 0 ORDER BY `list_order` ASC,`create_time` DESC [ RunTime:0.000392s ]
[2026-04-16T23:34:26+08:00][sql] SELECT * FROM `cmf_product_category` WHERE  `parent_id` IN (18,19,20,21,22,23,24,25,26,27) [ RunTime:0.000239s ]
[2026-04-16T23:34:26+08:00][sql] SHOW FULL COLUMNS FROM `cmf_portal_category` [ RunTime:0.001033s ]
[2026-04-16T23:34:26+08:00][sql] SELECT * FROM `cmf_portal_category` WHERE (  `type` = 8 ) AND `cmf_portal_category`.`delete_time` = '0' ORDER BY `list_order` ASC [ RunTime:0.000324s ]
[2026-04-16T23:34:26+08:00][sql] SHOW FULL COLUMNS FROM `cmf_slide_item` [ RunTime:0.001024s ]
[2026-04-16T23:34:26+08:00][sql] SELECT `title`,`description`,`image` FROM `cmf_slide_item` WHERE  `slide_id` = 5 ORDER BY `list_order` ASC LIMIT 1 [ RunTime:0.000338s ]
[2026-04-16T23:34:26+08:00][sql] SHOW FULL COLUMNS FROM `cmf_theme_file` [ RunTime:0.000990s ]
[2026-04-16T23:34:26+08:00][sql] SELECT `more`,`file`,`id` FROM `cmf_theme_file` WHERE  `theme` = 'simpleboot3'  AND (  `is_public` = 1 OR `file` = 'portal/quote' ) ORDER BY `is_public` DESC [ RunTime:0.000309s ]
[2026-04-16T23:34:26+08:00][sql] SELECT `option_value` FROM `cmf_option` WHERE  `option_name` = 'storage' LIMIT 1 [ RunTime:0.000209s ]
[2026-04-16T23:34:45+08:00][sql] CONNECT:[ UseTime:0.001611s ] mysql:host=127.0.0.1;port=3306;dbname=weihua;charset=utf8mb4
[2026-04-16T23:34:45+08:00][sql] SHOW FULL COLUMNS FROM `cmf_option` [ RunTime:0.002405s ]
[2026-04-16T23:34:45+08:00][sql] SELECT `option_value` FROM `cmf_option` WHERE  `option_name` = 'cdn_settings' LIMIT 1 [ RunTime:0.000344s ]
[2026-04-16T23:34:45+08:00][sql] SELECT `option_value` FROM `cmf_option` WHERE  `option_name` = 'cdn_settings' LIMIT 1 [ RunTime:0.000198s ]
[2026-04-16T23:34:45+08:00][sql] SHOW FULL COLUMNS FROM `cmf_product_category` [ RunTime:0.005239s ]
[2026-04-16T23:34:45+08:00][sql] SELECT * FROM `cmf_product_category` WHERE  `parent_id` = 0 ORDER BY `list_order` ASC,`create_time` DESC [ RunTime:0.000502s ]
[2026-04-16T23:34:45+08:00][sql] SELECT * FROM `cmf_product_category` WHERE  `parent_id` IN (18,19,20,21,22,23,24,25,26,27) [ RunTime:0.000290s ]
[2026-04-16T23:34:45+08:00][sql] SHOW FULL COLUMNS FROM `cmf_portal_category` [ RunTime:0.005365s ]
[2026-04-16T23:34:45+08:00][sql] SELECT * FROM `cmf_portal_category` WHERE (  `type` = 8 ) AND `cmf_portal_category`.`delete_time` = '0' ORDER BY `list_order` ASC [ RunTime:0.000332s ]
[2026-04-16T23:34:45+08:00][sql] SHOW FULL COLUMNS FROM `cmf_slide_item` [ RunTime:0.001378s ]
[2026-04-16T23:34:45+08:00][sql] SELECT `title`,`description`,`image` FROM `cmf_slide_item` WHERE  `slide_id` = 5 ORDER BY `list_order` ASC LIMIT 1 [ RunTime:0.000312s ]
[2026-04-16T23:34:45+08:00][sql] SHOW FULL COLUMNS FROM `cmf_theme_file` [ RunTime:0.000888s ]
[2026-04-16T23:34:45+08:00][sql] SELECT `more`,`file`,`id` FROM `cmf_theme_file` WHERE  `theme` = 'simpleboot3'  AND (  `is_public` = 1 OR `file` = 'portal/quote' ) ORDER BY `is_public` DESC [ RunTime:0.000247s ]
[2026-04-16T23:34:45+08:00][sql] SELECT `option_value` FROM `cmf_option` WHERE  `option_name` = 'storage' LIMIT 1 [ RunTime:0.000178s ]
[2026-04-16T23:35:14+08:00][sql] CONNECT:[ UseTime:0.000822s ] mysql:host=127.0.0.1;port=3306;dbname=weihua;charset=utf8mb4
[2026-04-16T23:35:14+08:00][sql] SHOW FULL COLUMNS FROM `cmf_option` [ RunTime:0.001758s ]
[2026-04-16T23:35:14+08:00][sql] SELECT `option_value` FROM `cmf_option` WHERE  `option_name` = 'cdn_settings' LIMIT 1 [ RunTime:0.000210s ]
[2026-04-16T23:35:14+08:00][sql] SELECT `option_value` FROM `cmf_option` WHERE  `option_name` = 'cdn_settings' LIMIT 1 [ RunTime:0.000176s ]
[2026-04-16T23:35:14+08:00][sql] SHOW FULL COLUMNS FROM `cmf_product_category` [ RunTime:0.000999s ]
[2026-04-16T23:35:14+08:00][sql] SELECT * FROM `cmf_product_category` WHERE  `parent_id` = 0 ORDER BY `list_order` ASC,`create_time` DESC [ RunTime:0.000283s ]
[2026-04-16T23:35:14+08:00][sql] SELECT * FROM `cmf_product_category` WHERE  `parent_id` IN (18,19,20,21,22,23,24,25,26,27) [ RunTime:0.000211s ]
[2026-04-16T23:35:14+08:00][sql] SHOW FULL COLUMNS FROM `cmf_portal_category` [ RunTime:0.001012s ]
[2026-04-16T23:35:14+08:00][sql] SELECT * FROM `cmf_portal_category` WHERE (  `type` = 8 ) AND `cmf_portal_category`.`delete_time` = '0' ORDER BY `list_order` ASC [ RunTime:0.000260s ]
[2026-04-16T23:35:14+08:00][sql] SHOW FULL COLUMNS FROM `cmf_slide_item` [ RunTime:0.001079s ]
[2026-04-16T23:35:14+08:00][sql] SELECT `title`,`description`,`image` FROM `cmf_slide_item` WHERE  `slide_id` = 5 ORDER BY `list_order` ASC LIMIT 1 [ RunTime:0.000269s ]
[2026-04-16T23:35:14+08:00][sql] SHOW FULL COLUMNS FROM `cmf_theme_file` [ RunTime:0.000871s ]
[2026-04-16T23:35:14+08:00][sql] SELECT `more`,`file`,`id` FROM `cmf_theme_file` WHERE  `theme` = 'simpleboot3'  AND (  `is_public` = 1 OR `file` = 'portal/quote' ) ORDER BY `is_public` DESC [ RunTime:0.000282s ]
[2026-04-16T23:35:14+08:00][sql] SELECT `option_value` FROM `cmf_option` WHERE  `option_name` = 'storage' LIMIT 1 [ RunTime:0.000194s ]
[2026-04-16T23:36:39+08:00][sql] CONNECT:[ UseTime:0.001547s ] mysql:host=127.0.0.1;port=3306;dbname=weihua;charset=utf8mb4
[2026-04-16T23:36:39+08:00][sql] SHOW FULL COLUMNS FROM `cmf_option` [ RunTime:0.002494s ]
[2026-04-16T23:36:39+08:00][sql] SELECT `option_value` FROM `cmf_option` WHERE  `option_name` = 'cdn_settings' LIMIT 1 [ RunTime:0.000534s ]
[2026-04-16T23:36:39+08:00][sql] SELECT `option_value` FROM `cmf_option` WHERE  `option_name` = 'cdn_settings' LIMIT 1 [ RunTime:0.000352s ]
[2026-04-16T23:36:39+08:00][sql] SHOW FULL COLUMNS FROM `cmf_product_category` [ RunTime:0.001599s ]
[2026-04-16T23:36:39+08:00][sql] SELECT * FROM `cmf_product_category` WHERE  `parent_id` = 0 ORDER BY `list_order` ASC,`create_time` DESC [ RunTime:0.000666s ]
[2026-04-16T23:36:39+08:00][sql] SELECT * FROM `cmf_product_category` WHERE  `parent_id` IN (18,19,20,21,22,23,24,25,26,27) [ RunTime:0.000244s ]
[2026-04-16T23:36:39+08:00][sql] SHOW FULL COLUMNS FROM `cmf_portal_category` [ RunTime:0.001265s ]
[2026-04-16T23:36:39+08:00][sql] SELECT * FROM `cmf_portal_category` WHERE (  `type` = 8 ) AND `cmf_portal_category`.`delete_time` = '0' ORDER BY `list_order` ASC [ RunTime:0.000348s ]
[2026-04-16T23:36:39+08:00][sql] SHOW FULL COLUMNS FROM `cmf_slide_item` [ RunTime:0.001400s ]
[2026-04-16T23:36:39+08:00][sql] SELECT `title`,`description`,`image` FROM `cmf_slide_item` WHERE  `slide_id` = 5 ORDER BY `list_order` ASC LIMIT 1 [ RunTime:0.000341s ]
[2026-04-16T23:36:39+08:00][sql] SHOW FULL COLUMNS FROM `cmf_theme_file` [ RunTime:0.001770s ]
[2026-04-16T23:36:39+08:00][sql] SELECT `more`,`file`,`id` FROM `cmf_theme_file` WHERE  `theme` = 'simpleboot3'  AND (  `is_public` = 1 OR `file` = 'portal/quote' ) ORDER BY `is_public` DESC [ RunTime:0.000553s ]
[2026-04-16T23:36:39+08:00][sql] SELECT `option_value` FROM `cmf_option` WHERE  `option_name` = 'storage' LIMIT 1 [ RunTime:0.000361s ]
[2026-04-16T23:37:16+08:00][sql] CONNECT:[ UseTime:0.001680s ] mysql:host=127.0.0.1;port=3306;dbname=weihua;charset=utf8mb4
[2026-04-16T23:37:16+08:00][sql] SHOW FULL COLUMNS FROM `cmf_option` [ RunTime:0.002478s ]
[2026-04-16T23:37:16+08:00][sql] SELECT `option_value` FROM `cmf_option` WHERE  `option_name` = 'cdn_settings' LIMIT 1 [ RunTime:0.000839s ]
[2026-04-16T23:37:16+08:00][sql] SELECT `option_value` FROM `cmf_option` WHERE  `option_name` = 'cdn_settings' LIMIT 1 [ RunTime:0.000257s ]
[2026-04-16T23:37:16+08:00][sql] SHOW FULL COLUMNS FROM `cmf_product_category` [ RunTime:0.001179s ]
[2026-04-16T23:37:16+08:00][sql] SELECT * FROM `cmf_product_category` WHERE  `parent_id` = 0 ORDER BY `list_order` ASC,`create_time` DESC [ RunTime:0.000948s ]
[2026-04-16T23:37:16+08:00][sql] SELECT * FROM `cmf_product_category` WHERE  `parent_id` IN (18,19,20,21,22,23,24,25,26,27) [ RunTime:0.000245s ]
[2026-04-16T23:37:16+08:00][sql] SHOW FULL COLUMNS FROM `cmf_portal_category` [ RunTime:0.001217s ]
[2026-04-16T23:37:16+08:00][sql] SELECT * FROM `cmf_portal_category` WHERE (  `type` = 8 ) AND `cmf_portal_category`.`delete_time` = '0' ORDER BY `list_order` ASC [ RunTime:0.000449s ]
[2026-04-16T23:37:16+08:00][sql] SHOW FULL COLUMNS FROM `cmf_slide_item` [ RunTime:0.001258s ]
[2026-04-16T23:37:16+08:00][sql] SELECT `title`,`description`,`image` FROM `cmf_slide_item` WHERE  `slide_id` = 5 ORDER BY `list_order` ASC LIMIT 1 [ RunTime:0.000541s ]
[2026-04-16T23:37:16+08:00][sql] SHOW FULL COLUMNS FROM `cmf_theme_file` [ RunTime:0.001605s ]
[2026-04-16T23:37:16+08:00][sql] SELECT `more`,`file`,`id` FROM `cmf_theme_file` WHERE  `theme` = 'simpleboot3'  AND (  `is_public` = 1 OR `file` = 'portal/quote' ) ORDER BY `is_public` DESC [ RunTime:0.000608s ]
[2026-04-16T23:37:16+08:00][sql] SELECT `option_value` FROM `cmf_option` WHERE  `option_name` = 'storage' LIMIT 1 [ RunTime:0.000316s ]
[2026-04-16T23:38:43+08:00][sql] CONNECT:[ UseTime:0.001373s ] mysql:host=127.0.0.1;port=3306;dbname=weihua;charset=utf8mb4
[2026-04-16T23:38:43+08:00][sql] SHOW FULL COLUMNS FROM `cmf_option` [ RunTime:0.002833s ]
[2026-04-16T23:38:43+08:00][sql] SELECT `option_value` FROM `cmf_option` WHERE  `option_name` = 'cdn_settings' LIMIT 1 [ RunTime:0.000372s ]
[2026-04-16T23:38:43+08:00][sql] SELECT `option_value` FROM `cmf_option` WHERE  `option_name` = 'cdn_settings' LIMIT 1 [ RunTime:0.000207s ]
[2026-04-16T23:38:43+08:00][sql] SHOW FULL COLUMNS FROM `cmf_product_category` [ RunTime:0.001187s ]
[2026-04-16T23:38:43+08:00][sql] SELECT * FROM `cmf_product_category` WHERE  `parent_id` = 0 ORDER BY `list_order` ASC,`create_time` DESC [ RunTime:0.000383s ]
[2026-04-16T23:38:43+08:00][sql] SELECT * FROM `cmf_product_category` WHERE  `parent_id` IN (18,19,20,21,22,23,24,25,26,27) [ RunTime:0.000332s ]
[2026-04-16T23:38:43+08:00][sql] SHOW FULL COLUMNS FROM `cmf_portal_category` [ RunTime:0.001106s ]
[2026-04-16T23:38:43+08:00][sql] SELECT * FROM `cmf_portal_category` WHERE (  `type` = 8 ) AND `cmf_portal_category`.`delete_time` = '0' ORDER BY `list_order` ASC [ RunTime:0.000315s ]
[2026-04-16T23:38:43+08:00][sql] SHOW FULL COLUMNS FROM `cmf_slide_item` [ RunTime:0.001016s ]
[2026-04-16T23:38:43+08:00][sql] SELECT `title`,`description`,`image` FROM `cmf_slide_item` WHERE  `slide_id` = 5 ORDER BY `list_order` ASC LIMIT 1 [ RunTime:0.000349s ]
[2026-04-16T23:38:43+08:00][sql] SHOW FULL COLUMNS FROM `cmf_theme_file` [ RunTime:0.000894s ]
[2026-04-16T23:38:43+08:00][sql] SELECT `more`,`file`,`id` FROM `cmf_theme_file` WHERE  `theme` = 'simpleboot3'  AND (  `is_public` = 1 OR `file` = 'portal/quote' ) ORDER BY `is_public` DESC [ RunTime:0.000348s ]
[2026-04-16T23:38:43+08:00][sql] SELECT `option_value` FROM `cmf_option` WHERE  `option_name` = 'storage' LIMIT 1 [ RunTime:0.000183s ]
[2026-04-16T23:39:16+08:00][sql] CONNECT:[ UseTime:0.001894s ] mysql:host=127.0.0.1;port=3306;dbname=weihua;charset=utf8mb4
[2026-04-16T23:39:16+08:00][sql] SHOW FULL COLUMNS FROM `cmf_option` [ RunTime:0.004325s ]
[2026-04-16T23:39:16+08:00][sql] SELECT `option_value` FROM `cmf_option` WHERE  `option_name` = 'cdn_settings' LIMIT 1 [ RunTime:0.000765s ]
[2026-04-16T23:39:16+08:00][sql] SELECT `option_value` FROM `cmf_option` WHERE  `option_name` = 'cdn_settings' LIMIT 1 [ RunTime:0.000498s ]
[2026-04-16T23:39:16+08:00][sql] SHOW FULL COLUMNS FROM `cmf_product_category` [ RunTime:0.003052s ]
[2026-04-16T23:39:16+08:00][sql] SELECT * FROM `cmf_product_category` WHERE  `parent_id` = 0 ORDER BY `list_order` ASC,`create_time` DESC [ RunTime:0.000910s ]
[2026-04-16T23:39:16+08:00][sql] SELECT * FROM `cmf_product_category` WHERE  `parent_id` IN (18,19,20,21,22,23,24,25,26,27) [ RunTime:0.000556s ]
[2026-04-16T23:39:16+08:00][sql] SHOW FULL COLUMNS FROM `cmf_portal_category` [ RunTime:0.002482s ]
[2026-04-16T23:39:16+08:00][sql] SELECT * FROM `cmf_portal_category` WHERE (  `type` = 8 ) AND `cmf_portal_category`.`delete_time` = '0' ORDER BY `list_order` ASC [ RunTime:0.000836s ]
[2026-04-16T23:39:16+08:00][sql] SHOW FULL COLUMNS FROM `cmf_slide_item` [ RunTime:0.002483s ]
[2026-04-16T23:39:16+08:00][sql] SELECT `title`,`description`,`image` FROM `cmf_slide_item` WHERE  `slide_id` = 5 ORDER BY `list_order` ASC LIMIT 1 [ RunTime:0.000670s ]
[2026-04-16T23:39:16+08:00][sql] SHOW FULL COLUMNS FROM `cmf_theme_file` [ RunTime:0.002475s ]
[2026-04-16T23:39:16+08:00][sql] SELECT `more`,`file`,`id` FROM `cmf_theme_file` WHERE  `theme` = 'simpleboot3'  AND (  `is_public` = 1 OR `file` = 'portal/quote' ) ORDER BY `is_public` DESC [ RunTime:0.000749s ]
[2026-04-16T23:39:16+08:00][sql] SELECT `option_value` FROM `cmf_option` WHERE  `option_name` = 'storage' LIMIT 1 [ RunTime:0.000466s ]
[2026-04-16T23:39:27+08:00][sql] CONNECT:[ UseTime:0.005983s ] mysql:host=127.0.0.1;port=3306;dbname=weihua;charset=utf8mb4
[2026-04-16T23:39:27+08:00][sql] SHOW FULL COLUMNS FROM `cmf_option` [ RunTime:0.005899s ]
[2026-04-16T23:39:27+08:00][sql] SELECT `option_value` FROM `cmf_option` WHERE  `option_name` = 'cdn_settings' LIMIT 1 [ RunTime:0.000853s ]
[2026-04-16T23:39:27+08:00][sql] SELECT `option_value` FROM `cmf_option` WHERE  `option_name` = 'cdn_settings' LIMIT 1 [ RunTime:0.000553s ]
[2026-04-16T23:39:27+08:00][sql] SHOW FULL COLUMNS FROM `cmf_product_category` [ RunTime:0.002739s ]
[2026-04-16T23:39:27+08:00][sql] SELECT * FROM `cmf_product_category` WHERE  `parent_id` = 0 ORDER BY `list_order` ASC,`create_time` DESC [ RunTime:0.000811s ]
[2026-04-16T23:39:27+08:00][sql] SELECT * FROM `cmf_product_category` WHERE  `parent_id` IN (18,19,20,21,22,23,24,25,26,27) [ RunTime:0.000596s ]
[2026-04-16T23:39:27+08:00][sql] SHOW FULL COLUMNS FROM `cmf_portal_category` [ RunTime:0.002510s ]
[2026-04-16T23:39:27+08:00][sql] SELECT * FROM `cmf_portal_category` WHERE (  `type` = 8 ) AND `cmf_portal_category`.`delete_time` = '0' ORDER BY `list_order` ASC [ RunTime:0.000919s ]
[2026-04-16T23:39:27+08:00][sql] SHOW FULL COLUMNS FROM `cmf_slide_item` [ RunTime:0.002253s ]
[2026-04-16T23:39:27+08:00][sql] SELECT `title`,`description`,`image` FROM `cmf_slide_item` WHERE  `slide_id` = 5 ORDER BY `list_order` ASC LIMIT 1 [ RunTime:0.000684s ]
[2026-04-16T23:39:27+08:00][sql] SHOW FULL COLUMNS FROM `cmf_theme_file` [ RunTime:0.002133s ]
[2026-04-16T23:39:27+08:00][sql] SELECT `more`,`file`,`id` FROM `cmf_theme_file` WHERE  `theme` = 'simpleboot3'  AND (  `is_public` = 1 OR `file` = 'portal/quote' ) ORDER BY `is_public` DESC [ RunTime:0.000765s ]
[2026-04-16T23:39:27+08:00][sql] SELECT `option_value` FROM `cmf_option` WHERE  `option_name` = 'storage' LIMIT 1 [ RunTime:0.000259s ]
[2026-04-16T23:39:48+08:00][sql] CONNECT:[ UseTime:0.000681s ] mysql:host=127.0.0.1;port=3306;dbname=weihua;charset=utf8mb4
[2026-04-16T23:39:48+08:00][sql] SHOW FULL COLUMNS FROM `cmf_option` [ RunTime:0.001585s ]
[2026-04-16T23:39:48+08:00][sql] SELECT `option_value` FROM `cmf_option` WHERE  `option_name` = 'cdn_settings' LIMIT 1 [ RunTime:0.000268s ]
[2026-04-16T23:39:48+08:00][sql] SELECT `option_value` FROM `cmf_option` WHERE  `option_name` = 'cdn_settings' LIMIT 1 [ RunTime:0.000163s ]
[2026-04-16T23:39:48+08:00][sql] SHOW FULL COLUMNS FROM `cmf_product_category` [ RunTime:0.001094s ]
[2026-04-16T23:39:48+08:00][sql] SELECT * FROM `cmf_product_category` WHERE  `parent_id` = 0 ORDER BY `list_order` ASC,`create_time` DESC [ RunTime:0.000316s ]
[2026-04-16T23:39:48+08:00][sql] SELECT * FROM `cmf_product_category` WHERE  `parent_id` IN (18,19,20,21,22,23,24,25,26,27) [ RunTime:0.000224s ]
[2026-04-16T23:39:48+08:00][sql] SHOW FULL COLUMNS FROM `cmf_portal_category` [ RunTime:0.001257s ]
[2026-04-16T23:39:48+08:00][sql] SELECT * FROM `cmf_portal_category` WHERE (  `type` = 8 ) AND `cmf_portal_category`.`delete_time` = '0' ORDER BY `list_order` ASC [ RunTime:0.000274s ]
[2026-04-16T23:39:48+08:00][sql] SHOW FULL COLUMNS FROM `cmf_slide_item` [ RunTime:0.000882s ]
[2026-04-16T23:39:48+08:00][sql] SELECT `title`,`description`,`image` FROM `cmf_slide_item` WHERE  `slide_id` = 5 ORDER BY `list_order` ASC LIMIT 1 [ RunTime:0.000259s ]
[2026-04-16T23:39:48+08:00][sql] SHOW FULL COLUMNS FROM `cmf_theme_file` [ RunTime:0.000849s ]
[2026-04-16T23:39:48+08:00][sql] SELECT `more`,`file`,`id` FROM `cmf_theme_file` WHERE  `theme` = 'simpleboot3'  AND (  `is_public` = 1 OR `file` = 'portal/quote' ) ORDER BY `is_public` DESC [ RunTime:0.000270s ]
[2026-04-16T23:39:48+08:00][sql] SELECT `option_value` FROM `cmf_option` WHERE  `option_name` = 'storage' LIMIT 1 [ RunTime:0.000391s ]
[2026-04-16T23:39:52+08:00][sql] CONNECT:[ UseTime:0.001213s ] mysql:host=127.0.0.1;port=3306;dbname=weihua;charset=utf8mb4
[2026-04-16T23:39:52+08:00][sql] SHOW FULL COLUMNS FROM `cmf_option` [ RunTime:0.005349s ]
[2026-04-16T23:39:52+08:00][sql] SELECT `option_value` FROM `cmf_option` WHERE  `option_name` = 'cdn_settings' LIMIT 1 [ RunTime:0.000633s ]
[2026-04-16T23:39:52+08:00][sql] SELECT `option_value` FROM `cmf_option` WHERE  `option_name` = 'cdn_settings' LIMIT 1 [ RunTime:0.000497s ]
[2026-04-16T23:39:52+08:00][sql] SHOW FULL COLUMNS FROM `cmf_product_category` [ RunTime:0.002038s ]
[2026-04-16T23:39:52+08:00][sql] SELECT * FROM `cmf_product_category` WHERE  `parent_id` = 0 ORDER BY `list_order` ASC,`create_time` DESC [ RunTime:0.000423s ]
[2026-04-16T23:39:52+08:00][sql] SELECT * FROM `cmf_product_category` WHERE  `parent_id` IN (18,19,20,21,22,23,24,25,26,27) [ RunTime:0.000547s ]
[2026-04-16T23:39:52+08:00][sql] SHOW FULL COLUMNS FROM `cmf_portal_category` [ RunTime:0.002596s ]
[2026-04-16T23:39:52+08:00][sql] SELECT * FROM `cmf_portal_category` WHERE (  `type` = 8 ) AND `cmf_portal_category`.`delete_time` = '0' ORDER BY `list_order` ASC [ RunTime:0.000716s ]
[2026-04-16T23:39:52+08:00][sql] SHOW FULL COLUMNS FROM `cmf_product` [ RunTime:0.001785s ]
[2026-04-16T23:39:52+08:00][sql] SELECT COUNT(*) AS think_count FROM `cmf_product` LIMIT 1 [ RunTime:0.005256s ]
[2026-04-16T23:39:52+08:00][sql] SELECT `id`,`category_id`,`title`,`thumbnail`,`industry` FROM `cmf_product` ORDER BY `list_order` ASC,`create_time` DESC LIMIT 0,12 [ RunTime:0.000680s ]
[2026-04-16T23:39:52+08:00][sql] SHOW FULL COLUMNS FROM `cmf_slide_item` [ RunTime:0.001225s ]
[2026-04-16T23:39:52+08:00][sql] SELECT `title`,`description`,`image` FROM `cmf_slide_item` WHERE  `slide_id` = 2 ORDER BY `list_order` ASC LIMIT 1 [ RunTime:0.000321s ]
[2026-04-16T23:39:52+08:00][sql] SHOW FULL COLUMNS FROM `cmf_theme_file` [ RunTime:0.001006s ]
[2026-04-16T23:39:52+08:00][sql] SELECT `more`,`file`,`id` FROM `cmf_theme_file` WHERE  `theme` = 'simpleboot3'  AND (  `is_public` = 1 OR `file` = 'portal/product' ) ORDER BY `is_public` DESC [ RunTime:0.000452s ]
[2026-04-16T23:39:52+08:00][sql] SELECT `option_value` FROM `cmf_option` WHERE  `option_name` = 'storage' LIMIT 1 [ RunTime:0.000492s ]
[2026-04-16T23:39:55+08:00][sql] CONNECT:[ UseTime:0.001188s ] mysql:host=127.0.0.1;port=3306;dbname=weihua;charset=utf8mb4
[2026-04-16T23:39:55+08:00][sql] SHOW FULL COLUMNS FROM `cmf_option` [ RunTime:0.002114s ]
[2026-04-16T23:39:55+08:00][sql] SELECT `option_value` FROM `cmf_option` WHERE  `option_name` = 'cdn_settings' LIMIT 1 [ RunTime:0.000325s ]
[2026-04-16T23:39:55+08:00][sql] SELECT `option_value` FROM `cmf_option` WHERE  `option_name` = 'cdn_settings' LIMIT 1 [ RunTime:0.000230s ]
[2026-04-16T23:39:55+08:00][sql] SHOW FULL COLUMNS FROM `cmf_product_category` [ RunTime:0.001152s ]
[2026-04-16T23:39:55+08:00][sql] SELECT * FROM `cmf_product_category` WHERE  `parent_id` = 0 ORDER BY `list_order` ASC,`create_time` DESC [ RunTime:0.000376s ]
[2026-04-16T23:39:55+08:00][sql] SELECT * FROM `cmf_product_category` WHERE  `parent_id` IN (18,19,20,21,22,23,24,25,26,27) [ RunTime:0.000291s ]
[2026-04-16T23:39:55+08:00][sql] SHOW FULL COLUMNS FROM `cmf_portal_category` [ RunTime:0.001149s ]
[2026-04-16T23:39:55+08:00][sql] SELECT * FROM `cmf_portal_category` WHERE (  `type` = 8 ) AND `cmf_portal_category`.`delete_time` = '0' ORDER BY `list_order` ASC [ RunTime:0.000320s ]
[2026-04-16T23:39:55+08:00][sql] SHOW FULL COLUMNS FROM `cmf_slide_item` [ RunTime:0.001186s ]
[2026-04-16T23:39:55+08:00][sql] SELECT `title`,`description`,`image` FROM `cmf_slide_item` WHERE  `slide_id` = 6 ORDER BY `list_order` ASC LIMIT 1 [ RunTime:0.000371s ]
[2026-04-16T23:39:55+08:00][sql] SHOW FULL COLUMNS FROM `cmf_theme_file` [ RunTime:0.000987s ]
[2026-04-16T23:39:55+08:00][sql] SELECT `more`,`file`,`id` FROM `cmf_theme_file` WHERE  `theme` = 'simpleboot3'  AND (  `is_public` = 1 OR `file` = 'portal/service' ) ORDER BY `is_public` DESC [ RunTime:0.000439s ]
[2026-04-16T23:39:55+08:00][sql] SELECT `option_value` FROM `cmf_option` WHERE  `option_name` = 'storage' LIMIT 1 [ RunTime:0.000487s ]
[2026-04-16T23:39:56+08:00][sql] CONNECT:[ UseTime:0.001178s ] mysql:host=127.0.0.1;port=3306;dbname=weihua;charset=utf8mb4
[2026-04-16T23:39:56+08:00][sql] SHOW FULL COLUMNS FROM `cmf_option` [ RunTime:0.003439s ]
[2026-04-16T23:39:56+08:00][sql] SELECT `option_value` FROM `cmf_option` WHERE  `option_name` = 'cdn_settings' LIMIT 1 [ RunTime:0.000506s ]
[2026-04-16T23:39:56+08:00][sql] SELECT `option_value` FROM `cmf_option` WHERE  `option_name` = 'cdn_settings' LIMIT 1 [ RunTime:0.000291s ]
[2026-04-16T23:39:56+08:00][sql] SHOW FULL COLUMNS FROM `cmf_product_category` [ RunTime:0.001280s ]
[2026-04-16T23:39:56+08:00][sql] SELECT * FROM `cmf_product_category` WHERE  `parent_id` = 0 ORDER BY `list_order` ASC,`create_time` DESC [ RunTime:0.000484s ]
[2026-04-16T23:39:56+08:00][sql] SELECT * FROM `cmf_product_category` WHERE  `parent_id` IN (18,19,20,21,22,23,24,25,26,27) [ RunTime:0.000284s ]
[2026-04-16T23:39:56+08:00][sql] SHOW FULL COLUMNS FROM `cmf_portal_category` [ RunTime:0.001283s ]
[2026-04-16T23:39:56+08:00][sql] SELECT * FROM `cmf_portal_category` WHERE (  `type` = 8 ) AND `cmf_portal_category`.`delete_time` = '0' ORDER BY `list_order` ASC [ RunTime:0.000514s ]
[2026-04-16T23:39:56+08:00][sql] SHOW FULL COLUMNS FROM `cmf_slide_item` [ RunTime:0.001372s ]
[2026-04-16T23:39:56+08:00][sql] SELECT `title`,`description`,`image` FROM `cmf_slide_item` WHERE  `slide_id` = 3 ORDER BY `list_order` ASC LIMIT 1 [ RunTime:0.000401s ]
[2026-04-16T23:39:56+08:00][sql] SHOW FULL COLUMNS FROM `cmf_portal_post` [ RunTime:0.001496s ]
[2026-04-16T23:39:56+08:00][sql] SELECT COUNT(*) AS think_count FROM `cmf_portal_post` WHERE (  `post_type` = 3 ) AND `cmf_portal_post`.`delete_time` = '0' LIMIT 1 [ RunTime:0.000804s ]
[2026-04-16T23:39:56+08:00][sql] SELECT `id`,`more`,`post_title`,`post_excerpt` FROM `cmf_portal_post` WHERE (  `post_type` = 3 ) AND `cmf_portal_post`.`delete_time` = '0' ORDER BY `create_time` DESC LIMIT 0,9 [ RunTime:0.000307s ]
[2026-04-16T23:39:56+08:00][sql] SHOW FULL COLUMNS FROM `cmf_theme_file` [ RunTime:0.001238s ]
[2026-04-16T23:39:56+08:00][sql] SELECT `more`,`file`,`id` FROM `cmf_theme_file` WHERE  `theme` = 'simpleboot3'  AND (  `is_public` = 1 OR `file` = 'portal/industries' ) ORDER BY `is_public` DESC [ RunTime:0.000414s ]
[2026-04-16T23:39:56+08:00][sql] SELECT `option_value` FROM `cmf_option` WHERE  `option_name` = 'storage' LIMIT 1 [ RunTime:0.000525s ]
[2026-04-16T23:39:57+08:00][sql] CONNECT:[ UseTime:0.001115s ] mysql:host=127.0.0.1;port=3306;dbname=weihua;charset=utf8mb4
[2026-04-16T23:39:57+08:00][sql] SHOW FULL COLUMNS FROM `cmf_option` [ RunTime:0.002155s ]
[2026-04-16T23:39:57+08:00][sql] SELECT `option_value` FROM `cmf_option` WHERE  `option_name` = 'cdn_settings' LIMIT 1 [ RunTime:0.000471s ]
[2026-04-16T23:39:57+08:00][sql] SELECT `option_value` FROM `cmf_option` WHERE  `option_name` = 'cdn_settings' LIMIT 1 [ RunTime:0.000434s ]
[2026-04-16T23:39:57+08:00][sql] SHOW FULL COLUMNS FROM `cmf_product_category` [ RunTime:0.001787s ]
[2026-04-16T23:39:57+08:00][sql] SELECT * FROM `cmf_product_category` WHERE  `parent_id` = 0 ORDER BY `list_order` ASC,`create_time` DESC [ RunTime:0.000556s ]
[2026-04-16T23:39:57+08:00][sql] SELECT * FROM `cmf_product_category` WHERE  `parent_id` IN (18,19,20,21,22,23,24,25,26,27) [ RunTime:0.000375s ]
[2026-04-16T23:39:57+08:00][sql] SHOW FULL COLUMNS FROM `cmf_portal_category` [ RunTime:0.001638s ]
[2026-04-16T23:39:57+08:00][sql] SELECT * FROM `cmf_portal_category` WHERE (  `type` = 8 ) AND `cmf_portal_category`.`delete_time` = '0' ORDER BY `list_order` ASC [ RunTime:0.000422s ]
[2026-04-16T23:39:57+08:00][sql] SHOW FULL COLUMNS FROM `cmf_slide_item` [ RunTime:0.001294s ]
[2026-04-16T23:39:57+08:00][sql] SELECT `title`,`description`,`image` FROM `cmf_slide_item` WHERE  `slide_id` = 12 ORDER BY `list_order` ASC LIMIT 1 [ RunTime:0.000395s ]
[2026-04-16T23:39:57+08:00][sql] SELECT * FROM `cmf_portal_category` WHERE (  `id` = 0  AND `status` = 1 ) AND `cmf_portal_category`.`delete_time` = '0' LIMIT 1 [ RunTime:0.000254s ]
[2026-04-16T23:39:57+08:00][sql] SHOW FULL COLUMNS FROM `cmf_portal_post` [ RunTime:0.001140s ]
[2026-04-16T23:39:57+08:00][sql] SELECT COUNT(*) AS think_count FROM `cmf_portal_post` `p` LEFT JOIN `cmf_portal_category_post` `c` ON `p`.`id`=`c`.`post_id` WHERE (  `post_type` = 8 ) AND `p`.`delete_time` = '0' LIMIT 1 [ RunTime:0.000930s ]
[2026-04-16T23:39:57+08:00][sql] SELECT `p`.`id`,`p`.`post_title`,`p`.`thumbnail`,`p`.`more`,c.category_id as cid,`p`.`post_excerpt`,`p`.`create_time` FROM `cmf_portal_post` `p` LEFT JOIN `cmf_portal_category_post` `c` ON `p`.`id`=`c`.`post_id` WHERE (  `post_type` = 8 ) AND `p`.`delete_time` = '0' ORDER BY `c`.`list_order` ASC,`p`.`create_time` DESC LIMIT 0,6 [ RunTime:0.000411s ]
[2026-04-16T23:39:57+08:00][sql] SHOW FULL COLUMNS FROM `cmf_theme_file` [ RunTime:0.001001s ]
[2026-04-16T23:39:57+08:00][sql] SELECT `more`,`file`,`id` FROM `cmf_theme_file` WHERE  `theme` = 'simpleboot3'  AND (  `is_public` = 1 OR `file` = 'portal/news' ) ORDER BY `is_public` DESC [ RunTime:0.000293s ]
[2026-04-16T23:39:57+08:00][sql] SELECT `option_value` FROM `cmf_option` WHERE  `option_name` = 'storage' LIMIT 1 [ RunTime:0.000633s ]
[2026-04-16T23:39:58+08:00][sql] CONNECT:[ UseTime:0.000983s ] mysql:host=127.0.0.1;port=3306;dbname=weihua;charset=utf8mb4
[2026-04-16T23:39:58+08:00][sql] SHOW FULL COLUMNS FROM `cmf_option` [ RunTime:0.001793s ]
[2026-04-16T23:39:58+08:00][sql] SELECT `option_value` FROM `cmf_option` WHERE  `option_name` = 'cdn_settings' LIMIT 1 [ RunTime:0.000446s ]
[2026-04-16T23:39:58+08:00][sql] SELECT `option_value` FROM `cmf_option` WHERE  `option_name` = 'cdn_settings' LIMIT 1 [ RunTime:0.000272s ]
[2026-04-16T23:39:58+08:00][sql] SHOW FULL COLUMNS FROM `cmf_product_category` [ RunTime:0.001193s ]
[2026-04-16T23:39:58+08:00][sql] SELECT * FROM `cmf_product_category` WHERE  `parent_id` = 0 ORDER BY `list_order` ASC,`create_time` DESC [ RunTime:0.000452s ]
[2026-04-16T23:39:58+08:00][sql] SELECT * FROM `cmf_product_category` WHERE  `parent_id` IN (18,19,20,21,22,23,24,25,26,27) [ RunTime:0.000262s ]
[2026-04-16T23:39:58+08:00][sql] SHOW FULL COLUMNS FROM `cmf_portal_category` [ RunTime:0.001184s ]
[2026-04-16T23:39:58+08:00][sql] SELECT * FROM `cmf_portal_category` WHERE (  `type` = 8 ) AND `cmf_portal_category`.`delete_time` = '0' ORDER BY `list_order` ASC [ RunTime:0.000354s ]
[2026-04-16T23:39:58+08:00][sql] SHOW FULL COLUMNS FROM `cmf_slide_item` [ RunTime:0.001144s ]
[2026-04-16T23:39:58+08:00][sql] SELECT `title`,`description`,`image` FROM `cmf_slide_item` WHERE  `slide_id` = 4 ORDER BY `list_order` ASC LIMIT 1 [ RunTime:0.000340s ]
[2026-04-16T23:39:58+08:00][sql] SHOW FULL COLUMNS FROM `cmf_theme_file` [ RunTime:0.002578s ]
[2026-04-16T23:39:58+08:00][sql] SELECT `more`,`file`,`id` FROM `cmf_theme_file` WHERE  `theme` = 'simpleboot3'  AND (  `is_public` = 1 OR `file` = 'portal/about' ) ORDER BY `is_public` DESC [ RunTime:0.000697s ]
[2026-04-16T23:39:58+08:00][sql] SELECT `option_value` FROM `cmf_option` WHERE  `option_name` = 'storage' LIMIT 1 [ RunTime:0.000487s ]
[2026-04-16T23:40:17+08:00][sql] CONNECT:[ UseTime:0.000890s ] mysql:host=127.0.0.1;port=3306;dbname=weihua;charset=utf8mb4
[2026-04-16T23:40:17+08:00][sql] SHOW FULL COLUMNS FROM `cmf_option` [ RunTime:0.002101s ]
[2026-04-16T23:40:17+08:00][sql] SELECT `option_value` FROM `cmf_option` WHERE  `option_name` = 'cdn_settings' LIMIT 1 [ RunTime:0.000305s ]
[2026-04-16T23:40:17+08:00][sql] SELECT `option_value` FROM `cmf_option` WHERE  `option_name` = 'cdn_settings' LIMIT 1 [ RunTime:0.000272s ]
[2026-04-16T23:40:17+08:00][sql] SHOW FULL COLUMNS FROM `cmf_product_category` [ RunTime:0.001173s ]
[2026-04-16T23:40:17+08:00][sql] SELECT * FROM `cmf_product_category` WHERE  `parent_id` = 0 ORDER BY `list_order` ASC,`create_time` DESC [ RunTime:0.000761s ]
[2026-04-16T23:40:17+08:00][sql] SELECT * FROM `cmf_product_category` WHERE  `parent_id` IN (18,19,20,21,22,23,24,25,26,27) [ RunTime:0.000579s ]
[2026-04-16T23:40:17+08:00][sql] SHOW FULL COLUMNS FROM `cmf_portal_category` [ RunTime:0.001143s ]
[2026-04-16T23:40:17+08:00][sql] SELECT * FROM `cmf_portal_category` WHERE (  `type` = 8 ) AND `cmf_portal_category`.`delete_time` = '0' ORDER BY `list_order` ASC [ RunTime:0.000405s ]
[2026-04-16T23:40:17+08:00][sql] SHOW FULL COLUMNS FROM `cmf_slide_item` [ RunTime:0.001272s ]
[2026-04-16T23:40:17+08:00][sql] SELECT `title`,`description`,`image` FROM `cmf_slide_item` WHERE  `slide_id` = 4 ORDER BY `list_order` ASC LIMIT 1 [ RunTime:0.000327s ]
[2026-04-16T23:40:17+08:00][sql] SHOW FULL COLUMNS FROM `cmf_theme_file` [ RunTime:0.001662s ]
[2026-04-16T23:40:17+08:00][sql] SELECT `more`,`file`,`id` FROM `cmf_theme_file` WHERE  `theme` = 'simpleboot3'  AND (  `is_public` = 1 OR `file` = 'portal/about' ) ORDER BY `is_public` DESC [ RunTime:0.000692s ]
[2026-04-16T23:40:17+08:00][sql] SELECT `option_value` FROM `cmf_option` WHERE  `option_name` = 'storage' LIMIT 1 [ RunTime:0.000214s ]
