[2026-04-20T19:26:28+08:00][sql] CONNECT:[ UseTime:0.033800s ] mysql:host=127.0.0.1;port=3306;dbname=weihua;charset=utf8mb4
[2026-04-20T19:26:28+08:00][sql] SHOW FULL COLUMNS FROM `cmf_plugin` [ RunTime:0.048126s ]
[2026-04-20T19:26:28+08:00][sql] SELECT `config` FROM `cmf_plugin` WHERE  `name` = 'SwitchTheme' LIMIT 1 [ RunTime:0.004775s ]
[2026-04-20T19:26:28+08:00][sql] SHOW FULL COLUMNS FROM `cmf_option` [ RunTime:0.002652s ]
[2026-04-20T19:26:28+08:00][sql] SELECT `option_value` FROM `cmf_option` WHERE  `option_name` = 'cdn_settings' LIMIT 1 [ RunTime:0.012172s ]
[2026-04-20T19:26:28+08:00][sql] SELECT `option_value` FROM `cmf_option` WHERE  `option_name` = 'cdn_settings' LIMIT 1 [ RunTime:0.000479s ]
[2026-04-20T19:26:28+08:00][sql] SHOW FULL COLUMNS FROM `cmf_product_category` [ RunTime:0.010828s ]
[2026-04-20T19:26:28+08:00][sql] SELECT * FROM `cmf_product_category` WHERE  `parent_id` = 0 ORDER BY `list_order` ASC,`create_time` DESC [ RunTime:0.002838s ]
[2026-04-20T19:26:28+08:00][sql] SELECT * FROM `cmf_product_category` WHERE  `parent_id` IN (18,19,20,21,22,23,24,25,26,27) [ RunTime:0.002483s ]
[2026-04-20T19:26:28+08:00][sql] SHOW FULL COLUMNS FROM `cmf_portal_category` [ RunTime:0.010426s ]
[2026-04-20T19:26:28+08:00][sql] SELECT * FROM `cmf_portal_category` WHERE (  `type` = 8 ) AND `cmf_portal_category`.`delete_time` = '0' ORDER BY `list_order` ASC [ RunTime:0.006163s ]
[2026-04-20T19:26:28+08:00][sql] SHOW FULL COLUMNS FROM `cmf_slide_item` [ RunTime:0.032637s ]
[2026-04-20T19:26:28+08:00][sql] SELECT `title`,`description`,`image` FROM `cmf_slide_item` WHERE  `slide_id` = 3 ORDER BY `list_order` ASC LIMIT 1 [ RunTime:0.004082s ]
[2026-04-20T19:26:28+08:00][sql] SHOW FULL COLUMNS FROM `cmf_portal_post` [ RunTime:0.004443s ]
[2026-04-20T19:26:28+08:00][sql] SELECT COUNT(*) AS think_count FROM `cmf_portal_post` WHERE (  `post_type` = 3 ) AND `cmf_portal_post`.`delete_time` = '0' LIMIT 1 [ RunTime:0.002356s ]
[2026-04-20T19:26:28+08:00][sql] SELECT `id`,`more`,`post_title`,`post_excerpt` FROM `cmf_portal_post` WHERE (  `post_type` = 3 ) AND `cmf_portal_post`.`delete_time` = '0' ORDER BY `create_time` DESC LIMIT 0,9 [ RunTime:0.000902s ]
[2026-04-20T19:26:28+08:00][sql] SHOW FULL COLUMNS FROM `cmf_theme_file` [ RunTime:0.003843s ]
[2026-04-20T19:26:28+08:00][sql] SELECT `more`,`file`,`id` FROM `cmf_theme_file` WHERE  `theme` = 'simpleboot3'  AND (  `is_public` = 1 OR `file` = 'portal/industries' ) ORDER BY `is_public` DESC [ RunTime:0.001466s ]
[2026-04-20T19:26:28+08:00][sql] SELECT `option_value` FROM `cmf_option` WHERE  `option_name` = 'storage' LIMIT 1 [ RunTime:0.001447s ]
[2026-04-20T19:26:30+08:00][sql] CONNECT:[ UseTime:0.001170s ] mysql:host=127.0.0.1;port=3306;dbname=weihua;charset=utf8mb4
[2026-04-20T19:26:30+08:00][sql] SHOW FULL COLUMNS FROM `cmf_option` [ RunTime:0.001986s ]
[2026-04-20T19:26:30+08:00][sql] SELECT `option_value` FROM `cmf_option` WHERE  `option_name` = 'cdn_settings' LIMIT 1 [ RunTime:0.000369s ]
[2026-04-20T19:26:30+08:00][sql] SELECT `option_value` FROM `cmf_option` WHERE  `option_name` = 'cdn_settings' LIMIT 1 [ RunTime:0.000216s ]
[2026-04-20T19:26:30+08:00][sql] SHOW FULL COLUMNS FROM `cmf_product_category` [ RunTime:0.001417s ]
[2026-04-20T19:26:30+08:00][sql] SELECT * FROM `cmf_product_category` WHERE  `parent_id` = 0 ORDER BY `list_order` ASC,`create_time` DESC [ RunTime:0.000548s ]
[2026-04-20T19:26:30+08:00][sql] SELECT * FROM `cmf_product_category` WHERE  `parent_id` IN (18,19,20,21,22,23,24,25,26,27) [ RunTime:0.000264s ]
[2026-04-20T19:26:30+08:00][sql] SHOW FULL COLUMNS FROM `cmf_portal_category` [ RunTime:0.001434s ]
[2026-04-20T19:26:30+08:00][sql] SELECT * FROM `cmf_portal_category` WHERE (  `type` = 8 ) AND `cmf_portal_category`.`delete_time` = '0' ORDER BY `list_order` ASC [ RunTime:0.000320s ]
[2026-04-20T19:26:30+08:00][sql] SELECT * FROM `cmf_portal_category` WHERE (  `id` = 0  AND `status` = 1 ) AND `cmf_portal_category`.`delete_time` = '0' LIMIT 1 [ RunTime:0.000488s ]
[2026-04-20T19:26:30+08:00][sql] SHOW FULL COLUMNS FROM `cmf_slide_item` [ RunTime:0.001142s ]
[2026-04-20T19:26:30+08:00][sql] SELECT `title`,`description`,`image` FROM `cmf_slide_item` WHERE  `slide_id` = 3 ORDER BY `list_order` ASC LIMIT 1 [ RunTime:0.000362s ]
[2026-04-20T19:26:30+08:00][sql] SHOW FULL COLUMNS FROM `cmf_portal_post` [ RunTime:0.001810s ]
[2026-04-20T19:26:30+08:00][sql] UPDATE `cmf_portal_post`  SET `post_hits` = `post_hits` + 1  WHERE (  `id` = 3 ) AND `cmf_portal_post`.`delete_time` = '0' [ RunTime:0.013659s ]
[2026-04-20T19:26:30+08:00][sql] SELECT * FROM `cmf_portal_post` WHERE (  `post_type` = 3  AND `delete_time` = 0  AND `id` = 3 ) AND `cmf_portal_post`.`delete_time` = '0' LIMIT 1 [ RunTime:0.000605s ]
[2026-04-20T19:26:30+08:00][sql] SELECT * FROM `cmf_portal_post` WHERE (  `post_type` = 3  AND `delete_time` = 0  AND `id` < 3 ) AND `cmf_portal_post`.`delete_time` = '0' ORDER BY `id` DESC LIMIT 1 [ RunTime:0.001021s ]
[2026-04-20T19:26:30+08:00][sql] SELECT * FROM `cmf_portal_post` WHERE (  `post_type` = 3  AND `delete_time` = 0  AND `id` > 3 ) AND `cmf_portal_post`.`delete_time` = '0' ORDER BY `id` ASC LIMIT 1 [ RunTime:0.000511s ]
[2026-04-20T19:26:30+08:00][sql] SHOW FULL COLUMNS FROM `cmf_theme_file` [ RunTime:0.002499s ]
[2026-04-20T19:26:30+08:00][sql] SELECT `more`,`file`,`id` FROM `cmf_theme_file` WHERE  `theme` = 'simpleboot3'  AND (  `is_public` = 1 OR `file` = 'portal/industries-info' ) ORDER BY `is_public` DESC [ RunTime:0.000763s ]
[2026-04-20T19:26:30+08:00][sql] SELECT `option_value` FROM `cmf_option` WHERE  `option_name` = 'storage' LIMIT 1 [ RunTime:0.000587s ]
[2026-04-20T19:26:42+08:00][sql] CONNECT:[ UseTime:0.001203s ] mysql:host=127.0.0.1;port=3306;dbname=weihua;charset=utf8mb4
[2026-04-20T19:26:42+08:00][sql] SHOW FULL COLUMNS FROM `cmf_option` [ RunTime:0.002772s ]
[2026-04-20T19:26:42+08:00][sql] SELECT `option_value` FROM `cmf_option` WHERE  `option_name` = 'cdn_settings' LIMIT 1 [ RunTime:0.000332s ]
[2026-04-20T19:26:42+08:00][sql] CONNECT:[ UseTime:0.001220s ] mysql:host=127.0.0.1;port=3306;dbname=weihua;charset=utf8mb4
[2026-04-20T19:26:42+08:00][sql] SHOW FULL COLUMNS FROM `cmf_option` [ RunTime:0.003121s ]
[2026-04-20T19:26:42+08:00][sql] SELECT `option_value` FROM `cmf_option` WHERE  `option_name` = 'cdn_settings' LIMIT 1 [ RunTime:0.000620s ]
[2026-04-20T19:26:49+08:00][sql] CONNECT:[ UseTime:0.001362s ] mysql:host=127.0.0.1;port=3306;dbname=weihua;charset=utf8mb4
[2026-04-20T19:26:49+08:00][sql] SHOW FULL COLUMNS FROM `cmf_option` [ RunTime:0.003766s ]
[2026-04-20T19:26:49+08:00][sql] SELECT `option_value` FROM `cmf_option` WHERE  `option_name` = 'cdn_settings' LIMIT 1 [ RunTime:0.000720s ]
[2026-04-20T19:26:49+08:00][sql] SHOW FULL COLUMNS FROM `cmf_user` [ RunTime:0.003393s ]
[2026-04-20T19:26:49+08:00][sql] SELECT * FROM `cmf_user` WHERE  `user_login` = 'admin' LIMIT 1 [ RunTime:0.002850s ]
[2026-04-20T19:26:49+08:00][sql] SHOW FULL COLUMNS FROM `cmf_role_user` [ RunTime:0.001964s ]
[2026-04-20T19:26:49+08:00][sql] SELECT `role_id` FROM `cmf_role_user` `a` INNER JOIN `cmf_role` `b` ON `a`.`role_id`=`b`.`id` WHERE  `user_id` = 1  AND `status` = '1' LIMIT 1 [ RunTime:0.001192s ]
[2026-04-20T19:26:49+08:00][sql] SHOW FULL COLUMNS FROM `cmf_user_token` [ RunTime:0.002249s ]
[2026-04-20T19:26:49+08:00][sql] SELECT * FROM `cmf_user_token` WHERE  `user_id` = 1  AND `device_type` = 'web' LIMIT 1 [ RunTime:0.000731s ]
[2026-04-20T19:26:49+08:00][sql] UPDATE `cmf_user`  SET `last_login_ip` = '127.0.0.1' , `last_login_time` = 1776684409  WHERE  `id` = 1 [ RunTime:0.002208s ]
[2026-04-20T19:26:51+08:00][sql] CONNECT:[ UseTime:0.001251s ] mysql:host=127.0.0.1;port=3306;dbname=weihua;charset=utf8mb4
[2026-04-20T19:26:51+08:00][sql] SHOW FULL COLUMNS FROM `cmf_option` [ RunTime:0.004032s ]
[2026-04-20T19:26:51+08:00][sql] SELECT `option_value` FROM `cmf_option` WHERE  `option_name` = 'cdn_settings' LIMIT 1 [ RunTime:0.000378s ]
[2026-04-20T19:26:51+08:00][sql] SHOW FULL COLUMNS FROM `cmf_user` [ RunTime:0.002241s ]
[2026-04-20T19:26:51+08:00][sql] SELECT * FROM `cmf_user` WHERE  `id` = 1 LIMIT 1 [ RunTime:0.000797s ]
[2026-04-20T19:26:51+08:00][sql] SHOW FULL COLUMNS FROM `cmf_admin_menu` [ RunTime:0.001666s ]
[2026-04-20T19:26:51+08:00][sql] SELECT * FROM `cmf_admin_menu` ORDER BY `app` ASC,`controller` ASC,`action` ASC [ RunTime:0.000989s ]
[2026-04-20T19:26:51+08:00][sql] CONNECT:[ UseTime:0.000624s ] mysql:host=127.0.0.1;port=3306;dbname=weihua;charset=utf8mb4
[2026-04-20T19:26:51+08:00][sql] SHOW FULL COLUMNS FROM `cmf_option` [ RunTime:0.001585s ]
[2026-04-20T19:26:51+08:00][sql] SELECT `option_value` FROM `cmf_option` WHERE  `option_name` = 'cdn_settings' LIMIT 1 [ RunTime:0.000320s ]
[2026-04-20T19:26:51+08:00][sql] SHOW FULL COLUMNS FROM `cmf_user` [ RunTime:0.001302s ]
[2026-04-20T19:26:51+08:00][sql] SELECT * FROM `cmf_user` WHERE  `id` = 1 LIMIT 1 [ RunTime:0.000383s ]
[2026-04-20T19:26:51+08:00][sql] SELECT `option_value` FROM `cmf_option` WHERE  `option_name` = 'cdn_settings' LIMIT 1 [ RunTime:0.000181s ]
[2026-04-20T19:26:51+08:00][sql] SELECT `option_value` FROM `cmf_option` WHERE  `option_name` = 'cmf_settings' LIMIT 1 [ RunTime:0.000187s ]
[2026-04-20T19:26:51+08:00][sql] SELECT `option_value` FROM `cmf_option` WHERE  `option_name` = 'storage' LIMIT 1 [ RunTime:0.000307s ]
[2026-04-20T19:26:54+08:00][sql] CONNECT:[ UseTime:0.001172s ] mysql:host=127.0.0.1;port=3306;dbname=weihua;charset=utf8mb4
[2026-04-20T19:26:54+08:00][sql] SHOW FULL COLUMNS FROM `cmf_option` [ RunTime:0.002431s ]
[2026-04-20T19:26:54+08:00][sql] SELECT `option_value` FROM `cmf_option` WHERE  `option_name` = 'cdn_settings' LIMIT 1 [ RunTime:0.000379s ]
[2026-04-20T19:26:54+08:00][sql] SHOW FULL COLUMNS FROM `cmf_user` [ RunTime:0.001543s ]
[2026-04-20T19:26:54+08:00][sql] SELECT * FROM `cmf_user` WHERE  `id` = 1 LIMIT 1 [ RunTime:0.000432s ]
[2026-04-20T19:26:54+08:00][sql] SHOW FULL COLUMNS FROM `cmf_portal_post` [ RunTime:0.001050s ]
[2026-04-20T19:26:54+08:00][sql] SELECT COUNT(*) AS think_count FROM `cmf_portal_post` `a` INNER JOIN `cmf_user` `u` ON `a`.`user_id`=`u`.`id` WHERE (  `a`.`create_time` >= '0'  AND `a`.`delete_time` = '0'  AND (  `a`.`post_type` = '3' ) ) AND `a`.`delete_time` = '0' LIMIT 1 [ RunTime:0.000422s ]
[2026-04-20T19:26:54+08:00][sql] SELECT `a`.*,`u`.`user_login`,`u`.`user_nickname`,`u`.`user_email` FROM `cmf_portal_post` `a` INNER JOIN `cmf_user` `u` ON `a`.`user_id`=`u`.`id` WHERE (  `a`.`create_time` >= '0'  AND `a`.`delete_time` = '0'  AND (  `a`.`post_type` = '3' ) ) AND `a`.`delete_time` = '0' ORDER BY `update_time` DESC LIMIT 0,10 [ RunTime:0.000373s ]
[2026-04-20T19:26:54+08:00][sql] SHOW FULL COLUMNS FROM `cmf_portal_category` [ RunTime:0.001260s ]
[2026-04-20T19:26:54+08:00][sql] SELECT * FROM `cmf_portal_category` WHERE (  `delete_time` = 0  AND `type` = 3 ) AND `cmf_portal_category`.`delete_time` = '0' ORDER BY `list_order` ASC [ RunTime:0.000440s ]
[2026-04-20T19:26:55+08:00][sql] CONNECT:[ UseTime:0.000938s ] mysql:host=127.0.0.1;port=3306;dbname=weihua;charset=utf8mb4
[2026-04-20T19:26:55+08:00][sql] SHOW FULL COLUMNS FROM `cmf_option` [ RunTime:0.013703s ]
[2026-04-20T19:26:55+08:00][sql] SELECT `option_value` FROM `cmf_option` WHERE  `option_name` = 'cdn_settings' LIMIT 1 [ RunTime:0.000641s ]
[2026-04-20T19:26:55+08:00][sql] SHOW FULL COLUMNS FROM `cmf_user` [ RunTime:0.002112s ]
[2026-04-20T19:26:55+08:00][sql] SELECT * FROM `cmf_user` WHERE  `id` = 1 LIMIT 1 [ RunTime:0.000494s ]
[2026-04-20T19:26:55+08:00][sql] SHOW FULL COLUMNS FROM `cmf_portal_post` [ RunTime:0.001383s ]
[2026-04-20T19:26:55+08:00][sql] SELECT * FROM `cmf_portal_post` WHERE (  `id` = 3 ) AND `cmf_portal_post`.`delete_time` = '0' LIMIT 1 [ RunTime:0.000386s ]
[2026-04-20T19:26:55+08:00][sql] SHOW FULL COLUMNS FROM `cmf_portal_category_post` [ RunTime:0.001022s ]
[2026-04-20T19:26:55+08:00][sql] SHOW FULL COLUMNS FROM `cmf_portal_category` [ RunTime:0.001259s ]
[2026-04-20T19:26:55+08:00][sql] SELECT `a`.`name`,`a`.`id` FROM `cmf_portal_category` `a` INNER JOIN `cmf_portal_category_post` `pivot` ON `pivot`.`category_id`=`a`.`id` WHERE (  `pivot`.`post_id` = '3' ) AND `a`.`delete_time` = '0' [ RunTime:0.000473s ]
[2026-04-20T19:26:55+08:00][sql] SHOW FULL COLUMNS FROM `cmf_route` [ RunTime:0.001020s ]
[2026-04-20T19:26:55+08:00][sql] SELECT `url` FROM `cmf_route` WHERE  `full_url` = 'portal/index/industries_info?id=3' LIMIT 1 [ RunTime:0.000331s ]
[2026-04-20T19:26:55+08:00][sql] SHOW FULL COLUMNS FROM `cmf_theme_file` [ RunTime:0.001274s ]
[2026-04-20T19:26:55+08:00][sql] SELECT * FROM `cmf_theme_file` WHERE  `theme` = 'default'  AND `action` = 'portal/Article/index' [ RunTime:0.000377s ]
[2026-04-20T19:26:55+08:00][sql] SELECT `option_value` FROM `cmf_option` WHERE  `option_name` = 'storage' LIMIT 1 [ RunTime:0.000608s ]
[2026-04-20T19:26:55+08:00][sql] CONNECT:[ UseTime:0.000688s ] mysql:host=127.0.0.1;port=3306;dbname=weihua;charset=utf8mb4
[2026-04-20T19:26:55+08:00][sql] SHOW FULL COLUMNS FROM `cmf_option` [ RunTime:0.002291s ]
[2026-04-20T19:26:55+08:00][sql] SELECT `option_value` FROM `cmf_option` WHERE  `option_name` = 'cdn_settings' LIMIT 1 [ RunTime:0.000579s ]
[2026-04-20T19:26:55+08:00][sql] SELECT `option_value` FROM `cmf_option` WHERE  `option_name` = 'cdn_settings' LIMIT 1 [ RunTime:0.000364s ]
[2026-04-20T19:27:01+08:00][sql] CONNECT:[ UseTime:0.001271s ] mysql:host=127.0.0.1;port=3306;dbname=weihua;charset=utf8mb4
[2026-04-20T19:27:01+08:00][sql] SHOW FULL COLUMNS FROM `cmf_option` [ RunTime:0.003640s ]
[2026-04-20T19:27:01+08:00][sql] SELECT `option_value` FROM `cmf_option` WHERE  `option_name` = 'cdn_settings' LIMIT 1 [ RunTime:0.000494s ]
[2026-04-20T19:27:01+08:00][sql] SHOW FULL COLUMNS FROM `cmf_user` [ RunTime:0.001331s ]
[2026-04-20T19:27:01+08:00][sql] SELECT * FROM `cmf_user` WHERE  `id` = 1 LIMIT 1 [ RunTime:0.000482s ]
[2026-04-20T19:27:01+08:00][sql] SHOW FULL COLUMNS FROM `cmf_portal_post` [ RunTime:0.001547s ]
[2026-04-20T19:27:01+08:00][sql] SELECT * FROM `cmf_portal_post` WHERE (  `id` = 3 ) AND `cmf_portal_post`.`delete_time` = '0' LIMIT 1 [ RunTime:0.000522s ]
[2026-04-20T19:27:01+08:00][sql] SELECT `option_value` FROM `cmf_option` WHERE  `option_name` = 'storage' LIMIT 1 [ RunTime:0.000335s ]
[2026-04-20T19:27:01+08:00][sql] UPDATE `cmf_portal_post`  SET `post_content` = '&lt;p&gt;Case1Case1Case1Case1Case1Case1Case1Case1Case1Case1Case1Case1Case1Case1Case1Case1&lt;span style=&quot;text-wrap-mode: wrap;&quot;&gt;Case1Case1Case1Case1Case1Case1Case1Case1Case1Case1Case1Case1Case1Case1Case1Case1&lt;/span&gt;&lt;span style=&quot;text-wrap-mode: wrap;&quot;&gt;Case1Case1Case1Case1Case1Case1Case1Case1Case1Case1Case1Case1Case1Case1Case1Case1&lt;/span&gt;&lt;span style=&quot;text-wrap-mode: wrap;&quot;&gt;Case1Case1Case1Case1Case1Case1Case1Case1Case1Case1Case1Case1Case1Case1Case1Case1&lt;/span&gt;&lt;/p&gt;' , `update_time` = 1776684421  WHERE (  `id` = 3 ) AND `cmf_portal_post`.`delete_time` = '0' [ RunTime:0.001193s ]
[2026-04-20T19:27:01+08:00][sql] SHOW FULL COLUMNS FROM `cmf_route` [ RunTime:0.001538s ]
[2026-04-20T19:27:01+08:00][sql] SELECT * FROM `cmf_route` WHERE  `full_url` = 'portal/index/industries_info?id=3' LIMIT 1 [ RunTime:0.000510s ]
[2026-04-20T19:27:01+08:00][sql] UPDATE `cmf_route`  SET `url` = 'Case1' , `list_order` = '5000' , `type` = 2  WHERE  `id` = 86 [ RunTime:0.000278s ]
[2026-04-20T19:27:01+08:00][sql] SELECT * FROM `cmf_route` WHERE  `status` = 1 ORDER BY `list_order` ASC [ RunTime:0.000380s ]
[2026-04-20T19:27:03+08:00][sql] CONNECT:[ UseTime:0.001028s ] mysql:host=127.0.0.1;port=3306;dbname=weihua;charset=utf8mb4
[2026-04-20T19:27:03+08:00][sql] SHOW FULL COLUMNS FROM `cmf_option` [ RunTime:0.002999s ]
[2026-04-20T19:27:03+08:00][sql] SELECT `option_value` FROM `cmf_option` WHERE  `option_name` = 'cdn_settings' LIMIT 1 [ RunTime:0.000470s ]
[2026-04-20T19:27:03+08:00][sql] SHOW FULL COLUMNS FROM `cmf_user` [ RunTime:0.001605s ]
[2026-04-20T19:27:03+08:00][sql] SELECT * FROM `cmf_user` WHERE  `id` = 1 LIMIT 1 [ RunTime:0.000600s ]
[2026-04-20T19:27:03+08:00][sql] SHOW FULL COLUMNS FROM `cmf_portal_post` [ RunTime:0.002214s ]
[2026-04-20T19:27:03+08:00][sql] SELECT * FROM `cmf_portal_post` WHERE (  `id` = 3 ) AND `cmf_portal_post`.`delete_time` = '0' LIMIT 1 [ RunTime:0.000729s ]
[2026-04-20T19:27:03+08:00][sql] SHOW FULL COLUMNS FROM `cmf_portal_category_post` [ RunTime:0.001694s ]
[2026-04-20T19:27:03+08:00][sql] SHOW FULL COLUMNS FROM `cmf_portal_category` [ RunTime:0.002263s ]
[2026-04-20T19:27:03+08:00][sql] SELECT `a`.`name`,`a`.`id` FROM `cmf_portal_category` `a` INNER JOIN `cmf_portal_category_post` `pivot` ON `pivot`.`category_id`=`a`.`id` WHERE (  `pivot`.`post_id` = '3' ) AND `a`.`delete_time` = '0' [ RunTime:0.000544s ]
[2026-04-20T19:27:03+08:00][sql] SHOW FULL COLUMNS FROM `cmf_route` [ RunTime:0.001645s ]
[2026-04-20T19:27:03+08:00][sql] SELECT `url` FROM `cmf_route` WHERE  `full_url` = 'portal/index/industries_info?id=3' LIMIT 1 [ RunTime:0.000435s ]
[2026-04-20T19:27:03+08:00][sql] SHOW FULL COLUMNS FROM `cmf_theme_file` [ RunTime:0.001364s ]
[2026-04-20T19:27:03+08:00][sql] SELECT * FROM `cmf_theme_file` WHERE  `theme` = 'default'  AND `action` = 'portal/Article/index' [ RunTime:0.000456s ]
[2026-04-20T19:27:03+08:00][sql] SELECT `option_value` FROM `cmf_option` WHERE  `option_name` = 'storage' LIMIT 1 [ RunTime:0.000267s ]
[2026-04-20T19:27:03+08:00][sql] CONNECT:[ UseTime:0.000565s ] mysql:host=127.0.0.1;port=3306;dbname=weihua;charset=utf8mb4
[2026-04-20T19:27:03+08:00][sql] SHOW FULL COLUMNS FROM `cmf_option` [ RunTime:0.001903s ]
[2026-04-20T19:27:03+08:00][sql] SELECT `option_value` FROM `cmf_option` WHERE  `option_name` = 'cdn_settings' LIMIT 1 [ RunTime:0.000411s ]
[2026-04-20T19:27:03+08:00][sql] SELECT `option_value` FROM `cmf_option` WHERE  `option_name` = 'cdn_settings' LIMIT 1 [ RunTime:0.000259s ]
[2026-04-20T19:27:08+08:00][sql] CONNECT:[ UseTime:0.000864s ] mysql:host=127.0.0.1;port=3306;dbname=weihua;charset=utf8mb4
[2026-04-20T19:27:08+08:00][sql] SHOW FULL COLUMNS FROM `cmf_option` [ RunTime:0.001858s ]
[2026-04-20T19:27:08+08:00][sql] SELECT `option_value` FROM `cmf_option` WHERE  `option_name` = 'cdn_settings' LIMIT 1 [ RunTime:0.000622s ]
[2026-04-20T19:27:08+08:00][sql] SELECT `option_value` FROM `cmf_option` WHERE  `option_name` = 'cdn_settings' LIMIT 1 [ RunTime:0.000269s ]
[2026-04-20T19:27:08+08:00][sql] SHOW FULL COLUMNS FROM `cmf_product_category` [ RunTime:0.001125s ]
[2026-04-20T19:27:08+08:00][sql] SELECT * FROM `cmf_product_category` WHERE  `parent_id` = 0 ORDER BY `list_order` ASC,`create_time` DESC [ RunTime:0.000314s ]
[2026-04-20T19:27:08+08:00][sql] SELECT * FROM `cmf_product_category` WHERE  `parent_id` IN (18,19,20,21,22,23,24,25,26,27) [ RunTime:0.000221s ]
[2026-04-20T19:27:08+08:00][sql] SHOW FULL COLUMNS FROM `cmf_portal_category` [ RunTime:0.001032s ]
[2026-04-20T19:27:08+08:00][sql] SELECT * FROM `cmf_portal_category` WHERE (  `type` = 8 ) AND `cmf_portal_category`.`delete_time` = '0' ORDER BY `list_order` ASC [ RunTime:0.000324s ]
[2026-04-20T19:27:08+08:00][sql] SELECT * FROM `cmf_portal_category` WHERE (  `id` = 0  AND `status` = 1 ) AND `cmf_portal_category`.`delete_time` = '0' LIMIT 1 [ RunTime:0.000462s ]
[2026-04-20T19:27:08+08:00][sql] SHOW FULL COLUMNS FROM `cmf_slide_item` [ RunTime:0.000969s ]
[2026-04-20T19:27:08+08:00][sql] SELECT `title`,`description`,`image` FROM `cmf_slide_item` WHERE  `slide_id` = 3 ORDER BY `list_order` ASC LIMIT 1 [ RunTime:0.000295s ]
[2026-04-20T19:27:08+08:00][sql] SHOW FULL COLUMNS FROM `cmf_portal_post` [ RunTime:0.001140s ]
[2026-04-20T19:27:08+08:00][sql] UPDATE `cmf_portal_post`  SET `post_hits` = `post_hits` + 1  WHERE (  `id` = 3 ) AND `cmf_portal_post`.`delete_time` = '0' [ RunTime:0.001006s ]
[2026-04-20T19:27:08+08:00][sql] SELECT * FROM `cmf_portal_post` WHERE (  `post_type` = 3  AND `delete_time` = 0  AND `id` = 3 ) AND `cmf_portal_post`.`delete_time` = '0' LIMIT 1 [ RunTime:0.000324s ]
[2026-04-20T19:27:08+08:00][sql] SELECT * FROM `cmf_portal_post` WHERE (  `post_type` = 3  AND `delete_time` = 0  AND `id` < 3 ) AND `cmf_portal_post`.`delete_time` = '0' ORDER BY `id` DESC LIMIT 1 [ RunTime:0.000331s ]
[2026-04-20T19:27:08+08:00][sql] SELECT * FROM `cmf_portal_post` WHERE (  `post_type` = 3  AND `delete_time` = 0  AND `id` > 3 ) AND `cmf_portal_post`.`delete_time` = '0' ORDER BY `id` ASC LIMIT 1 [ RunTime:0.000278s ]
[2026-04-20T19:27:08+08:00][sql] SHOW FULL COLUMNS FROM `cmf_theme_file` [ RunTime:0.000935s ]
[2026-04-20T19:27:08+08:00][sql] SELECT `more`,`file`,`id` FROM `cmf_theme_file` WHERE  `theme` = 'simpleboot3'  AND (  `is_public` = 1 OR `file` = 'portal/industries-info' ) ORDER BY `is_public` DESC [ RunTime:0.000345s ]
[2026-04-20T19:27:08+08:00][sql] SELECT `option_value` FROM `cmf_option` WHERE  `option_name` = 'storage' LIMIT 1 [ RunTime:0.000323s ]
[2026-04-20T19:28:20+08:00][sql] CONNECT:[ UseTime:0.002880s ] mysql:host=127.0.0.1;port=3306;dbname=weihua;charset=utf8mb4
[2026-04-20T19:28:20+08:00][sql] SHOW FULL COLUMNS FROM `cmf_option` [ RunTime:0.003468s ]
[2026-04-20T19:28:20+08:00][sql] SELECT `option_value` FROM `cmf_option` WHERE  `option_name` = 'cdn_settings' LIMIT 1 [ RunTime:0.000667s ]
[2026-04-20T19:28:20+08:00][sql] SELECT `option_value` FROM `cmf_option` WHERE  `option_name` = 'cdn_settings' LIMIT 1 [ RunTime:0.000356s ]
[2026-04-20T19:28:20+08:00][sql] SHOW FULL COLUMNS FROM `cmf_product_category` [ RunTime:0.001979s ]
[2026-04-20T19:28:20+08:00][sql] SELECT * FROM `cmf_product_category` WHERE  `parent_id` = 0 ORDER BY `list_order` ASC,`create_time` DESC [ RunTime:0.000902s ]
[2026-04-20T19:28:20+08:00][sql] SELECT * FROM `cmf_product_category` WHERE  `parent_id` IN (18,19,20,21,22,23,24,25,26,27) [ RunTime:0.000425s ]
[2026-04-20T19:28:20+08:00][sql] SHOW FULL COLUMNS FROM `cmf_portal_category` [ RunTime:0.001691s ]
[2026-04-20T19:28:20+08:00][sql] SELECT * FROM `cmf_portal_category` WHERE (  `type` = 8 ) AND `cmf_portal_category`.`delete_time` = '0' ORDER BY `list_order` ASC [ RunTime:0.000428s ]
[2026-04-20T19:28:20+08:00][sql] SELECT * FROM `cmf_portal_category` WHERE (  `id` = 0  AND `status` = 1 ) AND `cmf_portal_category`.`delete_time` = '0' LIMIT 1 [ RunTime:0.000491s ]
[2026-04-20T19:28:20+08:00][sql] SHOW FULL COLUMNS FROM `cmf_slide_item` [ RunTime:0.002456s ]
[2026-04-20T19:28:20+08:00][sql] SELECT `title`,`description`,`image` FROM `cmf_slide_item` WHERE  `slide_id` = 3 ORDER BY `list_order` ASC LIMIT 1 [ RunTime:0.000701s ]
[2026-04-20T19:28:20+08:00][sql] SHOW FULL COLUMNS FROM `cmf_portal_post` [ RunTime:0.001761s ]
[2026-04-20T19:28:20+08:00][sql] UPDATE `cmf_portal_post`  SET `post_hits` = `post_hits` + 1  WHERE (  `id` = 3 ) AND `cmf_portal_post`.`delete_time` = '0' [ RunTime:0.001598s ]
[2026-04-20T19:28:20+08:00][sql] SELECT * FROM `cmf_portal_post` WHERE (  `post_type` = 3  AND `delete_time` = 0  AND `id` = 3 ) AND `cmf_portal_post`.`delete_time` = '0' LIMIT 1 [ RunTime:0.000790s ]
[2026-04-20T19:28:20+08:00][sql] SELECT * FROM `cmf_portal_post` WHERE (  `post_type` = 3  AND `delete_time` = 0  AND `id` < 3 ) AND `cmf_portal_post`.`delete_time` = '0' ORDER BY `id` DESC LIMIT 1 [ RunTime:0.000813s ]
[2026-04-20T19:28:20+08:00][sql] SELECT * FROM `cmf_portal_post` WHERE (  `post_type` = 3  AND `delete_time` = 0  AND `id` > 3 ) AND `cmf_portal_post`.`delete_time` = '0' ORDER BY `id` ASC LIMIT 1 [ RunTime:0.000794s ]
[2026-04-20T19:28:20+08:00][sql] SHOW FULL COLUMNS FROM `cmf_theme_file` [ RunTime:0.002321s ]
[2026-04-20T19:28:20+08:00][sql] SELECT `more`,`file`,`id` FROM `cmf_theme_file` WHERE  `theme` = 'simpleboot3'  AND (  `is_public` = 1 OR `file` = 'portal/industries-info' ) ORDER BY `is_public` DESC [ RunTime:0.000720s ]
[2026-04-20T19:28:20+08:00][sql] SELECT `option_value` FROM `cmf_option` WHERE  `option_name` = 'storage' LIMIT 1 [ RunTime:0.000197s ]
[2026-04-20T19:29:27+08:00][sql] CONNECT:[ UseTime:0.001580s ] mysql:host=127.0.0.1;port=3306;dbname=weihua;charset=utf8mb4
[2026-04-20T19:29:27+08:00][sql] SHOW FULL COLUMNS FROM `cmf_option` [ RunTime:0.002826s ]
[2026-04-20T19:29:27+08:00][sql] SELECT `option_value` FROM `cmf_option` WHERE  `option_name` = 'cdn_settings' LIMIT 1 [ RunTime:0.000499s ]
[2026-04-20T19:29:27+08:00][sql] SELECT `option_value` FROM `cmf_option` WHERE  `option_name` = 'cdn_settings' LIMIT 1 [ RunTime:0.000606s ]
[2026-04-20T19:29:27+08:00][sql] SHOW FULL COLUMNS FROM `cmf_product_category` [ RunTime:0.002710s ]
[2026-04-20T19:29:27+08:00][sql] SELECT * FROM `cmf_product_category` WHERE  `parent_id` = 0 ORDER BY `list_order` ASC,`create_time` DESC [ RunTime:0.000796s ]
[2026-04-20T19:29:27+08:00][sql] SELECT * FROM `cmf_product_category` WHERE  `parent_id` IN (18,19,20,21,22,23,24,25,26,27) [ RunTime:0.000770s ]
[2026-04-20T19:29:27+08:00][sql] SHOW FULL COLUMNS FROM `cmf_portal_category` [ RunTime:0.002935s ]
[2026-04-20T19:29:27+08:00][sql] SELECT * FROM `cmf_portal_category` WHERE (  `type` = 8 ) AND `cmf_portal_category`.`delete_time` = '0' ORDER BY `list_order` ASC [ RunTime:0.001114s ]
[2026-04-20T19:29:27+08:00][sql] SHOW FULL COLUMNS FROM `cmf_product` [ RunTime:0.003317s ]
[2026-04-20T19:29:27+08:00][sql] SELECT COUNT(*) AS think_count FROM `cmf_product` LIMIT 1 [ RunTime:0.001027s ]
[2026-04-20T19:29:27+08:00][sql] SELECT `id`,`category_id`,`title`,`thumbnail`,`industry` FROM `cmf_product` ORDER BY `list_order` ASC,`create_time` DESC LIMIT 0,12 [ RunTime:0.000995s ]
[2026-04-20T19:29:27+08:00][sql] SHOW FULL COLUMNS FROM `cmf_slide_item` [ RunTime:0.002797s ]
[2026-04-20T19:29:27+08:00][sql] SELECT `title`,`description`,`image` FROM `cmf_slide_item` WHERE  `slide_id` = 2 ORDER BY `list_order` ASC LIMIT 1 [ RunTime:0.001343s ]
[2026-04-20T19:29:27+08:00][sql] SHOW FULL COLUMNS FROM `cmf_theme_file` [ RunTime:0.001849s ]
[2026-04-20T19:29:27+08:00][sql] SELECT `more`,`file`,`id` FROM `cmf_theme_file` WHERE  `theme` = 'simpleboot3'  AND (  `is_public` = 1 OR `file` = 'portal/product' ) ORDER BY `is_public` DESC [ RunTime:0.000728s ]
[2026-04-20T19:29:27+08:00][sql] SELECT `option_value` FROM `cmf_option` WHERE  `option_name` = 'storage' LIMIT 1 [ RunTime:0.000474s ]
[2026-04-20T19:29:28+08:00][sql] CONNECT:[ UseTime:0.001452s ] mysql:host=127.0.0.1;port=3306;dbname=weihua;charset=utf8mb4
[2026-04-20T19:29:28+08:00][sql] SHOW FULL COLUMNS FROM `cmf_option` [ RunTime:0.004734s ]
[2026-04-20T19:29:28+08:00][sql] SELECT `option_value` FROM `cmf_option` WHERE  `option_name` = 'cdn_settings' LIMIT 1 [ RunTime:0.000558s ]
[2026-04-20T19:29:28+08:00][sql] SELECT `option_value` FROM `cmf_option` WHERE  `option_name` = 'cdn_settings' LIMIT 1 [ RunTime:0.000382s ]
[2026-04-20T19:29:28+08:00][sql] SHOW FULL COLUMNS FROM `cmf_product_category` [ RunTime:0.001633s ]
[2026-04-20T19:29:28+08:00][sql] SELECT * FROM `cmf_product_category` WHERE  `parent_id` = 0 ORDER BY `list_order` ASC,`create_time` DESC [ RunTime:0.000866s ]
[2026-04-20T19:29:28+08:00][sql] SELECT * FROM `cmf_product_category` WHERE  `parent_id` IN (18,19,20,21,22,23,24,25,26,27) [ RunTime:0.000318s ]
[2026-04-20T19:29:28+08:00][sql] SHOW FULL COLUMNS FROM `cmf_portal_category` [ RunTime:0.001761s ]
[2026-04-20T19:29:28+08:00][sql] SELECT * FROM `cmf_portal_category` WHERE (  `type` = 8 ) AND `cmf_portal_category`.`delete_time` = '0' ORDER BY `list_order` ASC [ RunTime:0.000406s ]
[2026-04-20T19:29:28+08:00][sql] SHOW FULL COLUMNS FROM `cmf_product` [ RunTime:0.001890s ]
[2026-04-20T19:29:28+08:00][sql] SELECT * FROM `cmf_product` WHERE  `id` = 63 LIMIT 1 [ RunTime:0.000635s ]
[2026-04-20T19:29:28+08:00][sql] SELECT * FROM `cmf_product_category` WHERE  `id` = 18 LIMIT 1 [ RunTime:0.000380s ]
[2026-04-20T19:29:28+08:00][sql] SELECT `id`,`title`,`industry`,`thumbnail` FROM `cmf_product` WHERE  `id` <> 63  AND `is_recommended` = 1  AND `category_id` = 18 ORDER BY RAND() LIMIT 4 [ RunTime:0.000924s ]
[2026-04-20T19:29:28+08:00][sql] SHOW FULL COLUMNS FROM `cmf_slide_item` [ RunTime:0.001534s ]
[2026-04-20T19:29:28+08:00][sql] SELECT `title`,`description`,`image` FROM `cmf_slide_item` WHERE  `slide_id` = 2 ORDER BY `list_order` ASC LIMIT 1 [ RunTime:0.000572s ]
[2026-04-20T19:29:28+08:00][sql] SHOW FULL COLUMNS FROM `cmf_theme_file` [ RunTime:0.001414s ]
[2026-04-20T19:29:28+08:00][sql] SELECT `more`,`file`,`id` FROM `cmf_theme_file` WHERE  `theme` = 'simpleboot3'  AND (  `is_public` = 1 OR `file` = 'portal/product-info' ) ORDER BY `is_public` DESC [ RunTime:0.000412s ]
[2026-04-20T19:29:28+08:00][sql] SELECT `option_value` FROM `cmf_option` WHERE  `option_name` = 'storage' LIMIT 1 [ RunTime:0.000469s ]
[2026-04-20T19:29:35+08:00][sql] CONNECT:[ UseTime:0.000798s ] mysql:host=127.0.0.1;port=3306;dbname=weihua;charset=utf8mb4
[2026-04-20T19:29:35+08:00][sql] SHOW FULL COLUMNS FROM `cmf_option` [ RunTime:0.002100s ]
[2026-04-20T19:29:35+08:00][sql] SELECT `option_value` FROM `cmf_option` WHERE  `option_name` = 'cdn_settings' LIMIT 1 [ RunTime:0.000301s ]
[2026-04-20T19:29:35+08:00][sql] SELECT `option_value` FROM `cmf_option` WHERE  `option_name` = 'cdn_settings' LIMIT 1 [ RunTime:0.000214s ]
[2026-04-20T19:29:35+08:00][sql] SHOW FULL COLUMNS FROM `cmf_product_category` [ RunTime:0.001091s ]
[2026-04-20T19:29:35+08:00][sql] SELECT * FROM `cmf_product_category` WHERE  `parent_id` = 0 ORDER BY `list_order` ASC,`create_time` DESC [ RunTime:0.000355s ]
[2026-04-20T19:29:35+08:00][sql] SELECT * FROM `cmf_product_category` WHERE  `parent_id` IN (18,19,20,21,22,23,24,25,26,27) [ RunTime:0.000251s ]
[2026-04-20T19:29:35+08:00][sql] SHOW FULL COLUMNS FROM `cmf_portal_category` [ RunTime:0.001081s ]
[2026-04-20T19:29:35+08:00][sql] SELECT * FROM `cmf_portal_category` WHERE (  `type` = 8 ) AND `cmf_portal_category`.`delete_time` = '0' ORDER BY `list_order` ASC [ RunTime:0.000373s ]
[2026-04-20T19:29:35+08:00][sql] SHOW FULL COLUMNS FROM `cmf_product` [ RunTime:0.001217s ]
[2026-04-20T19:29:35+08:00][sql] SELECT * FROM `cmf_product` WHERE  `id` = 62 LIMIT 1 [ RunTime:0.000753s ]
[2026-04-20T19:29:35+08:00][sql] SELECT * FROM `cmf_product_category` WHERE  `id` = 18 LIMIT 1 [ RunTime:0.000194s ]
[2026-04-20T19:29:35+08:00][sql] SELECT `id`,`title`,`industry`,`thumbnail` FROM `cmf_product` WHERE  `id` <> 62  AND `is_recommended` = 1  AND `category_id` = 18 ORDER BY RAND() LIMIT 4 [ RunTime:0.000330s ]
[2026-04-20T19:29:35+08:00][sql] SHOW FULL COLUMNS FROM `cmf_slide_item` [ RunTime:0.001062s ]
[2026-04-20T19:29:35+08:00][sql] SELECT `title`,`description`,`image` FROM `cmf_slide_item` WHERE  `slide_id` = 2 ORDER BY `list_order` ASC LIMIT 1 [ RunTime:0.000296s ]
[2026-04-20T19:29:35+08:00][sql] SHOW FULL COLUMNS FROM `cmf_theme_file` [ RunTime:0.000917s ]
[2026-04-20T19:29:35+08:00][sql] SELECT `more`,`file`,`id` FROM `cmf_theme_file` WHERE  `theme` = 'simpleboot3'  AND (  `is_public` = 1 OR `file` = 'portal/product-info' ) ORDER BY `is_public` DESC [ RunTime:0.000334s ]
[2026-04-20T19:29:35+08:00][sql] SELECT `option_value` FROM `cmf_option` WHERE  `option_name` = 'storage' LIMIT 1 [ RunTime:0.000204s ]
[2026-04-20T19:31:14+08:00][sql] CONNECT:[ UseTime:0.002041s ] mysql:host=127.0.0.1;port=3306;dbname=weihua;charset=utf8mb4
[2026-04-20T19:31:14+08:00][sql] SHOW FULL COLUMNS FROM `cmf_option` [ RunTime:0.003497s ]
[2026-04-20T19:31:14+08:00][sql] SELECT `option_value` FROM `cmf_option` WHERE  `option_name` = 'cdn_settings' LIMIT 1 [ RunTime:0.000366s ]
[2026-04-20T19:31:14+08:00][sql] SELECT `option_value` FROM `cmf_option` WHERE  `option_name` = 'cdn_settings' LIMIT 1 [ RunTime:0.000402s ]
[2026-04-20T19:31:14+08:00][sql] SHOW FULL COLUMNS FROM `cmf_product_category` [ RunTime:0.001895s ]
[2026-04-20T19:31:14+08:00][sql] SELECT * FROM `cmf_product_category` WHERE  `parent_id` = 0 ORDER BY `list_order` ASC,`create_time` DESC [ RunTime:0.000426s ]
[2026-04-20T19:31:14+08:00][sql] SELECT * FROM `cmf_product_category` WHERE  `parent_id` IN (18,19,20,21,22,23,24,25,26,27) [ RunTime:0.000420s ]
[2026-04-20T19:31:14+08:00][sql] SHOW FULL COLUMNS FROM `cmf_portal_category` [ RunTime:0.002099s ]
[2026-04-20T19:31:14+08:00][sql] SELECT * FROM `cmf_portal_category` WHERE (  `type` = 8 ) AND `cmf_portal_category`.`delete_time` = '0' ORDER BY `list_order` ASC [ RunTime:0.000337s ]
[2026-04-20T19:31:14+08:00][sql] SHOW FULL COLUMNS FROM `cmf_product` [ RunTime:0.001486s ]
[2026-04-20T19:31:14+08:00][sql] SELECT * FROM `cmf_product` WHERE  `id` = 62 LIMIT 1 [ RunTime:0.000398s ]
[2026-04-20T19:31:14+08:00][sql] SELECT * FROM `cmf_product_category` WHERE  `id` = 18 LIMIT 1 [ RunTime:0.000191s ]
[2026-04-20T19:31:14+08:00][sql] SELECT `id`,`title`,`industry`,`thumbnail` FROM `cmf_product` WHERE  `id` <> 62  AND `is_recommended` = 1  AND `category_id` = 18 ORDER BY RAND() LIMIT 4 [ RunTime:0.000306s ]
[2026-04-20T19:31:14+08:00][sql] SHOW FULL COLUMNS FROM `cmf_slide_item` [ RunTime:0.000943s ]
[2026-04-20T19:31:14+08:00][sql] SELECT `title`,`description`,`image` FROM `cmf_slide_item` WHERE  `slide_id` = 2 ORDER BY `list_order` ASC LIMIT 1 [ RunTime:0.000291s ]
[2026-04-20T19:31:14+08:00][sql] SHOW FULL COLUMNS FROM `cmf_theme_file` [ RunTime:0.000987s ]
[2026-04-20T19:31:14+08:00][sql] SELECT `more`,`file`,`id` FROM `cmf_theme_file` WHERE  `theme` = 'simpleboot3'  AND (  `is_public` = 1 OR `file` = 'portal/product-info' ) ORDER BY `is_public` DESC [ RunTime:0.000577s ]
[2026-04-20T19:31:14+08:00][sql] SELECT `option_value` FROM `cmf_option` WHERE  `option_name` = 'storage' LIMIT 1 [ RunTime:0.000303s ]
[2026-04-20T19:32:12+08:00][sql] CONNECT:[ UseTime:0.000870s ] mysql:host=127.0.0.1;port=3306;dbname=weihua;charset=utf8mb4
[2026-04-20T19:32:12+08:00][sql] SHOW FULL COLUMNS FROM `cmf_option` [ RunTime:0.001572s ]
[2026-04-20T19:32:12+08:00][sql] SELECT `option_value` FROM `cmf_option` WHERE  `option_name` = 'cdn_settings' LIMIT 1 [ RunTime:0.000281s ]
[2026-04-20T19:32:12+08:00][sql] SELECT `option_value` FROM `cmf_option` WHERE  `option_name` = 'cdn_settings' LIMIT 1 [ RunTime:0.000216s ]
[2026-04-20T19:32:12+08:00][sql] SHOW FULL COLUMNS FROM `cmf_product_category` [ RunTime:0.001078s ]
[2026-04-20T19:32:12+08:00][sql] SELECT * FROM `cmf_product_category` WHERE  `parent_id` = 0 ORDER BY `list_order` ASC,`create_time` DESC [ RunTime:0.000291s ]
[2026-04-20T19:32:12+08:00][sql] SELECT * FROM `cmf_product_category` WHERE  `parent_id` IN (18,19,20,21,22,23,24,25,26,27) [ RunTime:0.000214s ]
[2026-04-20T19:32:12+08:00][sql] SHOW FULL COLUMNS FROM `cmf_portal_category` [ RunTime:0.001105s ]
[2026-04-20T19:32:12+08:00][sql] SELECT * FROM `cmf_portal_category` WHERE (  `type` = 8 ) AND `cmf_portal_category`.`delete_time` = '0' ORDER BY `list_order` ASC [ RunTime:0.000273s ]
[2026-04-20T19:32:12+08:00][sql] SHOW FULL COLUMNS FROM `cmf_product` [ RunTime:0.001106s ]
[2026-04-20T19:32:12+08:00][sql] SELECT * FROM `cmf_product` WHERE  `id` = 62 LIMIT 1 [ RunTime:0.000352s ]
[2026-04-20T19:32:12+08:00][sql] SELECT * FROM `cmf_product_category` WHERE  `id` = 18 LIMIT 1 [ RunTime:0.000198s ]
[2026-04-20T19:32:12+08:00][sql] SELECT `id`,`title`,`industry`,`thumbnail` FROM `cmf_product` WHERE  `id` <> 62  AND `is_recommended` = 1  AND `category_id` = 18 ORDER BY RAND() LIMIT 4 [ RunTime:0.000332s ]
[2026-04-20T19:32:12+08:00][sql] SHOW FULL COLUMNS FROM `cmf_slide_item` [ RunTime:0.001168s ]
[2026-04-20T19:32:12+08:00][sql] SELECT `title`,`description`,`image` FROM `cmf_slide_item` WHERE  `slide_id` = 2 ORDER BY `list_order` ASC LIMIT 1 [ RunTime:0.000302s ]
[2026-04-20T19:32:12+08:00][sql] SHOW FULL COLUMNS FROM `cmf_theme_file` [ RunTime:0.000876s ]
[2026-04-20T19:32:12+08:00][sql] SELECT `more`,`file`,`id` FROM `cmf_theme_file` WHERE  `theme` = 'simpleboot3'  AND (  `is_public` = 1 OR `file` = 'portal/product-info' ) ORDER BY `is_public` DESC [ RunTime:0.000302s ]
[2026-04-20T19:32:12+08:00][sql] SELECT `option_value` FROM `cmf_option` WHERE  `option_name` = 'storage' LIMIT 1 [ RunTime:0.000189s ]
[2026-04-20T19:32:21+08:00][sql] CONNECT:[ UseTime:0.001125s ] mysql:host=127.0.0.1;port=3306;dbname=weihua;charset=utf8mb4
[2026-04-20T19:32:21+08:00][sql] SHOW FULL COLUMNS FROM `cmf_option` [ RunTime:0.001654s ]
[2026-04-20T19:32:21+08:00][sql] SELECT `option_value` FROM `cmf_option` WHERE  `option_name` = 'cdn_settings' LIMIT 1 [ RunTime:0.000940s ]
[2026-04-20T19:32:21+08:00][sql] SELECT `option_value` FROM `cmf_option` WHERE  `option_name` = 'cdn_settings' LIMIT 1 [ RunTime:0.000385s ]
[2026-04-20T19:32:21+08:00][sql] SHOW FULL COLUMNS FROM `cmf_product_category` [ RunTime:0.001167s ]
[2026-04-20T19:32:21+08:00][sql] SELECT * FROM `cmf_product_category` WHERE  `parent_id` = 0 ORDER BY `list_order` ASC,`create_time` DESC [ RunTime:0.000452s ]
[2026-04-20T19:32:21+08:00][sql] SELECT * FROM `cmf_product_category` WHERE  `parent_id` IN (18,19,20,21,22,23,24,25,26,27) [ RunTime:0.000308s ]
[2026-04-20T19:32:21+08:00][sql] SHOW FULL COLUMNS FROM `cmf_portal_category` [ RunTime:0.002671s ]
[2026-04-20T19:32:21+08:00][sql] SELECT * FROM `cmf_portal_category` WHERE (  `type` = 8 ) AND `cmf_portal_category`.`delete_time` = '0' ORDER BY `list_order` ASC [ RunTime:0.000793s ]
[2026-04-20T19:32:21+08:00][sql] SHOW FULL COLUMNS FROM `cmf_product` [ RunTime:0.001265s ]
[2026-04-20T19:32:21+08:00][sql] SELECT * FROM `cmf_product` WHERE  `id` = 62 LIMIT 1 [ RunTime:0.000398s ]
[2026-04-20T19:32:21+08:00][sql] SELECT * FROM `cmf_product_category` WHERE  `id` = 18 LIMIT 1 [ RunTime:0.000214s ]
[2026-04-20T19:32:21+08:00][sql] SELECT `id`,`title`,`industry`,`thumbnail` FROM `cmf_product` WHERE  `id` <> 62  AND `is_recommended` = 1  AND `category_id` = 18 ORDER BY RAND() LIMIT 4 [ RunTime:0.000408s ]
[2026-04-20T19:32:21+08:00][sql] SHOW FULL COLUMNS FROM `cmf_slide_item` [ RunTime:0.001062s ]
[2026-04-20T19:32:21+08:00][sql] SELECT `title`,`description`,`image` FROM `cmf_slide_item` WHERE  `slide_id` = 2 ORDER BY `list_order` ASC LIMIT 1 [ RunTime:0.000350s ]
[2026-04-20T19:32:21+08:00][sql] SHOW FULL COLUMNS FROM `cmf_theme_file` [ RunTime:0.001093s ]
[2026-04-20T19:32:21+08:00][sql] SELECT `more`,`file`,`id` FROM `cmf_theme_file` WHERE  `theme` = 'simpleboot3'  AND (  `is_public` = 1 OR `file` = 'portal/product-info' ) ORDER BY `is_public` DESC [ RunTime:0.000685s ]
[2026-04-20T19:32:21+08:00][sql] SELECT `option_value` FROM `cmf_option` WHERE  `option_name` = 'storage' LIMIT 1 [ RunTime:0.000430s ]
[2026-04-20T19:32:30+08:00][sql] CONNECT:[ UseTime:0.000788s ] mysql:host=127.0.0.1;port=3306;dbname=weihua;charset=utf8mb4
[2026-04-20T19:32:30+08:00][sql] SHOW FULL COLUMNS FROM `cmf_option` [ RunTime:0.001364s ]
[2026-04-20T19:32:30+08:00][sql] SELECT `option_value` FROM `cmf_option` WHERE  `option_name` = 'cdn_settings' LIMIT 1 [ RunTime:0.000304s ]
[2026-04-20T19:32:30+08:00][sql] SELECT `option_value` FROM `cmf_option` WHERE  `option_name` = 'cdn_settings' LIMIT 1 [ RunTime:0.000561s ]
[2026-04-20T19:32:30+08:00][sql] SHOW FULL COLUMNS FROM `cmf_product_category` [ RunTime:0.001357s ]
[2026-04-20T19:32:30+08:00][sql] SELECT * FROM `cmf_product_category` WHERE  `parent_id` = 0 ORDER BY `list_order` ASC,`create_time` DESC [ RunTime:0.000328s ]
[2026-04-20T19:32:30+08:00][sql] SELECT * FROM `cmf_product_category` WHERE  `parent_id` IN (18,19,20,21,22,23,24,25,26,27) [ RunTime:0.000260s ]
[2026-04-20T19:32:30+08:00][sql] SHOW FULL COLUMNS FROM `cmf_portal_category` [ RunTime:0.000984s ]
[2026-04-20T19:32:30+08:00][sql] SELECT * FROM `cmf_portal_category` WHERE (  `type` = 8 ) AND `cmf_portal_category`.`delete_time` = '0' ORDER BY `list_order` ASC [ RunTime:0.000265s ]
[2026-04-20T19:32:30+08:00][sql] SHOW FULL COLUMNS FROM `cmf_product` [ RunTime:0.001140s ]
[2026-04-20T19:32:30+08:00][sql] SELECT * FROM `cmf_product` WHERE  `id` = 62 LIMIT 1 [ RunTime:0.000352s ]
[2026-04-20T19:32:30+08:00][sql] SELECT * FROM `cmf_product_category` WHERE  `id` = 18 LIMIT 1 [ RunTime:0.000186s ]
[2026-04-20T19:32:30+08:00][sql] SELECT `id`,`title`,`industry`,`thumbnail` FROM `cmf_product` WHERE  `id` <> 62  AND `is_recommended` = 1  AND `category_id` = 18 ORDER BY RAND() LIMIT 4 [ RunTime:0.000283s ]
[2026-04-20T19:32:30+08:00][sql] SHOW FULL COLUMNS FROM `cmf_slide_item` [ RunTime:0.000967s ]
[2026-04-20T19:32:30+08:00][sql] SELECT `title`,`description`,`image` FROM `cmf_slide_item` WHERE  `slide_id` = 2 ORDER BY `list_order` ASC LIMIT 1 [ RunTime:0.000287s ]
[2026-04-20T19:32:30+08:00][sql] SHOW FULL COLUMNS FROM `cmf_theme_file` [ RunTime:0.000867s ]
[2026-04-20T19:32:30+08:00][sql] SELECT `more`,`file`,`id` FROM `cmf_theme_file` WHERE  `theme` = 'simpleboot3'  AND (  `is_public` = 1 OR `file` = 'portal/product-info' ) ORDER BY `is_public` DESC [ RunTime:0.000288s ]
[2026-04-20T19:32:30+08:00][sql] SELECT `option_value` FROM `cmf_option` WHERE  `option_name` = 'storage' LIMIT 1 [ RunTime:0.000185s ]
[2026-04-20T19:32:33+08:00][sql] CONNECT:[ UseTime:0.002914s ] mysql:host=127.0.0.1;port=3306;dbname=weihua;charset=utf8mb4
[2026-04-20T19:32:33+08:00][sql] SHOW FULL COLUMNS FROM `cmf_option` [ RunTime:0.024564s ]
[2026-04-20T19:32:33+08:00][sql] SELECT `option_value` FROM `cmf_option` WHERE  `option_name` = 'cdn_settings' LIMIT 1 [ RunTime:0.000598s ]
[2026-04-20T19:32:33+08:00][sql] SELECT `option_value` FROM `cmf_option` WHERE  `option_name` = 'cdn_settings' LIMIT 1 [ RunTime:0.000747s ]
[2026-04-20T19:32:33+08:00][sql] SHOW FULL COLUMNS FROM `cmf_product_category` [ RunTime:0.003539s ]
[2026-04-20T19:32:33+08:00][sql] SELECT * FROM `cmf_product_category` WHERE  `parent_id` = 0 ORDER BY `list_order` ASC,`create_time` DESC [ RunTime:0.000846s ]
[2026-04-20T19:32:33+08:00][sql] SELECT * FROM `cmf_product_category` WHERE  `parent_id` IN (18,19,20,21,22,23,24,25,26,27) [ RunTime:0.000484s ]
[2026-04-20T19:32:33+08:00][sql] SHOW FULL COLUMNS FROM `cmf_portal_category` [ RunTime:0.002325s ]
[2026-04-20T19:32:33+08:00][sql] SELECT * FROM `cmf_portal_category` WHERE (  `type` = 8 ) AND `cmf_portal_category`.`delete_time` = '0' ORDER BY `list_order` ASC [ RunTime:0.000988s ]
[2026-04-20T19:32:33+08:00][sql] SHOW FULL COLUMNS FROM `cmf_product` [ RunTime:0.003740s ]
[2026-04-20T19:32:33+08:00][sql] SELECT * FROM `cmf_product` WHERE  `id` = 62 LIMIT 1 [ RunTime:0.000544s ]
[2026-04-20T19:32:33+08:00][sql] SELECT * FROM `cmf_product_category` WHERE  `id` = 18 LIMIT 1 [ RunTime:0.000215s ]
[2026-04-20T19:32:33+08:00][sql] SELECT `id`,`title`,`industry`,`thumbnail` FROM `cmf_product` WHERE  `id` <> 62  AND `is_recommended` = 1  AND `category_id` = 18 ORDER BY RAND() LIMIT 4 [ RunTime:0.000371s ]
[2026-04-20T19:32:33+08:00][sql] SHOW FULL COLUMNS FROM `cmf_slide_item` [ RunTime:0.001049s ]
[2026-04-20T19:32:33+08:00][sql] SELECT `title`,`description`,`image` FROM `cmf_slide_item` WHERE  `slide_id` = 2 ORDER BY `list_order` ASC LIMIT 1 [ RunTime:0.000368s ]
[2026-04-20T19:32:33+08:00][sql] SHOW FULL COLUMNS FROM `cmf_theme_file` [ RunTime:0.001153s ]
[2026-04-20T19:32:33+08:00][sql] SELECT `more`,`file`,`id` FROM `cmf_theme_file` WHERE  `theme` = 'simpleboot3'  AND (  `is_public` = 1 OR `file` = 'portal/product-info' ) ORDER BY `is_public` DESC [ RunTime:0.000350s ]
[2026-04-20T19:32:33+08:00][sql] SELECT `option_value` FROM `cmf_option` WHERE  `option_name` = 'storage' LIMIT 1 [ RunTime:0.000372s ]
[2026-04-20T19:33:34+08:00][sql] CONNECT:[ UseTime:0.002196s ] mysql:host=127.0.0.1;port=3306;dbname=weihua;charset=utf8mb4
[2026-04-20T19:33:34+08:00][sql] SHOW FULL COLUMNS FROM `cmf_option` [ RunTime:0.003764s ]
[2026-04-20T19:33:34+08:00][sql] SELECT `option_value` FROM `cmf_option` WHERE  `option_name` = 'cdn_settings' LIMIT 1 [ RunTime:0.000695s ]
[2026-04-20T19:33:34+08:00][sql] SELECT `option_value` FROM `cmf_option` WHERE  `option_name` = 'cdn_settings' LIMIT 1 [ RunTime:0.000257s ]
[2026-04-20T19:33:34+08:00][sql] SHOW FULL COLUMNS FROM `cmf_product_category` [ RunTime:0.001704s ]
[2026-04-20T19:33:34+08:00][sql] SELECT * FROM `cmf_product_category` WHERE  `parent_id` = 0 ORDER BY `list_order` ASC,`create_time` DESC [ RunTime:0.001305s ]
[2026-04-20T19:33:34+08:00][sql] SELECT * FROM `cmf_product_category` WHERE  `parent_id` IN (18,19,20,21,22,23,24,25,26,27) [ RunTime:0.000586s ]
[2026-04-20T19:33:34+08:00][sql] SHOW FULL COLUMNS FROM `cmf_portal_category` [ RunTime:0.002991s ]
[2026-04-20T19:33:34+08:00][sql] SELECT * FROM `cmf_portal_category` WHERE (  `type` = 8 ) AND `cmf_portal_category`.`delete_time` = '0' ORDER BY `list_order` ASC [ RunTime:0.000892s ]
[2026-04-20T19:33:34+08:00][sql] SHOW FULL COLUMNS FROM `cmf_product` [ RunTime:0.003049s ]
[2026-04-20T19:33:34+08:00][sql] SELECT * FROM `cmf_product` WHERE  `id` = 62 LIMIT 1 [ RunTime:0.000539s ]
[2026-04-20T19:33:34+08:00][sql] SELECT * FROM `cmf_product_category` WHERE  `id` = 18 LIMIT 1 [ RunTime:0.000208s ]
[2026-04-20T19:33:34+08:00][sql] SELECT `id`,`title`,`industry`,`thumbnail` FROM `cmf_product` WHERE  `id` <> 62  AND `is_recommended` = 1  AND `category_id` = 18 ORDER BY RAND() LIMIT 4 [ RunTime:0.000553s ]
[2026-04-20T19:33:34+08:00][sql] SHOW FULL COLUMNS FROM `cmf_slide_item` [ RunTime:0.003100s ]
[2026-04-20T19:33:34+08:00][sql] SELECT `title`,`description`,`image` FROM `cmf_slide_item` WHERE  `slide_id` = 2 ORDER BY `list_order` ASC LIMIT 1 [ RunTime:0.000823s ]
[2026-04-20T19:33:34+08:00][sql] SHOW FULL COLUMNS FROM `cmf_theme_file` [ RunTime:0.002619s ]
[2026-04-20T19:33:34+08:00][sql] SELECT `more`,`file`,`id` FROM `cmf_theme_file` WHERE  `theme` = 'simpleboot3'  AND (  `is_public` = 1 OR `file` = 'portal/product-info' ) ORDER BY `is_public` DESC [ RunTime:0.000573s ]
[2026-04-20T19:33:34+08:00][sql] SELECT `option_value` FROM `cmf_option` WHERE  `option_name` = 'storage' LIMIT 1 [ RunTime:0.000328s ]
[2026-04-20T19:33:50+08:00][sql] CONNECT:[ UseTime:0.001773s ] mysql:host=127.0.0.1;port=3306;dbname=weihua;charset=utf8mb4
[2026-04-20T19:33:50+08:00][sql] SHOW FULL COLUMNS FROM `cmf_option` [ RunTime:0.003598s ]
[2026-04-20T19:33:50+08:00][sql] SELECT `option_value` FROM `cmf_option` WHERE  `option_name` = 'cdn_settings' LIMIT 1 [ RunTime:0.000931s ]
[2026-04-20T19:33:50+08:00][sql] SHOW FULL COLUMNS FROM `cmf_user` [ RunTime:0.002017s ]
[2026-04-20T19:33:50+08:00][sql] SELECT * FROM `cmf_user` WHERE  `id` = 1 LIMIT 1 [ RunTime:0.000656s ]
[2026-04-20T19:33:50+08:00][sql] SHOW FULL COLUMNS FROM `cmf_product` [ RunTime:0.001249s ]
[2026-04-20T19:33:50+08:00][sql] SELECT COUNT(*) AS think_count FROM `cmf_product` LIMIT 1 [ RunTime:0.000282s ]
[2026-04-20T19:33:50+08:00][sql] SELECT * FROM `cmf_product` ORDER BY `list_order` ASC,`id` DESC LIMIT 0,10 [ RunTime:0.000385s ]
[2026-04-20T19:33:50+08:00][sql] SHOW FULL COLUMNS FROM `cmf_product_category` [ RunTime:0.001149s ]
[2026-04-20T19:33:50+08:00][sql] SELECT `id`,`name` FROM `cmf_product_category` WHERE  `id` = 18 [ RunTime:0.000235s ]
[2026-04-20T19:33:50+08:00][sql] SELECT * FROM `cmf_product_category` [ RunTime:0.000457s ]
[2026-04-20T19:33:50+08:00][sql] SELECT `option_value` FROM `cmf_option` WHERE  `option_name` = 'storage' LIMIT 1 [ RunTime:0.000542s ]
[2026-04-20T19:33:52+08:00][sql] CONNECT:[ UseTime:0.001472s ] mysql:host=127.0.0.1;port=3306;dbname=weihua;charset=utf8mb4
[2026-04-20T19:33:52+08:00][sql] SHOW FULL COLUMNS FROM `cmf_option` [ RunTime:0.004105s ]
[2026-04-20T19:33:52+08:00][sql] SELECT `option_value` FROM `cmf_option` WHERE  `option_name` = 'cdn_settings' LIMIT 1 [ RunTime:0.000800s ]
[2026-04-20T19:33:52+08:00][sql] SHOW FULL COLUMNS FROM `cmf_user` [ RunTime:0.003006s ]
[2026-04-20T19:33:52+08:00][sql] SELECT * FROM `cmf_user` WHERE  `id` = 1 LIMIT 1 [ RunTime:0.000932s ]
[2026-04-20T19:33:52+08:00][sql] SHOW FULL COLUMNS FROM `cmf_product` [ RunTime:0.002839s ]
[2026-04-20T19:33:52+08:00][sql] SELECT * FROM `cmf_product` WHERE  `id` = 62 LIMIT 1 [ RunTime:0.000853s ]
[2026-04-20T19:33:52+08:00][sql] SHOW FULL COLUMNS FROM `cmf_product_category` [ RunTime:0.001758s ]
[2026-04-20T19:33:52+08:00][sql] SELECT * FROM `cmf_product_category` ORDER BY `list_order` ASC [ RunTime:0.000335s ]
[2026-04-20T19:33:52+08:00][sql] SELECT `option_value` FROM `cmf_option` WHERE  `option_name` = 'storage' LIMIT 1 [ RunTime:0.000529s ]
[2026-04-20T19:33:52+08:00][sql] CONNECT:[ UseTime:0.000909s ] mysql:host=127.0.0.1;port=3306;dbname=weihua;charset=utf8mb4
[2026-04-20T19:33:52+08:00][sql] SHOW FULL COLUMNS FROM `cmf_option` [ RunTime:0.002971s ]
[2026-04-20T19:33:52+08:00][sql] SELECT `option_value` FROM `cmf_option` WHERE  `option_name` = 'cdn_settings' LIMIT 1 [ RunTime:0.000591s ]
[2026-04-20T19:33:52+08:00][sql] SELECT `option_value` FROM `cmf_option` WHERE  `option_name` = 'cdn_settings' LIMIT 1 [ RunTime:0.000408s ]
[2026-04-20T19:33:52+08:00][sql] CONNECT:[ UseTime:0.000635s ] mysql:host=127.0.0.1;port=3306;dbname=weihua;charset=utf8mb4
[2026-04-20T19:33:52+08:00][sql] SHOW FULL COLUMNS FROM `cmf_option` [ RunTime:0.001646s ]
[2026-04-20T19:33:52+08:00][sql] SELECT `option_value` FROM `cmf_option` WHERE  `option_name` = 'cdn_settings' LIMIT 1 [ RunTime:0.000391s ]
[2026-04-20T19:33:52+08:00][sql] SELECT `option_value` FROM `cmf_option` WHERE  `option_name` = 'cdn_settings' LIMIT 1 [ RunTime:0.000201s ]
[2026-04-20T19:33:54+08:00][sql] CONNECT:[ UseTime:0.000688s ] mysql:host=127.0.0.1;port=3306;dbname=weihua;charset=utf8mb4
[2026-04-20T19:33:54+08:00][sql] SHOW FULL COLUMNS FROM `cmf_option` [ RunTime:0.002027s ]
[2026-04-20T19:33:54+08:00][sql] SELECT `option_value` FROM `cmf_option` WHERE  `option_name` = 'cdn_settings' LIMIT 1 [ RunTime:0.000337s ]
[2026-04-20T19:33:54+08:00][sql] SELECT `option_value` FROM `cmf_option` WHERE  `option_name` = 'storage' LIMIT 1 [ RunTime:0.000213s ]
[2026-04-20T19:34:04+08:00][sql] CONNECT:[ UseTime:0.000656s ] mysql:host=127.0.0.1;port=3306;dbname=weihua;charset=utf8mb4
[2026-04-20T19:34:04+08:00][sql] SHOW FULL COLUMNS FROM `cmf_option` [ RunTime:0.003281s ]
[2026-04-20T19:34:04+08:00][sql] SELECT `option_value` FROM `cmf_option` WHERE  `option_name` = 'cdn_settings' LIMIT 1 [ RunTime:0.000644s ]
[2026-04-20T19:34:04+08:00][sql] SELECT * FROM `cmf_option` WHERE  `option_name` = 'cmf_settings' LIMIT 1 [ RunTime:0.000911s ]
[2026-04-20T19:34:04+08:00][sql] SHOW FULL COLUMNS FROM `cmf_asset` [ RunTime:0.001259s ]
[2026-04-20T19:34:04+08:00][sql] SELECT * FROM `cmf_asset` WHERE  `user_id` = 1  AND `file_key` = 'ae4d63bfe5680ea96ccee46080fde9c9c7842aadd572cc6dcb053b2149409943' LIMIT 1 [ RunTime:0.000697s ]
[2026-04-20T19:34:04+08:00][sql] SELECT `option_value` FROM `cmf_option` WHERE  `option_name` = 'storage' LIMIT 1 [ RunTime:0.000193s ]
[2026-04-20T19:34:04+08:00][sql] UPDATE `cmf_asset`  SET `filename` = '64c9b433b999588924fb5befa6c333b9.png'  WHERE  `id` = 510 [ RunTime:0.000681s ]
[2026-04-20T19:34:10+08:00][sql] CONNECT:[ UseTime:0.001319s ] mysql:host=127.0.0.1;port=3306;dbname=weihua;charset=utf8mb4
[2026-04-20T19:34:10+08:00][sql] SHOW FULL COLUMNS FROM `cmf_option` [ RunTime:0.001884s ]
[2026-04-20T19:34:10+08:00][sql] SELECT `option_value` FROM `cmf_option` WHERE  `option_name` = 'cdn_settings' LIMIT 1 [ RunTime:0.000333s ]
[2026-04-20T19:34:10+08:00][error] [2]mkdir(): File exists[/Users/sunyingbo/Documents/php/yuntian/yuntian-cmf/vendor/thinkcmf/cmf/src/lib/Upload.php:136]
[2026-04-20T19:34:10+08:00][sql] CONNECT:[ UseTime:0.001307s ] mysql:host=127.0.0.1;port=3306;dbname=weihua;charset=utf8mb4
[2026-04-20T19:34:10+08:00][sql] SHOW FULL COLUMNS FROM `cmf_option` [ RunTime:0.001884s ]
[2026-04-20T19:34:10+08:00][sql] SELECT `option_value` FROM `cmf_option` WHERE  `option_name` = 'cdn_settings' LIMIT 1 [ RunTime:0.000327s ]
[2026-04-20T19:34:10+08:00][sql] SELECT * FROM `cmf_option` WHERE  `option_name` = 'cmf_settings' LIMIT 1 [ RunTime:0.000408s ]
[2026-04-20T19:34:10+08:00][sql] SHOW FULL COLUMNS FROM `cmf_asset` [ RunTime:0.001647s ]
[2026-04-20T19:34:10+08:00][sql] SELECT * FROM `cmf_asset` WHERE  `user_id` = 1  AND `file_key` = '6185a3fc4ac6a4336bac95087132bdbd28343fefb759a1b2cdfd30d5b61fa497' LIMIT 1 [ RunTime:0.000740s ]
[2026-04-20T19:34:10+08:00][sql] SELECT `option_value` FROM `cmf_option` WHERE  `option_name` = 'storage' LIMIT 1 [ RunTime:0.000337s ]
[2026-04-20T19:34:10+08:00][sql] INSERT INTO `cmf_asset` SET `user_id` = 1 , `file_size` = 439 , `create_time` = 1776684850 , `file_md5` = '6185a3fc4ac6a4336bac95087132bdbd' , `file_sha1` = 'df219e99a7315e67136f7da84d978ac9d5829a91' , `file_key` = '6185a3fc4ac6a4336bac95087132bdbd28343fefb759a1b2cdfd30d5b61fa497' , `filename` = 'email-fill_副本.png' , `file_path` = 'portal/20260420/5e6559f6a050819c8cc2c966cf775bfc.png' , `suffix` = 'png' [ RunTime:0.001589s ]
[2026-04-20T19:34:10+08:00][sql] CONNECT:[ UseTime:0.000775s ] mysql:host=127.0.0.1;port=3306;dbname=weihua;charset=utf8mb4
[2026-04-20T19:34:10+08:00][sql] SHOW FULL COLUMNS FROM `cmf_option` [ RunTime:0.001978s ]
[2026-04-20T19:34:10+08:00][sql] SELECT `option_value` FROM `cmf_option` WHERE  `option_name` = 'cdn_settings' LIMIT 1 [ RunTime:0.000382s ]
[2026-04-20T19:34:10+08:00][sql] SELECT * FROM `cmf_option` WHERE  `option_name` = 'cmf_settings' LIMIT 1 [ RunTime:0.000319s ]
[2026-04-20T19:34:10+08:00][sql] SHOW FULL COLUMNS FROM `cmf_asset` [ RunTime:0.001130s ]
[2026-04-20T19:34:10+08:00][sql] SELECT * FROM `cmf_asset` WHERE  `user_id` = 1  AND `file_key` = '08307131a3b26919acab620d8964c1a42548572887ea070a8b1723f0cbb593cd' LIMIT 1 [ RunTime:0.000543s ]
[2026-04-20T19:34:10+08:00][sql] SELECT `option_value` FROM `cmf_option` WHERE  `option_name` = 'storage' LIMIT 1 [ RunTime:0.000321s ]
[2026-04-20T19:34:10+08:00][sql] INSERT INTO `cmf_asset` SET `user_id` = 1 , `file_size` = 367 , `create_time` = 1776684850 , `file_md5` = '08307131a3b26919acab620d8964c1a4' , `file_sha1` = '1960cd3153d770f280cc7333f78289bc431ab9d6' , `file_key` = '08307131a3b26919acab620d8964c1a42548572887ea070a8b1723f0cbb593cd' , `filename` = 'email.png' , `file_path` = 'portal/20260420/b62771f2a31579ffb0bbee2f18db8026.png' , `suffix` = 'png' [ RunTime:0.000770s ]
[2026-04-20T19:34:15+08:00][sql] CONNECT:[ UseTime:0.001415s ] mysql:host=127.0.0.1;port=3306;dbname=weihua;charset=utf8mb4
[2026-04-20T19:34:15+08:00][sql] SHOW FULL COLUMNS FROM `cmf_option` [ RunTime:0.001880s ]
[2026-04-20T19:34:15+08:00][sql] SELECT `option_value` FROM `cmf_option` WHERE  `option_name` = 'cdn_settings' LIMIT 1 [ RunTime:0.000785s ]
[2026-04-20T19:34:15+08:00][sql] SHOW FULL COLUMNS FROM `cmf_user` [ RunTime:0.001846s ]
[2026-04-20T19:34:15+08:00][sql] SELECT * FROM `cmf_user` WHERE  `id` = 1 LIMIT 1 [ RunTime:0.000548s ]
[2026-04-20T19:34:15+08:00][sql] SHOW FULL COLUMNS FROM `cmf_product_category` [ RunTime:0.001578s ]
[2026-04-20T19:34:15+08:00][sql] SELECT * FROM `cmf_product_category` WHERE  `id` = 18 LIMIT 1 [ RunTime:0.000543s ]
[2026-04-20T19:34:15+08:00][sql] SHOW FULL COLUMNS FROM `cmf_product` [ RunTime:0.003245s ]
[2026-04-20T19:34:15+08:00][sql] SELECT * FROM `cmf_product` WHERE  `id` = 62 LIMIT 1 [ RunTime:0.001222s ]
[2026-04-20T19:34:15+08:00][sql] SELECT `option_value` FROM `cmf_option` WHERE  `option_name` = 'storage' LIMIT 1 [ RunTime:0.000751s ]
[2026-04-20T19:34:15+08:00][sql] UPDATE `cmf_product`  SET `photos` = '[{\"url\":\"portal\\/20260401\\/c61df137e34de89a88ffff3521d635c8.webp\",\"name\":\"QC.webp\"},{\"url\":\"portal\\/20260416\\/f333942517ca06def1eac91d681a9bf7.png\",\"name\":\"64c9b433b999588924fb5befa6c333b9.png\"},{\"url\":\"portal\\/20260420\\/5e6559f6a050819c8cc2c966cf775bfc.png\",\"name\":\"email-fill_副本.png\"},{\"url\":\"portal\\/20260420\\/b62771f2a31579ffb0bbee2f18db8026.png\",\"name\":\"email.png\"}]' , `update_time` = 1776684855  WHERE  `id` = 62 [ RunTime:0.002759s ]
[2026-04-20T19:34:15+08:00][sql] SHOW FULL COLUMNS FROM `cmf_route` [ RunTime:0.001717s ]
[2026-04-20T19:34:15+08:00][sql] SELECT * FROM `cmf_route` WHERE  `full_url` = 'portal/index/product_info?id=62' LIMIT 1 [ RunTime:0.001264s ]
[2026-04-20T19:34:15+08:00][sql] UPDATE `cmf_route`  SET `url` = 'BeamSpreaderBridgeCraneQC' , `list_order` = '2' , `type` = 2  WHERE  `id` = 88 [ RunTime:0.000358s ]
[2026-04-20T19:34:15+08:00][sql] SELECT * FROM `cmf_route` WHERE  `status` = 1 ORDER BY `list_order` ASC [ RunTime:0.000518s ]
[2026-04-20T19:34:17+08:00][sql] CONNECT:[ UseTime:0.001174s ] mysql:host=127.0.0.1;port=3306;dbname=weihua;charset=utf8mb4
[2026-04-20T19:34:17+08:00][sql] SHOW FULL COLUMNS FROM `cmf_option` [ RunTime:0.002395s ]
[2026-04-20T19:34:17+08:00][sql] SELECT `option_value` FROM `cmf_option` WHERE  `option_name` = 'cdn_settings' LIMIT 1 [ RunTime:0.000416s ]
[2026-04-20T19:34:17+08:00][sql] SELECT `option_value` FROM `cmf_option` WHERE  `option_name` = 'cdn_settings' LIMIT 1 [ RunTime:0.000328s ]
[2026-04-20T19:34:17+08:00][sql] SHOW FULL COLUMNS FROM `cmf_product_category` [ RunTime:0.001355s ]
[2026-04-20T19:34:17+08:00][sql] SELECT * FROM `cmf_product_category` WHERE  `parent_id` = 0 ORDER BY `list_order` ASC,`create_time` DESC [ RunTime:0.000376s ]
[2026-04-20T19:34:17+08:00][sql] SELECT * FROM `cmf_product_category` WHERE  `parent_id` IN (18,19,20,21,22,23,24,25,26,27) [ RunTime:0.000316s ]
[2026-04-20T19:34:17+08:00][sql] SHOW FULL COLUMNS FROM `cmf_portal_category` [ RunTime:0.001408s ]
[2026-04-20T19:34:17+08:00][sql] SELECT * FROM `cmf_portal_category` WHERE (  `type` = 8 ) AND `cmf_portal_category`.`delete_time` = '0' ORDER BY `list_order` ASC [ RunTime:0.000393s ]
[2026-04-20T19:34:17+08:00][sql] SHOW FULL COLUMNS FROM `cmf_product` [ RunTime:0.001495s ]
[2026-04-20T19:34:17+08:00][sql] SELECT * FROM `cmf_product` WHERE  `id` = 62 LIMIT 1 [ RunTime:0.000461s ]
[2026-04-20T19:34:17+08:00][sql] SELECT * FROM `cmf_product_category` WHERE  `id` = 18 LIMIT 1 [ RunTime:0.000207s ]
[2026-04-20T19:34:17+08:00][sql] SELECT `id`,`title`,`industry`,`thumbnail` FROM `cmf_product` WHERE  `id` <> 62  AND `is_recommended` = 1  AND `category_id` = 18 ORDER BY RAND() LIMIT 4 [ RunTime:0.000418s ]
[2026-04-20T19:34:17+08:00][sql] SHOW FULL COLUMNS FROM `cmf_slide_item` [ RunTime:0.001163s ]
[2026-04-20T19:34:17+08:00][sql] SELECT `title`,`description`,`image` FROM `cmf_slide_item` WHERE  `slide_id` = 2 ORDER BY `list_order` ASC LIMIT 1 [ RunTime:0.000422s ]
[2026-04-20T19:34:17+08:00][sql] SHOW FULL COLUMNS FROM `cmf_theme_file` [ RunTime:0.001086s ]
[2026-04-20T19:34:17+08:00][sql] SELECT `more`,`file`,`id` FROM `cmf_theme_file` WHERE  `theme` = 'simpleboot3'  AND (  `is_public` = 1 OR `file` = 'portal/product-info' ) ORDER BY `is_public` DESC [ RunTime:0.000507s ]
[2026-04-20T19:34:17+08:00][sql] SELECT `option_value` FROM `cmf_option` WHERE  `option_name` = 'storage' LIMIT 1 [ RunTime:0.000342s ]
[2026-04-20T19:34:17+08:00][sql] CONNECT:[ UseTime:0.001293s ] mysql:host=127.0.0.1;port=3306;dbname=weihua;charset=utf8mb4
[2026-04-20T19:34:17+08:00][sql] SHOW FULL COLUMNS FROM `cmf_option` [ RunTime:0.003059s ]
[2026-04-20T19:34:17+08:00][sql] SELECT `option_value` FROM `cmf_option` WHERE  `option_name` = 'cdn_settings' LIMIT 1 [ RunTime:0.000607s ]
[2026-04-20T19:34:17+08:00][sql] SHOW FULL COLUMNS FROM `cmf_user` [ RunTime:0.002871s ]
[2026-04-20T19:34:17+08:00][sql] SELECT * FROM `cmf_user` WHERE  `id` = 1 LIMIT 1 [ RunTime:0.000780s ]
[2026-04-20T19:34:17+08:00][sql] SHOW FULL COLUMNS FROM `cmf_product` [ RunTime:0.001885s ]
[2026-04-20T19:34:17+08:00][sql] SELECT * FROM `cmf_product` WHERE  `id` = 62 LIMIT 1 [ RunTime:0.000369s ]
[2026-04-20T19:34:17+08:00][sql] SHOW FULL COLUMNS FROM `cmf_product_category` [ RunTime:0.001006s ]
[2026-04-20T19:34:17+08:00][sql] SELECT * FROM `cmf_product_category` ORDER BY `list_order` ASC [ RunTime:0.000278s ]
[2026-04-20T19:34:17+08:00][sql] SELECT `option_value` FROM `cmf_option` WHERE  `option_name` = 'storage' LIMIT 1 [ RunTime:0.000482s ]
[2026-04-20T19:34:17+08:00][sql] CONNECT:[ UseTime:0.000941s ] mysql:host=127.0.0.1;port=3306;dbname=weihua;charset=utf8mb4
[2026-04-20T19:34:17+08:00][sql] SHOW FULL COLUMNS FROM `cmf_option` [ RunTime:0.001712s ]
[2026-04-20T19:34:17+08:00][sql] SELECT `option_value` FROM `cmf_option` WHERE  `option_name` = 'cdn_settings' LIMIT 1 [ RunTime:0.000332s ]
[2026-04-20T19:34:17+08:00][sql] SELECT `option_value` FROM `cmf_option` WHERE  `option_name` = 'cdn_settings' LIMIT 1 [ RunTime:0.000292s ]
[2026-04-20T19:34:17+08:00][sql] CONNECT:[ UseTime:0.000900s ] mysql:host=127.0.0.1;port=3306;dbname=weihua;charset=utf8mb4
[2026-04-20T19:34:17+08:00][sql] SHOW FULL COLUMNS FROM `cmf_option` [ RunTime:0.001941s ]
[2026-04-20T19:34:17+08:00][sql] SELECT `option_value` FROM `cmf_option` WHERE  `option_name` = 'cdn_settings' LIMIT 1 [ RunTime:0.000330s ]
[2026-04-20T19:34:17+08:00][sql] SELECT `option_value` FROM `cmf_option` WHERE  `option_name` = 'cdn_settings' LIMIT 1 [ RunTime:0.000221s ]
[2026-04-20T19:34:36+08:00][sql] CONNECT:[ UseTime:0.001661s ] mysql:host=127.0.0.1;port=3306;dbname=weihua;charset=utf8mb4
[2026-04-20T19:34:36+08:00][sql] SHOW FULL COLUMNS FROM `cmf_option` [ RunTime:0.003085s ]
[2026-04-20T19:34:36+08:00][sql] SELECT `option_value` FROM `cmf_option` WHERE  `option_name` = 'cdn_settings' LIMIT 1 [ RunTime:0.000654s ]
[2026-04-20T19:34:36+08:00][sql] SELECT `option_value` FROM `cmf_option` WHERE  `option_name` = 'cdn_settings' LIMIT 1 [ RunTime:0.000391s ]
[2026-04-20T19:34:36+08:00][sql] SHOW FULL COLUMNS FROM `cmf_product_category` [ RunTime:0.001731s ]
[2026-04-20T19:34:36+08:00][sql] SELECT * FROM `cmf_product_category` WHERE  `parent_id` = 0 ORDER BY `list_order` ASC,`create_time` DESC [ RunTime:0.000758s ]
[2026-04-20T19:34:36+08:00][sql] SELECT * FROM `cmf_product_category` WHERE  `parent_id` IN (18,19,20,21,22,23,24,25,26,27) [ RunTime:0.000441s ]
[2026-04-20T19:34:36+08:00][sql] SHOW FULL COLUMNS FROM `cmf_portal_category` [ RunTime:0.002079s ]
[2026-04-20T19:34:36+08:00][sql] SELECT * FROM `cmf_portal_category` WHERE (  `type` = 8 ) AND `cmf_portal_category`.`delete_time` = '0' ORDER BY `list_order` ASC [ RunTime:0.000538s ]
[2026-04-20T19:34:36+08:00][sql] SHOW FULL COLUMNS FROM `cmf_product` [ RunTime:0.002085s ]
[2026-04-20T19:34:36+08:00][sql] SELECT * FROM `cmf_product` WHERE  `id` = 62 LIMIT 1 [ RunTime:0.000668s ]
[2026-04-20T19:34:36+08:00][sql] SELECT * FROM `cmf_product_category` WHERE  `id` = 18 LIMIT 1 [ RunTime:0.000346s ]
[2026-04-20T19:34:36+08:00][sql] SELECT `id`,`title`,`industry`,`thumbnail` FROM `cmf_product` WHERE  `id` <> 62  AND `is_recommended` = 1  AND `category_id` = 18 ORDER BY RAND() LIMIT 4 [ RunTime:0.000522s ]
[2026-04-20T19:34:36+08:00][sql] SHOW FULL COLUMNS FROM `cmf_slide_item` [ RunTime:0.001155s ]
[2026-04-20T19:34:36+08:00][sql] SELECT `title`,`description`,`image` FROM `cmf_slide_item` WHERE  `slide_id` = 2 ORDER BY `list_order` ASC LIMIT 1 [ RunTime:0.000262s ]
[2026-04-20T19:34:36+08:00][sql] SHOW FULL COLUMNS FROM `cmf_theme_file` [ RunTime:0.001253s ]
[2026-04-20T19:34:36+08:00][sql] SELECT `more`,`file`,`id` FROM `cmf_theme_file` WHERE  `theme` = 'simpleboot3'  AND (  `is_public` = 1 OR `file` = 'portal/product-info' ) ORDER BY `is_public` DESC [ RunTime:0.000503s ]
[2026-04-20T19:34:36+08:00][sql] SELECT `option_value` FROM `cmf_option` WHERE  `option_name` = 'storage' LIMIT 1 [ RunTime:0.000316s ]
[2026-04-20T19:34:56+08:00][sql] CONNECT:[ UseTime:0.000643s ] mysql:host=127.0.0.1;port=3306;dbname=weihua;charset=utf8mb4
[2026-04-20T19:34:56+08:00][sql] SHOW FULL COLUMNS FROM `cmf_option` [ RunTime:0.001412s ]
[2026-04-20T19:34:56+08:00][sql] SELECT `option_value` FROM `cmf_option` WHERE  `option_name` = 'cdn_settings' LIMIT 1 [ RunTime:0.000252s ]
[2026-04-20T19:34:56+08:00][sql] SELECT `option_value` FROM `cmf_option` WHERE  `option_name` = 'cdn_settings' LIMIT 1 [ RunTime:0.000189s ]
[2026-04-20T19:34:56+08:00][sql] SHOW FULL COLUMNS FROM `cmf_product_category` [ RunTime:0.001052s ]
[2026-04-20T19:34:56+08:00][sql] SELECT * FROM `cmf_product_category` WHERE  `parent_id` = 0 ORDER BY `list_order` ASC,`create_time` DESC [ RunTime:0.000438s ]
[2026-04-20T19:34:56+08:00][sql] SELECT * FROM `cmf_product_category` WHERE  `parent_id` IN (18,19,20,21,22,23,24,25,26,27) [ RunTime:0.000246s ]
[2026-04-20T19:34:56+08:00][sql] SHOW FULL COLUMNS FROM `cmf_portal_category` [ RunTime:0.001882s ]
[2026-04-20T19:34:56+08:00][sql] SELECT * FROM `cmf_portal_category` WHERE (  `type` = 8 ) AND `cmf_portal_category`.`delete_time` = '0' ORDER BY `list_order` ASC [ RunTime:0.000673s ]
[2026-04-20T19:34:56+08:00][sql] SHOW FULL COLUMNS FROM `cmf_product` [ RunTime:0.002688s ]
[2026-04-20T19:34:56+08:00][sql] SELECT * FROM `cmf_product` WHERE  `id` = 62 LIMIT 1 [ RunTime:0.000736s ]
[2026-04-20T19:34:56+08:00][sql] SELECT * FROM `cmf_product_category` WHERE  `id` = 18 LIMIT 1 [ RunTime:0.000474s ]
[2026-04-20T19:34:56+08:00][sql] SELECT `id`,`title`,`industry`,`thumbnail` FROM `cmf_product` WHERE  `id` <> 62  AND `is_recommended` = 1  AND `category_id` = 18 ORDER BY RAND() LIMIT 4 [ RunTime:0.000730s ]
[2026-04-20T19:34:56+08:00][sql] SHOW FULL COLUMNS FROM `cmf_slide_item` [ RunTime:0.002564s ]
[2026-04-20T19:34:56+08:00][sql] SELECT `title`,`description`,`image` FROM `cmf_slide_item` WHERE  `slide_id` = 2 ORDER BY `list_order` ASC LIMIT 1 [ RunTime:0.000829s ]
[2026-04-20T19:34:56+08:00][sql] SHOW FULL COLUMNS FROM `cmf_theme_file` [ RunTime:0.002289s ]
[2026-04-20T19:34:56+08:00][sql] SELECT `more`,`file`,`id` FROM `cmf_theme_file` WHERE  `theme` = 'simpleboot3'  AND (  `is_public` = 1 OR `file` = 'portal/product-info' ) ORDER BY `is_public` DESC [ RunTime:0.000647s ]
[2026-04-20T19:34:56+08:00][sql] SELECT `option_value` FROM `cmf_option` WHERE  `option_name` = 'storage' LIMIT 1 [ RunTime:0.000448s ]
[2026-04-20T19:36:21+08:00][sql] CONNECT:[ UseTime:0.002086s ] mysql:host=127.0.0.1;port=3306;dbname=weihua;charset=utf8mb4
[2026-04-20T19:36:21+08:00][sql] SHOW FULL COLUMNS FROM `cmf_option` [ RunTime:0.004677s ]
[2026-04-20T19:36:21+08:00][sql] SELECT `option_value` FROM `cmf_option` WHERE  `option_name` = 'cdn_settings' LIMIT 1 [ RunTime:0.000556s ]
[2026-04-20T19:36:21+08:00][sql] SELECT `option_value` FROM `cmf_option` WHERE  `option_name` = 'cdn_settings' LIMIT 1 [ RunTime:0.000453s ]
[2026-04-20T19:36:21+08:00][sql] SHOW FULL COLUMNS FROM `cmf_product_category` [ RunTime:0.003036s ]
[2026-04-20T19:36:21+08:00][sql] SELECT * FROM `cmf_product_category` WHERE  `parent_id` = 0 ORDER BY `list_order` ASC,`create_time` DESC [ RunTime:0.000811s ]
[2026-04-20T19:36:21+08:00][sql] SELECT * FROM `cmf_product_category` WHERE  `parent_id` IN (18,19,20,21,22,23,24,25,26,27) [ RunTime:0.000330s ]
[2026-04-20T19:36:21+08:00][sql] SHOW FULL COLUMNS FROM `cmf_portal_category` [ RunTime:0.001950s ]
[2026-04-20T19:36:21+08:00][sql] SELECT * FROM `cmf_portal_category` WHERE (  `type` = 8 ) AND `cmf_portal_category`.`delete_time` = '0' ORDER BY `list_order` ASC [ RunTime:0.000552s ]
[2026-04-20T19:36:21+08:00][sql] SHOW FULL COLUMNS FROM `cmf_slide_item` [ RunTime:0.001711s ]
[2026-04-20T19:36:21+08:00][sql] SELECT `title`,`description`,`image` FROM `cmf_slide_item` WHERE  `slide_id` = 12 ORDER BY `list_order` ASC LIMIT 1 [ RunTime:0.000562s ]
[2026-04-20T19:36:21+08:00][sql] SELECT * FROM `cmf_portal_category` WHERE (  `id` = 0  AND `status` = 1 ) AND `cmf_portal_category`.`delete_time` = '0' LIMIT 1 [ RunTime:0.000337s ]
[2026-04-20T19:36:21+08:00][sql] SHOW FULL COLUMNS FROM `cmf_portal_post` [ RunTime:0.001512s ]
[2026-04-20T19:36:21+08:00][sql] SELECT COUNT(*) AS think_count FROM `cmf_portal_post` `p` LEFT JOIN `cmf_portal_category_post` `c` ON `p`.`id`=`c`.`post_id` WHERE (  `post_type` = 8 ) AND `p`.`delete_time` = '0' LIMIT 1 [ RunTime:0.000614s ]
[2026-04-20T19:36:21+08:00][sql] SELECT `p`.`id`,`p`.`post_title`,`p`.`thumbnail`,`p`.`more`,c.category_id as cid,`p`.`post_excerpt`,`p`.`create_time` FROM `cmf_portal_post` `p` LEFT JOIN `cmf_portal_category_post` `c` ON `p`.`id`=`c`.`post_id` WHERE (  `post_type` = 8 ) AND `p`.`delete_time` = '0' ORDER BY `c`.`list_order` ASC,`p`.`create_time` DESC LIMIT 0,6 [ RunTime:0.000535s ]
[2026-04-20T19:36:21+08:00][sql] SHOW FULL COLUMNS FROM `cmf_theme_file` [ RunTime:0.001531s ]
[2026-04-20T19:36:21+08:00][sql] SELECT `more`,`file`,`id` FROM `cmf_theme_file` WHERE  `theme` = 'simpleboot3'  AND (  `is_public` = 1 OR `file` = 'portal/news' ) ORDER BY `is_public` DESC [ RunTime:0.000569s ]
[2026-04-20T19:36:21+08:00][sql] SELECT `option_value` FROM `cmf_option` WHERE  `option_name` = 'storage' LIMIT 1 [ RunTime:0.000576s ]
[2026-04-20T19:36:46+08:00][sql] CONNECT:[ UseTime:0.001397s ] mysql:host=127.0.0.1;port=3306;dbname=weihua;charset=utf8mb4
[2026-04-20T19:36:46+08:00][sql] SHOW FULL COLUMNS FROM `cmf_option` [ RunTime:0.002704s ]
[2026-04-20T19:36:46+08:00][sql] SELECT `option_value` FROM `cmf_option` WHERE  `option_name` = 'cdn_settings' LIMIT 1 [ RunTime:0.000398s ]
[2026-04-20T19:36:46+08:00][sql] SELECT `option_value` FROM `cmf_option` WHERE  `option_name` = 'cdn_settings' LIMIT 1 [ RunTime:0.000316s ]
[2026-04-20T19:36:46+08:00][sql] SHOW FULL COLUMNS FROM `cmf_product_category` [ RunTime:0.001892s ]
[2026-04-20T19:36:46+08:00][sql] SELECT * FROM `cmf_product_category` WHERE  `parent_id` = 0 ORDER BY `list_order` ASC,`create_time` DESC [ RunTime:0.000626s ]
[2026-04-20T19:36:46+08:00][sql] SELECT * FROM `cmf_product_category` WHERE  `parent_id` IN (18,19,20,21,22,23,24,25,26,27) [ RunTime:0.000460s ]
[2026-04-20T19:36:46+08:00][sql] SHOW FULL COLUMNS FROM `cmf_portal_category` [ RunTime:0.001222s ]
[2026-04-20T19:36:46+08:00][sql] SELECT * FROM `cmf_portal_category` WHERE (  `type` = 8 ) AND `cmf_portal_category`.`delete_time` = '0' ORDER BY `list_order` ASC [ RunTime:0.000428s ]
[2026-04-20T19:36:46+08:00][sql] SHOW FULL COLUMNS FROM `cmf_slide_item` [ RunTime:0.001181s ]
[2026-04-20T19:36:46+08:00][sql] SELECT `title`,`image`,`content` FROM `cmf_slide_item` WHERE  `slide_id` = 1 ORDER BY `list_order` ASC [ RunTime:0.000337s ]
[2026-04-20T19:36:46+08:00][sql] SHOW FULL COLUMNS FROM `cmf_product` [ RunTime:0.001285s ]
[2026-04-20T19:36:46+08:00][sql] SELECT * FROM `cmf_product` WHERE  `is_recommended` = 1 ORDER BY `list_order` ASC LIMIT 8 [ RunTime:0.000736s ]
[2026-04-20T19:36:46+08:00][sql] SELECT `id`,`name` FROM `cmf_product_category` WHERE  `id` = 18 [ RunTime:0.000319s ]
[2026-04-20T19:36:46+08:00][sql] SHOW FULL COLUMNS FROM `cmf_portal_post` [ RunTime:0.001163s ]
[2026-04-20T19:36:46+08:00][sql] SELECT `p`.`id`,`p`.`post_title`,`p`.`post_excerpt`,`p`.`thumbnail`,`p`.`create_time`,`c`.`category_id` FROM `cmf_portal_post` `p` INNER JOIN `cmf_portal_category_post` `c` ON `p`.`id`=`c`.`post_id` WHERE (  `p`.`post_type` = '8' ) AND `p`.`delete_time` = '0' ORDER BY `c`.`list_order` ASC,`p`.`create_time` DESC LIMIT 4 [ RunTime:0.000539s ]
[2026-04-20T19:36:46+08:00][sql] SHOW FULL COLUMNS FROM `cmf_theme_file` [ RunTime:0.002080s ]
[2026-04-20T19:36:46+08:00][sql] SELECT `more`,`file`,`id` FROM `cmf_theme_file` WHERE  `theme` = 'simpleboot3'  AND (  `is_public` = 1 OR `file` = 'portal/index' ) ORDER BY `is_public` DESC [ RunTime:0.000608s ]
[2026-04-20T19:36:46+08:00][sql] SELECT `option_value` FROM `cmf_option` WHERE  `option_name` = 'storage' LIMIT 1 [ RunTime:0.000566s ]
[2026-04-20T19:36:53+08:00][sql] CONNECT:[ UseTime:0.001218s ] mysql:host=127.0.0.1;port=3306;dbname=weihua;charset=utf8mb4
[2026-04-20T19:36:53+08:00][sql] SHOW FULL COLUMNS FROM `cmf_option` [ RunTime:0.001503s ]
[2026-04-20T19:36:53+08:00][sql] SELECT `option_value` FROM `cmf_option` WHERE  `option_name` = 'cdn_settings' LIMIT 1 [ RunTime:0.000245s ]
[2026-04-20T19:36:53+08:00][sql] SELECT `option_value` FROM `cmf_option` WHERE  `option_name` = 'cdn_settings' LIMIT 1 [ RunTime:0.000231s ]
[2026-04-20T19:36:53+08:00][sql] SHOW FULL COLUMNS FROM `cmf_product_category` [ RunTime:0.001019s ]
[2026-04-20T19:36:53+08:00][sql] SELECT * FROM `cmf_product_category` WHERE  `parent_id` = 0 ORDER BY `list_order` ASC,`create_time` DESC [ RunTime:0.000327s ]
[2026-04-20T19:36:53+08:00][sql] SELECT * FROM `cmf_product_category` WHERE  `parent_id` IN (18,19,20,21,22,23,24,25,26,27) [ RunTime:0.000231s ]
[2026-04-20T19:36:53+08:00][sql] SHOW FULL COLUMNS FROM `cmf_portal_category` [ RunTime:0.000989s ]
[2026-04-20T19:36:53+08:00][sql] SELECT * FROM `cmf_portal_category` WHERE (  `type` = 8 ) AND `cmf_portal_category`.`delete_time` = '0' ORDER BY `list_order` ASC [ RunTime:0.000258s ]
[2026-04-20T19:36:53+08:00][sql] SELECT * FROM `cmf_portal_category` WHERE (  `id` = 1  AND `status` = 1 ) AND `cmf_portal_category`.`delete_time` = '0' LIMIT 1 [ RunTime:0.000324s ]
[2026-04-20T19:36:53+08:00][sql] SHOW FULL COLUMNS FROM `cmf_portal_post` [ RunTime:0.001141s ]
[2026-04-20T19:36:53+08:00][sql] SELECT `post`.* FROM `cmf_portal_post` `post` INNER JOIN `cmf_portal_category_post` `relation` ON `post`.`id`=`relation`.`post_id` WHERE (  `post`.`post_type` = '8'  AND `post`.`delete_time` = '0'  AND `relation`.`category_id` = '1'  AND `relation`.`post_id` = '2' ) AND `post`.`delete_time` = '0' LIMIT 1 [ RunTime:0.000561s ]
[2026-04-20T19:36:53+08:00][sql] SHOW FULL COLUMNS FROM `cmf_slide_item` [ RunTime:0.000972s ]
[2026-04-20T19:36:53+08:00][sql] SELECT `title`,`description`,`image` FROM `cmf_slide_item` WHERE  `slide_id` = 12 ORDER BY `list_order` ASC LIMIT 1 [ RunTime:0.000275s ]
[2026-04-20T19:36:53+08:00][sql] UPDATE `cmf_portal_post`  SET `post_hits` = `post_hits` + 1  WHERE (  `id` = 2 ) AND `cmf_portal_post`.`delete_time` = '0' [ RunTime:0.001803s ]
[2026-04-20T19:36:53+08:00][sql] SELECT `post`.* FROM `cmf_portal_post` `post` INNER JOIN `cmf_portal_category_post` `relation` ON `post`.`id`=`relation`.`post_id` WHERE (  `post`.`post_type` = '8'  AND `post`.`delete_time` = '0'  AND `relation`.`category_id` = '1'  AND `relation`.`post_id` = '2'  AND `relation`.`post_id` = '2' ) AND `post`.`delete_time` = '0' LIMIT 1 [ RunTime:0.000426s ]
[2026-04-20T19:36:53+08:00][sql] SELECT `post`.* FROM `cmf_portal_post` `post` INNER JOIN `cmf_portal_category_post` `relation` ON `post`.`id`=`relation`.`post_id` WHERE (  `post`.`post_type` = '8'  AND `post`.`delete_time` = '0'  AND `relation`.`category_id` = '1'  AND `relation`.`post_id` = '2'  AND `relation`.`post_id` < '2' ) AND `post`.`delete_time` = '0' ORDER BY `id` DESC LIMIT 1 [ RunTime:0.000325s ]
[2026-04-20T19:36:53+08:00][sql] SELECT `post`.* FROM `cmf_portal_post` `post` INNER JOIN `cmf_portal_category_post` `relation` ON `post`.`id`=`relation`.`post_id` WHERE (  `post`.`post_type` = '8'  AND `post`.`delete_time` = '0'  AND `relation`.`category_id` = '1'  AND `relation`.`post_id` = '2'  AND `relation`.`post_id` > '2' ) AND `post`.`delete_time` = '0' ORDER BY `id` DESC LIMIT 1 [ RunTime:0.000339s ]
[2026-04-20T19:36:53+08:00][sql] SHOW FULL COLUMNS FROM `cmf_theme_file` [ RunTime:0.001601s ]
[2026-04-20T19:36:53+08:00][sql] SELECT `more`,`file`,`id` FROM `cmf_theme_file` WHERE  `theme` = 'simpleboot3'  AND (  `is_public` = 1 OR `file` = 'portal/news-info' ) ORDER BY `is_public` DESC [ RunTime:0.000477s ]
[2026-04-20T19:36:53+08:00][sql] SELECT `option_value` FROM `cmf_option` WHERE  `option_name` = 'storage' LIMIT 1 [ RunTime:0.000375s ]
[2026-04-20T19:37:00+08:00][sql] CONNECT:[ UseTime:0.001030s ] mysql:host=127.0.0.1;port=3306;dbname=weihua;charset=utf8mb4
[2026-04-20T19:37:00+08:00][sql] SHOW FULL COLUMNS FROM `cmf_option` [ RunTime:0.004231s ]
[2026-04-20T19:37:00+08:00][sql] SELECT `option_value` FROM `cmf_option` WHERE  `option_name` = 'cdn_settings' LIMIT 1 [ RunTime:0.000681s ]
[2026-04-20T19:37:00+08:00][sql] SELECT `option_value` FROM `cmf_option` WHERE  `option_name` = 'cdn_settings' LIMIT 1 [ RunTime:0.000495s ]
[2026-04-20T19:37:00+08:00][sql] SHOW FULL COLUMNS FROM `cmf_product_category` [ RunTime:0.003694s ]
[2026-04-20T19:37:00+08:00][sql] SELECT * FROM `cmf_product_category` WHERE  `parent_id` = 0 ORDER BY `list_order` ASC,`create_time` DESC [ RunTime:0.000594s ]
[2026-04-20T19:37:00+08:00][sql] SELECT * FROM `cmf_product_category` WHERE  `parent_id` IN (18,19,20,21,22,23,24,25,26,27) [ RunTime:0.000321s ]
[2026-04-20T19:37:00+08:00][sql] SHOW FULL COLUMNS FROM `cmf_portal_category` [ RunTime:0.001972s ]
[2026-04-20T19:37:00+08:00][sql] SELECT * FROM `cmf_portal_category` WHERE (  `type` = 8 ) AND `cmf_portal_category`.`delete_time` = '0' ORDER BY `list_order` ASC [ RunTime:0.000352s ]
[2026-04-20T19:37:00+08:00][sql] SHOW FULL COLUMNS FROM `cmf_slide_item` [ RunTime:0.001320s ]
[2026-04-20T19:37:00+08:00][sql] SELECT `title`,`description`,`image` FROM `cmf_slide_item` WHERE  `slide_id` = 12 ORDER BY `list_order` ASC LIMIT 1 [ RunTime:0.000479s ]
[2026-04-20T19:37:00+08:00][sql] SELECT * FROM `cmf_portal_category` WHERE (  `id` = 0  AND `status` = 1 ) AND `cmf_portal_category`.`delete_time` = '0' LIMIT 1 [ RunTime:0.000312s ]
[2026-04-20T19:37:00+08:00][sql] SHOW FULL COLUMNS FROM `cmf_portal_post` [ RunTime:0.001555s ]
[2026-04-20T19:37:00+08:00][sql] SELECT COUNT(*) AS think_count FROM `cmf_portal_post` `p` LEFT JOIN `cmf_portal_category_post` `c` ON `p`.`id`=`c`.`post_id` WHERE (  `post_type` = 8 ) AND `p`.`delete_time` = '0' LIMIT 1 [ RunTime:0.000656s ]
[2026-04-20T19:37:00+08:00][sql] SELECT `p`.`id`,`p`.`post_title`,`p`.`thumbnail`,`p`.`more`,c.category_id as cid,`p`.`post_excerpt`,`p`.`create_time` FROM `cmf_portal_post` `p` LEFT JOIN `cmf_portal_category_post` `c` ON `p`.`id`=`c`.`post_id` WHERE (  `post_type` = 8 ) AND `p`.`delete_time` = '0' ORDER BY `c`.`list_order` ASC,`p`.`create_time` DESC LIMIT 0,6 [ RunTime:0.000454s ]
[2026-04-20T19:37:00+08:00][sql] SHOW FULL COLUMNS FROM `cmf_theme_file` [ RunTime:0.001309s ]
[2026-04-20T19:37:00+08:00][sql] SELECT `more`,`file`,`id` FROM `cmf_theme_file` WHERE  `theme` = 'simpleboot3'  AND (  `is_public` = 1 OR `file` = 'portal/news' ) ORDER BY `is_public` DESC [ RunTime:0.000433s ]
[2026-04-20T19:37:00+08:00][sql] SELECT `option_value` FROM `cmf_option` WHERE  `option_name` = 'storage' LIMIT 1 [ RunTime:0.000316s ]
[2026-04-20T19:37:02+08:00][sql] CONNECT:[ UseTime:0.001302s ] mysql:host=127.0.0.1;port=3306;dbname=weihua;charset=utf8mb4
[2026-04-20T19:37:02+08:00][sql] SHOW FULL COLUMNS FROM `cmf_option` [ RunTime:0.002278s ]
[2026-04-20T19:37:02+08:00][sql] SELECT `option_value` FROM `cmf_option` WHERE  `option_name` = 'cdn_settings' LIMIT 1 [ RunTime:0.000343s ]
[2026-04-20T19:37:02+08:00][sql] SELECT `option_value` FROM `cmf_option` WHERE  `option_name` = 'cdn_settings' LIMIT 1 [ RunTime:0.000246s ]
[2026-04-20T19:37:02+08:00][sql] SHOW FULL COLUMNS FROM `cmf_product_category` [ RunTime:0.001361s ]
[2026-04-20T19:37:02+08:00][sql] SELECT * FROM `cmf_product_category` WHERE  `parent_id` = 0 ORDER BY `list_order` ASC,`create_time` DESC [ RunTime:0.000465s ]
[2026-04-20T19:37:02+08:00][sql] SELECT * FROM `cmf_product_category` WHERE  `parent_id` IN (18,19,20,21,22,23,24,25,26,27) [ RunTime:0.000267s ]
[2026-04-20T19:37:02+08:00][sql] SHOW FULL COLUMNS FROM `cmf_portal_category` [ RunTime:0.001847s ]
[2026-04-20T19:37:02+08:00][sql] SELECT * FROM `cmf_portal_category` WHERE (  `type` = 8 ) AND `cmf_portal_category`.`delete_time` = '0' ORDER BY `list_order` ASC [ RunTime:0.000796s ]
[2026-04-20T19:37:02+08:00][sql] SELECT * FROM `cmf_portal_category` WHERE (  `id` = 1  AND `status` = 1 ) AND `cmf_portal_category`.`delete_time` = '0' LIMIT 1 [ RunTime:0.000294s ]
[2026-04-20T19:37:02+08:00][sql] SHOW FULL COLUMNS FROM `cmf_portal_post` [ RunTime:0.002330s ]
[2026-04-20T19:37:02+08:00][sql] SELECT `post`.* FROM `cmf_portal_post` `post` INNER JOIN `cmf_portal_category_post` `relation` ON `post`.`id`=`relation`.`post_id` WHERE (  `post`.`post_type` = '8'  AND `post`.`delete_time` = '0'  AND `relation`.`category_id` = '1'  AND `relation`.`post_id` = '2' ) AND `post`.`delete_time` = '0' LIMIT 1 [ RunTime:0.000591s ]
[2026-04-20T19:37:02+08:00][sql] SHOW FULL COLUMNS FROM `cmf_slide_item` [ RunTime:0.001078s ]
[2026-04-20T19:37:02+08:00][sql] SELECT `title`,`description`,`image` FROM `cmf_slide_item` WHERE  `slide_id` = 12 ORDER BY `list_order` ASC LIMIT 1 [ RunTime:0.000312s ]
[2026-04-20T19:37:02+08:00][sql] UPDATE `cmf_portal_post`  SET `post_hits` = `post_hits` + 1  WHERE (  `id` = 2 ) AND `cmf_portal_post`.`delete_time` = '0' [ RunTime:0.001252s ]
[2026-04-20T19:37:02+08:00][sql] SELECT `post`.* FROM `cmf_portal_post` `post` INNER JOIN `cmf_portal_category_post` `relation` ON `post`.`id`=`relation`.`post_id` WHERE (  `post`.`post_type` = '8'  AND `post`.`delete_time` = '0'  AND `relation`.`category_id` = '1'  AND `relation`.`post_id` = '2'  AND `relation`.`post_id` = '2' ) AND `post`.`delete_time` = '0' LIMIT 1 [ RunTime:0.000344s ]
[2026-04-20T19:37:02+08:00][sql] SELECT `post`.* FROM `cmf_portal_post` `post` INNER JOIN `cmf_portal_category_post` `relation` ON `post`.`id`=`relation`.`post_id` WHERE (  `post`.`post_type` = '8'  AND `post`.`delete_time` = '0'  AND `relation`.`category_id` = '1'  AND `relation`.`post_id` = '2'  AND `relation`.`post_id` < '2' ) AND `post`.`delete_time` = '0' ORDER BY `id` DESC LIMIT 1 [ RunTime:0.000317s ]
[2026-04-20T19:37:02+08:00][sql] SELECT `post`.* FROM `cmf_portal_post` `post` INNER JOIN `cmf_portal_category_post` `relation` ON `post`.`id`=`relation`.`post_id` WHERE (  `post`.`post_type` = '8'  AND `post`.`delete_time` = '0'  AND `relation`.`category_id` = '1'  AND `relation`.`post_id` = '2'  AND `relation`.`post_id` > '2' ) AND `post`.`delete_time` = '0' ORDER BY `id` DESC LIMIT 1 [ RunTime:0.000331s ]
[2026-04-20T19:37:02+08:00][sql] SHOW FULL COLUMNS FROM `cmf_theme_file` [ RunTime:0.001160s ]
[2026-04-20T19:37:02+08:00][sql] SELECT `more`,`file`,`id` FROM `cmf_theme_file` WHERE  `theme` = 'simpleboot3'  AND (  `is_public` = 1 OR `file` = 'portal/news-info' ) ORDER BY `is_public` DESC [ RunTime:0.000338s ]
[2026-04-20T19:37:02+08:00][sql] SELECT `option_value` FROM `cmf_option` WHERE  `option_name` = 'storage' LIMIT 1 [ RunTime:0.000490s ]
[2026-04-20T19:42:17+08:00][sql] CONNECT:[ UseTime:0.001553s ] mysql:host=127.0.0.1;port=3306;dbname=weihua;charset=utf8mb4
[2026-04-20T19:42:17+08:00][sql] SHOW FULL COLUMNS FROM `cmf_option` [ RunTime:0.002673s ]
[2026-04-20T19:42:17+08:00][sql] SELECT `option_value` FROM `cmf_option` WHERE  `option_name` = 'cdn_settings' LIMIT 1 [ RunTime:0.000339s ]
[2026-04-20T19:42:17+08:00][sql] SELECT `option_value` FROM `cmf_option` WHERE  `option_name` = 'cdn_settings' LIMIT 1 [ RunTime:0.000322s ]
[2026-04-20T19:42:17+08:00][sql] SHOW FULL COLUMNS FROM `cmf_product_category` [ RunTime:0.001523s ]
[2026-04-20T19:42:17+08:00][sql] SELECT * FROM `cmf_product_category` WHERE  `parent_id` = 0 ORDER BY `list_order` ASC,`create_time` DESC [ RunTime:0.000589s ]
[2026-04-20T19:42:17+08:00][sql] SELECT * FROM `cmf_product_category` WHERE  `parent_id` IN (18,19,20,21,22,23,24,25,26,27) [ RunTime:0.000355s ]
[2026-04-20T19:42:17+08:00][sql] SHOW FULL COLUMNS FROM `cmf_portal_category` [ RunTime:0.001141s ]
[2026-04-20T19:42:17+08:00][sql] SELECT * FROM `cmf_portal_category` WHERE (  `type` = 8 ) AND `cmf_portal_category`.`delete_time` = '0' ORDER BY `list_order` ASC [ RunTime:0.000351s ]
[2026-04-20T19:42:17+08:00][sql] SELECT * FROM `cmf_portal_category` WHERE (  `id` = 1  AND `status` = 1 ) AND `cmf_portal_category`.`delete_time` = '0' LIMIT 1 [ RunTime:0.000349s ]
[2026-04-20T19:42:17+08:00][sql] SHOW FULL COLUMNS FROM `cmf_portal_post` [ RunTime:0.001597s ]
[2026-04-20T19:42:17+08:00][sql] SELECT `post`.* FROM `cmf_portal_post` `post` INNER JOIN `cmf_portal_category_post` `relation` ON `post`.`id`=`relation`.`post_id` WHERE (  `post`.`post_type` = '8'  AND `post`.`delete_time` = '0'  AND `relation`.`category_id` = '1'  AND `relation`.`post_id` = '2' ) AND `post`.`delete_time` = '0' LIMIT 1 [ RunTime:0.000767s ]
[2026-04-20T19:42:17+08:00][sql] SHOW FULL COLUMNS FROM `cmf_slide_item` [ RunTime:0.001407s ]
[2026-04-20T19:42:17+08:00][sql] SELECT `title`,`description`,`image` FROM `cmf_slide_item` WHERE  `slide_id` = 12 ORDER BY `list_order` ASC LIMIT 1 [ RunTime:0.000401s ]
[2026-04-20T19:42:17+08:00][sql] UPDATE `cmf_portal_post`  SET `post_hits` = `post_hits` + 1  WHERE (  `id` = 2 ) AND `cmf_portal_post`.`delete_time` = '0' [ RunTime:0.001552s ]
[2026-04-20T19:42:17+08:00][sql] SELECT `post`.* FROM `cmf_portal_post` `post` INNER JOIN `cmf_portal_category_post` `relation` ON `post`.`id`=`relation`.`post_id` WHERE (  `post`.`post_type` = '8'  AND `post`.`delete_time` = '0'  AND `relation`.`category_id` = '1'  AND `relation`.`post_id` = '2'  AND `relation`.`post_id` = '2' ) AND `post`.`delete_time` = '0' LIMIT 1 [ RunTime:0.000348s ]
[2026-04-20T19:42:17+08:00][sql] SELECT `post`.* FROM `cmf_portal_post` `post` INNER JOIN `cmf_portal_category_post` `relation` ON `post`.`id`=`relation`.`post_id` WHERE (  `post`.`post_type` = '8'  AND `post`.`delete_time` = '0'  AND `relation`.`category_id` = '1'  AND `relation`.`post_id` = '2'  AND `relation`.`post_id` < '2' ) AND `post`.`delete_time` = '0' ORDER BY `id` DESC LIMIT 1 [ RunTime:0.000323s ]
[2026-04-20T19:42:17+08:00][sql] SELECT `post`.* FROM `cmf_portal_post` `post` INNER JOIN `cmf_portal_category_post` `relation` ON `post`.`id`=`relation`.`post_id` WHERE (  `post`.`post_type` = '8'  AND `post`.`delete_time` = '0'  AND `relation`.`category_id` = '1'  AND `relation`.`post_id` = '2'  AND `relation`.`post_id` > '2' ) AND `post`.`delete_time` = '0' ORDER BY `id` DESC LIMIT 1 [ RunTime:0.000349s ]
[2026-04-20T19:42:17+08:00][sql] SHOW FULL COLUMNS FROM `cmf_theme_file` [ RunTime:0.001411s ]
[2026-04-20T19:42:17+08:00][sql] SELECT `more`,`file`,`id` FROM `cmf_theme_file` WHERE  `theme` = 'simpleboot3'  AND (  `is_public` = 1 OR `file` = 'portal/news-info' ) ORDER BY `is_public` DESC [ RunTime:0.000554s ]
[2026-04-20T19:42:17+08:00][sql] SELECT `option_value` FROM `cmf_option` WHERE  `option_name` = 'storage' LIMIT 1 [ RunTime:0.000346s ]
[2026-04-20T19:42:20+08:00][sql] CONNECT:[ UseTime:0.001161s ] mysql:host=127.0.0.1;port=3306;dbname=weihua;charset=utf8mb4
[2026-04-20T19:42:20+08:00][sql] SHOW FULL COLUMNS FROM `cmf_option` [ RunTime:0.001977s ]
[2026-04-20T19:42:20+08:00][sql] SELECT `option_value` FROM `cmf_option` WHERE  `option_name` = 'cdn_settings' LIMIT 1 [ RunTime:0.000479s ]
[2026-04-20T19:42:20+08:00][sql] SELECT `option_value` FROM `cmf_option` WHERE  `option_name` = 'cdn_settings' LIMIT 1 [ RunTime:0.000319s ]
[2026-04-20T19:42:20+08:00][sql] SHOW FULL COLUMNS FROM `cmf_product_category` [ RunTime:0.001375s ]
[2026-04-20T19:42:20+08:00][sql] SELECT * FROM `cmf_product_category` WHERE  `parent_id` = 0 ORDER BY `list_order` ASC,`create_time` DESC [ RunTime:0.000408s ]
[2026-04-20T19:42:20+08:00][sql] SELECT * FROM `cmf_product_category` WHERE  `parent_id` IN (18,19,20,21,22,23,24,25,26,27) [ RunTime:0.000275s ]
[2026-04-20T19:42:20+08:00][sql] SHOW FULL COLUMNS FROM `cmf_portal_category` [ RunTime:0.001230s ]
[2026-04-20T19:42:20+08:00][sql] SELECT * FROM `cmf_portal_category` WHERE (  `type` = 8 ) AND `cmf_portal_category`.`delete_time` = '0' ORDER BY `list_order` ASC [ RunTime:0.000541s ]
[2026-04-20T19:42:20+08:00][sql] SHOW FULL COLUMNS FROM `cmf_slide_item` [ RunTime:0.001531s ]
[2026-04-20T19:42:20+08:00][sql] SELECT `title`,`description`,`image` FROM `cmf_slide_item` WHERE  `slide_id` = 4 ORDER BY `list_order` ASC LIMIT 1 [ RunTime:0.000468s ]
[2026-04-20T19:42:20+08:00][sql] SHOW FULL COLUMNS FROM `cmf_theme_file` [ RunTime:0.001465s ]
[2026-04-20T19:42:20+08:00][sql] SELECT `more`,`file`,`id` FROM `cmf_theme_file` WHERE  `theme` = 'simpleboot3'  AND (  `is_public` = 1 OR `file` = 'portal/cert' ) ORDER BY `is_public` DESC [ RunTime:0.000331s ]
[2026-04-20T19:42:20+08:00][sql] SELECT `option_value` FROM `cmf_option` WHERE  `option_name` = 'storage' LIMIT 1 [ RunTime:0.000712s ]
[2026-04-20T19:43:28+08:00][sql] CONNECT:[ UseTime:0.002857s ] mysql:host=127.0.0.1;port=3306;dbname=weihua;charset=utf8mb4
[2026-04-20T19:43:28+08:00][sql] SHOW FULL COLUMNS FROM `cmf_option` [ RunTime:0.004538s ]
[2026-04-20T19:43:28+08:00][sql] SELECT `option_value` FROM `cmf_option` WHERE  `option_name` = 'cdn_settings' LIMIT 1 [ RunTime:0.001041s ]
[2026-04-20T19:43:28+08:00][sql] SELECT `option_value` FROM `cmf_option` WHERE  `option_name` = 'cdn_settings' LIMIT 1 [ RunTime:0.000605s ]
[2026-04-20T19:43:28+08:00][sql] SHOW FULL COLUMNS FROM `cmf_product_category` [ RunTime:0.002049s ]
[2026-04-20T19:43:28+08:00][sql] SELECT * FROM `cmf_product_category` WHERE  `parent_id` = 0 ORDER BY `list_order` ASC,`create_time` DESC [ RunTime:0.000774s ]
[2026-04-20T19:43:28+08:00][sql] SELECT * FROM `cmf_product_category` WHERE  `parent_id` IN (18,19,20,21,22,23,24,25,26,27) [ RunTime:0.000459s ]
[2026-04-20T19:43:28+08:00][sql] SHOW FULL COLUMNS FROM `cmf_portal_category` [ RunTime:0.002517s ]
[2026-04-20T19:43:28+08:00][sql] SELECT * FROM `cmf_portal_category` WHERE (  `type` = 8 ) AND `cmf_portal_category`.`delete_time` = '0' ORDER BY `list_order` ASC [ RunTime:0.000756s ]
[2026-04-20T19:43:28+08:00][sql] SHOW FULL COLUMNS FROM `cmf_slide_item` [ RunTime:0.002021s ]
[2026-04-20T19:43:28+08:00][sql] SELECT `title`,`description`,`image` FROM `cmf_slide_item` WHERE  `slide_id` = 4 ORDER BY `list_order` ASC LIMIT 1 [ RunTime:0.000702s ]
[2026-04-20T19:43:28+08:00][sql] SHOW FULL COLUMNS FROM `cmf_theme_file` [ RunTime:0.003870s ]
[2026-04-20T19:43:28+08:00][sql] SELECT `more`,`file`,`id` FROM `cmf_theme_file` WHERE  `theme` = 'simpleboot3'  AND (  `is_public` = 1 OR `file` = 'portal/cert' ) ORDER BY `is_public` DESC [ RunTime:0.000576s ]
[2026-04-20T19:43:28+08:00][sql] SELECT `option_value` FROM `cmf_option` WHERE  `option_name` = 'storage' LIMIT 1 [ RunTime:0.000799s ]
[2026-04-20T19:45:38+08:00][sql] CONNECT:[ UseTime:0.002831s ] mysql:host=127.0.0.1;port=3306;dbname=weihua;charset=utf8mb4
[2026-04-20T19:45:38+08:00][sql] SHOW FULL COLUMNS FROM `cmf_option` [ RunTime:0.003703s ]
[2026-04-20T19:45:38+08:00][sql] SELECT `option_value` FROM `cmf_option` WHERE  `option_name` = 'cdn_settings' LIMIT 1 [ RunTime:0.000500s ]
[2026-04-20T19:45:38+08:00][sql] SELECT `option_value` FROM `cmf_option` WHERE  `option_name` = 'cdn_settings' LIMIT 1 [ RunTime:0.000393s ]
[2026-04-20T19:45:38+08:00][sql] SHOW FULL COLUMNS FROM `cmf_product_category` [ RunTime:0.001484s ]
[2026-04-20T19:45:38+08:00][sql] SELECT * FROM `cmf_product_category` WHERE  `parent_id` = 0 ORDER BY `list_order` ASC,`create_time` DESC [ RunTime:0.000598s ]
[2026-04-20T19:45:38+08:00][sql] SELECT * FROM `cmf_product_category` WHERE  `parent_id` IN (18,19,20,21,22,23,24,25,26,27) [ RunTime:0.000356s ]
[2026-04-20T19:45:38+08:00][sql] SHOW FULL COLUMNS FROM `cmf_portal_category` [ RunTime:0.001869s ]
[2026-04-20T19:45:38+08:00][sql] SELECT * FROM `cmf_portal_category` WHERE (  `type` = 8 ) AND `cmf_portal_category`.`delete_time` = '0' ORDER BY `list_order` ASC [ RunTime:0.000522s ]
[2026-04-20T19:45:38+08:00][sql] SHOW FULL COLUMNS FROM `cmf_slide_item` [ RunTime:0.001502s ]
[2026-04-20T19:45:38+08:00][sql] SELECT `title`,`description`,`image` FROM `cmf_slide_item` WHERE  `slide_id` = 4 ORDER BY `list_order` ASC LIMIT 1 [ RunTime:0.000508s ]
[2026-04-20T19:45:38+08:00][sql] SHOW FULL COLUMNS FROM `cmf_theme_file` [ RunTime:0.001376s ]
[2026-04-20T19:45:38+08:00][sql] SELECT `more`,`file`,`id` FROM `cmf_theme_file` WHERE  `theme` = 'simpleboot3'  AND (  `is_public` = 1 OR `file` = 'portal/cert' ) ORDER BY `is_public` DESC [ RunTime:0.000629s ]
[2026-04-20T19:45:38+08:00][sql] SELECT `option_value` FROM `cmf_option` WHERE  `option_name` = 'storage' LIMIT 1 [ RunTime:0.000550s ]
[2026-04-20T19:45:40+08:00][sql] CONNECT:[ UseTime:0.001068s ] mysql:host=127.0.0.1;port=3306;dbname=weihua;charset=utf8mb4
[2026-04-20T19:45:40+08:00][sql] SHOW FULL COLUMNS FROM `cmf_option` [ RunTime:0.001824s ]
[2026-04-20T19:45:40+08:00][sql] SELECT `option_value` FROM `cmf_option` WHERE  `option_name` = 'cdn_settings' LIMIT 1 [ RunTime:0.000529s ]
[2026-04-20T19:45:40+08:00][sql] SELECT `option_value` FROM `cmf_option` WHERE  `option_name` = 'cdn_settings' LIMIT 1 [ RunTime:0.001089s ]
[2026-04-20T19:45:40+08:00][sql] SHOW FULL COLUMNS FROM `cmf_product_category` [ RunTime:0.001595s ]
[2026-04-20T19:45:40+08:00][sql] SELECT * FROM `cmf_product_category` WHERE  `parent_id` = 0 ORDER BY `list_order` ASC,`create_time` DESC [ RunTime:0.000605s ]
[2026-04-20T19:45:40+08:00][sql] SELECT * FROM `cmf_product_category` WHERE  `parent_id` IN (18,19,20,21,22,23,24,25,26,27) [ RunTime:0.000400s ]
[2026-04-20T19:45:40+08:00][sql] SHOW FULL COLUMNS FROM `cmf_portal_category` [ RunTime:0.001785s ]
[2026-04-20T19:45:40+08:00][sql] SELECT * FROM `cmf_portal_category` WHERE (  `type` = 8 ) AND `cmf_portal_category`.`delete_time` = '0' ORDER BY `list_order` ASC [ RunTime:0.000572s ]
[2026-04-20T19:45:40+08:00][sql] SHOW FULL COLUMNS FROM `cmf_slide_item` [ RunTime:0.007138s ]
[2026-04-20T19:45:40+08:00][sql] SELECT `title`,`description`,`image` FROM `cmf_slide_item` WHERE  `slide_id` = 4 ORDER BY `list_order` ASC LIMIT 1 [ RunTime:0.000589s ]
[2026-04-20T19:45:40+08:00][sql] SHOW FULL COLUMNS FROM `cmf_theme_file` [ RunTime:0.001430s ]
[2026-04-20T19:45:40+08:00][sql] SELECT `more`,`file`,`id` FROM `cmf_theme_file` WHERE  `theme` = 'simpleboot3'  AND (  `is_public` = 1 OR `file` = 'portal/create' ) ORDER BY `is_public` DESC [ RunTime:0.000568s ]
[2026-04-20T19:45:40+08:00][sql] SELECT `option_value` FROM `cmf_option` WHERE  `option_name` = 'storage' LIMIT 1 [ RunTime:0.000494s ]
[2026-04-20T19:45:42+08:00][sql] CONNECT:[ UseTime:0.001479s ] mysql:host=127.0.0.1;port=3306;dbname=weihua;charset=utf8mb4
[2026-04-20T19:45:42+08:00][sql] SHOW FULL COLUMNS FROM `cmf_option` [ RunTime:0.003334s ]
[2026-04-20T19:45:42+08:00][sql] SELECT `option_value` FROM `cmf_option` WHERE  `option_name` = 'cdn_settings' LIMIT 1 [ RunTime:0.000684s ]
[2026-04-20T19:45:42+08:00][sql] SELECT `option_value` FROM `cmf_option` WHERE  `option_name` = 'cdn_settings' LIMIT 1 [ RunTime:0.000534s ]
[2026-04-20T19:45:42+08:00][sql] SHOW FULL COLUMNS FROM `cmf_product_category` [ RunTime:0.002469s ]
[2026-04-20T19:45:42+08:00][sql] SELECT * FROM `cmf_product_category` WHERE  `parent_id` = 0 ORDER BY `list_order` ASC,`create_time` DESC [ RunTime:0.000800s ]
[2026-04-20T19:45:42+08:00][sql] SELECT * FROM `cmf_product_category` WHERE  `parent_id` IN (18,19,20,21,22,23,24,25,26,27) [ RunTime:0.000609s ]
[2026-04-20T19:45:42+08:00][sql] SHOW FULL COLUMNS FROM `cmf_portal_category` [ RunTime:0.002191s ]
[2026-04-20T19:45:42+08:00][sql] SELECT * FROM `cmf_portal_category` WHERE (  `type` = 8 ) AND `cmf_portal_category`.`delete_time` = '0' ORDER BY `list_order` ASC [ RunTime:0.001028s ]
[2026-04-20T19:45:42+08:00][sql] SHOW FULL COLUMNS FROM `cmf_slide_item` [ RunTime:0.003911s ]
[2026-04-20T19:45:42+08:00][sql] SELECT `title`,`description`,`image` FROM `cmf_slide_item` WHERE  `slide_id` = 6 ORDER BY `list_order` ASC LIMIT 1 [ RunTime:0.000598s ]
[2026-04-20T19:45:42+08:00][sql] SHOW FULL COLUMNS FROM `cmf_theme_file` [ RunTime:0.001849s ]
[2026-04-20T19:45:42+08:00][sql] SELECT `more`,`file`,`id` FROM `cmf_theme_file` WHERE  `theme` = 'simpleboot3'  AND (  `is_public` = 1 OR `file` = 'portal/service' ) ORDER BY `is_public` DESC [ RunTime:0.000657s ]
[2026-04-20T19:45:42+08:00][sql] SELECT `option_value` FROM `cmf_option` WHERE  `option_name` = 'storage' LIMIT 1 [ RunTime:0.000775s ]
[2026-04-20T19:45:43+08:00][sql] CONNECT:[ UseTime:0.001326s ] mysql:host=127.0.0.1;port=3306;dbname=weihua;charset=utf8mb4
[2026-04-20T19:45:43+08:00][sql] SHOW FULL COLUMNS FROM `cmf_option` [ RunTime:0.002900s ]
[2026-04-20T19:45:43+08:00][sql] SELECT `option_value` FROM `cmf_option` WHERE  `option_name` = 'cdn_settings' LIMIT 1 [ RunTime:0.000355s ]
[2026-04-20T19:45:43+08:00][sql] SELECT `option_value` FROM `cmf_option` WHERE  `option_name` = 'cdn_settings' LIMIT 1 [ RunTime:0.000239s ]
[2026-04-20T19:45:43+08:00][sql] SHOW FULL COLUMNS FROM `cmf_product_category` [ RunTime:0.001346s ]
[2026-04-20T19:45:43+08:00][sql] SELECT * FROM `cmf_product_category` WHERE  `parent_id` = 0 ORDER BY `list_order` ASC,`create_time` DESC [ RunTime:0.000387s ]
[2026-04-20T19:45:43+08:00][sql] SELECT * FROM `cmf_product_category` WHERE  `parent_id` IN (18,19,20,21,22,23,24,25,26,27) [ RunTime:0.000238s ]
[2026-04-20T19:45:43+08:00][sql] SHOW FULL COLUMNS FROM `cmf_portal_category` [ RunTime:0.001117s ]
[2026-04-20T19:45:43+08:00][sql] SELECT * FROM `cmf_portal_category` WHERE (  `type` = 8 ) AND `cmf_portal_category`.`delete_time` = '0' ORDER BY `list_order` ASC [ RunTime:0.000319s ]
[2026-04-20T19:45:43+08:00][sql] SHOW FULL COLUMNS FROM `cmf_slide_item` [ RunTime:0.001087s ]
[2026-04-20T19:45:43+08:00][sql] SELECT `title`,`description`,`image` FROM `cmf_slide_item` WHERE  `slide_id` = 4 ORDER BY `list_order` ASC LIMIT 1 [ RunTime:0.000381s ]
[2026-04-20T19:45:43+08:00][sql] SHOW FULL COLUMNS FROM `cmf_theme_file` [ RunTime:0.001246s ]
[2026-04-20T19:45:43+08:00][sql] SELECT `more`,`file`,`id` FROM `cmf_theme_file` WHERE  `theme` = 'simpleboot3'  AND (  `is_public` = 1 OR `file` = 'portal/cert' ) ORDER BY `is_public` DESC [ RunTime:0.000509s ]
[2026-04-20T19:45:43+08:00][sql] SELECT `option_value` FROM `cmf_option` WHERE  `option_name` = 'storage' LIMIT 1 [ RunTime:0.000582s ]
[2026-04-20T19:45:45+08:00][sql] CONNECT:[ UseTime:0.001140s ] mysql:host=127.0.0.1;port=3306;dbname=weihua;charset=utf8mb4
[2026-04-20T19:45:45+08:00][sql] SHOW FULL COLUMNS FROM `cmf_option` [ RunTime:0.002112s ]
[2026-04-20T19:45:45+08:00][sql] SELECT `option_value` FROM `cmf_option` WHERE  `option_name` = 'cdn_settings' LIMIT 1 [ RunTime:0.000513s ]
[2026-04-20T19:45:45+08:00][sql] SELECT `option_value` FROM `cmf_option` WHERE  `option_name` = 'cdn_settings' LIMIT 1 [ RunTime:0.000401s ]
[2026-04-20T19:45:45+08:00][sql] SHOW FULL COLUMNS FROM `cmf_product_category` [ RunTime:0.002177s ]
[2026-04-20T19:45:45+08:00][sql] SELECT * FROM `cmf_product_category` WHERE  `parent_id` = 0 ORDER BY `list_order` ASC,`create_time` DESC [ RunTime:0.000724s ]
[2026-04-20T19:45:45+08:00][sql] SELECT * FROM `cmf_product_category` WHERE  `parent_id` IN (18,19,20,21,22,23,24,25,26,27) [ RunTime:0.000435s ]
[2026-04-20T19:45:45+08:00][sql] SHOW FULL COLUMNS FROM `cmf_portal_category` [ RunTime:0.001494s ]
[2026-04-20T19:45:45+08:00][sql] SELECT * FROM `cmf_portal_category` WHERE (  `type` = 8 ) AND `cmf_portal_category`.`delete_time` = '0' ORDER BY `list_order` ASC [ RunTime:0.000411s ]
[2026-04-20T19:45:45+08:00][sql] SHOW FULL COLUMNS FROM `cmf_slide_item` [ RunTime:0.001221s ]
[2026-04-20T19:45:45+08:00][sql] SELECT `title`,`description`,`image` FROM `cmf_slide_item` WHERE  `slide_id` = 4 ORDER BY `list_order` ASC LIMIT 1 [ RunTime:0.000424s ]
[2026-04-20T19:45:45+08:00][sql] SHOW FULL COLUMNS FROM `cmf_theme_file` [ RunTime:0.002341s ]
[2026-04-20T19:45:45+08:00][sql] SELECT `more`,`file`,`id` FROM `cmf_theme_file` WHERE  `theme` = 'simpleboot3'  AND (  `is_public` = 1 OR `file` = 'portal/create' ) ORDER BY `is_public` DESC [ RunTime:0.000691s ]
[2026-04-20T19:45:45+08:00][sql] SELECT `option_value` FROM `cmf_option` WHERE  `option_name` = 'storage' LIMIT 1 [ RunTime:0.000236s ]
[2026-04-20T19:45:48+08:00][sql] CONNECT:[ UseTime:0.001294s ] mysql:host=127.0.0.1;port=3306;dbname=weihua;charset=utf8mb4
[2026-04-20T19:45:48+08:00][sql] SHOW FULL COLUMNS FROM `cmf_option` [ RunTime:0.001703s ]
[2026-04-20T19:45:48+08:00][sql] SELECT `option_value` FROM `cmf_option` WHERE  `option_name` = 'cdn_settings' LIMIT 1 [ RunTime:0.000377s ]
[2026-04-20T19:45:48+08:00][sql] SHOW FULL COLUMNS FROM `cmf_user` [ RunTime:0.001963s ]
[2026-04-20T19:45:48+08:00][sql] SELECT * FROM `cmf_user` WHERE  `id` = 1 LIMIT 1 [ RunTime:0.000699s ]
[2026-04-20T19:45:48+08:00][sql] SHOW FULL COLUMNS FROM `cmf_admin_menu` [ RunTime:0.002620s ]
[2026-04-20T19:45:48+08:00][sql] SELECT `id` FROM `cmf_admin_menu` WHERE  `app` = 'admin'  AND `controller` = 'Dev'  AND `action` = 'index' LIMIT 1 [ RunTime:0.001034s ]
[2026-04-20T19:45:48+08:00][sql] SELECT * FROM `cmf_admin_menu` WHERE  `parent_id` = 168  AND `type` = 1 ORDER BY `list_order` ASC [ RunTime:0.000333s ]
[2026-04-20T19:45:48+08:00][sql] CONNECT:[ UseTime:0.001265s ] mysql:host=127.0.0.1;port=3306;dbname=weihua;charset=utf8mb4
[2026-04-20T19:45:48+08:00][sql] SHOW FULL COLUMNS FROM `cmf_option` [ RunTime:0.002064s ]
[2026-04-20T19:45:48+08:00][sql] SELECT `option_value` FROM `cmf_option` WHERE  `option_name` = 'cdn_settings' LIMIT 1 [ RunTime:0.000388s ]
[2026-04-20T19:45:48+08:00][sql] SHOW FULL COLUMNS FROM `cmf_user` [ RunTime:0.001455s ]
[2026-04-20T19:45:48+08:00][sql] SELECT * FROM `cmf_user` WHERE  `id` = 1 LIMIT 1 [ RunTime:0.000490s ]
[2026-04-20T19:45:48+08:00][sql] SHOW FULL COLUMNS FROM `cmf_admin_menu` [ RunTime:0.001581s ]
[2026-04-20T19:45:48+08:00][sql] SELECT * FROM `cmf_admin_menu` ORDER BY `list_order` ASC [ RunTime:0.000839s ]
[2026-04-20T19:46:20+08:00][sql] CONNECT:[ UseTime:0.000875s ] mysql:host=127.0.0.1;port=3306;dbname=weihua;charset=utf8mb4
[2026-04-20T19:46:20+08:00][sql] SHOW FULL COLUMNS FROM `cmf_option` [ RunTime:0.003255s ]
[2026-04-20T19:46:20+08:00][sql] SELECT `option_value` FROM `cmf_option` WHERE  `option_name` = 'cdn_settings' LIMIT 1 [ RunTime:0.000600s ]
[2026-04-20T19:46:20+08:00][sql] SHOW FULL COLUMNS FROM `cmf_user` [ RunTime:0.001453s ]
[2026-04-20T19:46:20+08:00][sql] SELECT * FROM `cmf_user` WHERE  `id` = 1 LIMIT 1 [ RunTime:0.000392s ]
[2026-04-20T19:46:20+08:00][sql] SHOW FULL COLUMNS FROM `cmf_admin_menu` [ RunTime:0.001144s ]
[2026-04-20T19:46:20+08:00][sql] SELECT * FROM `cmf_admin_menu` ORDER BY `app` ASC,`controller` ASC,`action` ASC [ RunTime:0.000708s ]
[2026-04-20T19:46:20+08:00][sql] CONNECT:[ UseTime:0.000604s ] mysql:host=127.0.0.1;port=3306;dbname=weihua;charset=utf8mb4
[2026-04-20T19:46:20+08:00][sql] SHOW FULL COLUMNS FROM `cmf_option` [ RunTime:0.001385s ]
[2026-04-20T19:46:20+08:00][sql] SELECT `option_value` FROM `cmf_option` WHERE  `option_name` = 'cdn_settings' LIMIT 1 [ RunTime:0.000335s ]
[2026-04-20T19:46:20+08:00][sql] SHOW FULL COLUMNS FROM `cmf_user` [ RunTime:0.001052s ]
[2026-04-20T19:46:20+08:00][sql] SELECT * FROM `cmf_user` WHERE  `id` = 1 LIMIT 1 [ RunTime:0.000275s ]
[2026-04-20T19:46:20+08:00][sql] SELECT `option_value` FROM `cmf_option` WHERE  `option_name` = 'cdn_settings' LIMIT 1 [ RunTime:0.002475s ]
[2026-04-20T19:46:20+08:00][sql] SELECT `option_value` FROM `cmf_option` WHERE  `option_name` = 'cmf_settings' LIMIT 1 [ RunTime:0.002588s ]
[2026-04-20T19:46:20+08:00][sql] SELECT `option_value` FROM `cmf_option` WHERE  `option_name` = 'storage' LIMIT 1 [ RunTime:0.000611s ]
[2026-04-20T19:46:20+08:00][sql] CONNECT:[ UseTime:0.000657s ] mysql:host=127.0.0.1;port=3306;dbname=weihua;charset=utf8mb4
[2026-04-20T19:46:20+08:00][sql] SHOW FULL COLUMNS FROM `cmf_option` [ RunTime:0.003292s ]
[2026-04-20T19:46:20+08:00][sql] SELECT `option_value` FROM `cmf_option` WHERE  `option_name` = 'cdn_settings' LIMIT 1 [ RunTime:0.000406s ]
[2026-04-20T19:46:20+08:00][sql] SHOW FULL COLUMNS FROM `cmf_user` [ RunTime:0.001105s ]
[2026-04-20T19:46:20+08:00][sql] SELECT * FROM `cmf_user` WHERE  `id` = 1 LIMIT 1 [ RunTime:0.000300s ]
[2026-04-20T19:46:20+08:00][sql] SHOW FULL COLUMNS FROM `cmf_route` [ RunTime:0.001027s ]
[2026-04-20T19:46:20+08:00][sql] SELECT * FROM `cmf_route` ORDER BY `list_order` ASC [ RunTime:0.000377s ]
[2026-04-20T19:46:20+08:00][sql] SELECT * FROM `cmf_route` WHERE  `status` = 1 ORDER BY `list_order` ASC [ RunTime:0.000584s ]
[2026-04-20T19:46:34+08:00][sql] CONNECT:[ UseTime:0.001655s ] mysql:host=127.0.0.1;port=3306;dbname=weihua;charset=utf8mb4
[2026-04-20T19:46:34+08:00][sql] SHOW FULL COLUMNS FROM `cmf_option` [ RunTime:0.003845s ]
[2026-04-20T19:46:34+08:00][sql] SELECT `option_value` FROM `cmf_option` WHERE  `option_name` = 'cdn_settings' LIMIT 1 [ RunTime:0.000679s ]
[2026-04-20T19:46:34+08:00][sql] SHOW FULL COLUMNS FROM `cmf_user` [ RunTime:0.002943s ]
[2026-04-20T19:46:34+08:00][sql] SELECT * FROM `cmf_user` WHERE  `id` = 1 LIMIT 1 [ RunTime:0.000794s ]
[2026-04-20T19:46:45+08:00][sql] CONNECT:[ UseTime:0.001742s ] mysql:host=127.0.0.1;port=3306;dbname=weihua;charset=utf8mb4
[2026-04-20T19:46:45+08:00][sql] SHOW FULL COLUMNS FROM `cmf_option` [ RunTime:0.002578s ]
[2026-04-20T19:46:45+08:00][sql] SELECT `option_value` FROM `cmf_option` WHERE  `option_name` = 'cdn_settings' LIMIT 1 [ RunTime:0.000355s ]
[2026-04-20T19:46:45+08:00][sql] SHOW FULL COLUMNS FROM `cmf_user` [ RunTime:0.001668s ]
[2026-04-20T19:46:45+08:00][sql] SELECT * FROM `cmf_user` WHERE  `id` = 1 LIMIT 1 [ RunTime:0.000514s ]
[2026-04-20T19:46:45+08:00][sql] SHOW FULL COLUMNS FROM `cmf_route` [ RunTime:0.002236s ]
[2026-04-20T19:46:45+08:00][sql] INSERT INTO `cmf_route` SET `full_url` = 'portal/index/cert' , `url` = 'cert' , `status` = 1 [ RunTime:0.000757s ]
[2026-04-20T19:46:48+08:00][sql] CONNECT:[ UseTime:0.001196s ] mysql:host=127.0.0.1;port=3306;dbname=weihua;charset=utf8mb4
[2026-04-20T19:46:48+08:00][sql] SHOW FULL COLUMNS FROM `cmf_option` [ RunTime:0.002496s ]
[2026-04-20T19:46:48+08:00][sql] SELECT `option_value` FROM `cmf_option` WHERE  `option_name` = 'cdn_settings' LIMIT 1 [ RunTime:0.000452s ]
[2026-04-20T19:46:48+08:00][sql] SHOW FULL COLUMNS FROM `cmf_user` [ RunTime:0.001621s ]
[2026-04-20T19:46:48+08:00][sql] SELECT * FROM `cmf_user` WHERE  `id` = 1 LIMIT 1 [ RunTime:0.000579s ]
[2026-04-20T19:46:48+08:00][sql] SHOW FULL COLUMNS FROM `cmf_route` [ RunTime:0.001077s ]
[2026-04-20T19:46:48+08:00][sql] SELECT * FROM `cmf_route` ORDER BY `list_order` ASC [ RunTime:0.000378s ]
[2026-04-20T19:46:48+08:00][sql] SELECT * FROM `cmf_route` WHERE  `status` = 1 ORDER BY `list_order` ASC [ RunTime:0.000462s ]
[2026-04-20T19:47:28+08:00][sql] CONNECT:[ UseTime:0.000738s ] mysql:host=127.0.0.1;port=3306;dbname=weihua;charset=utf8mb4
[2026-04-20T19:47:28+08:00][sql] SHOW FULL COLUMNS FROM `cmf_option` [ RunTime:0.002506s ]
[2026-04-20T19:47:28+08:00][sql] SELECT `option_value` FROM `cmf_option` WHERE  `option_name` = 'cdn_settings' LIMIT 1 [ RunTime:0.000367s ]
[2026-04-20T19:47:28+08:00][sql] SELECT `option_value` FROM `cmf_option` WHERE  `option_name` = 'cdn_settings' LIMIT 1 [ RunTime:0.000238s ]
[2026-04-20T19:47:28+08:00][sql] SHOW FULL COLUMNS FROM `cmf_product_category` [ RunTime:0.001332s ]
[2026-04-20T19:47:28+08:00][sql] SELECT * FROM `cmf_product_category` WHERE  `parent_id` = 0 ORDER BY `list_order` ASC,`create_time` DESC [ RunTime:0.000396s ]
[2026-04-20T19:47:28+08:00][sql] SELECT * FROM `cmf_product_category` WHERE  `parent_id` IN (18,19,20,21,22,23,24,25,26,27) [ RunTime:0.000262s ]
[2026-04-20T19:47:28+08:00][sql] SHOW FULL COLUMNS FROM `cmf_portal_category` [ RunTime:0.001060s ]
[2026-04-20T19:47:28+08:00][sql] SELECT * FROM `cmf_portal_category` WHERE (  `type` = 8 ) AND `cmf_portal_category`.`delete_time` = '0' ORDER BY `list_order` ASC [ RunTime:0.000314s ]
[2026-04-20T19:47:28+08:00][sql] SHOW FULL COLUMNS FROM `cmf_slide_item` [ RunTime:0.001056s ]
[2026-04-20T19:47:28+08:00][sql] SELECT `title`,`description`,`image` FROM `cmf_slide_item` WHERE  `slide_id` = 4 ORDER BY `list_order` ASC LIMIT 1 [ RunTime:0.000331s ]
[2026-04-20T19:47:28+08:00][sql] SHOW FULL COLUMNS FROM `cmf_theme_file` [ RunTime:0.000991s ]
[2026-04-20T19:47:28+08:00][sql] SELECT `more`,`file`,`id` FROM `cmf_theme_file` WHERE  `theme` = 'simpleboot3'  AND (  `is_public` = 1 OR `file` = 'portal/create' ) ORDER BY `is_public` DESC [ RunTime:0.000360s ]
[2026-04-20T19:47:28+08:00][sql] SELECT `option_value` FROM `cmf_option` WHERE  `option_name` = 'storage' LIMIT 1 [ RunTime:0.000314s ]
[2026-04-20T19:47:32+08:00][sql] CONNECT:[ UseTime:0.001402s ] mysql:host=127.0.0.1;port=3306;dbname=weihua;charset=utf8mb4
[2026-04-20T19:47:32+08:00][sql] SHOW FULL COLUMNS FROM `cmf_option` [ RunTime:0.002349s ]
[2026-04-20T19:47:32+08:00][sql] SELECT `option_value` FROM `cmf_option` WHERE  `option_name` = 'cdn_settings' LIMIT 1 [ RunTime:0.000447s ]
[2026-04-20T19:47:32+08:00][sql] SELECT `option_value` FROM `cmf_option` WHERE  `option_name` = 'cdn_settings' LIMIT 1 [ RunTime:0.000238s ]
[2026-04-20T19:47:32+08:00][sql] SHOW FULL COLUMNS FROM `cmf_product_category` [ RunTime:0.001345s ]
[2026-04-20T19:47:32+08:00][sql] SELECT * FROM `cmf_product_category` WHERE  `parent_id` = 0 ORDER BY `list_order` ASC,`create_time` DESC [ RunTime:0.000373s ]
[2026-04-20T19:47:32+08:00][sql] SELECT * FROM `cmf_product_category` WHERE  `parent_id` IN (18,19,20,21,22,23,24,25,26,27) [ RunTime:0.000243s ]
[2026-04-20T19:47:32+08:00][sql] SHOW FULL COLUMNS FROM `cmf_portal_category` [ RunTime:0.001202s ]
[2026-04-20T19:47:32+08:00][sql] SELECT * FROM `cmf_portal_category` WHERE (  `type` = 8 ) AND `cmf_portal_category`.`delete_time` = '0' ORDER BY `list_order` ASC [ RunTime:0.000661s ]
[2026-04-20T19:47:32+08:00][sql] SHOW FULL COLUMNS FROM `cmf_slide_item` [ RunTime:0.002442s ]
[2026-04-20T19:47:32+08:00][sql] SELECT `title`,`description`,`image` FROM `cmf_slide_item` WHERE  `slide_id` = 4 ORDER BY `list_order` ASC LIMIT 1 [ RunTime:0.000710s ]
[2026-04-20T19:47:32+08:00][sql] SHOW FULL COLUMNS FROM `cmf_theme_file` [ RunTime:0.002156s ]
[2026-04-20T19:47:32+08:00][sql] SELECT `more`,`file`,`id` FROM `cmf_theme_file` WHERE  `theme` = 'simpleboot3'  AND (  `is_public` = 1 OR `file` = 'portal/cert' ) ORDER BY `is_public` DESC [ RunTime:0.000567s ]
[2026-04-20T19:47:32+08:00][sql] SELECT `option_value` FROM `cmf_option` WHERE  `option_name` = 'storage' LIMIT 1 [ RunTime:0.000435s ]
[2026-04-20T19:47:47+08:00][sql] CONNECT:[ UseTime:0.000983s ] mysql:host=127.0.0.1;port=3306;dbname=weihua;charset=utf8mb4
[2026-04-20T19:47:47+08:00][sql] SHOW FULL COLUMNS FROM `cmf_option` [ RunTime:0.001923s ]
[2026-04-20T19:47:47+08:00][sql] SELECT `option_value` FROM `cmf_option` WHERE  `option_name` = 'cdn_settings' LIMIT 1 [ RunTime:0.000364s ]
[2026-04-20T19:47:47+08:00][sql] SELECT `option_value` FROM `cmf_option` WHERE  `option_name` = 'cdn_settings' LIMIT 1 [ RunTime:0.000277s ]
[2026-04-20T19:47:47+08:00][sql] SHOW FULL COLUMNS FROM `cmf_product_category` [ RunTime:0.001317s ]
[2026-04-20T19:47:47+08:00][sql] SELECT * FROM `cmf_product_category` WHERE  `parent_id` = 0 ORDER BY `list_order` ASC,`create_time` DESC [ RunTime:0.000433s ]
[2026-04-20T19:47:47+08:00][sql] SELECT * FROM `cmf_product_category` WHERE  `parent_id` IN (18,19,20,21,22,23,24,25,26,27) [ RunTime:0.000301s ]
[2026-04-20T19:47:47+08:00][sql] SHOW FULL COLUMNS FROM `cmf_portal_category` [ RunTime:0.001370s ]
[2026-04-20T19:47:47+08:00][sql] SELECT * FROM `cmf_portal_category` WHERE (  `type` = 8 ) AND `cmf_portal_category`.`delete_time` = '0' ORDER BY `list_order` ASC [ RunTime:0.000515s ]
[2026-04-20T19:47:47+08:00][sql] SHOW FULL COLUMNS FROM `cmf_slide_item` [ RunTime:0.000968s ]
[2026-04-20T19:47:47+08:00][sql] SELECT `title`,`description`,`image` FROM `cmf_slide_item` WHERE  `slide_id` = 6 ORDER BY `list_order` ASC LIMIT 1 [ RunTime:0.000299s ]
[2026-04-20T19:47:47+08:00][sql] SHOW FULL COLUMNS FROM `cmf_theme_file` [ RunTime:0.001038s ]
[2026-04-20T19:47:47+08:00][sql] SELECT `more`,`file`,`id` FROM `cmf_theme_file` WHERE  `theme` = 'simpleboot3'  AND (  `is_public` = 1 OR `file` = 'portal/service' ) ORDER BY `is_public` DESC [ RunTime:0.000332s ]
[2026-04-20T19:47:47+08:00][sql] SELECT `option_value` FROM `cmf_option` WHERE  `option_name` = 'storage' LIMIT 1 [ RunTime:0.000524s ]
[2026-04-20T19:47:50+08:00][sql] CONNECT:[ UseTime:0.000719s ] mysql:host=127.0.0.1;port=3306;dbname=weihua;charset=utf8mb4
[2026-04-20T19:47:50+08:00][sql] SHOW FULL COLUMNS FROM `cmf_option` [ RunTime:0.001759s ]
[2026-04-20T19:47:50+08:00][sql] SELECT `option_value` FROM `cmf_option` WHERE  `option_name` = 'cdn_settings' LIMIT 1 [ RunTime:0.000301s ]
[2026-04-20T19:47:50+08:00][sql] SELECT `option_value` FROM `cmf_option` WHERE  `option_name` = 'cdn_settings' LIMIT 1 [ RunTime:0.000395s ]
[2026-04-20T19:47:50+08:00][sql] SHOW FULL COLUMNS FROM `cmf_product_category` [ RunTime:0.001079s ]
[2026-04-20T19:47:50+08:00][sql] SELECT * FROM `cmf_product_category` WHERE  `parent_id` = 0 ORDER BY `list_order` ASC,`create_time` DESC [ RunTime:0.000288s ]
[2026-04-20T19:47:50+08:00][sql] SELECT * FROM `cmf_product_category` WHERE  `parent_id` IN (18,19,20,21,22,23,24,25,26,27) [ RunTime:0.000250s ]
[2026-04-20T19:47:50+08:00][sql] SHOW FULL COLUMNS FROM `cmf_portal_category` [ RunTime:0.001153s ]
[2026-04-20T19:47:50+08:00][sql] SELECT * FROM `cmf_portal_category` WHERE (  `type` = 8 ) AND `cmf_portal_category`.`delete_time` = '0' ORDER BY `list_order` ASC [ RunTime:0.000337s ]
[2026-04-20T19:47:50+08:00][sql] SHOW FULL COLUMNS FROM `cmf_slide_item` [ RunTime:0.001172s ]
[2026-04-20T19:47:50+08:00][sql] SELECT `title`,`description`,`image` FROM `cmf_slide_item` WHERE  `slide_id` = 4 ORDER BY `list_order` ASC LIMIT 1 [ RunTime:0.000336s ]
[2026-04-20T19:47:50+08:00][sql] SHOW FULL COLUMNS FROM `cmf_theme_file` [ RunTime:0.001061s ]
[2026-04-20T19:47:50+08:00][sql] SELECT `more`,`file`,`id` FROM `cmf_theme_file` WHERE  `theme` = 'simpleboot3'  AND (  `is_public` = 1 OR `file` = 'portal/about' ) ORDER BY `is_public` DESC [ RunTime:0.000284s ]
[2026-04-20T19:47:50+08:00][sql] SELECT `option_value` FROM `cmf_option` WHERE  `option_name` = 'storage' LIMIT 1 [ RunTime:0.000227s ]
[2026-04-20T19:47:54+08:00][sql] CONNECT:[ UseTime:0.001034s ] mysql:host=127.0.0.1;port=3306;dbname=weihua;charset=utf8mb4
[2026-04-20T19:47:54+08:00][sql] SHOW FULL COLUMNS FROM `cmf_option` [ RunTime:0.001825s ]
[2026-04-20T19:47:54+08:00][sql] SELECT `option_value` FROM `cmf_option` WHERE  `option_name` = 'cdn_settings' LIMIT 1 [ RunTime:0.000614s ]
[2026-04-20T19:47:54+08:00][sql] SELECT `option_value` FROM `cmf_option` WHERE  `option_name` = 'cdn_settings' LIMIT 1 [ RunTime:0.000256s ]
[2026-04-20T19:47:54+08:00][sql] SHOW FULL COLUMNS FROM `cmf_product_category` [ RunTime:0.001325s ]
[2026-04-20T19:47:54+08:00][sql] SELECT * FROM `cmf_product_category` WHERE  `parent_id` = 0 ORDER BY `list_order` ASC,`create_time` DESC [ RunTime:0.000437s ]
[2026-04-20T19:47:54+08:00][sql] SELECT * FROM `cmf_product_category` WHERE  `parent_id` IN (18,19,20,21,22,23,24,25,26,27) [ RunTime:0.000329s ]
[2026-04-20T19:47:54+08:00][sql] SHOW FULL COLUMNS FROM `cmf_portal_category` [ RunTime:0.001551s ]
[2026-04-20T19:47:54+08:00][sql] SELECT * FROM `cmf_portal_category` WHERE (  `type` = 8 ) AND `cmf_portal_category`.`delete_time` = '0' ORDER BY `list_order` ASC [ RunTime:0.000391s ]
[2026-04-20T19:47:54+08:00][sql] SHOW FULL COLUMNS FROM `cmf_slide_item` [ RunTime:0.001689s ]
[2026-04-20T19:47:54+08:00][sql] SELECT `title`,`description`,`image` FROM `cmf_slide_item` WHERE  `slide_id` = 6 ORDER BY `list_order` ASC LIMIT 1 [ RunTime:0.000329s ]
[2026-04-20T19:47:54+08:00][sql] SHOW FULL COLUMNS FROM `cmf_theme_file` [ RunTime:0.001283s ]
[2026-04-20T19:47:54+08:00][sql] SELECT `more`,`file`,`id` FROM `cmf_theme_file` WHERE  `theme` = 'simpleboot3'  AND (  `is_public` = 1 OR `file` = 'portal/service' ) ORDER BY `is_public` DESC [ RunTime:0.000372s ]
[2026-04-20T19:47:54+08:00][sql] SELECT `option_value` FROM `cmf_option` WHERE  `option_name` = 'storage' LIMIT 1 [ RunTime:0.000264s ]
[2026-04-20T19:48:09+08:00][sql] CONNECT:[ UseTime:0.002292s ] mysql:host=127.0.0.1;port=3306;dbname=weihua;charset=utf8mb4
[2026-04-20T19:48:09+08:00][sql] SHOW FULL COLUMNS FROM `cmf_option` [ RunTime:0.003432s ]
[2026-04-20T19:48:09+08:00][sql] SELECT `option_value` FROM `cmf_option` WHERE  `option_name` = 'cdn_settings' LIMIT 1 [ RunTime:0.000999s ]
[2026-04-20T19:48:09+08:00][sql] SELECT `option_value` FROM `cmf_option` WHERE  `option_name` = 'cdn_settings' LIMIT 1 [ RunTime:0.000693s ]
[2026-04-20T19:48:09+08:00][sql] SHOW FULL COLUMNS FROM `cmf_product_category` [ RunTime:0.002659s ]
[2026-04-20T19:48:09+08:00][sql] SELECT * FROM `cmf_product_category` WHERE  `parent_id` = 0 ORDER BY `list_order` ASC,`create_time` DESC [ RunTime:0.001219s ]
[2026-04-20T19:48:09+08:00][sql] SELECT * FROM `cmf_product_category` WHERE  `parent_id` IN (18,19,20,21,22,23,24,25,26,27) [ RunTime:0.000670s ]
[2026-04-20T19:48:09+08:00][sql] SHOW FULL COLUMNS FROM `cmf_portal_category` [ RunTime:0.002952s ]
[2026-04-20T19:48:09+08:00][sql] SELECT * FROM `cmf_portal_category` WHERE (  `type` = 8 ) AND `cmf_portal_category`.`delete_time` = '0' ORDER BY `list_order` ASC [ RunTime:0.000891s ]
[2026-04-20T19:48:09+08:00][sql] SHOW FULL COLUMNS FROM `cmf_slide_item` [ RunTime:0.002082s ]
[2026-04-20T19:48:09+08:00][sql] SELECT `title`,`description`,`image` FROM `cmf_slide_item` WHERE  `slide_id` = 6 ORDER BY `list_order` ASC LIMIT 1 [ RunTime:0.000496s ]
[2026-04-20T19:48:09+08:00][sql] SHOW FULL COLUMNS FROM `cmf_theme_file` [ RunTime:0.001363s ]
[2026-04-20T19:48:09+08:00][sql] SELECT `more`,`file`,`id` FROM `cmf_theme_file` WHERE  `theme` = 'simpleboot3'  AND (  `is_public` = 1 OR `file` = 'portal/service' ) ORDER BY `is_public` DESC [ RunTime:0.000540s ]
[2026-04-20T19:48:09+08:00][sql] SELECT `option_value` FROM `cmf_option` WHERE  `option_name` = 'storage' LIMIT 1 [ RunTime:0.000560s ]
[2026-04-20T19:48:12+08:00][sql] CONNECT:[ UseTime:0.001132s ] mysql:host=127.0.0.1;port=3306;dbname=weihua;charset=utf8mb4
[2026-04-20T19:48:12+08:00][sql] SHOW FULL COLUMNS FROM `cmf_option` [ RunTime:0.003117s ]
[2026-04-20T19:48:12+08:00][sql] SELECT `option_value` FROM `cmf_option` WHERE  `option_name` = 'cdn_settings' LIMIT 1 [ RunTime:0.000487s ]
[2026-04-20T19:48:12+08:00][sql] SELECT `option_value` FROM `cmf_option` WHERE  `option_name` = 'cdn_settings' LIMIT 1 [ RunTime:0.000230s ]
[2026-04-20T19:48:12+08:00][sql] SHOW FULL COLUMNS FROM `cmf_product_category` [ RunTime:0.001144s ]
[2026-04-20T19:48:12+08:00][sql] SELECT * FROM `cmf_product_category` WHERE  `parent_id` = 0 ORDER BY `list_order` ASC,`create_time` DESC [ RunTime:0.000433s ]
[2026-04-20T19:48:12+08:00][sql] SELECT * FROM `cmf_product_category` WHERE  `parent_id` IN (18,19,20,21,22,23,24,25,26,27) [ RunTime:0.000299s ]
[2026-04-20T19:48:12+08:00][sql] SHOW FULL COLUMNS FROM `cmf_portal_category` [ RunTime:0.001213s ]
[2026-04-20T19:48:12+08:00][sql] SELECT * FROM `cmf_portal_category` WHERE (  `type` = 8 ) AND `cmf_portal_category`.`delete_time` = '0' ORDER BY `list_order` ASC [ RunTime:0.000363s ]
[2026-04-20T19:48:12+08:00][sql] SHOW FULL COLUMNS FROM `cmf_slide_item` [ RunTime:0.001101s ]
[2026-04-20T19:48:12+08:00][sql] SELECT `title`,`description`,`image` FROM `cmf_slide_item` WHERE  `slide_id` = 4 ORDER BY `list_order` ASC LIMIT 1 [ RunTime:0.000356s ]
[2026-04-20T19:48:12+08:00][sql] SHOW FULL COLUMNS FROM `cmf_theme_file` [ RunTime:0.001415s ]
[2026-04-20T19:48:12+08:00][sql] SELECT `more`,`file`,`id` FROM `cmf_theme_file` WHERE  `theme` = 'simpleboot3'  AND (  `is_public` = 1 OR `file` = 'portal/about' ) ORDER BY `is_public` DESC [ RunTime:0.000559s ]
[2026-04-20T19:48:12+08:00][sql] SELECT `option_value` FROM `cmf_option` WHERE  `option_name` = 'storage' LIMIT 1 [ RunTime:0.000516s ]
[2026-04-20T19:48:14+08:00][sql] CONNECT:[ UseTime:0.001172s ] mysql:host=127.0.0.1;port=3306;dbname=weihua;charset=utf8mb4
[2026-04-20T19:48:14+08:00][sql] SHOW FULL COLUMNS FROM `cmf_option` [ RunTime:0.002190s ]
[2026-04-20T19:48:14+08:00][sql] SELECT `option_value` FROM `cmf_option` WHERE  `option_name` = 'cdn_settings' LIMIT 1 [ RunTime:0.000329s ]
[2026-04-20T19:48:14+08:00][sql] SELECT `option_value` FROM `cmf_option` WHERE  `option_name` = 'cdn_settings' LIMIT 1 [ RunTime:0.000450s ]
[2026-04-20T19:48:14+08:00][sql] SHOW FULL COLUMNS FROM `cmf_product_category` [ RunTime:0.001463s ]
[2026-04-20T19:48:14+08:00][sql] SELECT * FROM `cmf_product_category` WHERE  `parent_id` = 0 ORDER BY `list_order` ASC,`create_time` DESC [ RunTime:0.000556s ]
[2026-04-20T19:48:14+08:00][sql] SELECT * FROM `cmf_product_category` WHERE  `parent_id` IN (18,19,20,21,22,23,24,25,26,27) [ RunTime:0.000268s ]
[2026-04-20T19:48:14+08:00][sql] SHOW FULL COLUMNS FROM `cmf_portal_category` [ RunTime:0.001842s ]
[2026-04-20T19:48:14+08:00][sql] SELECT * FROM `cmf_portal_category` WHERE (  `type` = 8 ) AND `cmf_portal_category`.`delete_time` = '0' ORDER BY `list_order` ASC [ RunTime:0.000407s ]
[2026-04-20T19:48:14+08:00][sql] SHOW FULL COLUMNS FROM `cmf_slide_item` [ RunTime:0.001304s ]
[2026-04-20T19:48:14+08:00][sql] SELECT `title`,`description`,`image` FROM `cmf_slide_item` WHERE  `slide_id` = 4 ORDER BY `list_order` ASC LIMIT 1 [ RunTime:0.000480s ]
[2026-04-20T19:48:14+08:00][sql] SHOW FULL COLUMNS FROM `cmf_theme_file` [ RunTime:0.001433s ]
[2026-04-20T19:48:14+08:00][sql] SELECT `more`,`file`,`id` FROM `cmf_theme_file` WHERE  `theme` = 'simpleboot3'  AND (  `is_public` = 1 OR `file` = 'portal/create' ) ORDER BY `is_public` DESC [ RunTime:0.000707s ]
[2026-04-20T19:48:14+08:00][sql] SELECT `option_value` FROM `cmf_option` WHERE  `option_name` = 'storage' LIMIT 1 [ RunTime:0.000722s ]
[2026-04-20T19:48:24+08:00][sql] CONNECT:[ UseTime:0.001329s ] mysql:host=127.0.0.1;port=3306;dbname=weihua;charset=utf8mb4
[2026-04-20T19:48:24+08:00][sql] SHOW FULL COLUMNS FROM `cmf_option` [ RunTime:0.002362s ]
[2026-04-20T19:48:24+08:00][sql] SELECT `option_value` FROM `cmf_option` WHERE  `option_name` = 'cdn_settings' LIMIT 1 [ RunTime:0.000435s ]
[2026-04-20T19:48:24+08:00][sql] SHOW FULL COLUMNS FROM `cmf_user` [ RunTime:0.001928s ]
[2026-04-20T19:48:24+08:00][sql] SELECT * FROM `cmf_user` WHERE  `id` = 1 LIMIT 1 [ RunTime:0.000660s ]
[2026-04-20T19:48:49+08:00][sql] CONNECT:[ UseTime:0.001215s ] mysql:host=127.0.0.1;port=3306;dbname=weihua;charset=utf8mb4
[2026-04-20T19:48:49+08:00][sql] SHOW FULL COLUMNS FROM `cmf_option` [ RunTime:0.002945s ]
[2026-04-20T19:48:49+08:00][sql] SELECT `option_value` FROM `cmf_option` WHERE  `option_name` = 'cdn_settings' LIMIT 1 [ RunTime:0.000515s ]
[2026-04-20T19:48:49+08:00][sql] SHOW FULL COLUMNS FROM `cmf_user` [ RunTime:0.002107s ]
[2026-04-20T19:48:49+08:00][sql] SELECT * FROM `cmf_user` WHERE  `id` = 1 LIMIT 1 [ RunTime:0.000556s ]
[2026-04-20T19:48:49+08:00][sql] SHOW FULL COLUMNS FROM `cmf_route` [ RunTime:0.001237s ]
[2026-04-20T19:48:49+08:00][sql] INSERT INTO `cmf_route` SET `full_url` = 'portal/index/create' , `url` = 'innovation' , `status` = 1 [ RunTime:0.000794s ]
[2026-04-20T19:48:51+08:00][sql] CONNECT:[ UseTime:0.000884s ] mysql:host=127.0.0.1;port=3306;dbname=weihua;charset=utf8mb4
[2026-04-20T19:48:51+08:00][sql] SHOW FULL COLUMNS FROM `cmf_option` [ RunTime:0.002051s ]
[2026-04-20T19:48:51+08:00][sql] SELECT `option_value` FROM `cmf_option` WHERE  `option_name` = 'cdn_settings' LIMIT 1 [ RunTime:0.000401s ]
[2026-04-20T19:48:51+08:00][sql] SHOW FULL COLUMNS FROM `cmf_user` [ RunTime:0.001193s ]
[2026-04-20T19:48:51+08:00][sql] SELECT * FROM `cmf_user` WHERE  `id` = 1 LIMIT 1 [ RunTime:0.000420s ]
[2026-04-20T19:48:51+08:00][sql] SHOW FULL COLUMNS FROM `cmf_route` [ RunTime:0.001507s ]
[2026-04-20T19:48:51+08:00][sql] SELECT * FROM `cmf_route` ORDER BY `list_order` ASC [ RunTime:0.000661s ]
[2026-04-20T19:48:51+08:00][sql] SELECT * FROM `cmf_route` WHERE  `status` = 1 ORDER BY `list_order` ASC [ RunTime:0.000761s ]
[2026-04-20T19:48:59+08:00][sql] CONNECT:[ UseTime:0.000976s ] mysql:host=127.0.0.1;port=3306;dbname=weihua;charset=utf8mb4
[2026-04-20T19:48:59+08:00][sql] SHOW FULL COLUMNS FROM `cmf_option` [ RunTime:0.002080s ]
[2026-04-20T19:48:59+08:00][sql] SELECT `option_value` FROM `cmf_option` WHERE  `option_name` = 'cdn_settings' LIMIT 1 [ RunTime:0.000362s ]
[2026-04-20T19:48:59+08:00][sql] SELECT `option_value` FROM `cmf_option` WHERE  `option_name` = 'cdn_settings' LIMIT 1 [ RunTime:0.000290s ]
[2026-04-20T19:48:59+08:00][sql] SHOW FULL COLUMNS FROM `cmf_product_category` [ RunTime:0.001201s ]
[2026-04-20T19:48:59+08:00][sql] SELECT * FROM `cmf_product_category` WHERE  `parent_id` = 0 ORDER BY `list_order` ASC,`create_time` DESC [ RunTime:0.000373s ]
[2026-04-20T19:48:59+08:00][sql] SELECT * FROM `cmf_product_category` WHERE  `parent_id` IN (18,19,20,21,22,23,24,25,26,27) [ RunTime:0.000237s ]
[2026-04-20T19:48:59+08:00][sql] SHOW FULL COLUMNS FROM `cmf_portal_category` [ RunTime:0.001174s ]
[2026-04-20T19:48:59+08:00][sql] SELECT * FROM `cmf_portal_category` WHERE (  `type` = 8 ) AND `cmf_portal_category`.`delete_time` = '0' ORDER BY `list_order` ASC [ RunTime:0.000448s ]
[2026-04-20T19:48:59+08:00][sql] SHOW FULL COLUMNS FROM `cmf_slide_item` [ RunTime:0.000962s ]
[2026-04-20T19:48:59+08:00][sql] SELECT `title`,`description`,`image` FROM `cmf_slide_item` WHERE  `slide_id` = 4 ORDER BY `list_order` ASC LIMIT 1 [ RunTime:0.000292s ]
[2026-04-20T19:48:59+08:00][sql] SHOW FULL COLUMNS FROM `cmf_theme_file` [ RunTime:0.000916s ]
[2026-04-20T19:48:59+08:00][sql] SELECT `more`,`file`,`id` FROM `cmf_theme_file` WHERE  `theme` = 'simpleboot3'  AND (  `is_public` = 1 OR `file` = 'portal/about' ) ORDER BY `is_public` DESC [ RunTime:0.000327s ]
[2026-04-20T19:48:59+08:00][sql] SELECT `option_value` FROM `cmf_option` WHERE  `option_name` = 'storage' LIMIT 1 [ RunTime:0.000215s ]
[2026-04-20T19:49:03+08:00][sql] CONNECT:[ UseTime:0.001259s ] mysql:host=127.0.0.1;port=3306;dbname=weihua;charset=utf8mb4
[2026-04-20T19:49:03+08:00][sql] SHOW FULL COLUMNS FROM `cmf_option` [ RunTime:0.002419s ]
[2026-04-20T19:49:03+08:00][sql] SELECT `option_value` FROM `cmf_option` WHERE  `option_name` = 'cdn_settings' LIMIT 1 [ RunTime:0.000573s ]
[2026-04-20T19:49:03+08:00][sql] SELECT `option_value` FROM `cmf_option` WHERE  `option_name` = 'cdn_settings' LIMIT 1 [ RunTime:0.000389s ]
[2026-04-20T19:49:03+08:00][sql] SHOW FULL COLUMNS FROM `cmf_product_category` [ RunTime:0.001925s ]
[2026-04-20T19:49:03+08:00][sql] SELECT * FROM `cmf_product_category` WHERE  `parent_id` = 0 ORDER BY `list_order` ASC,`create_time` DESC [ RunTime:0.000597s ]
[2026-04-20T19:49:03+08:00][sql] SELECT * FROM `cmf_product_category` WHERE  `parent_id` IN (18,19,20,21,22,23,24,25,26,27) [ RunTime:0.000423s ]
[2026-04-20T19:49:03+08:00][sql] SHOW FULL COLUMNS FROM `cmf_portal_category` [ RunTime:0.001931s ]
[2026-04-20T19:49:03+08:00][sql] SELECT * FROM `cmf_portal_category` WHERE (  `type` = 8 ) AND `cmf_portal_category`.`delete_time` = '0' ORDER BY `list_order` ASC [ RunTime:0.000310s ]
[2026-04-20T19:49:03+08:00][sql] SHOW FULL COLUMNS FROM `cmf_slide_item` [ RunTime:0.001659s ]
[2026-04-20T19:49:03+08:00][sql] SELECT `title`,`description`,`image` FROM `cmf_slide_item` WHERE  `slide_id` = 4 ORDER BY `list_order` ASC LIMIT 1 [ RunTime:0.000530s ]
[2026-04-20T19:49:03+08:00][sql] SHOW FULL COLUMNS FROM `cmf_theme_file` [ RunTime:0.001657s ]
[2026-04-20T19:49:03+08:00][sql] SELECT `more`,`file`,`id` FROM `cmf_theme_file` WHERE  `theme` = 'simpleboot3'  AND (  `is_public` = 1 OR `file` = 'portal/create' ) ORDER BY `is_public` DESC [ RunTime:0.000590s ]
[2026-04-20T19:49:03+08:00][sql] SELECT `option_value` FROM `cmf_option` WHERE  `option_name` = 'storage' LIMIT 1 [ RunTime:0.000521s ]
[2026-04-20T19:49:10+08:00][sql] CONNECT:[ UseTime:0.001171s ] mysql:host=127.0.0.1;port=3306;dbname=weihua;charset=utf8mb4
[2026-04-20T19:49:10+08:00][sql] SHOW FULL COLUMNS FROM `cmf_option` [ RunTime:0.002404s ]
[2026-04-20T19:49:10+08:00][sql] SELECT `option_value` FROM `cmf_option` WHERE  `option_name` = 'cdn_settings' LIMIT 1 [ RunTime:0.000295s ]
[2026-04-20T19:49:10+08:00][sql] SELECT `option_value` FROM `cmf_option` WHERE  `option_name` = 'cdn_settings' LIMIT 1 [ RunTime:0.000209s ]
[2026-04-20T19:49:10+08:00][sql] SHOW FULL COLUMNS FROM `cmf_product_category` [ RunTime:0.001248s ]
[2026-04-20T19:49:10+08:00][sql] SELECT * FROM `cmf_product_category` WHERE  `parent_id` = 0 ORDER BY `list_order` ASC,`create_time` DESC [ RunTime:0.000363s ]
[2026-04-20T19:49:10+08:00][sql] SELECT * FROM `cmf_product_category` WHERE  `parent_id` IN (18,19,20,21,22,23,24,25,26,27) [ RunTime:0.000273s ]
[2026-04-20T19:49:10+08:00][sql] SHOW FULL COLUMNS FROM `cmf_portal_category` [ RunTime:0.001783s ]
[2026-04-20T19:49:10+08:00][sql] SELECT * FROM `cmf_portal_category` WHERE (  `type` = 8 ) AND `cmf_portal_category`.`delete_time` = '0' ORDER BY `list_order` ASC [ RunTime:0.000332s ]
[2026-04-20T19:49:10+08:00][sql] SHOW FULL COLUMNS FROM `cmf_slide_item` [ RunTime:0.000978s ]
[2026-04-20T19:49:10+08:00][sql] SELECT `title`,`description`,`image` FROM `cmf_slide_item` WHERE  `slide_id` = 6 ORDER BY `list_order` ASC LIMIT 1 [ RunTime:0.000270s ]
[2026-04-20T19:49:10+08:00][sql] SELECT `option_value` FROM `cmf_option` WHERE  `option_name` = 'excellent_service_site' LIMIT 1 [ RunTime:0.000919s ]
[2026-04-20T19:49:10+08:00][sql] SHOW FULL COLUMNS FROM `cmf_theme_file` [ RunTime:0.001207s ]
[2026-04-20T19:49:10+08:00][sql] SELECT `more`,`file`,`id` FROM `cmf_theme_file` WHERE  `theme` = 'simpleboot3'  AND (  `is_public` = 1 OR `file` = 'portal/excellent_service' ) ORDER BY `is_public` DESC [ RunTime:0.000319s ]
[2026-04-20T19:49:10+08:00][sql] SELECT `option_value` FROM `cmf_option` WHERE  `option_name` = 'storage' LIMIT 1 [ RunTime:0.000337s ]
[2026-04-20T19:49:19+08:00][sql] CONNECT:[ UseTime:0.001091s ] mysql:host=127.0.0.1;port=3306;dbname=weihua;charset=utf8mb4
[2026-04-20T19:49:19+08:00][sql] SHOW FULL COLUMNS FROM `cmf_option` [ RunTime:0.003672s ]
[2026-04-20T19:49:19+08:00][sql] SELECT `option_value` FROM `cmf_option` WHERE  `option_name` = 'cdn_settings' LIMIT 1 [ RunTime:0.000526s ]
[2026-04-20T19:49:19+08:00][sql] SHOW FULL COLUMNS FROM `cmf_user` [ RunTime:0.001626s ]
[2026-04-20T19:49:19+08:00][sql] SELECT * FROM `cmf_user` WHERE  `id` = 1 LIMIT 1 [ RunTime:0.000402s ]
[2026-04-20T19:49:24+08:00][sql] CONNECT:[ UseTime:0.001539s ] mysql:host=127.0.0.1;port=3306;dbname=weihua;charset=utf8mb4
[2026-04-20T19:49:24+08:00][sql] SHOW FULL COLUMNS FROM `cmf_option` [ RunTime:0.004222s ]
[2026-04-20T19:49:24+08:00][sql] SELECT `option_value` FROM `cmf_option` WHERE  `option_name` = 'cdn_settings' LIMIT 1 [ RunTime:0.000668s ]
[2026-04-20T19:49:24+08:00][sql] SHOW FULL COLUMNS FROM `cmf_user` [ RunTime:0.002387s ]
[2026-04-20T19:49:24+08:00][sql] SELECT * FROM `cmf_user` WHERE  `id` = 1 LIMIT 1 [ RunTime:0.000416s ]
[2026-04-20T19:49:24+08:00][sql] SHOW FULL COLUMNS FROM `cmf_route` [ RunTime:0.002228s ]
[2026-04-20T19:49:24+08:00][sql] INSERT INTO `cmf_route` SET `full_url` = 'portal/index/excellent_service' , `url` = 'excellent_service' , `status` = 1 [ RunTime:0.000495s ]
[2026-04-20T19:49:26+08:00][sql] CONNECT:[ UseTime:0.001260s ] mysql:host=127.0.0.1;port=3306;dbname=weihua;charset=utf8mb4
[2026-04-20T19:49:26+08:00][sql] SHOW FULL COLUMNS FROM `cmf_option` [ RunTime:0.002937s ]
[2026-04-20T19:49:26+08:00][sql] SELECT `option_value` FROM `cmf_option` WHERE  `option_name` = 'cdn_settings' LIMIT 1 [ RunTime:0.000574s ]
[2026-04-20T19:49:26+08:00][sql] SHOW FULL COLUMNS FROM `cmf_user` [ RunTime:0.001477s ]
[2026-04-20T19:49:26+08:00][sql] SELECT * FROM `cmf_user` WHERE  `id` = 1 LIMIT 1 [ RunTime:0.000684s ]
[2026-04-20T19:49:26+08:00][sql] SHOW FULL COLUMNS FROM `cmf_route` [ RunTime:0.001150s ]
[2026-04-20T19:49:26+08:00][sql] SELECT * FROM `cmf_route` ORDER BY `list_order` ASC [ RunTime:0.000350s ]
[2026-04-20T19:49:26+08:00][sql] SELECT * FROM `cmf_route` WHERE  `status` = 1 ORDER BY `list_order` ASC [ RunTime:0.000405s ]
[2026-04-20T19:49:29+08:00][sql] CONNECT:[ UseTime:0.000545s ] mysql:host=127.0.0.1;port=3306;dbname=weihua;charset=utf8mb4
[2026-04-20T19:49:29+08:00][sql] SHOW FULL COLUMNS FROM `cmf_option` [ RunTime:0.001813s ]
[2026-04-20T19:49:29+08:00][sql] SELECT `option_value` FROM `cmf_option` WHERE  `option_name` = 'cdn_settings' LIMIT 1 [ RunTime:0.000319s ]
[2026-04-20T19:49:29+08:00][sql] SELECT `option_value` FROM `cmf_option` WHERE  `option_name` = 'cdn_settings' LIMIT 1 [ RunTime:0.000369s ]
[2026-04-20T19:49:29+08:00][sql] SHOW FULL COLUMNS FROM `cmf_product_category` [ RunTime:0.001321s ]
[2026-04-20T19:49:29+08:00][sql] SELECT * FROM `cmf_product_category` WHERE  `parent_id` = 0 ORDER BY `list_order` ASC,`create_time` DESC [ RunTime:0.000324s ]
[2026-04-20T19:49:29+08:00][sql] SELECT * FROM `cmf_product_category` WHERE  `parent_id` IN (18,19,20,21,22,23,24,25,26,27) [ RunTime:0.000251s ]
[2026-04-20T19:49:29+08:00][sql] SHOW FULL COLUMNS FROM `cmf_portal_category` [ RunTime:0.001110s ]
[2026-04-20T19:49:29+08:00][sql] SELECT * FROM `cmf_portal_category` WHERE (  `type` = 8 ) AND `cmf_portal_category`.`delete_time` = '0' ORDER BY `list_order` ASC [ RunTime:0.000342s ]
[2026-04-20T19:49:29+08:00][sql] SHOW FULL COLUMNS FROM `cmf_slide_item` [ RunTime:0.001337s ]
[2026-04-20T19:49:29+08:00][sql] SELECT `title`,`description`,`image` FROM `cmf_slide_item` WHERE  `slide_id` = 6 ORDER BY `list_order` ASC LIMIT 1 [ RunTime:0.000533s ]
[2026-04-20T19:49:29+08:00][sql] SHOW FULL COLUMNS FROM `cmf_portal_post` [ RunTime:0.001316s ]
[2026-04-20T19:49:29+08:00][sql] SELECT `id`,`post_title`,`more` FROM `cmf_portal_post` WHERE (  `post_type` = 4 ) AND `cmf_portal_post`.`delete_time` = '0' [ RunTime:0.000490s ]
[2026-04-20T19:49:29+08:00][sql] SHOW FULL COLUMNS FROM `cmf_theme_file` [ RunTime:0.000962s ]
[2026-04-20T19:49:29+08:00][sql] SELECT `more`,`file`,`id` FROM `cmf_theme_file` WHERE  `theme` = 'simpleboot3'  AND (  `is_public` = 1 OR `file` = 'portal/download' ) ORDER BY `is_public` DESC [ RunTime:0.000279s ]
[2026-04-20T19:49:29+08:00][sql] SELECT `option_value` FROM `cmf_option` WHERE  `option_name` = 'storage' LIMIT 1 [ RunTime:0.000473s ]
[2026-04-20T19:49:33+08:00][sql] CONNECT:[ UseTime:0.001084s ] mysql:host=127.0.0.1;port=3306;dbname=weihua;charset=utf8mb4
[2026-04-20T19:49:33+08:00][sql] SHOW FULL COLUMNS FROM `cmf_option` [ RunTime:0.003847s ]
[2026-04-20T19:49:33+08:00][sql] SELECT `option_value` FROM `cmf_option` WHERE  `option_name` = 'cdn_settings' LIMIT 1 [ RunTime:0.000874s ]
[2026-04-20T19:49:33+08:00][sql] SHOW FULL COLUMNS FROM `cmf_user` [ RunTime:0.003083s ]
[2026-04-20T19:49:33+08:00][sql] SELECT * FROM `cmf_user` WHERE  `id` = 1 LIMIT 1 [ RunTime:0.000835s ]
[2026-04-20T19:49:37+08:00][sql] CONNECT:[ UseTime:0.002001s ] mysql:host=127.0.0.1;port=3306;dbname=weihua;charset=utf8mb4
[2026-04-20T19:49:37+08:00][sql] SHOW FULL COLUMNS FROM `cmf_option` [ RunTime:0.002486s ]
[2026-04-20T19:49:37+08:00][sql] SELECT `option_value` FROM `cmf_option` WHERE  `option_name` = 'cdn_settings' LIMIT 1 [ RunTime:0.000489s ]
[2026-04-20T19:49:37+08:00][sql] SHOW FULL COLUMNS FROM `cmf_user` [ RunTime:0.001504s ]
[2026-04-20T19:49:37+08:00][sql] SELECT * FROM `cmf_user` WHERE  `id` = 1 LIMIT 1 [ RunTime:0.000574s ]
[2026-04-20T19:49:37+08:00][sql] SHOW FULL COLUMNS FROM `cmf_route` [ RunTime:0.001481s ]
[2026-04-20T19:49:37+08:00][sql] INSERT INTO `cmf_route` SET `full_url` = 'portal/index/download' , `url` = 'download' , `status` = 1 [ RunTime:0.000652s ]
[2026-04-20T19:49:40+08:00][sql] CONNECT:[ UseTime:0.001648s ] mysql:host=127.0.0.1;port=3306;dbname=weihua;charset=utf8mb4
[2026-04-20T19:49:40+08:00][sql] SHOW FULL COLUMNS FROM `cmf_option` [ RunTime:0.002799s ]
[2026-04-20T19:49:40+08:00][sql] SELECT `option_value` FROM `cmf_option` WHERE  `option_name` = 'cdn_settings' LIMIT 1 [ RunTime:0.000418s ]
[2026-04-20T19:49:40+08:00][sql] SHOW FULL COLUMNS FROM `cmf_user` [ RunTime:0.001425s ]
[2026-04-20T19:49:40+08:00][sql] SELECT * FROM `cmf_user` WHERE  `id` = 1 LIMIT 1 [ RunTime:0.000402s ]
[2026-04-20T19:49:40+08:00][sql] SHOW FULL COLUMNS FROM `cmf_route` [ RunTime:0.001027s ]
[2026-04-20T19:49:40+08:00][sql] SELECT * FROM `cmf_route` ORDER BY `list_order` ASC [ RunTime:0.000489s ]
[2026-04-20T19:49:40+08:00][sql] SELECT * FROM `cmf_route` WHERE  `status` = 1 ORDER BY `list_order` ASC [ RunTime:0.000364s ]
[2026-04-20T19:49:50+08:00][sql] CONNECT:[ UseTime:0.001451s ] mysql:host=127.0.0.1;port=3306;dbname=weihua;charset=utf8mb4
[2026-04-20T19:49:50+08:00][sql] SHOW FULL COLUMNS FROM `cmf_option` [ RunTime:0.003482s ]
[2026-04-20T19:49:50+08:00][sql] SELECT `option_value` FROM `cmf_option` WHERE  `option_name` = 'cdn_settings' LIMIT 1 [ RunTime:0.000357s ]
[2026-04-20T19:49:50+08:00][sql] SELECT `option_value` FROM `cmf_option` WHERE  `option_name` = 'cdn_settings' LIMIT 1 [ RunTime:0.000241s ]
[2026-04-20T19:49:50+08:00][sql] SHOW FULL COLUMNS FROM `cmf_product_category` [ RunTime:0.001384s ]
[2026-04-20T19:49:50+08:00][sql] SELECT * FROM `cmf_product_category` WHERE  `parent_id` = 0 ORDER BY `list_order` ASC,`create_time` DESC [ RunTime:0.000734s ]
[2026-04-20T19:49:50+08:00][sql] SELECT * FROM `cmf_product_category` WHERE  `parent_id` IN (18,19,20,21,22,23,24,25,26,27) [ RunTime:0.000557s ]
[2026-04-20T19:49:50+08:00][sql] SHOW FULL COLUMNS FROM `cmf_portal_category` [ RunTime:0.001428s ]
[2026-04-20T19:49:50+08:00][sql] SELECT * FROM `cmf_portal_category` WHERE (  `type` = 8 ) AND `cmf_portal_category`.`delete_time` = '0' ORDER BY `list_order` ASC [ RunTime:0.000312s ]
[2026-04-20T19:49:50+08:00][sql] SHOW FULL COLUMNS FROM `cmf_slide_item` [ RunTime:0.000921s ]
[2026-04-20T19:49:50+08:00][sql] SELECT `title`,`description`,`image` FROM `cmf_slide_item` WHERE  `slide_id` = 6 ORDER BY `list_order` ASC LIMIT 1 [ RunTime:0.000365s ]
[2026-04-20T19:49:50+08:00][sql] SHOW FULL COLUMNS FROM `cmf_theme_file` [ RunTime:0.001172s ]
[2026-04-20T19:49:50+08:00][sql] SELECT `more`,`file`,`id` FROM `cmf_theme_file` WHERE  `theme` = 'simpleboot3'  AND (  `is_public` = 1 OR `file` = 'portal/service' ) ORDER BY `is_public` DESC [ RunTime:0.000337s ]
[2026-04-20T19:49:50+08:00][sql] SELECT `option_value` FROM `cmf_option` WHERE  `option_name` = 'storage' LIMIT 1 [ RunTime:0.000392s ]
[2026-04-20T19:49:53+08:00][sql] CONNECT:[ UseTime:0.001033s ] mysql:host=127.0.0.1;port=3306;dbname=weihua;charset=utf8mb4
[2026-04-20T19:49:53+08:00][sql] SHOW FULL COLUMNS FROM `cmf_option` [ RunTime:0.002011s ]
[2026-04-20T19:49:53+08:00][sql] SELECT `option_value` FROM `cmf_option` WHERE  `option_name` = 'cdn_settings' LIMIT 1 [ RunTime:0.000395s ]
[2026-04-20T19:49:53+08:00][sql] SELECT `option_value` FROM `cmf_option` WHERE  `option_name` = 'cdn_settings' LIMIT 1 [ RunTime:0.000260s ]
[2026-04-20T19:49:53+08:00][sql] SHOW FULL COLUMNS FROM `cmf_product_category` [ RunTime:0.001524s ]
[2026-04-20T19:49:53+08:00][sql] SELECT * FROM `cmf_product_category` WHERE  `parent_id` = 0 ORDER BY `list_order` ASC,`create_time` DESC [ RunTime:0.000389s ]
[2026-04-20T19:49:53+08:00][sql] SELECT * FROM `cmf_product_category` WHERE  `parent_id` IN (18,19,20,21,22,23,24,25,26,27) [ RunTime:0.000272s ]
[2026-04-20T19:49:53+08:00][sql] SHOW FULL COLUMNS FROM `cmf_portal_category` [ RunTime:0.001262s ]
[2026-04-20T19:49:53+08:00][sql] SELECT * FROM `cmf_portal_category` WHERE (  `type` = 8 ) AND `cmf_portal_category`.`delete_time` = '0' ORDER BY `list_order` ASC [ RunTime:0.000382s ]
[2026-04-20T19:49:53+08:00][sql] SHOW FULL COLUMNS FROM `cmf_slide_item` [ RunTime:0.001331s ]
[2026-04-20T19:49:53+08:00][sql] SELECT `title`,`description`,`image` FROM `cmf_slide_item` WHERE  `slide_id` = 6 ORDER BY `list_order` ASC LIMIT 1 [ RunTime:0.000430s ]
[2026-04-20T19:49:53+08:00][sql] SHOW FULL COLUMNS FROM `cmf_portal_post` [ RunTime:0.001332s ]
[2026-04-20T19:49:53+08:00][sql] SELECT `id`,`post_title`,`more` FROM `cmf_portal_post` WHERE (  `post_type` = 4 ) AND `cmf_portal_post`.`delete_time` = '0' [ RunTime:0.000426s ]
[2026-04-20T19:49:53+08:00][sql] SHOW FULL COLUMNS FROM `cmf_theme_file` [ RunTime:0.001108s ]
[2026-04-20T19:49:53+08:00][sql] SELECT `more`,`file`,`id` FROM `cmf_theme_file` WHERE  `theme` = 'simpleboot3'  AND (  `is_public` = 1 OR `file` = 'portal/download' ) ORDER BY `is_public` DESC [ RunTime:0.000281s ]
[2026-04-20T19:49:53+08:00][sql] SELECT `option_value` FROM `cmf_option` WHERE  `option_name` = 'storage' LIMIT 1 [ RunTime:0.000391s ]
[2026-04-20T19:50:01+08:00][sql] CONNECT:[ UseTime:0.001220s ] mysql:host=127.0.0.1;port=3306;dbname=weihua;charset=utf8mb4
[2026-04-20T19:50:01+08:00][sql] SHOW FULL COLUMNS FROM `cmf_option` [ RunTime:0.002229s ]
[2026-04-20T19:50:01+08:00][sql] SELECT `option_value` FROM `cmf_option` WHERE  `option_name` = 'cdn_settings' LIMIT 1 [ RunTime:0.000381s ]
[2026-04-20T19:50:01+08:00][sql] SELECT `option_value` FROM `cmf_option` WHERE  `option_name` = 'cdn_settings' LIMIT 1 [ RunTime:0.000244s ]
[2026-04-20T19:50:01+08:00][sql] SHOW FULL COLUMNS FROM `cmf_product_category` [ RunTime:0.001313s ]
[2026-04-20T19:50:01+08:00][sql] SELECT * FROM `cmf_product_category` WHERE  `parent_id` = 0 ORDER BY `list_order` ASC,`create_time` DESC [ RunTime:0.000371s ]
[2026-04-20T19:50:01+08:00][sql] SELECT * FROM `cmf_product_category` WHERE  `parent_id` IN (18,19,20,21,22,23,24,25,26,27) [ RunTime:0.000342s ]
[2026-04-20T19:50:01+08:00][sql] SHOW FULL COLUMNS FROM `cmf_portal_category` [ RunTime:0.001919s ]
[2026-04-20T19:50:01+08:00][sql] SELECT * FROM `cmf_portal_category` WHERE (  `type` = 8 ) AND `cmf_portal_category`.`delete_time` = '0' ORDER BY `list_order` ASC [ RunTime:0.000438s ]
[2026-04-20T19:50:01+08:00][sql] SHOW FULL COLUMNS FROM `cmf_slide_item` [ RunTime:0.001290s ]
[2026-04-20T19:50:01+08:00][sql] SELECT `title`,`description`,`image` FROM `cmf_slide_item` WHERE  `slide_id` = 3 ORDER BY `list_order` ASC LIMIT 1 [ RunTime:0.000352s ]
[2026-04-20T19:50:01+08:00][sql] SHOW FULL COLUMNS FROM `cmf_portal_post` [ RunTime:0.001452s ]
[2026-04-20T19:50:01+08:00][sql] SELECT COUNT(*) AS think_count FROM `cmf_portal_post` WHERE (  `post_type` = 3 ) AND `cmf_portal_post`.`delete_time` = '0' LIMIT 1 [ RunTime:0.000540s ]
[2026-04-20T19:50:01+08:00][sql] SELECT `id`,`more`,`post_title`,`post_excerpt` FROM `cmf_portal_post` WHERE (  `post_type` = 3 ) AND `cmf_portal_post`.`delete_time` = '0' ORDER BY `create_time` DESC LIMIT 0,9 [ RunTime:0.000371s ]
[2026-04-20T19:50:01+08:00][sql] SHOW FULL COLUMNS FROM `cmf_theme_file` [ RunTime:0.001240s ]
[2026-04-20T19:50:01+08:00][sql] SELECT `more`,`file`,`id` FROM `cmf_theme_file` WHERE  `theme` = 'simpleboot3'  AND (  `is_public` = 1 OR `file` = 'portal/industries' ) ORDER BY `is_public` DESC [ RunTime:0.000282s ]
[2026-04-20T19:50:01+08:00][sql] SELECT `option_value` FROM `cmf_option` WHERE  `option_name` = 'storage' LIMIT 1 [ RunTime:0.000621s ]
[2026-04-20T19:50:13+08:00][sql] CONNECT:[ UseTime:0.001503s ] mysql:host=127.0.0.1;port=3306;dbname=weihua;charset=utf8mb4
[2026-04-20T19:50:13+08:00][sql] SHOW FULL COLUMNS FROM `cmf_option` [ RunTime:0.002348s ]
[2026-04-20T19:50:13+08:00][sql] SELECT `option_value` FROM `cmf_option` WHERE  `option_name` = 'cdn_settings' LIMIT 1 [ RunTime:0.000424s ]
[2026-04-20T19:50:13+08:00][sql] SHOW FULL COLUMNS FROM `cmf_user` [ RunTime:0.001842s ]
[2026-04-20T19:50:13+08:00][sql] SELECT * FROM `cmf_user` WHERE  `id` = 1 LIMIT 1 [ RunTime:0.000474s ]
[2026-04-20T19:50:13+08:00][sql] SHOW FULL COLUMNS FROM `cmf_route` [ RunTime:0.001204s ]
[2026-04-20T19:50:13+08:00][sql] SELECT * FROM `cmf_route` WHERE  `id` = 12 LIMIT 1 [ RunTime:0.000416s ]
[2026-04-20T19:50:16+08:00][sql] CONNECT:[ UseTime:0.001018s ] mysql:host=127.0.0.1;port=3306;dbname=weihua;charset=utf8mb4
[2026-04-20T19:50:16+08:00][sql] SHOW FULL COLUMNS FROM `cmf_option` [ RunTime:0.001936s ]
[2026-04-20T19:50:16+08:00][sql] SELECT `option_value` FROM `cmf_option` WHERE  `option_name` = 'cdn_settings' LIMIT 1 [ RunTime:0.000288s ]
[2026-04-20T19:50:16+08:00][sql] SHOW FULL COLUMNS FROM `cmf_user` [ RunTime:0.001413s ]
[2026-04-20T19:50:16+08:00][sql] SELECT * FROM `cmf_user` WHERE  `id` = 1 LIMIT 1 [ RunTime:0.000392s ]
[2026-04-20T19:50:16+08:00][sql] SHOW FULL COLUMNS FROM `cmf_route` [ RunTime:0.000918s ]
[2026-04-20T19:50:16+08:00][sql] UPDATE `cmf_route`  SET `full_url` = 'portal/index/industries' , `url` = 'case' , `status` = 1 , `id` = 12  WHERE  `id` = 12 [ RunTime:0.001261s ]
[2026-04-20T19:50:19+08:00][sql] CONNECT:[ UseTime:0.001069s ] mysql:host=127.0.0.1;port=3306;dbname=weihua;charset=utf8mb4
[2026-04-20T19:50:19+08:00][sql] SHOW FULL COLUMNS FROM `cmf_option` [ RunTime:0.002520s ]
[2026-04-20T19:50:19+08:00][sql] SELECT `option_value` FROM `cmf_option` WHERE  `option_name` = 'cdn_settings' LIMIT 1 [ RunTime:0.000601s ]
[2026-04-20T19:50:19+08:00][sql] SHOW FULL COLUMNS FROM `cmf_user` [ RunTime:0.001953s ]
[2026-04-20T19:50:19+08:00][sql] SELECT * FROM `cmf_user` WHERE  `id` = 1 LIMIT 1 [ RunTime:0.000737s ]
[2026-04-20T19:50:19+08:00][sql] SHOW FULL COLUMNS FROM `cmf_route` [ RunTime:0.002030s ]
[2026-04-20T19:50:19+08:00][sql] SELECT * FROM `cmf_route` ORDER BY `list_order` ASC [ RunTime:0.000649s ]
[2026-04-20T19:50:19+08:00][sql] SELECT * FROM `cmf_route` WHERE  `status` = 1 ORDER BY `list_order` ASC [ RunTime:0.000641s ]
[2026-04-20T19:50:20+08:00][sql] CONNECT:[ UseTime:0.001070s ] mysql:host=127.0.0.1;port=3306;dbname=weihua;charset=utf8mb4
[2026-04-20T19:50:20+08:00][sql] SHOW FULL COLUMNS FROM `cmf_option` [ RunTime:0.001559s ]
[2026-04-20T19:50:20+08:00][sql] SELECT `option_value` FROM `cmf_option` WHERE  `option_name` = 'cdn_settings' LIMIT 1 [ RunTime:0.000477s ]
[2026-04-20T19:50:20+08:00][sql] SELECT `option_value` FROM `cmf_option` WHERE  `option_name` = 'cdn_settings' LIMIT 1 [ RunTime:0.000235s ]
[2026-04-20T19:50:20+08:00][sql] SHOW FULL COLUMNS FROM `cmf_product_category` [ RunTime:0.000985s ]
[2026-04-20T19:50:20+08:00][sql] SELECT * FROM `cmf_product_category` WHERE  `parent_id` = 0 ORDER BY `list_order` ASC,`create_time` DESC [ RunTime:0.000333s ]
[2026-04-20T19:50:20+08:00][sql] SELECT * FROM `cmf_product_category` WHERE  `parent_id` IN (18,19,20,21,22,23,24,25,26,27) [ RunTime:0.000267s ]
[2026-04-20T19:50:20+08:00][sql] SHOW FULL COLUMNS FROM `cmf_portal_category` [ RunTime:0.001079s ]
[2026-04-20T19:50:20+08:00][sql] SELECT * FROM `cmf_portal_category` WHERE (  `type` = 8 ) AND `cmf_portal_category`.`delete_time` = '0' ORDER BY `list_order` ASC [ RunTime:0.000290s ]
[2026-04-20T19:50:20+08:00][sql] SHOW FULL COLUMNS FROM `cmf_slide_item` [ RunTime:0.000998s ]
[2026-04-20T19:50:20+08:00][sql] SELECT `title`,`description`,`image` FROM `cmf_slide_item` WHERE  `slide_id` = 3 ORDER BY `list_order` ASC LIMIT 1 [ RunTime:0.000321s ]
[2026-04-20T19:50:20+08:00][sql] SHOW FULL COLUMNS FROM `cmf_portal_post` [ RunTime:0.001244s ]
[2026-04-20T19:50:20+08:00][sql] SELECT COUNT(*) AS think_count FROM `cmf_portal_post` WHERE (  `post_type` = 3 ) AND `cmf_portal_post`.`delete_time` = '0' LIMIT 1 [ RunTime:0.000337s ]
[2026-04-20T19:50:20+08:00][sql] SELECT `id`,`more`,`post_title`,`post_excerpt` FROM `cmf_portal_post` WHERE (  `post_type` = 3 ) AND `cmf_portal_post`.`delete_time` = '0' ORDER BY `create_time` DESC LIMIT 0,9 [ RunTime:0.000299s ]
[2026-04-20T19:50:20+08:00][sql] SHOW FULL COLUMNS FROM `cmf_theme_file` [ RunTime:0.000896s ]
[2026-04-20T19:50:20+08:00][sql] SELECT `more`,`file`,`id` FROM `cmf_theme_file` WHERE  `theme` = 'simpleboot3'  AND (  `is_public` = 1 OR `file` = 'portal/industries' ) ORDER BY `is_public` DESC [ RunTime:0.000257s ]
[2026-04-20T19:50:20+08:00][sql] SELECT `option_value` FROM `cmf_option` WHERE  `option_name` = 'storage' LIMIT 1 [ RunTime:0.000251s ]
[2026-04-20T19:50:38+08:00][sql] CONNECT:[ UseTime:0.001023s ] mysql:host=127.0.0.1;port=3306;dbname=weihua;charset=utf8mb4
[2026-04-20T19:50:38+08:00][sql] SHOW FULL COLUMNS FROM `cmf_option` [ RunTime:0.002374s ]
[2026-04-20T19:50:38+08:00][sql] SELECT `option_value` FROM `cmf_option` WHERE  `option_name` = 'cdn_settings' LIMIT 1 [ RunTime:0.000402s ]
[2026-04-20T19:50:38+08:00][sql] SELECT `option_value` FROM `cmf_option` WHERE  `option_name` = 'cdn_settings' LIMIT 1 [ RunTime:0.000317s ]
[2026-04-20T19:50:38+08:00][sql] SHOW FULL COLUMNS FROM `cmf_product_category` [ RunTime:0.001428s ]
[2026-04-20T19:50:38+08:00][sql] SELECT * FROM `cmf_product_category` WHERE  `parent_id` = 0 ORDER BY `list_order` ASC,`create_time` DESC [ RunTime:0.000356s ]
[2026-04-20T19:50:38+08:00][sql] SELECT * FROM `cmf_product_category` WHERE  `parent_id` IN (18,19,20,21,22,23,24,25,26,27) [ RunTime:0.000260s ]
[2026-04-20T19:50:38+08:00][sql] SHOW FULL COLUMNS FROM `cmf_portal_category` [ RunTime:0.001117s ]
[2026-04-20T19:50:38+08:00][sql] SELECT * FROM `cmf_portal_category` WHERE (  `type` = 8 ) AND `cmf_portal_category`.`delete_time` = '0' ORDER BY `list_order` ASC [ RunTime:0.000383s ]
[2026-04-20T19:50:38+08:00][sql] SHOW FULL COLUMNS FROM `cmf_slide_item` [ RunTime:0.001464s ]
[2026-04-20T19:50:38+08:00][sql] SELECT `title`,`description`,`image` FROM `cmf_slide_item` WHERE  `slide_id` = 6 ORDER BY `list_order` ASC LIMIT 1 [ RunTime:0.000352s ]
[2026-04-20T19:50:38+08:00][sql] SHOW FULL COLUMNS FROM `cmf_portal_post` [ RunTime:0.001212s ]
[2026-04-20T19:50:38+08:00][sql] SELECT `id`,`post_title`,`more` FROM `cmf_portal_post` WHERE (  `post_type` = 4 ) AND `cmf_portal_post`.`delete_time` = '0' [ RunTime:0.000346s ]
[2026-04-20T19:50:38+08:00][sql] SHOW FULL COLUMNS FROM `cmf_theme_file` [ RunTime:0.001024s ]
[2026-04-20T19:50:38+08:00][sql] SELECT `more`,`file`,`id` FROM `cmf_theme_file` WHERE  `theme` = 'simpleboot3'  AND (  `is_public` = 1 OR `file` = 'portal/download' ) ORDER BY `is_public` DESC [ RunTime:0.000305s ]
[2026-04-20T19:50:38+08:00][sql] SELECT `option_value` FROM `cmf_option` WHERE  `option_name` = 'storage' LIMIT 1 [ RunTime:0.000376s ]
[2026-04-20T19:50:39+08:00][sql] CONNECT:[ UseTime:0.000861s ] mysql:host=127.0.0.1;port=3306;dbname=weihua;charset=utf8mb4
[2026-04-20T19:50:39+08:00][sql] SHOW FULL COLUMNS FROM `cmf_option` [ RunTime:0.001939s ]
[2026-04-20T19:50:39+08:00][sql] SELECT `option_value` FROM `cmf_option` WHERE  `option_name` = 'cdn_settings' LIMIT 1 [ RunTime:0.000314s ]
[2026-04-20T19:50:39+08:00][sql] SELECT `option_value` FROM `cmf_option` WHERE  `option_name` = 'cdn_settings' LIMIT 1 [ RunTime:0.000220s ]
[2026-04-20T19:50:39+08:00][sql] SHOW FULL COLUMNS FROM `cmf_product_category` [ RunTime:0.001214s ]
[2026-04-20T19:50:39+08:00][sql] SELECT * FROM `cmf_product_category` WHERE  `parent_id` = 0 ORDER BY `list_order` ASC,`create_time` DESC [ RunTime:0.000411s ]
[2026-04-20T19:50:39+08:00][sql] SELECT * FROM `cmf_product_category` WHERE  `parent_id` IN (18,19,20,21,22,23,24,25,26,27) [ RunTime:0.000297s ]
[2026-04-20T19:50:39+08:00][sql] SHOW FULL COLUMNS FROM `cmf_portal_category` [ RunTime:0.001101s ]
[2026-04-20T19:50:39+08:00][sql] SELECT * FROM `cmf_portal_category` WHERE (  `type` = 8 ) AND `cmf_portal_category`.`delete_time` = '0' ORDER BY `list_order` ASC [ RunTime:0.000297s ]
[2026-04-20T19:50:39+08:00][sql] SHOW FULL COLUMNS FROM `cmf_slide_item` [ RunTime:0.001176s ]
[2026-04-20T19:50:39+08:00][sql] SELECT `title`,`description`,`image` FROM `cmf_slide_item` WHERE  `slide_id` = 3 ORDER BY `list_order` ASC LIMIT 1 [ RunTime:0.000326s ]
[2026-04-20T19:50:39+08:00][sql] SHOW FULL COLUMNS FROM `cmf_portal_post` [ RunTime:0.001284s ]
[2026-04-20T19:50:39+08:00][sql] SELECT COUNT(*) AS think_count FROM `cmf_portal_post` WHERE (  `post_type` = 3 ) AND `cmf_portal_post`.`delete_time` = '0' LIMIT 1 [ RunTime:0.000444s ]
[2026-04-20T19:50:39+08:00][sql] SELECT `id`,`more`,`post_title`,`post_excerpt` FROM `cmf_portal_post` WHERE (  `post_type` = 3 ) AND `cmf_portal_post`.`delete_time` = '0' ORDER BY `create_time` DESC LIMIT 0,9 [ RunTime:0.000290s ]
[2026-04-20T19:50:39+08:00][sql] SHOW FULL COLUMNS FROM `cmf_theme_file` [ RunTime:0.001643s ]
[2026-04-20T19:50:39+08:00][sql] SELECT `more`,`file`,`id` FROM `cmf_theme_file` WHERE  `theme` = 'simpleboot3'  AND (  `is_public` = 1 OR `file` = 'portal/industries' ) ORDER BY `is_public` DESC [ RunTime:0.000321s ]
[2026-04-20T19:50:39+08:00][sql] SELECT `option_value` FROM `cmf_option` WHERE  `option_name` = 'storage' LIMIT 1 [ RunTime:0.000233s ]
[2026-04-20T19:50:42+08:00][sql] CONNECT:[ UseTime:0.000978s ] mysql:host=127.0.0.1;port=3306;dbname=weihua;charset=utf8mb4
[2026-04-20T19:50:42+08:00][sql] SHOW FULL COLUMNS FROM `cmf_option` [ RunTime:0.001763s ]
[2026-04-20T19:50:42+08:00][sql] SELECT `option_value` FROM `cmf_option` WHERE  `option_name` = 'cdn_settings' LIMIT 1 [ RunTime:0.000338s ]
[2026-04-20T19:50:42+08:00][sql] SELECT `option_value` FROM `cmf_option` WHERE  `option_name` = 'cdn_settings' LIMIT 1 [ RunTime:0.000279s ]
[2026-04-20T19:50:42+08:00][sql] SHOW FULL COLUMNS FROM `cmf_product_category` [ RunTime:0.001587s ]
[2026-04-20T19:50:42+08:00][sql] SELECT * FROM `cmf_product_category` WHERE  `parent_id` = 0 ORDER BY `list_order` ASC,`create_time` DESC [ RunTime:0.000503s ]
[2026-04-20T19:50:42+08:00][sql] SELECT * FROM `cmf_product_category` WHERE  `parent_id` IN (18,19,20,21,22,23,24,25,26,27) [ RunTime:0.000249s ]
[2026-04-20T19:50:42+08:00][sql] SHOW FULL COLUMNS FROM `cmf_portal_category` [ RunTime:0.001093s ]
[2026-04-20T19:50:42+08:00][sql] SELECT * FROM `cmf_portal_category` WHERE (  `type` = 8 ) AND `cmf_portal_category`.`delete_time` = '0' ORDER BY `list_order` ASC [ RunTime:0.000438s ]
[2026-04-20T19:50:42+08:00][sql] SHOW FULL COLUMNS FROM `cmf_slide_item` [ RunTime:0.001391s ]
[2026-04-20T19:50:42+08:00][sql] SELECT `title`,`description`,`image` FROM `cmf_slide_item` WHERE  `slide_id` = 12 ORDER BY `list_order` ASC LIMIT 1 [ RunTime:0.000398s ]
[2026-04-20T19:50:42+08:00][sql] SELECT * FROM `cmf_portal_category` WHERE (  `id` = 0  AND `status` = 1 ) AND `cmf_portal_category`.`delete_time` = '0' LIMIT 1 [ RunTime:0.000266s ]
[2026-04-20T19:50:42+08:00][sql] SHOW FULL COLUMNS FROM `cmf_portal_post` [ RunTime:0.001228s ]
[2026-04-20T19:50:42+08:00][sql] SELECT COUNT(*) AS think_count FROM `cmf_portal_post` `p` LEFT JOIN `cmf_portal_category_post` `c` ON `p`.`id`=`c`.`post_id` WHERE (  `post_type` = 8 ) AND `p`.`delete_time` = '0' LIMIT 1 [ RunTime:0.000434s ]
[2026-04-20T19:50:42+08:00][sql] SELECT `p`.`id`,`p`.`post_title`,`p`.`thumbnail`,`p`.`more`,c.category_id as cid,`p`.`post_excerpt`,`p`.`create_time` FROM `cmf_portal_post` `p` LEFT JOIN `cmf_portal_category_post` `c` ON `p`.`id`=`c`.`post_id` WHERE (  `post_type` = 8 ) AND `p`.`delete_time` = '0' ORDER BY `c`.`list_order` ASC,`p`.`create_time` DESC LIMIT 0,6 [ RunTime:0.000405s ]
[2026-04-20T19:50:42+08:00][sql] SHOW FULL COLUMNS FROM `cmf_theme_file` [ RunTime:0.001087s ]
[2026-04-20T19:50:42+08:00][sql] SELECT `more`,`file`,`id` FROM `cmf_theme_file` WHERE  `theme` = 'simpleboot3'  AND (  `is_public` = 1 OR `file` = 'portal/news' ) ORDER BY `is_public` DESC [ RunTime:0.000436s ]
[2026-04-20T19:50:42+08:00][sql] SELECT `option_value` FROM `cmf_option` WHERE  `option_name` = 'storage' LIMIT 1 [ RunTime:0.000535s ]
[2026-04-20T19:50:45+08:00][sql] CONNECT:[ UseTime:0.001279s ] mysql:host=127.0.0.1;port=3306;dbname=weihua;charset=utf8mb4
[2026-04-20T19:50:45+08:00][sql] SHOW FULL COLUMNS FROM `cmf_option` [ RunTime:0.002773s ]
[2026-04-20T19:50:45+08:00][sql] SELECT `option_value` FROM `cmf_option` WHERE  `option_name` = 'cdn_settings' LIMIT 1 [ RunTime:0.000441s ]
[2026-04-20T19:50:45+08:00][sql] SELECT `option_value` FROM `cmf_option` WHERE  `option_name` = 'cdn_settings' LIMIT 1 [ RunTime:0.000358s ]
[2026-04-20T19:50:45+08:00][sql] SHOW FULL COLUMNS FROM `cmf_product_category` [ RunTime:0.001478s ]
[2026-04-20T19:50:45+08:00][sql] SELECT * FROM `cmf_product_category` WHERE  `parent_id` = 0 ORDER BY `list_order` ASC,`create_time` DESC [ RunTime:0.000493s ]
[2026-04-20T19:50:45+08:00][sql] SELECT * FROM `cmf_product_category` WHERE  `parent_id` IN (18,19,20,21,22,23,24,25,26,27) [ RunTime:0.000301s ]
[2026-04-20T19:50:45+08:00][sql] SHOW FULL COLUMNS FROM `cmf_portal_category` [ RunTime:0.001230s ]
[2026-04-20T19:50:45+08:00][sql] SELECT * FROM `cmf_portal_category` WHERE (  `type` = 8 ) AND `cmf_portal_category`.`delete_time` = '0' ORDER BY `list_order` ASC [ RunTime:0.000395s ]
[2026-04-20T19:50:45+08:00][sql] SHOW FULL COLUMNS FROM `cmf_slide_item` [ RunTime:0.001372s ]
[2026-04-20T19:50:45+08:00][sql] SELECT `title`,`description`,`image` FROM `cmf_slide_item` WHERE  `slide_id` = 12 ORDER BY `list_order` ASC LIMIT 1 [ RunTime:0.000311s ]
[2026-04-20T19:50:45+08:00][sql] SELECT * FROM `cmf_portal_category` WHERE (  `id` = 1  AND `status` = 1 ) AND `cmf_portal_category`.`delete_time` = '0' LIMIT 1 [ RunTime:0.000251s ]
[2026-04-20T19:50:45+08:00][sql] SHOW FULL COLUMNS FROM `cmf_portal_post` [ RunTime:0.002071s ]
[2026-04-20T19:50:45+08:00][sql] SELECT COUNT(*) AS think_count FROM `cmf_portal_post` `p` LEFT JOIN `cmf_portal_category_post` `c` ON `p`.`id`=`c`.`post_id` WHERE (  `post_type` = 8  AND `c`.`category_id` = '1' ) AND `p`.`delete_time` = '0' LIMIT 1 [ RunTime:0.001069s ]
[2026-04-20T19:50:45+08:00][sql] SELECT `p`.`id`,`p`.`post_title`,`p`.`thumbnail`,`p`.`more`,c.category_id as cid,`p`.`post_excerpt`,`p`.`create_time` FROM `cmf_portal_post` `p` LEFT JOIN `cmf_portal_category_post` `c` ON `p`.`id`=`c`.`post_id` WHERE (  `post_type` = 8  AND `c`.`category_id` = '1' ) AND `p`.`delete_time` = '0' ORDER BY `c`.`list_order` ASC,`p`.`create_time` DESC LIMIT 0,6 [ RunTime:0.001138s ]
[2026-04-20T19:50:45+08:00][sql] SHOW FULL COLUMNS FROM `cmf_theme_file` [ RunTime:0.001792s ]
[2026-04-20T19:50:45+08:00][sql] SELECT `more`,`file`,`id` FROM `cmf_theme_file` WHERE  `theme` = 'simpleboot3'  AND (  `is_public` = 1 OR `file` = 'portal/news' ) ORDER BY `is_public` DESC [ RunTime:0.000310s ]
[2026-04-20T19:50:45+08:00][sql] SELECT `option_value` FROM `cmf_option` WHERE  `option_name` = 'storage' LIMIT 1 [ RunTime:0.000432s ]
[2026-04-20T19:50:50+08:00][sql] CONNECT:[ UseTime:0.000768s ] mysql:host=127.0.0.1;port=3306;dbname=weihua;charset=utf8mb4
[2026-04-20T19:50:50+08:00][sql] SHOW FULL COLUMNS FROM `cmf_option` [ RunTime:0.001892s ]
[2026-04-20T19:50:50+08:00][sql] SELECT `option_value` FROM `cmf_option` WHERE  `option_name` = 'cdn_settings' LIMIT 1 [ RunTime:0.000344s ]
[2026-04-20T19:50:50+08:00][sql] SELECT `option_value` FROM `cmf_option` WHERE  `option_name` = 'cdn_settings' LIMIT 1 [ RunTime:0.000330s ]
[2026-04-20T19:50:50+08:00][sql] SHOW FULL COLUMNS FROM `cmf_product_category` [ RunTime:0.001479s ]
[2026-04-20T19:50:50+08:00][sql] SELECT * FROM `cmf_product_category` WHERE  `parent_id` = 0 ORDER BY `list_order` ASC,`create_time` DESC [ RunTime:0.000460s ]
[2026-04-20T19:50:50+08:00][sql] SELECT * FROM `cmf_product_category` WHERE  `parent_id` IN (18,19,20,21,22,23,24,25,26,27) [ RunTime:0.000259s ]
[2026-04-20T19:50:50+08:00][sql] SHOW FULL COLUMNS FROM `cmf_portal_category` [ RunTime:0.001610s ]
[2026-04-20T19:50:50+08:00][sql] SELECT * FROM `cmf_portal_category` WHERE (  `type` = 8 ) AND `cmf_portal_category`.`delete_time` = '0' ORDER BY `list_order` ASC [ RunTime:0.000333s ]
[2026-04-20T19:50:50+08:00][sql] SHOW FULL COLUMNS FROM `cmf_slide_item` [ RunTime:0.001384s ]
[2026-04-20T19:50:50+08:00][sql] SELECT `title`,`description`,`image` FROM `cmf_slide_item` WHERE  `slide_id` = 5 ORDER BY `list_order` ASC LIMIT 1 [ RunTime:0.000736s ]
[2026-04-20T19:50:50+08:00][sql] SHOW FULL COLUMNS FROM `cmf_theme_file` [ RunTime:0.002383s ]
[2026-04-20T19:50:50+08:00][sql] SELECT `more`,`file`,`id` FROM `cmf_theme_file` WHERE  `theme` = 'simpleboot3'  AND (  `is_public` = 1 OR `file` = 'portal/quote' ) ORDER BY `is_public` DESC [ RunTime:0.000748s ]
[2026-04-20T19:50:50+08:00][sql] SELECT `option_value` FROM `cmf_option` WHERE  `option_name` = 'storage' LIMIT 1 [ RunTime:0.000343s ]
[2026-04-20T19:51:20+08:00][sql] CONNECT:[ UseTime:0.000813s ] mysql:host=127.0.0.1;port=3306;dbname=weihua;charset=utf8mb4
[2026-04-20T19:51:20+08:00][sql] SHOW FULL COLUMNS FROM `cmf_option` [ RunTime:0.002202s ]
[2026-04-20T19:51:20+08:00][sql] SELECT `option_value` FROM `cmf_option` WHERE  `option_name` = 'cdn_settings' LIMIT 1 [ RunTime:0.000278s ]
[2026-04-20T19:51:20+08:00][sql] SELECT `option_value` FROM `cmf_option` WHERE  `option_name` = 'cdn_settings' LIMIT 1 [ RunTime:0.000180s ]
[2026-04-20T19:51:20+08:00][sql] SHOW FULL COLUMNS FROM `cmf_product_category` [ RunTime:0.001193s ]
[2026-04-20T19:51:20+08:00][sql] SELECT * FROM `cmf_product_category` WHERE  `parent_id` = 0 ORDER BY `list_order` ASC,`create_time` DESC [ RunTime:0.000261s ]
[2026-04-20T19:51:20+08:00][sql] SELECT * FROM `cmf_product_category` WHERE  `parent_id` IN (18,19,20,21,22,23,24,25,26,27) [ RunTime:0.000179s ]
[2026-04-20T19:51:20+08:00][sql] SHOW FULL COLUMNS FROM `cmf_portal_category` [ RunTime:0.000973s ]
[2026-04-20T19:51:20+08:00][sql] SELECT * FROM `cmf_portal_category` WHERE (  `type` = 8 ) AND `cmf_portal_category`.`delete_time` = '0' ORDER BY `list_order` ASC [ RunTime:0.000317s ]
[2026-04-20T19:51:20+08:00][sql] SHOW FULL COLUMNS FROM `cmf_slide_item` [ RunTime:0.001172s ]
[2026-04-20T19:51:20+08:00][sql] SELECT `title`,`image`,`content` FROM `cmf_slide_item` WHERE  `slide_id` = 1 ORDER BY `list_order` ASC [ RunTime:0.000313s ]
[2026-04-20T19:51:20+08:00][sql] SHOW FULL COLUMNS FROM `cmf_product` [ RunTime:0.001263s ]
[2026-04-20T19:51:20+08:00][sql] SELECT * FROM `cmf_product` WHERE  `is_recommended` = 1 ORDER BY `list_order` ASC LIMIT 8 [ RunTime:0.000465s ]
[2026-04-20T19:51:20+08:00][sql] SELECT `id`,`name` FROM `cmf_product_category` WHERE  `id` = 18 [ RunTime:0.000187s ]
[2026-04-20T19:51:20+08:00][sql] SHOW FULL COLUMNS FROM `cmf_portal_post` [ RunTime:0.001208s ]
[2026-04-20T19:51:20+08:00][sql] SELECT `p`.`id`,`p`.`post_title`,`p`.`post_excerpt`,`p`.`thumbnail`,`p`.`create_time`,`c`.`category_id` FROM `cmf_portal_post` `p` INNER JOIN `cmf_portal_category_post` `c` ON `p`.`id`=`c`.`post_id` WHERE (  `p`.`post_type` = '8' ) AND `p`.`delete_time` = '0' ORDER BY `c`.`list_order` ASC,`p`.`create_time` DESC LIMIT 4 [ RunTime:0.000329s ]
[2026-04-20T19:51:20+08:00][sql] SHOW FULL COLUMNS FROM `cmf_theme_file` [ RunTime:0.000992s ]
[2026-04-20T19:51:20+08:00][sql] SELECT `more`,`file`,`id` FROM `cmf_theme_file` WHERE  `theme` = 'simpleboot3'  AND (  `is_public` = 1 OR `file` = 'portal/index' ) ORDER BY `is_public` DESC [ RunTime:0.000273s ]
[2026-04-20T19:51:20+08:00][sql] SELECT `option_value` FROM `cmf_option` WHERE  `option_name` = 'storage' LIMIT 1 [ RunTime:0.000699s ]
[2026-04-20T19:56:14+08:00][sql] CONNECT:[ UseTime:0.001987s ] mysql:host=127.0.0.1;port=3306;dbname=weihua;charset=utf8mb4
[2026-04-20T19:56:14+08:00][sql] SHOW FULL COLUMNS FROM `cmf_option` [ RunTime:0.005052s ]
[2026-04-20T19:56:14+08:00][sql] SELECT `option_value` FROM `cmf_option` WHERE  `option_name` = 'cdn_settings' LIMIT 1 [ RunTime:0.000587s ]
[2026-04-20T19:56:14+08:00][sql] SELECT `option_value` FROM `cmf_option` WHERE  `option_name` = 'cdn_settings' LIMIT 1 [ RunTime:0.000367s ]
[2026-04-20T19:56:14+08:00][sql] SHOW FULL COLUMNS FROM `cmf_product_category` [ RunTime:0.002591s ]
[2026-04-20T19:56:14+08:00][sql] SELECT * FROM `cmf_product_category` WHERE  `parent_id` = 0 ORDER BY `list_order` ASC,`create_time` DESC [ RunTime:0.000712s ]
[2026-04-20T19:56:14+08:00][sql] SELECT * FROM `cmf_product_category` WHERE  `parent_id` IN (18,19,20,21,22,23,24,25,26,27) [ RunTime:0.000418s ]
[2026-04-20T19:56:14+08:00][sql] SHOW FULL COLUMNS FROM `cmf_portal_category` [ RunTime:0.002287s ]
[2026-04-20T19:56:14+08:00][sql] SELECT * FROM `cmf_portal_category` WHERE (  `type` = 8 ) AND `cmf_portal_category`.`delete_time` = '0' ORDER BY `list_order` ASC [ RunTime:0.000543s ]
[2026-04-20T19:56:14+08:00][sql] SHOW FULL COLUMNS FROM `cmf_slide_item` [ RunTime:0.001774s ]
[2026-04-20T19:56:14+08:00][sql] SELECT `title`,`image`,`content` FROM `cmf_slide_item` WHERE  `slide_id` = 1 ORDER BY `list_order` ASC [ RunTime:0.000300s ]
[2026-04-20T19:56:14+08:00][sql] SHOW FULL COLUMNS FROM `cmf_product` [ RunTime:0.001146s ]
[2026-04-20T19:56:14+08:00][sql] SELECT `id`,`title`,`thumbnail`,`industry` FROM `cmf_product` WHERE  `is_recommended` = 1  AND `category_id` = 18 ORDER BY `list_order` ASC LIMIT 6 [ RunTime:0.000527s ]
[2026-04-20T19:56:14+08:00][sql] SELECT `id`,`title`,`thumbnail`,`industry` FROM `cmf_product` WHERE  `is_recommended` = 1  AND `category_id` = 19 ORDER BY `list_order` ASC LIMIT 6 [ RunTime:0.000178s ]
[2026-04-20T19:56:14+08:00][sql] SELECT `id`,`title`,`thumbnail`,`industry` FROM `cmf_product` WHERE  `is_recommended` = 1  AND `category_id` = 20 ORDER BY `list_order` ASC LIMIT 6 [ RunTime:0.000169s ]
[2026-04-20T19:56:14+08:00][sql] SELECT `id`,`title`,`thumbnail`,`industry` FROM `cmf_product` WHERE  `is_recommended` = 1  AND `category_id` = 21 ORDER BY `list_order` ASC LIMIT 6 [ RunTime:0.000250s ]
[2026-04-20T19:56:14+08:00][sql] SELECT `id`,`title`,`thumbnail`,`industry` FROM `cmf_product` WHERE  `is_recommended` = 1  AND `category_id` = 22 ORDER BY `list_order` ASC LIMIT 6 [ RunTime:0.000240s ]
[2026-04-20T19:56:14+08:00][sql] SELECT `id`,`title`,`thumbnail`,`industry` FROM `cmf_product` WHERE  `is_recommended` = 1  AND `category_id` = 23 ORDER BY `list_order` ASC LIMIT 6 [ RunTime:0.000182s ]
[2026-04-20T19:56:14+08:00][sql] SELECT `id`,`title`,`thumbnail`,`industry` FROM `cmf_product` WHERE  `is_recommended` = 1  AND `category_id` = 24 ORDER BY `list_order` ASC LIMIT 6 [ RunTime:0.000213s ]
[2026-04-20T19:56:14+08:00][sql] SELECT `id`,`title`,`thumbnail`,`industry` FROM `cmf_product` WHERE  `is_recommended` = 1  AND `category_id` = 25 ORDER BY `list_order` ASC LIMIT 6 [ RunTime:0.000194s ]
[2026-04-20T19:56:14+08:00][sql] SELECT `id`,`title`,`thumbnail`,`industry` FROM `cmf_product` WHERE  `is_recommended` = 1  AND `category_id` = 26 ORDER BY `list_order` ASC LIMIT 6 [ RunTime:0.000228s ]
[2026-04-20T19:56:14+08:00][sql] SELECT `id`,`title`,`thumbnail`,`industry` FROM `cmf_product` WHERE  `is_recommended` = 1  AND `category_id` = 27 ORDER BY `list_order` ASC LIMIT 6 [ RunTime:0.000203s ]
[2026-04-20T19:56:14+08:00][sql] SHOW FULL COLUMNS FROM `cmf_portal_post` [ RunTime:0.001402s ]
[2026-04-20T19:56:14+08:00][sql] SELECT `p`.`id`,`p`.`post_title`,`p`.`post_excerpt`,`p`.`thumbnail`,`p`.`create_time`,`c`.`category_id` FROM `cmf_portal_post` `p` INNER JOIN `cmf_portal_category_post` `c` ON `p`.`id`=`c`.`post_id` WHERE (  `p`.`post_type` = '8' ) AND `p`.`delete_time` = '0' ORDER BY `c`.`list_order` ASC,`p`.`create_time` DESC LIMIT 4 [ RunTime:0.000652s ]
[2026-04-20T19:56:14+08:00][sql] SHOW FULL COLUMNS FROM `cmf_theme_file` [ RunTime:0.001380s ]
[2026-04-20T19:56:14+08:00][sql] SELECT `more`,`file`,`id` FROM `cmf_theme_file` WHERE  `theme` = 'simpleboot3'  AND (  `is_public` = 1 OR `file` = 'portal/index' ) ORDER BY `is_public` DESC [ RunTime:0.000510s ]
[2026-04-20T19:56:14+08:00][sql] SELECT `option_value` FROM `cmf_option` WHERE  `option_name` = 'storage' LIMIT 1 [ RunTime:0.000427s ]
[2026-04-20T20:33:07+08:00][sql] CONNECT:[ UseTime:0.002885s ] mysql:host=127.0.0.1;port=3306;dbname=weihua;charset=utf8mb4
[2026-04-20T20:33:07+08:00][sql] SHOW FULL COLUMNS FROM `cmf_option` [ RunTime:0.004285s ]
[2026-04-20T20:33:07+08:00][sql] SELECT `option_value` FROM `cmf_option` WHERE  `option_name` = 'cdn_settings' LIMIT 1 [ RunTime:0.001168s ]
[2026-04-20T20:33:07+08:00][sql] SELECT `option_value` FROM `cmf_option` WHERE  `option_name` = 'cdn_settings' LIMIT 1 [ RunTime:0.000773s ]
[2026-04-20T20:33:07+08:00][sql] SHOW FULL COLUMNS FROM `cmf_product_category` [ RunTime:0.001586s ]
[2026-04-20T20:33:07+08:00][sql] SELECT * FROM `cmf_product_category` WHERE  `parent_id` = 0 ORDER BY `list_order` ASC,`create_time` DESC [ RunTime:0.000504s ]
[2026-04-20T20:33:07+08:00][sql] SELECT * FROM `cmf_product_category` WHERE  `parent_id` IN (18,19,20,21,22,23,24,25,26,27) [ RunTime:0.000276s ]
[2026-04-20T20:33:07+08:00][sql] SHOW FULL COLUMNS FROM `cmf_portal_category` [ RunTime:0.001509s ]
[2026-04-20T20:33:07+08:00][sql] SELECT * FROM `cmf_portal_category` WHERE (  `type` = 8 ) AND `cmf_portal_category`.`delete_time` = '0' ORDER BY `list_order` ASC [ RunTime:0.000434s ]
[2026-04-20T20:33:07+08:00][sql] SHOW FULL COLUMNS FROM `cmf_slide_item` [ RunTime:0.001663s ]
[2026-04-20T20:33:07+08:00][sql] SELECT `title`,`image`,`content` FROM `cmf_slide_item` WHERE  `slide_id` = 1 ORDER BY `list_order` ASC [ RunTime:0.000543s ]
[2026-04-20T20:33:07+08:00][sql] SHOW FULL COLUMNS FROM `cmf_product` [ RunTime:0.001466s ]
[2026-04-20T20:33:07+08:00][sql] SELECT `id`,`title`,`thumbnail`,`industry` FROM `cmf_product` WHERE  `is_recommended` = 1  AND `category_id` = 18 ORDER BY `list_order` ASC LIMIT 6 [ RunTime:0.000570s ]
[2026-04-20T20:33:07+08:00][sql] SELECT `id`,`title`,`thumbnail`,`industry` FROM `cmf_product` WHERE  `is_recommended` = 1  AND `category_id` = 19 ORDER BY `list_order` ASC LIMIT 6 [ RunTime:0.000205s ]
[2026-04-20T20:33:07+08:00][sql] SELECT `id`,`title`,`thumbnail`,`industry` FROM `cmf_product` WHERE  `is_recommended` = 1  AND `category_id` = 20 ORDER BY `list_order` ASC LIMIT 6 [ RunTime:0.000254s ]
[2026-04-20T20:33:07+08:00][sql] SELECT `id`,`title`,`thumbnail`,`industry` FROM `cmf_product` WHERE  `is_recommended` = 1  AND `category_id` = 21 ORDER BY `list_order` ASC LIMIT 6 [ RunTime:0.000200s ]
[2026-04-20T20:33:07+08:00][sql] SELECT `id`,`title`,`thumbnail`,`industry` FROM `cmf_product` WHERE  `is_recommended` = 1  AND `category_id` = 22 ORDER BY `list_order` ASC LIMIT 6 [ RunTime:0.000194s ]
[2026-04-20T20:33:07+08:00][sql] SELECT `id`,`title`,`thumbnail`,`industry` FROM `cmf_product` WHERE  `is_recommended` = 1  AND `category_id` = 23 ORDER BY `list_order` ASC LIMIT 6 [ RunTime:0.000196s ]
[2026-04-20T20:33:07+08:00][sql] SELECT `id`,`title`,`thumbnail`,`industry` FROM `cmf_product` WHERE  `is_recommended` = 1  AND `category_id` = 24 ORDER BY `list_order` ASC LIMIT 6 [ RunTime:0.000218s ]
[2026-04-20T20:33:07+08:00][sql] SELECT `id`,`title`,`thumbnail`,`industry` FROM `cmf_product` WHERE  `is_recommended` = 1  AND `category_id` = 25 ORDER BY `list_order` ASC LIMIT 6 [ RunTime:0.000210s ]
[2026-04-20T20:33:07+08:00][sql] SELECT `id`,`title`,`thumbnail`,`industry` FROM `cmf_product` WHERE  `is_recommended` = 1  AND `category_id` = 26 ORDER BY `list_order` ASC LIMIT 6 [ RunTime:0.000166s ]
[2026-04-20T20:33:07+08:00][sql] SELECT `id`,`title`,`thumbnail`,`industry` FROM `cmf_product` WHERE  `is_recommended` = 1  AND `category_id` = 27 ORDER BY `list_order` ASC LIMIT 6 [ RunTime:0.000188s ]
[2026-04-20T20:33:07+08:00][sql] SHOW FULL COLUMNS FROM `cmf_portal_post` [ RunTime:0.001912s ]
[2026-04-20T20:33:07+08:00][sql] SELECT `p`.`id`,`p`.`post_title`,`p`.`post_excerpt`,`p`.`thumbnail`,`p`.`create_time`,`c`.`category_id` FROM `cmf_portal_post` `p` INNER JOIN `cmf_portal_category_post` `c` ON `p`.`id`=`c`.`post_id` WHERE (  `p`.`post_type` = '8' ) AND `p`.`delete_time` = '0' ORDER BY `c`.`list_order` ASC,`p`.`create_time` DESC LIMIT 4 [ RunTime:0.000620s ]
[2026-04-20T20:33:07+08:00][sql] SHOW FULL COLUMNS FROM `cmf_theme_file` [ RunTime:0.001192s ]
[2026-04-20T20:33:07+08:00][sql] SELECT `more`,`file`,`id` FROM `cmf_theme_file` WHERE  `theme` = 'simpleboot3'  AND (  `is_public` = 1 OR `file` = 'portal/index' ) ORDER BY `is_public` DESC [ RunTime:0.000465s ]
[2026-04-20T20:33:07+08:00][sql] SELECT `option_value` FROM `cmf_option` WHERE  `option_name` = 'storage' LIMIT 1 [ RunTime:0.000571s ]
[2026-04-20T20:36:01+08:00][sql] CONNECT:[ UseTime:0.002009s ] mysql:host=127.0.0.1;port=3306;dbname=weihua;charset=utf8mb4
[2026-04-20T20:36:01+08:00][sql] SHOW FULL COLUMNS FROM `cmf_plugin` [ RunTime:0.004377s ]
[2026-04-20T20:36:01+08:00][sql] SELECT `config` FROM `cmf_plugin` WHERE  `name` = 'SwitchTheme' LIMIT 1 [ RunTime:0.001724s ]
[2026-04-20T20:36:01+08:00][sql] SHOW FULL COLUMNS FROM `cmf_option` [ RunTime:0.002327s ]
[2026-04-20T20:36:01+08:00][sql] SELECT `option_value` FROM `cmf_option` WHERE  `option_name` = 'cdn_settings' LIMIT 1 [ RunTime:0.000495s ]
[2026-04-20T20:36:01+08:00][sql] SELECT `option_value` FROM `cmf_option` WHERE  `option_name` = 'cdn_settings' LIMIT 1 [ RunTime:0.000370s ]
[2026-04-20T20:36:01+08:00][sql] SHOW FULL COLUMNS FROM `cmf_product_category` [ RunTime:0.002273s ]
[2026-04-20T20:36:01+08:00][sql] SELECT * FROM `cmf_product_category` WHERE  `parent_id` = 0 ORDER BY `list_order` ASC,`create_time` DESC [ RunTime:0.000487s ]
[2026-04-20T20:36:01+08:00][sql] SELECT * FROM `cmf_product_category` WHERE  `parent_id` IN (18,19,20,21,22,23,24,25,26,27) [ RunTime:0.000295s ]
[2026-04-20T20:36:01+08:00][sql] SHOW FULL COLUMNS FROM `cmf_portal_category` [ RunTime:0.001179s ]
[2026-04-20T20:36:01+08:00][sql] SELECT * FROM `cmf_portal_category` WHERE (  `type` = 8 ) AND `cmf_portal_category`.`delete_time` = '0' ORDER BY `list_order` ASC [ RunTime:0.000370s ]
[2026-04-20T20:36:01+08:00][sql] SHOW FULL COLUMNS FROM `cmf_slide_item` [ RunTime:0.001849s ]
[2026-04-20T20:36:01+08:00][sql] SELECT `title`,`image`,`content` FROM `cmf_slide_item` WHERE  `slide_id` = 1 ORDER BY `list_order` ASC [ RunTime:0.000587s ]
[2026-04-20T20:36:01+08:00][sql] SHOW FULL COLUMNS FROM `cmf_product` [ RunTime:0.002876s ]
[2026-04-20T20:36:01+08:00][sql] SELECT `id`,`title`,`thumbnail`,`industry` FROM `cmf_product` WHERE  `is_recommended` = 1  AND `category_id` = 18 ORDER BY `list_order` ASC LIMIT 6 [ RunTime:0.000837s ]
[2026-04-20T20:36:01+08:00][sql] SELECT `id`,`title`,`thumbnail`,`industry` FROM `cmf_product` WHERE  `is_recommended` = 1  AND `category_id` = 19 ORDER BY `list_order` ASC LIMIT 6 [ RunTime:0.000256s ]
[2026-04-20T20:36:01+08:00][sql] SELECT `id`,`title`,`thumbnail`,`industry` FROM `cmf_product` WHERE  `is_recommended` = 1  AND `category_id` = 20 ORDER BY `list_order` ASC LIMIT 6 [ RunTime:0.000186s ]
[2026-04-20T20:36:01+08:00][sql] SELECT `id`,`title`,`thumbnail`,`industry` FROM `cmf_product` WHERE  `is_recommended` = 1  AND `category_id` = 21 ORDER BY `list_order` ASC LIMIT 6 [ RunTime:0.000166s ]
[2026-04-20T20:36:01+08:00][sql] SELECT `id`,`title`,`thumbnail`,`industry` FROM `cmf_product` WHERE  `is_recommended` = 1  AND `category_id` = 22 ORDER BY `list_order` ASC LIMIT 6 [ RunTime:0.000169s ]
[2026-04-20T20:36:01+08:00][sql] SELECT `id`,`title`,`thumbnail`,`industry` FROM `cmf_product` WHERE  `is_recommended` = 1  AND `category_id` = 23 ORDER BY `list_order` ASC LIMIT 6 [ RunTime:0.000170s ]
[2026-04-20T20:36:01+08:00][sql] SELECT `id`,`title`,`thumbnail`,`industry` FROM `cmf_product` WHERE  `is_recommended` = 1  AND `category_id` = 24 ORDER BY `list_order` ASC LIMIT 6 [ RunTime:0.000148s ]
[2026-04-20T20:36:01+08:00][sql] SELECT `id`,`title`,`thumbnail`,`industry` FROM `cmf_product` WHERE  `is_recommended` = 1  AND `category_id` = 25 ORDER BY `list_order` ASC LIMIT 6 [ RunTime:0.000207s ]
[2026-04-20T20:36:01+08:00][sql] SELECT `id`,`title`,`thumbnail`,`industry` FROM `cmf_product` WHERE  `is_recommended` = 1  AND `category_id` = 26 ORDER BY `list_order` ASC LIMIT 6 [ RunTime:0.000172s ]
[2026-04-20T20:36:01+08:00][sql] SELECT `id`,`title`,`thumbnail`,`industry` FROM `cmf_product` WHERE  `is_recommended` = 1  AND `category_id` = 27 ORDER BY `list_order` ASC LIMIT 6 [ RunTime:0.000169s ]
[2026-04-20T20:36:01+08:00][sql] SHOW FULL COLUMNS FROM `cmf_portal_post` [ RunTime:0.002810s ]
[2026-04-20T20:36:01+08:00][sql] SELECT `p`.`id`,`p`.`post_title`,`p`.`post_excerpt`,`p`.`thumbnail`,`p`.`create_time`,`c`.`category_id` FROM `cmf_portal_post` `p` INNER JOIN `cmf_portal_category_post` `c` ON `p`.`id`=`c`.`post_id` WHERE (  `p`.`post_type` = '8' ) AND `p`.`delete_time` = '0' ORDER BY `c`.`list_order` ASC,`p`.`create_time` DESC LIMIT 4 [ RunTime:0.001134s ]
[2026-04-20T20:36:01+08:00][sql] SHOW FULL COLUMNS FROM `cmf_theme_file` [ RunTime:0.001970s ]
[2026-04-20T20:36:01+08:00][sql] SELECT `more`,`file`,`id` FROM `cmf_theme_file` WHERE  `theme` = 'simpleboot3'  AND (  `is_public` = 1 OR `file` = 'portal/index' ) ORDER BY `is_public` DESC [ RunTime:0.000495s ]
[2026-04-20T20:36:01+08:00][sql] SELECT `option_value` FROM `cmf_option` WHERE  `option_name` = 'storage' LIMIT 1 [ RunTime:0.000310s ]
[2026-04-20T20:37:00+08:00][sql] CONNECT:[ UseTime:0.003151s ] mysql:host=127.0.0.1;port=3306;dbname=weihua;charset=utf8mb4
[2026-04-20T20:37:00+08:00][sql] SHOW FULL COLUMNS FROM `cmf_option` [ RunTime:0.007598s ]
[2026-04-20T20:37:00+08:00][sql] SELECT `option_value` FROM `cmf_option` WHERE  `option_name` = 'cdn_settings' LIMIT 1 [ RunTime:0.001278s ]
[2026-04-20T20:37:00+08:00][sql] SELECT `option_value` FROM `cmf_option` WHERE  `option_name` = 'cdn_settings' LIMIT 1 [ RunTime:0.000632s ]
[2026-04-20T20:37:00+08:00][sql] SHOW FULL COLUMNS FROM `cmf_product_category` [ RunTime:0.003462s ]
[2026-04-20T20:37:00+08:00][sql] SELECT * FROM `cmf_product_category` WHERE  `parent_id` = 0 ORDER BY `list_order` ASC,`create_time` DESC [ RunTime:0.001073s ]
[2026-04-20T20:37:00+08:00][sql] SELECT * FROM `cmf_product_category` WHERE  `parent_id` IN (18,19,20,21,22,23,24,25,26,27) [ RunTime:0.000526s ]
[2026-04-20T20:37:00+08:00][sql] SHOW FULL COLUMNS FROM `cmf_portal_category` [ RunTime:0.002762s ]
[2026-04-20T20:37:00+08:00][sql] SELECT * FROM `cmf_portal_category` WHERE (  `type` = 8 ) AND `cmf_portal_category`.`delete_time` = '0' ORDER BY `list_order` ASC [ RunTime:0.000951s ]
[2026-04-20T20:37:00+08:00][sql] SHOW FULL COLUMNS FROM `cmf_slide_item` [ RunTime:0.001361s ]
[2026-04-20T20:37:00+08:00][sql] SELECT `title`,`image`,`content` FROM `cmf_slide_item` WHERE  `slide_id` = 1 ORDER BY `list_order` ASC [ RunTime:0.000681s ]
[2026-04-20T20:37:00+08:00][sql] SHOW FULL COLUMNS FROM `cmf_product` [ RunTime:0.001688s ]
[2026-04-20T20:37:00+08:00][sql] SELECT `id`,`title`,`thumbnail`,`industry` FROM `cmf_product` WHERE  `is_recommended` = 1  AND `category_id` = 18 ORDER BY `list_order` ASC LIMIT 6 [ RunTime:0.000515s ]
[2026-04-20T20:37:00+08:00][sql] SELECT `id`,`title`,`thumbnail`,`industry` FROM `cmf_product` WHERE  `is_recommended` = 1  AND `category_id` = 19 ORDER BY `list_order` ASC LIMIT 6 [ RunTime:0.000236s ]
[2026-04-20T20:37:00+08:00][sql] SELECT `id`,`title`,`thumbnail`,`industry` FROM `cmf_product` WHERE  `is_recommended` = 1  AND `category_id` = 20 ORDER BY `list_order` ASC LIMIT 6 [ RunTime:0.000178s ]
[2026-04-20T20:37:00+08:00][sql] SELECT `id`,`title`,`thumbnail`,`industry` FROM `cmf_product` WHERE  `is_recommended` = 1  AND `category_id` = 21 ORDER BY `list_order` ASC LIMIT 6 [ RunTime:0.000650s ]
[2026-04-20T20:37:00+08:00][sql] SELECT `id`,`title`,`thumbnail`,`industry` FROM `cmf_product` WHERE  `is_recommended` = 1  AND `category_id` = 22 ORDER BY `list_order` ASC LIMIT 6 [ RunTime:0.000527s ]
[2026-04-20T20:37:00+08:00][sql] SELECT `id`,`title`,`thumbnail`,`industry` FROM `cmf_product` WHERE  `is_recommended` = 1  AND `category_id` = 23 ORDER BY `list_order` ASC LIMIT 6 [ RunTime:0.000495s ]
[2026-04-20T20:37:00+08:00][sql] SELECT `id`,`title`,`thumbnail`,`industry` FROM `cmf_product` WHERE  `is_recommended` = 1  AND `category_id` = 24 ORDER BY `list_order` ASC LIMIT 6 [ RunTime:0.000528s ]
[2026-04-20T20:37:00+08:00][sql] SELECT `id`,`title`,`thumbnail`,`industry` FROM `cmf_product` WHERE  `is_recommended` = 1  AND `category_id` = 25 ORDER BY `list_order` ASC LIMIT 6 [ RunTime:0.000445s ]
[2026-04-20T20:37:00+08:00][sql] SELECT `id`,`title`,`thumbnail`,`industry` FROM `cmf_product` WHERE  `is_recommended` = 1  AND `category_id` = 26 ORDER BY `list_order` ASC LIMIT 6 [ RunTime:0.000451s ]
[2026-04-20T20:37:00+08:00][sql] SELECT `id`,`title`,`thumbnail`,`industry` FROM `cmf_product` WHERE  `is_recommended` = 1  AND `category_id` = 27 ORDER BY `list_order` ASC LIMIT 6 [ RunTime:0.000343s ]
[2026-04-20T20:37:00+08:00][sql] SHOW FULL COLUMNS FROM `cmf_portal_post` [ RunTime:0.001529s ]
[2026-04-20T20:37:00+08:00][sql] SELECT `p`.`id`,`p`.`post_title`,`p`.`post_excerpt`,`p`.`thumbnail`,`p`.`create_time`,`c`.`category_id` FROM `cmf_portal_post` `p` INNER JOIN `cmf_portal_category_post` `c` ON `p`.`id`=`c`.`post_id` WHERE (  `p`.`post_type` = '8' ) AND `p`.`delete_time` = '0' ORDER BY `c`.`list_order` ASC,`p`.`create_time` DESC LIMIT 4 [ RunTime:0.001126s ]
[2026-04-20T20:37:00+08:00][sql] SHOW FULL COLUMNS FROM `cmf_theme_file` [ RunTime:0.002352s ]
[2026-04-20T20:37:00+08:00][sql] SELECT `more`,`file`,`id` FROM `cmf_theme_file` WHERE  `theme` = 'simpleboot3'  AND (  `is_public` = 1 OR `file` = 'portal/index' ) ORDER BY `is_public` DESC [ RunTime:0.000872s ]
[2026-04-20T20:37:00+08:00][sql] SELECT `option_value` FROM `cmf_option` WHERE  `option_name` = 'storage' LIMIT 1 [ RunTime:0.000568s ]
[2026-04-20T20:37:29+08:00][sql] CONNECT:[ UseTime:0.001991s ] mysql:host=127.0.0.1;port=3306;dbname=weihua;charset=utf8mb4
[2026-04-20T20:37:29+08:00][sql] SHOW FULL COLUMNS FROM `cmf_option` [ RunTime:0.003078s ]
[2026-04-20T20:37:29+08:00][sql] SELECT `option_value` FROM `cmf_option` WHERE  `option_name` = 'cdn_settings' LIMIT 1 [ RunTime:0.000592s ]
[2026-04-20T20:37:29+08:00][sql] SELECT `option_value` FROM `cmf_option` WHERE  `option_name` = 'cdn_settings' LIMIT 1 [ RunTime:0.000339s ]
[2026-04-20T20:37:29+08:00][sql] SHOW FULL COLUMNS FROM `cmf_product_category` [ RunTime:0.001685s ]
[2026-04-20T20:37:29+08:00][sql] SELECT * FROM `cmf_product_category` WHERE  `parent_id` = 0 ORDER BY `list_order` ASC,`create_time` DESC [ RunTime:0.000599s ]
[2026-04-20T20:37:29+08:00][sql] SELECT * FROM `cmf_product_category` WHERE  `parent_id` IN (18,19,20,21,22,23,24,25,26,27) [ RunTime:0.000274s ]
[2026-04-20T20:37:29+08:00][sql] SHOW FULL COLUMNS FROM `cmf_portal_category` [ RunTime:0.002419s ]
[2026-04-20T20:37:29+08:00][sql] SELECT * FROM `cmf_portal_category` WHERE (  `type` = 8 ) AND `cmf_portal_category`.`delete_time` = '0' ORDER BY `list_order` ASC [ RunTime:0.000528s ]
[2026-04-20T20:37:29+08:00][sql] SHOW FULL COLUMNS FROM `cmf_slide_item` [ RunTime:0.001459s ]
[2026-04-20T20:37:29+08:00][sql] SELECT `title`,`image`,`content` FROM `cmf_slide_item` WHERE  `slide_id` = 1 ORDER BY `list_order` ASC [ RunTime:0.000455s ]
[2026-04-20T20:37:29+08:00][sql] SHOW FULL COLUMNS FROM `cmf_product` [ RunTime:0.001370s ]
[2026-04-20T20:37:29+08:00][sql] SELECT `id`,`title`,`thumbnail`,`industry` FROM `cmf_product` WHERE  `is_recommended` = 1  AND `category_id` = 18 ORDER BY `list_order` ASC LIMIT 6 [ RunTime:0.000567s ]
[2026-04-20T20:37:29+08:00][sql] SELECT `id`,`title`,`thumbnail`,`industry` FROM `cmf_product` WHERE  `is_recommended` = 1  AND `category_id` = 19 ORDER BY `list_order` ASC LIMIT 6 [ RunTime:0.000250s ]
[2026-04-20T20:37:29+08:00][sql] SELECT `id`,`title`,`thumbnail`,`industry` FROM `cmf_product` WHERE  `is_recommended` = 1  AND `category_id` = 20 ORDER BY `list_order` ASC LIMIT 6 [ RunTime:0.000231s ]
[2026-04-20T20:37:29+08:00][sql] SELECT `id`,`title`,`thumbnail`,`industry` FROM `cmf_product` WHERE  `is_recommended` = 1  AND `category_id` = 21 ORDER BY `list_order` ASC LIMIT 6 [ RunTime:0.000219s ]
[2026-04-20T20:37:29+08:00][sql] SELECT `id`,`title`,`thumbnail`,`industry` FROM `cmf_product` WHERE  `is_recommended` = 1  AND `category_id` = 22 ORDER BY `list_order` ASC LIMIT 6 [ RunTime:0.000224s ]
[2026-04-20T20:37:29+08:00][sql] SELECT `id`,`title`,`thumbnail`,`industry` FROM `cmf_product` WHERE  `is_recommended` = 1  AND `category_id` = 23 ORDER BY `list_order` ASC LIMIT 6 [ RunTime:0.000195s ]
[2026-04-20T20:37:29+08:00][sql] SELECT `id`,`title`,`thumbnail`,`industry` FROM `cmf_product` WHERE  `is_recommended` = 1  AND `category_id` = 24 ORDER BY `list_order` ASC LIMIT 6 [ RunTime:0.000199s ]
[2026-04-20T20:37:29+08:00][sql] SELECT `id`,`title`,`thumbnail`,`industry` FROM `cmf_product` WHERE  `is_recommended` = 1  AND `category_id` = 25 ORDER BY `list_order` ASC LIMIT 6 [ RunTime:0.000170s ]
[2026-04-20T20:37:29+08:00][sql] SELECT `id`,`title`,`thumbnail`,`industry` FROM `cmf_product` WHERE  `is_recommended` = 1  AND `category_id` = 26 ORDER BY `list_order` ASC LIMIT 6 [ RunTime:0.000218s ]
[2026-04-20T20:37:29+08:00][sql] SELECT `id`,`title`,`thumbnail`,`industry` FROM `cmf_product` WHERE  `is_recommended` = 1  AND `category_id` = 27 ORDER BY `list_order` ASC LIMIT 6 [ RunTime:0.000186s ]
[2026-04-20T20:37:29+08:00][sql] SHOW FULL COLUMNS FROM `cmf_portal_post` [ RunTime:0.001280s ]
[2026-04-20T20:37:29+08:00][sql] SELECT `p`.`id`,`p`.`post_title`,`p`.`post_excerpt`,`p`.`thumbnail`,`p`.`create_time`,`c`.`category_id` FROM `cmf_portal_post` `p` INNER JOIN `cmf_portal_category_post` `c` ON `p`.`id`=`c`.`post_id` WHERE (  `p`.`post_type` = '8' ) AND `p`.`delete_time` = '0' ORDER BY `c`.`list_order` ASC,`p`.`create_time` DESC LIMIT 4 [ RunTime:0.000542s ]
[2026-04-20T20:37:29+08:00][sql] SHOW FULL COLUMNS FROM `cmf_theme_file` [ RunTime:0.001227s ]
[2026-04-20T20:37:29+08:00][sql] SELECT `more`,`file`,`id` FROM `cmf_theme_file` WHERE  `theme` = 'simpleboot3'  AND (  `is_public` = 1 OR `file` = 'portal/index' ) ORDER BY `is_public` DESC [ RunTime:0.000420s ]
[2026-04-20T20:37:29+08:00][sql] SELECT `option_value` FROM `cmf_option` WHERE  `option_name` = 'storage' LIMIT 1 [ RunTime:0.000448s ]
[2026-04-20T20:39:16+08:00][sql] CONNECT:[ UseTime:0.001534s ] mysql:host=127.0.0.1;port=3306;dbname=weihua;charset=utf8mb4
[2026-04-20T20:39:16+08:00][sql] SHOW FULL COLUMNS FROM `cmf_option` [ RunTime:0.002856s ]
[2026-04-20T20:39:16+08:00][sql] SELECT `option_value` FROM `cmf_option` WHERE  `option_name` = 'cdn_settings' LIMIT 1 [ RunTime:0.000407s ]
[2026-04-20T20:39:16+08:00][sql] SELECT `option_value` FROM `cmf_option` WHERE  `option_name` = 'cdn_settings' LIMIT 1 [ RunTime:0.000901s ]
[2026-04-20T20:39:16+08:00][sql] SHOW FULL COLUMNS FROM `cmf_product_category` [ RunTime:0.001433s ]
[2026-04-20T20:39:16+08:00][sql] SELECT * FROM `cmf_product_category` WHERE  `parent_id` = 0 ORDER BY `list_order` ASC,`create_time` DESC [ RunTime:0.000504s ]
[2026-04-20T20:39:16+08:00][sql] SELECT * FROM `cmf_product_category` WHERE  `parent_id` IN (18,19,20,21,22,23,24,25,26,27) [ RunTime:0.000298s ]
[2026-04-20T20:39:16+08:00][sql] SHOW FULL COLUMNS FROM `cmf_portal_category` [ RunTime:0.001175s ]
[2026-04-20T20:39:16+08:00][sql] SELECT * FROM `cmf_portal_category` WHERE (  `type` = 8 ) AND `cmf_portal_category`.`delete_time` = '0' ORDER BY `list_order` ASC [ RunTime:0.000543s ]
[2026-04-20T20:39:16+08:00][sql] SHOW FULL COLUMNS FROM `cmf_slide_item` [ RunTime:0.001480s ]
[2026-04-20T20:39:16+08:00][sql] SELECT `title`,`image`,`content` FROM `cmf_slide_item` WHERE  `slide_id` = 1 ORDER BY `list_order` ASC [ RunTime:0.000504s ]
[2026-04-20T20:39:16+08:00][sql] SHOW FULL COLUMNS FROM `cmf_product` [ RunTime:0.001459s ]
[2026-04-20T20:39:16+08:00][sql] SELECT `id`,`title`,`thumbnail`,`industry` FROM `cmf_product` WHERE  `is_recommended` = 1  AND `category_id` = 18 ORDER BY `list_order` ASC LIMIT 6 [ RunTime:0.000387s ]
[2026-04-20T20:39:16+08:00][sql] SELECT `id`,`title`,`thumbnail`,`industry` FROM `cmf_product` WHERE  `is_recommended` = 1  AND `category_id` = 19 ORDER BY `list_order` ASC LIMIT 6 [ RunTime:0.000185s ]
[2026-04-20T20:39:16+08:00][sql] SELECT `id`,`title`,`thumbnail`,`industry` FROM `cmf_product` WHERE  `is_recommended` = 1  AND `category_id` = 20 ORDER BY `list_order` ASC LIMIT 6 [ RunTime:0.000185s ]
[2026-04-20T20:39:16+08:00][sql] SELECT `id`,`title`,`thumbnail`,`industry` FROM `cmf_product` WHERE  `is_recommended` = 1  AND `category_id` = 21 ORDER BY `list_order` ASC LIMIT 6 [ RunTime:0.000223s ]
[2026-04-20T20:39:16+08:00][sql] SELECT `id`,`title`,`thumbnail`,`industry` FROM `cmf_product` WHERE  `is_recommended` = 1  AND `category_id` = 22 ORDER BY `list_order` ASC LIMIT 6 [ RunTime:0.000191s ]
[2026-04-20T20:39:16+08:00][sql] SELECT `id`,`title`,`thumbnail`,`industry` FROM `cmf_product` WHERE  `is_recommended` = 1  AND `category_id` = 23 ORDER BY `list_order` ASC LIMIT 6 [ RunTime:0.000186s ]
[2026-04-20T20:39:16+08:00][sql] SELECT `id`,`title`,`thumbnail`,`industry` FROM `cmf_product` WHERE  `is_recommended` = 1  AND `category_id` = 24 ORDER BY `list_order` ASC LIMIT 6 [ RunTime:0.000177s ]
[2026-04-20T20:39:16+08:00][sql] SELECT `id`,`title`,`thumbnail`,`industry` FROM `cmf_product` WHERE  `is_recommended` = 1  AND `category_id` = 25 ORDER BY `list_order` ASC LIMIT 6 [ RunTime:0.000168s ]
[2026-04-20T20:39:16+08:00][sql] SELECT `id`,`title`,`thumbnail`,`industry` FROM `cmf_product` WHERE  `is_recommended` = 1  AND `category_id` = 26 ORDER BY `list_order` ASC LIMIT 6 [ RunTime:0.000183s ]
[2026-04-20T20:39:16+08:00][sql] SELECT `id`,`title`,`thumbnail`,`industry` FROM `cmf_product` WHERE  `is_recommended` = 1  AND `category_id` = 27 ORDER BY `list_order` ASC LIMIT 6 [ RunTime:0.000199s ]
[2026-04-20T20:39:16+08:00][sql] SHOW FULL COLUMNS FROM `cmf_portal_post` [ RunTime:0.001701s ]
[2026-04-20T20:39:16+08:00][sql] SELECT `p`.`id`,`p`.`post_title`,`p`.`post_excerpt`,`p`.`thumbnail`,`p`.`create_time`,`c`.`category_id` FROM `cmf_portal_post` `p` INNER JOIN `cmf_portal_category_post` `c` ON `p`.`id`=`c`.`post_id` WHERE (  `p`.`post_type` = '8' ) AND `p`.`delete_time` = '0' ORDER BY `c`.`list_order` ASC,`p`.`create_time` DESC LIMIT 4 [ RunTime:0.000644s ]
[2026-04-20T20:39:16+08:00][sql] SHOW FULL COLUMNS FROM `cmf_theme_file` [ RunTime:0.001253s ]
[2026-04-20T20:39:16+08:00][sql] SELECT `more`,`file`,`id` FROM `cmf_theme_file` WHERE  `theme` = 'simpleboot3'  AND (  `is_public` = 1 OR `file` = 'portal/index' ) ORDER BY `is_public` DESC [ RunTime:0.000474s ]
[2026-04-20T20:39:16+08:00][sql] SELECT `option_value` FROM `cmf_option` WHERE  `option_name` = 'storage' LIMIT 1 [ RunTime:0.000297s ]
[2026-04-20T20:39:47+08:00][sql] CONNECT:[ UseTime:0.001044s ] mysql:host=127.0.0.1;port=3306;dbname=weihua;charset=utf8mb4
[2026-04-20T20:39:47+08:00][sql] SHOW FULL COLUMNS FROM `cmf_option` [ RunTime:0.002836s ]
[2026-04-20T20:39:47+08:00][sql] SELECT `option_value` FROM `cmf_option` WHERE  `option_name` = 'cdn_settings' LIMIT 1 [ RunTime:0.000362s ]
[2026-04-20T20:39:47+08:00][sql] SELECT `option_value` FROM `cmf_option` WHERE  `option_name` = 'cdn_settings' LIMIT 1 [ RunTime:0.000235s ]
[2026-04-20T20:39:47+08:00][sql] SHOW FULL COLUMNS FROM `cmf_product_category` [ RunTime:0.001483s ]
[2026-04-20T20:39:47+08:00][sql] SELECT * FROM `cmf_product_category` WHERE  `parent_id` = 0 ORDER BY `list_order` ASC,`create_time` DESC [ RunTime:0.000366s ]
[2026-04-20T20:39:47+08:00][sql] SELECT * FROM `cmf_product_category` WHERE  `parent_id` IN (18,19,20,21,22,23,24,25,26,27) [ RunTime:0.000236s ]
[2026-04-20T20:39:47+08:00][sql] SHOW FULL COLUMNS FROM `cmf_portal_category` [ RunTime:0.001128s ]
[2026-04-20T20:39:47+08:00][sql] SELECT * FROM `cmf_portal_category` WHERE (  `type` = 8 ) AND `cmf_portal_category`.`delete_time` = '0' ORDER BY `list_order` ASC [ RunTime:0.000382s ]
[2026-04-20T20:39:47+08:00][sql] SHOW FULL COLUMNS FROM `cmf_slide_item` [ RunTime:0.001565s ]
[2026-04-20T20:39:47+08:00][sql] SELECT `title`,`image`,`content` FROM `cmf_slide_item` WHERE  `slide_id` = 1 ORDER BY `list_order` ASC [ RunTime:0.000327s ]
[2026-04-20T20:39:47+08:00][sql] SHOW FULL COLUMNS FROM `cmf_product` [ RunTime:0.001364s ]
[2026-04-20T20:39:47+08:00][sql] SELECT `id`,`title`,`thumbnail`,`industry` FROM `cmf_product` WHERE  `is_recommended` = 1  AND `category_id` = 18 ORDER BY `list_order` ASC LIMIT 6 [ RunTime:0.000393s ]
[2026-04-20T20:39:47+08:00][sql] SELECT `id`,`title`,`thumbnail`,`industry` FROM `cmf_product` WHERE  `is_recommended` = 1  AND `category_id` = 19 ORDER BY `list_order` ASC LIMIT 6 [ RunTime:0.000235s ]
[2026-04-20T20:39:47+08:00][sql] SELECT `id`,`title`,`thumbnail`,`industry` FROM `cmf_product` WHERE  `is_recommended` = 1  AND `category_id` = 20 ORDER BY `list_order` ASC LIMIT 6 [ RunTime:0.000225s ]
[2026-04-20T20:39:47+08:00][sql] SELECT `id`,`title`,`thumbnail`,`industry` FROM `cmf_product` WHERE  `is_recommended` = 1  AND `category_id` = 21 ORDER BY `list_order` ASC LIMIT 6 [ RunTime:0.000234s ]
[2026-04-20T20:39:47+08:00][sql] SELECT `id`,`title`,`thumbnail`,`industry` FROM `cmf_product` WHERE  `is_recommended` = 1  AND `category_id` = 22 ORDER BY `list_order` ASC LIMIT 6 [ RunTime:0.000216s ]
[2026-04-20T20:39:47+08:00][sql] SELECT `id`,`title`,`thumbnail`,`industry` FROM `cmf_product` WHERE  `is_recommended` = 1  AND `category_id` = 23 ORDER BY `list_order` ASC LIMIT 6 [ RunTime:0.000199s ]
[2026-04-20T20:39:47+08:00][sql] SELECT `id`,`title`,`thumbnail`,`industry` FROM `cmf_product` WHERE  `is_recommended` = 1  AND `category_id` = 24 ORDER BY `list_order` ASC LIMIT 6 [ RunTime:0.000219s ]
[2026-04-20T20:39:47+08:00][sql] SELECT `id`,`title`,`thumbnail`,`industry` FROM `cmf_product` WHERE  `is_recommended` = 1  AND `category_id` = 25 ORDER BY `list_order` ASC LIMIT 6 [ RunTime:0.000268s ]
[2026-04-20T20:39:47+08:00][sql] SELECT `id`,`title`,`thumbnail`,`industry` FROM `cmf_product` WHERE  `is_recommended` = 1  AND `category_id` = 26 ORDER BY `list_order` ASC LIMIT 6 [ RunTime:0.000257s ]
[2026-04-20T20:39:47+08:00][sql] SELECT `id`,`title`,`thumbnail`,`industry` FROM `cmf_product` WHERE  `is_recommended` = 1  AND `category_id` = 27 ORDER BY `list_order` ASC LIMIT 6 [ RunTime:0.000261s ]
[2026-04-20T20:39:47+08:00][sql] SHOW FULL COLUMNS FROM `cmf_portal_post` [ RunTime:0.001794s ]
[2026-04-20T20:39:47+08:00][sql] SELECT `p`.`id`,`p`.`post_title`,`p`.`post_excerpt`,`p`.`thumbnail`,`p`.`create_time`,`c`.`category_id` FROM `cmf_portal_post` `p` INNER JOIN `cmf_portal_category_post` `c` ON `p`.`id`=`c`.`post_id` WHERE (  `p`.`post_type` = '8' ) AND `p`.`delete_time` = '0' ORDER BY `c`.`list_order` ASC,`p`.`create_time` DESC LIMIT 4 [ RunTime:0.000534s ]
[2026-04-20T20:39:47+08:00][sql] SHOW FULL COLUMNS FROM `cmf_theme_file` [ RunTime:0.001040s ]
[2026-04-20T20:39:47+08:00][sql] SELECT `more`,`file`,`id` FROM `cmf_theme_file` WHERE  `theme` = 'simpleboot3'  AND (  `is_public` = 1 OR `file` = 'portal/index' ) ORDER BY `is_public` DESC [ RunTime:0.000329s ]
[2026-04-20T20:39:47+08:00][sql] SELECT `option_value` FROM `cmf_option` WHERE  `option_name` = 'storage' LIMIT 1 [ RunTime:0.000395s ]
[2026-04-20T21:26:03+08:00][sql] CONNECT:[ UseTime:0.001389s ] mysql:host=127.0.0.1;port=3306;dbname=weihua;charset=utf8mb4
[2026-04-20T21:26:03+08:00][sql] SHOW FULL COLUMNS FROM `cmf_option` [ RunTime:0.003411s ]
[2026-04-20T21:26:03+08:00][sql] SELECT `option_value` FROM `cmf_option` WHERE  `option_name` = 'cdn_settings' LIMIT 1 [ RunTime:0.000490s ]
[2026-04-20T21:26:03+08:00][sql] SELECT `option_value` FROM `cmf_option` WHERE  `option_name` = 'cdn_settings' LIMIT 1 [ RunTime:0.000664s ]
[2026-04-20T21:26:03+08:00][sql] SHOW FULL COLUMNS FROM `cmf_product_category` [ RunTime:0.001589s ]
[2026-04-20T21:26:03+08:00][sql] SELECT * FROM `cmf_product_category` WHERE  `parent_id` = 0 ORDER BY `list_order` ASC,`create_time` DESC [ RunTime:0.000533s ]
[2026-04-20T21:26:03+08:00][sql] SELECT * FROM `cmf_product_category` WHERE  `parent_id` IN (18,19,20,21,22,23,24,25,26,27) [ RunTime:0.000287s ]
[2026-04-20T21:26:03+08:00][sql] SHOW FULL COLUMNS FROM `cmf_portal_category` [ RunTime:0.001188s ]
[2026-04-20T21:26:03+08:00][sql] SELECT * FROM `cmf_portal_category` WHERE (  `type` = 8 ) AND `cmf_portal_category`.`delete_time` = '0' ORDER BY `list_order` ASC [ RunTime:0.000357s ]
[2026-04-20T21:26:03+08:00][sql] SHOW FULL COLUMNS FROM `cmf_slide_item` [ RunTime:0.001316s ]
[2026-04-20T21:26:03+08:00][sql] SELECT `title`,`image`,`content` FROM `cmf_slide_item` WHERE  `slide_id` = 1 ORDER BY `list_order` ASC [ RunTime:0.000419s ]
[2026-04-20T21:26:03+08:00][sql] SHOW FULL COLUMNS FROM `cmf_product` [ RunTime:0.001478s ]
[2026-04-20T21:26:03+08:00][sql] SELECT `id`,`title`,`thumbnail`,`industry` FROM `cmf_product` WHERE  `is_recommended` = 1  AND `category_id` = 18 ORDER BY `list_order` ASC LIMIT 6 [ RunTime:0.000415s ]
[2026-04-20T21:26:03+08:00][sql] SELECT `id`,`title`,`thumbnail`,`industry` FROM `cmf_product` WHERE  `is_recommended` = 1  AND `category_id` = 19 ORDER BY `list_order` ASC LIMIT 6 [ RunTime:0.000219s ]
[2026-04-20T21:26:03+08:00][sql] SELECT `id`,`title`,`thumbnail`,`industry` FROM `cmf_product` WHERE  `is_recommended` = 1  AND `category_id` = 20 ORDER BY `list_order` ASC LIMIT 6 [ RunTime:0.000189s ]
[2026-04-20T21:26:03+08:00][sql] SELECT `id`,`title`,`thumbnail`,`industry` FROM `cmf_product` WHERE  `is_recommended` = 1  AND `category_id` = 21 ORDER BY `list_order` ASC LIMIT 6 [ RunTime:0.000210s ]
[2026-04-20T21:26:03+08:00][sql] SELECT `id`,`title`,`thumbnail`,`industry` FROM `cmf_product` WHERE  `is_recommended` = 1  AND `category_id` = 22 ORDER BY `list_order` ASC LIMIT 6 [ RunTime:0.000221s ]
[2026-04-20T21:26:03+08:00][sql] SELECT `id`,`title`,`thumbnail`,`industry` FROM `cmf_product` WHERE  `is_recommended` = 1  AND `category_id` = 23 ORDER BY `list_order` ASC LIMIT 6 [ RunTime:0.000215s ]
[2026-04-20T21:26:03+08:00][sql] SELECT `id`,`title`,`thumbnail`,`industry` FROM `cmf_product` WHERE  `is_recommended` = 1  AND `category_id` = 24 ORDER BY `list_order` ASC LIMIT 6 [ RunTime:0.000179s ]
[2026-04-20T21:26:03+08:00][sql] SELECT `id`,`title`,`thumbnail`,`industry` FROM `cmf_product` WHERE  `is_recommended` = 1  AND `category_id` = 25 ORDER BY `list_order` ASC LIMIT 6 [ RunTime:0.000186s ]
[2026-04-20T21:26:03+08:00][sql] SELECT `id`,`title`,`thumbnail`,`industry` FROM `cmf_product` WHERE  `is_recommended` = 1  AND `category_id` = 26 ORDER BY `list_order` ASC LIMIT 6 [ RunTime:0.000184s ]
[2026-04-20T21:26:03+08:00][sql] SELECT `id`,`title`,`thumbnail`,`industry` FROM `cmf_product` WHERE  `is_recommended` = 1  AND `category_id` = 27 ORDER BY `list_order` ASC LIMIT 6 [ RunTime:0.000159s ]
[2026-04-20T21:26:03+08:00][sql] SHOW FULL COLUMNS FROM `cmf_portal_post` [ RunTime:0.002001s ]
[2026-04-20T21:26:03+08:00][sql] SELECT `p`.`id`,`p`.`post_title`,`p`.`post_excerpt`,`p`.`thumbnail`,`p`.`create_time`,`c`.`category_id` FROM `cmf_portal_post` `p` INNER JOIN `cmf_portal_category_post` `c` ON `p`.`id`=`c`.`post_id` WHERE (  `p`.`post_type` = '8' ) AND `p`.`delete_time` = '0' ORDER BY `c`.`list_order` ASC,`p`.`create_time` DESC LIMIT 4 [ RunTime:0.000831s ]
[2026-04-20T21:26:03+08:00][sql] SHOW FULL COLUMNS FROM `cmf_theme_file` [ RunTime:0.018719s ]
[2026-04-20T21:26:03+08:00][sql] SELECT `more`,`file`,`id` FROM `cmf_theme_file` WHERE  `theme` = 'simpleboot3'  AND (  `is_public` = 1 OR `file` = 'portal/index' ) ORDER BY `is_public` DESC [ RunTime:0.000876s ]
[2026-04-20T21:26:03+08:00][sql] SELECT `option_value` FROM `cmf_option` WHERE  `option_name` = 'storage' LIMIT 1 [ RunTime:0.000506s ]
[2026-04-20T21:26:15+08:00][sql] CONNECT:[ UseTime:0.000857s ] mysql:host=127.0.0.1;port=3306;dbname=weihua;charset=utf8mb4
[2026-04-20T21:26:15+08:00][sql] SHOW FULL COLUMNS FROM `cmf_option` [ RunTime:0.001919s ]
[2026-04-20T21:26:15+08:00][sql] SELECT `option_value` FROM `cmf_option` WHERE  `option_name` = 'cdn_settings' LIMIT 1 [ RunTime:0.000371s ]
[2026-04-20T21:26:15+08:00][sql] SELECT `option_value` FROM `cmf_option` WHERE  `option_name` = 'cdn_settings' LIMIT 1 [ RunTime:0.000285s ]
[2026-04-20T21:26:15+08:00][sql] SHOW FULL COLUMNS FROM `cmf_product_category` [ RunTime:0.001110s ]
[2026-04-20T21:26:15+08:00][sql] SELECT * FROM `cmf_product_category` WHERE  `parent_id` = 0 ORDER BY `list_order` ASC,`create_time` DESC [ RunTime:0.000311s ]
[2026-04-20T21:26:15+08:00][sql] SELECT * FROM `cmf_product_category` WHERE  `parent_id` IN (18,19,20,21,22,23,24,25,26,27) [ RunTime:0.000243s ]
[2026-04-20T21:26:15+08:00][sql] SHOW FULL COLUMNS FROM `cmf_portal_category` [ RunTime:0.001214s ]
[2026-04-20T21:26:15+08:00][sql] SELECT * FROM `cmf_portal_category` WHERE (  `type` = 8 ) AND `cmf_portal_category`.`delete_time` = '0' ORDER BY `list_order` ASC [ RunTime:0.000325s ]
[2026-04-20T21:26:15+08:00][sql] SHOW FULL COLUMNS FROM `cmf_slide_item` [ RunTime:0.001624s ]
[2026-04-20T21:26:15+08:00][sql] SELECT `title`,`image`,`content` FROM `cmf_slide_item` WHERE  `slide_id` = 1 ORDER BY `list_order` ASC [ RunTime:0.000356s ]
[2026-04-20T21:26:15+08:00][sql] SHOW FULL COLUMNS FROM `cmf_product` [ RunTime:0.001146s ]
[2026-04-20T21:26:15+08:00][sql] SELECT `id`,`title`,`thumbnail`,`industry` FROM `cmf_product` WHERE  `is_recommended` = 1  AND `category_id` = 18 ORDER BY `list_order` ASC LIMIT 6 [ RunTime:0.000299s ]
[2026-04-20T21:26:15+08:00][sql] SELECT `id`,`title`,`thumbnail`,`industry` FROM `cmf_product` WHERE  `is_recommended` = 1  AND `category_id` = 19 ORDER BY `list_order` ASC LIMIT 6 [ RunTime:0.000243s ]
[2026-04-20T21:26:15+08:00][sql] SELECT `id`,`title`,`thumbnail`,`industry` FROM `cmf_product` WHERE  `is_recommended` = 1  AND `category_id` = 20 ORDER BY `list_order` ASC LIMIT 6 [ RunTime:0.000182s ]
[2026-04-20T21:26:15+08:00][sql] SELECT `id`,`title`,`thumbnail`,`industry` FROM `cmf_product` WHERE  `is_recommended` = 1  AND `category_id` = 21 ORDER BY `list_order` ASC LIMIT 6 [ RunTime:0.000187s ]
[2026-04-20T21:26:15+08:00][sql] SELECT `id`,`title`,`thumbnail`,`industry` FROM `cmf_product` WHERE  `is_recommended` = 1  AND `category_id` = 22 ORDER BY `list_order` ASC LIMIT 6 [ RunTime:0.000182s ]
[2026-04-20T21:26:15+08:00][sql] SELECT `id`,`title`,`thumbnail`,`industry` FROM `cmf_product` WHERE  `is_recommended` = 1  AND `category_id` = 23 ORDER BY `list_order` ASC LIMIT 6 [ RunTime:0.000312s ]
[2026-04-20T21:26:15+08:00][sql] SELECT `id`,`title`,`thumbnail`,`industry` FROM `cmf_product` WHERE  `is_recommended` = 1  AND `category_id` = 24 ORDER BY `list_order` ASC LIMIT 6 [ RunTime:0.000165s ]
[2026-04-20T21:26:15+08:00][sql] SELECT `id`,`title`,`thumbnail`,`industry` FROM `cmf_product` WHERE  `is_recommended` = 1  AND `category_id` = 25 ORDER BY `list_order` ASC LIMIT 6 [ RunTime:0.000162s ]
[2026-04-20T21:26:15+08:00][sql] SELECT `id`,`title`,`thumbnail`,`industry` FROM `cmf_product` WHERE  `is_recommended` = 1  AND `category_id` = 26 ORDER BY `list_order` ASC LIMIT 6 [ RunTime:0.000181s ]
[2026-04-20T21:26:15+08:00][sql] SELECT `id`,`title`,`thumbnail`,`industry` FROM `cmf_product` WHERE  `is_recommended` = 1  AND `category_id` = 27 ORDER BY `list_order` ASC LIMIT 6 [ RunTime:0.000303s ]
[2026-04-20T21:26:15+08:00][sql] SHOW FULL COLUMNS FROM `cmf_portal_post` [ RunTime:0.001318s ]
[2026-04-20T21:26:15+08:00][sql] SELECT `p`.`id`,`p`.`post_title`,`p`.`post_excerpt`,`p`.`thumbnail`,`p`.`create_time`,`c`.`category_id` FROM `cmf_portal_post` `p` INNER JOIN `cmf_portal_category_post` `c` ON `p`.`id`=`c`.`post_id` WHERE (  `p`.`post_type` = '8' ) AND `p`.`delete_time` = '0' ORDER BY `c`.`list_order` ASC,`p`.`create_time` DESC LIMIT 4 [ RunTime:0.000680s ]
[2026-04-20T21:26:15+08:00][sql] SHOW FULL COLUMNS FROM `cmf_theme_file` [ RunTime:0.001039s ]
[2026-04-20T21:26:15+08:00][sql] SELECT `more`,`file`,`id` FROM `cmf_theme_file` WHERE  `theme` = 'simpleboot3'  AND (  `is_public` = 1 OR `file` = 'portal/index' ) ORDER BY `is_public` DESC [ RunTime:0.000274s ]
[2026-04-20T21:26:15+08:00][sql] SELECT `option_value` FROM `cmf_option` WHERE  `option_name` = 'storage' LIMIT 1 [ RunTime:0.000441s ]
[2026-04-20T21:27:25+08:00][sql] CONNECT:[ UseTime:0.001822s ] mysql:host=127.0.0.1;port=3306;dbname=weihua;charset=utf8mb4
[2026-04-20T21:27:25+08:00][sql] SHOW FULL COLUMNS FROM `cmf_option` [ RunTime:0.003879s ]
[2026-04-20T21:27:25+08:00][sql] SELECT `option_value` FROM `cmf_option` WHERE  `option_name` = 'cdn_settings' LIMIT 1 [ RunTime:0.000515s ]
[2026-04-20T21:27:25+08:00][sql] SELECT `option_value` FROM `cmf_option` WHERE  `option_name` = 'cdn_settings' LIMIT 1 [ RunTime:0.000428s ]
[2026-04-20T21:27:25+08:00][sql] SHOW FULL COLUMNS FROM `cmf_product_category` [ RunTime:0.001542s ]
[2026-04-20T21:27:25+08:00][sql] SELECT * FROM `cmf_product_category` WHERE  `parent_id` = 0 ORDER BY `list_order` ASC,`create_time` DESC [ RunTime:0.000527s ]
[2026-04-20T21:27:25+08:00][sql] SELECT * FROM `cmf_product_category` WHERE  `parent_id` IN (18,19,20,21,22,23,24,25,26,27) [ RunTime:0.000380s ]
[2026-04-20T21:27:25+08:00][sql] SHOW FULL COLUMNS FROM `cmf_portal_category` [ RunTime:0.001781s ]
[2026-04-20T21:27:25+08:00][sql] SELECT * FROM `cmf_portal_category` WHERE (  `type` = 8 ) AND `cmf_portal_category`.`delete_time` = '0' ORDER BY `list_order` ASC [ RunTime:0.000435s ]
[2026-04-20T21:27:25+08:00][sql] SHOW FULL COLUMNS FROM `cmf_slide_item` [ RunTime:0.001183s ]
[2026-04-20T21:27:25+08:00][sql] SELECT `title`,`image`,`content` FROM `cmf_slide_item` WHERE  `slide_id` = 1 ORDER BY `list_order` ASC [ RunTime:0.000495s ]
[2026-04-20T21:27:25+08:00][sql] SHOW FULL COLUMNS FROM `cmf_product` [ RunTime:0.001437s ]
[2026-04-20T21:27:25+08:00][sql] SELECT `id`,`title`,`thumbnail`,`industry` FROM `cmf_product` WHERE  `is_recommended` = 1  AND `category_id` = 18 ORDER BY `list_order` ASC LIMIT 6 [ RunTime:0.000506s ]
[2026-04-20T21:27:25+08:00][sql] SELECT `id`,`title`,`thumbnail`,`industry` FROM `cmf_product` WHERE  `is_recommended` = 1  AND `category_id` = 19 ORDER BY `list_order` ASC LIMIT 6 [ RunTime:0.000224s ]
[2026-04-20T21:27:25+08:00][sql] SELECT `id`,`title`,`thumbnail`,`industry` FROM `cmf_product` WHERE  `is_recommended` = 1  AND `category_id` = 20 ORDER BY `list_order` ASC LIMIT 6 [ RunTime:0.000195s ]
[2026-04-20T21:27:25+08:00][sql] SELECT `id`,`title`,`thumbnail`,`industry` FROM `cmf_product` WHERE  `is_recommended` = 1  AND `category_id` = 21 ORDER BY `list_order` ASC LIMIT 6 [ RunTime:0.000183s ]
[2026-04-20T21:27:25+08:00][sql] SELECT `id`,`title`,`thumbnail`,`industry` FROM `cmf_product` WHERE  `is_recommended` = 1  AND `category_id` = 22 ORDER BY `list_order` ASC LIMIT 6 [ RunTime:0.000204s ]
[2026-04-20T21:27:25+08:00][sql] SELECT `id`,`title`,`thumbnail`,`industry` FROM `cmf_product` WHERE  `is_recommended` = 1  AND `category_id` = 23 ORDER BY `list_order` ASC LIMIT 6 [ RunTime:0.000212s ]
[2026-04-20T21:27:25+08:00][sql] SELECT `id`,`title`,`thumbnail`,`industry` FROM `cmf_product` WHERE  `is_recommended` = 1  AND `category_id` = 24 ORDER BY `list_order` ASC LIMIT 6 [ RunTime:0.000184s ]
[2026-04-20T21:27:25+08:00][sql] SELECT `id`,`title`,`thumbnail`,`industry` FROM `cmf_product` WHERE  `is_recommended` = 1  AND `category_id` = 25 ORDER BY `list_order` ASC LIMIT 6 [ RunTime:0.000188s ]
[2026-04-20T21:27:25+08:00][sql] SELECT `id`,`title`,`thumbnail`,`industry` FROM `cmf_product` WHERE  `is_recommended` = 1  AND `category_id` = 26 ORDER BY `list_order` ASC LIMIT 6 [ RunTime:0.000201s ]
[2026-04-20T21:27:25+08:00][sql] SELECT `id`,`title`,`thumbnail`,`industry` FROM `cmf_product` WHERE  `is_recommended` = 1  AND `category_id` = 27 ORDER BY `list_order` ASC LIMIT 6 [ RunTime:0.000211s ]
[2026-04-20T21:27:25+08:00][sql] SHOW FULL COLUMNS FROM `cmf_portal_post` [ RunTime:0.001762s ]
[2026-04-20T21:27:25+08:00][sql] SELECT `p`.`id`,`p`.`post_title`,`p`.`post_excerpt`,`p`.`thumbnail`,`p`.`create_time`,`c`.`category_id` FROM `cmf_portal_post` `p` INNER JOIN `cmf_portal_category_post` `c` ON `p`.`id`=`c`.`post_id` WHERE (  `p`.`post_type` = '8' ) AND `p`.`delete_time` = '0' ORDER BY `c`.`list_order` ASC,`p`.`create_time` DESC LIMIT 4 [ RunTime:0.000732s ]
[2026-04-20T21:27:25+08:00][sql] SHOW FULL COLUMNS FROM `cmf_theme_file` [ RunTime:0.001065s ]
[2026-04-20T21:27:25+08:00][sql] SELECT `more`,`file`,`id` FROM `cmf_theme_file` WHERE  `theme` = 'simpleboot3'  AND (  `is_public` = 1 OR `file` = 'portal/index' ) ORDER BY `is_public` DESC [ RunTime:0.000400s ]
[2026-04-20T21:27:25+08:00][sql] SELECT `option_value` FROM `cmf_option` WHERE  `option_name` = 'storage' LIMIT 1 [ RunTime:0.000440s ]
[2026-04-20T21:27:38+08:00][sql] CONNECT:[ UseTime:0.001452s ] mysql:host=127.0.0.1;port=3306;dbname=weihua;charset=utf8mb4
[2026-04-20T21:27:38+08:00][sql] SHOW FULL COLUMNS FROM `cmf_option` [ RunTime:0.003139s ]
[2026-04-20T21:27:38+08:00][sql] SELECT `option_value` FROM `cmf_option` WHERE  `option_name` = 'cdn_settings' LIMIT 1 [ RunTime:0.000512s ]
[2026-04-20T21:27:38+08:00][sql] SELECT `option_value` FROM `cmf_option` WHERE  `option_name` = 'cdn_settings' LIMIT 1 [ RunTime:0.000368s ]
[2026-04-20T21:27:38+08:00][sql] SHOW FULL COLUMNS FROM `cmf_product_category` [ RunTime:0.001460s ]
[2026-04-20T21:27:38+08:00][sql] SELECT * FROM `cmf_product_category` WHERE  `parent_id` = 0 ORDER BY `list_order` ASC,`create_time` DESC [ RunTime:0.000461s ]
[2026-04-20T21:27:38+08:00][sql] SELECT * FROM `cmf_product_category` WHERE  `parent_id` IN (18,19,20,21,22,23,24,25,26,27) [ RunTime:0.000274s ]
[2026-04-20T21:27:38+08:00][sql] SHOW FULL COLUMNS FROM `cmf_portal_category` [ RunTime:0.001664s ]
[2026-04-20T21:27:38+08:00][sql] SELECT * FROM `cmf_portal_category` WHERE (  `type` = 8 ) AND `cmf_portal_category`.`delete_time` = '0' ORDER BY `list_order` ASC [ RunTime:0.000367s ]
[2026-04-20T21:27:38+08:00][sql] SHOW FULL COLUMNS FROM `cmf_product` [ RunTime:0.001423s ]
[2026-04-20T21:27:38+08:00][sql] SELECT * FROM `cmf_product` WHERE  `id` = 62 LIMIT 1 [ RunTime:0.000458s ]
[2026-04-20T21:27:38+08:00][sql] SELECT * FROM `cmf_product_category` WHERE  `id` = 18 LIMIT 1 [ RunTime:0.000199s ]
[2026-04-20T21:27:38+08:00][sql] SELECT `id`,`title`,`industry`,`thumbnail` FROM `cmf_product` WHERE  `id` <> 62  AND `is_recommended` = 1  AND `category_id` = 18 ORDER BY RAND() LIMIT 4 [ RunTime:0.000351s ]
[2026-04-20T21:27:38+08:00][sql] SHOW FULL COLUMNS FROM `cmf_slide_item` [ RunTime:0.001133s ]
[2026-04-20T21:27:38+08:00][sql] SELECT `title`,`description`,`image` FROM `cmf_slide_item` WHERE  `slide_id` = 2 ORDER BY `list_order` ASC LIMIT 1 [ RunTime:0.000334s ]
[2026-04-20T21:27:38+08:00][sql] SHOW FULL COLUMNS FROM `cmf_theme_file` [ RunTime:0.002136s ]
[2026-04-20T21:27:38+08:00][sql] SELECT `more`,`file`,`id` FROM `cmf_theme_file` WHERE  `theme` = 'simpleboot3'  AND (  `is_public` = 1 OR `file` = 'portal/product-info' ) ORDER BY `is_public` DESC [ RunTime:0.000618s ]
[2026-04-20T21:27:38+08:00][sql] SELECT `option_value` FROM `cmf_option` WHERE  `option_name` = 'storage' LIMIT 1 [ RunTime:0.000404s ]
[2026-04-20T21:27:47+08:00][sql] CONNECT:[ UseTime:0.001298s ] mysql:host=127.0.0.1;port=3306;dbname=weihua;charset=utf8mb4
[2026-04-20T21:27:47+08:00][sql] SHOW FULL COLUMNS FROM `cmf_option` [ RunTime:0.004079s ]
[2026-04-20T21:27:47+08:00][sql] SELECT `option_value` FROM `cmf_option` WHERE  `option_name` = 'cdn_settings' LIMIT 1 [ RunTime:0.000336s ]
[2026-04-20T21:27:47+08:00][sql] SELECT `option_value` FROM `cmf_option` WHERE  `option_name` = 'cdn_settings' LIMIT 1 [ RunTime:0.000287s ]
[2026-04-20T21:27:47+08:00][sql] SHOW FULL COLUMNS FROM `cmf_product_category` [ RunTime:0.001397s ]
[2026-04-20T21:27:47+08:00][sql] SELECT * FROM `cmf_product_category` WHERE  `parent_id` = 0 ORDER BY `list_order` ASC,`create_time` DESC [ RunTime:0.000678s ]
[2026-04-20T21:27:47+08:00][sql] SELECT * FROM `cmf_product_category` WHERE  `parent_id` IN (18,19,20,21,22,23,24,25,26,27) [ RunTime:0.000404s ]
[2026-04-20T21:27:47+08:00][sql] SHOW FULL COLUMNS FROM `cmf_portal_category` [ RunTime:0.001673s ]
[2026-04-20T21:27:47+08:00][sql] SELECT * FROM `cmf_portal_category` WHERE (  `type` = 8 ) AND `cmf_portal_category`.`delete_time` = '0' ORDER BY `list_order` ASC [ RunTime:0.000290s ]
[2026-04-20T21:27:47+08:00][sql] SHOW FULL COLUMNS FROM `cmf_product` [ RunTime:0.002833s ]
[2026-04-20T21:27:47+08:00][sql] SELECT COUNT(*) AS think_count FROM `cmf_product` LIMIT 1 [ RunTime:0.000638s ]
[2026-04-20T21:27:47+08:00][sql] SELECT `id`,`category_id`,`title`,`thumbnail`,`industry` FROM `cmf_product` ORDER BY `list_order` ASC,`create_time` DESC LIMIT 0,12 [ RunTime:0.000560s ]
[2026-04-20T21:27:47+08:00][sql] SHOW FULL COLUMNS FROM `cmf_slide_item` [ RunTime:0.001561s ]
[2026-04-20T21:27:47+08:00][sql] SELECT `title`,`description`,`image` FROM `cmf_slide_item` WHERE  `slide_id` = 2 ORDER BY `list_order` ASC LIMIT 1 [ RunTime:0.000408s ]
[2026-04-20T21:27:47+08:00][sql] SHOW FULL COLUMNS FROM `cmf_theme_file` [ RunTime:0.001223s ]
[2026-04-20T21:27:47+08:00][sql] SELECT `more`,`file`,`id` FROM `cmf_theme_file` WHERE  `theme` = 'simpleboot3'  AND (  `is_public` = 1 OR `file` = 'portal/product' ) ORDER BY `is_public` DESC [ RunTime:0.000307s ]
[2026-04-20T21:27:47+08:00][sql] SELECT `option_value` FROM `cmf_option` WHERE  `option_name` = 'storage' LIMIT 1 [ RunTime:0.000661s ]
[2026-04-20T21:27:49+08:00][sql] CONNECT:[ UseTime:0.001196s ] mysql:host=127.0.0.1;port=3306;dbname=weihua;charset=utf8mb4
[2026-04-20T21:27:49+08:00][sql] SHOW FULL COLUMNS FROM `cmf_option` [ RunTime:0.003634s ]
[2026-04-20T21:27:49+08:00][sql] SELECT `option_value` FROM `cmf_option` WHERE  `option_name` = 'cdn_settings' LIMIT 1 [ RunTime:0.000437s ]
[2026-04-20T21:27:49+08:00][sql] SELECT `option_value` FROM `cmf_option` WHERE  `option_name` = 'cdn_settings' LIMIT 1 [ RunTime:0.000222s ]
[2026-04-20T21:27:49+08:00][sql] SHOW FULL COLUMNS FROM `cmf_product_category` [ RunTime:0.001557s ]
[2026-04-20T21:27:49+08:00][sql] SELECT * FROM `cmf_product_category` WHERE  `parent_id` = 0 ORDER BY `list_order` ASC,`create_time` DESC [ RunTime:0.000494s ]
[2026-04-20T21:27:49+08:00][sql] SELECT * FROM `cmf_product_category` WHERE  `parent_id` IN (18,19,20,21,22,23,24,25,26,27) [ RunTime:0.000305s ]
[2026-04-20T21:27:49+08:00][sql] SHOW FULL COLUMNS FROM `cmf_portal_category` [ RunTime:0.001176s ]
[2026-04-20T21:27:49+08:00][sql] SELECT * FROM `cmf_portal_category` WHERE (  `type` = 8 ) AND `cmf_portal_category`.`delete_time` = '0' ORDER BY `list_order` ASC [ RunTime:0.000591s ]
[2026-04-20T21:27:49+08:00][sql] SHOW FULL COLUMNS FROM `cmf_product` [ RunTime:0.002785s ]
[2026-04-20T21:27:49+08:00][sql] SELECT * FROM `cmf_product` WHERE  `id` = 63 LIMIT 1 [ RunTime:0.000688s ]
[2026-04-20T21:27:49+08:00][sql] SELECT * FROM `cmf_product_category` WHERE  `id` = 18 LIMIT 1 [ RunTime:0.000561s ]
[2026-04-20T21:27:49+08:00][sql] SELECT `id`,`title`,`industry`,`thumbnail` FROM `cmf_product` WHERE  `id` <> 63  AND `is_recommended` = 1  AND `category_id` = 18 ORDER BY RAND() LIMIT 4 [ RunTime:0.000937s ]
[2026-04-20T21:27:49+08:00][sql] SHOW FULL COLUMNS FROM `cmf_slide_item` [ RunTime:0.002528s ]
[2026-04-20T21:27:49+08:00][sql] SELECT `title`,`description`,`image` FROM `cmf_slide_item` WHERE  `slide_id` = 2 ORDER BY `list_order` ASC LIMIT 1 [ RunTime:0.000604s ]
[2026-04-20T21:27:49+08:00][sql] SHOW FULL COLUMNS FROM `cmf_theme_file` [ RunTime:0.002080s ]
[2026-04-20T21:27:49+08:00][sql] SELECT `more`,`file`,`id` FROM `cmf_theme_file` WHERE  `theme` = 'simpleboot3'  AND (  `is_public` = 1 OR `file` = 'portal/product-info' ) ORDER BY `is_public` DESC [ RunTime:0.000411s ]
[2026-04-20T21:27:49+08:00][sql] SELECT `option_value` FROM `cmf_option` WHERE  `option_name` = 'storage' LIMIT 1 [ RunTime:0.000429s ]
[2026-04-20T21:27:58+08:00][sql] CONNECT:[ UseTime:0.001000s ] mysql:host=127.0.0.1;port=3306;dbname=weihua;charset=utf8mb4
[2026-04-20T21:27:58+08:00][sql] SHOW FULL COLUMNS FROM `cmf_option` [ RunTime:0.003535s ]
[2026-04-20T21:27:58+08:00][sql] SELECT `option_value` FROM `cmf_option` WHERE  `option_name` = 'cdn_settings' LIMIT 1 [ RunTime:0.000352s ]
[2026-04-20T21:27:58+08:00][sql] SELECT `option_value` FROM `cmf_option` WHERE  `option_name` = 'cdn_settings' LIMIT 1 [ RunTime:0.000232s ]
[2026-04-20T21:27:58+08:00][sql] SHOW FULL COLUMNS FROM `cmf_product_category` [ RunTime:0.001260s ]
[2026-04-20T21:27:58+08:00][sql] SELECT * FROM `cmf_product_category` WHERE  `parent_id` = 0 ORDER BY `list_order` ASC,`create_time` DESC [ RunTime:0.000435s ]
[2026-04-20T21:27:58+08:00][sql] SELECT * FROM `cmf_product_category` WHERE  `parent_id` IN (18,19,20,21,22,23,24,25,26,27) [ RunTime:0.000298s ]
[2026-04-20T21:27:58+08:00][sql] SHOW FULL COLUMNS FROM `cmf_portal_category` [ RunTime:0.001569s ]
[2026-04-20T21:27:58+08:00][sql] SELECT * FROM `cmf_portal_category` WHERE (  `type` = 8 ) AND `cmf_portal_category`.`delete_time` = '0' ORDER BY `list_order` ASC [ RunTime:0.000453s ]
[2026-04-20T21:27:58+08:00][sql] SHOW FULL COLUMNS FROM `cmf_product` [ RunTime:0.001202s ]
[2026-04-20T21:27:58+08:00][sql] SELECT COUNT(*) AS think_count FROM `cmf_product` LIMIT 1 [ RunTime:0.000275s ]
[2026-04-20T21:27:58+08:00][sql] SELECT `id`,`category_id`,`title`,`thumbnail`,`industry` FROM `cmf_product` ORDER BY `list_order` ASC,`create_time` DESC LIMIT 0,12 [ RunTime:0.000504s ]
[2026-04-20T21:27:58+08:00][sql] SHOW FULL COLUMNS FROM `cmf_slide_item` [ RunTime:0.002295s ]
[2026-04-20T21:27:58+08:00][sql] SELECT `title`,`description`,`image` FROM `cmf_slide_item` WHERE  `slide_id` = 2 ORDER BY `list_order` ASC LIMIT 1 [ RunTime:0.000656s ]
[2026-04-20T21:27:58+08:00][sql] SHOW FULL COLUMNS FROM `cmf_theme_file` [ RunTime:0.001579s ]
[2026-04-20T21:27:58+08:00][sql] SELECT `more`,`file`,`id` FROM `cmf_theme_file` WHERE  `theme` = 'simpleboot3'  AND (  `is_public` = 1 OR `file` = 'portal/product' ) ORDER BY `is_public` DESC [ RunTime:0.000383s ]
[2026-04-20T21:27:58+08:00][sql] SELECT `option_value` FROM `cmf_option` WHERE  `option_name` = 'storage' LIMIT 1 [ RunTime:0.000285s ]
[2026-04-20T21:29:23+08:00][sql] CONNECT:[ UseTime:0.002043s ] mysql:host=127.0.0.1;port=3306;dbname=weihua;charset=utf8mb4
[2026-04-20T21:29:23+08:00][sql] SHOW FULL COLUMNS FROM `cmf_option` [ RunTime:0.004304s ]
[2026-04-20T21:29:23+08:00][sql] SELECT `option_value` FROM `cmf_option` WHERE  `option_name` = 'cdn_settings' LIMIT 1 [ RunTime:0.000979s ]
[2026-04-20T21:29:23+08:00][sql] SELECT `option_value` FROM `cmf_option` WHERE  `option_name` = 'cdn_settings' LIMIT 1 [ RunTime:0.000488s ]
[2026-04-20T21:29:23+08:00][sql] SHOW FULL COLUMNS FROM `cmf_product_category` [ RunTime:0.001972s ]
[2026-04-20T21:29:23+08:00][sql] SELECT * FROM `cmf_product_category` WHERE  `parent_id` = 0 ORDER BY `list_order` ASC,`create_time` DESC [ RunTime:0.000899s ]
[2026-04-20T21:29:23+08:00][sql] SELECT * FROM `cmf_product_category` WHERE  `parent_id` IN (18,19,20,21,22,23,24,25,26,27) [ RunTime:0.000383s ]
[2026-04-20T21:29:23+08:00][sql] SHOW FULL COLUMNS FROM `cmf_portal_category` [ RunTime:0.002091s ]
[2026-04-20T21:29:23+08:00][sql] SELECT * FROM `cmf_portal_category` WHERE (  `type` = 8 ) AND `cmf_portal_category`.`delete_time` = '0' ORDER BY `list_order` ASC [ RunTime:0.000886s ]
[2026-04-20T21:29:23+08:00][sql] SHOW FULL COLUMNS FROM `cmf_product` [ RunTime:0.002395s ]
[2026-04-20T21:29:23+08:00][sql] SELECT COUNT(*) AS think_count FROM `cmf_product` LIMIT 1 [ RunTime:0.000632s ]
[2026-04-20T21:29:23+08:00][sql] SELECT `id`,`category_id`,`title`,`thumbnail`,`industry` FROM `cmf_product` ORDER BY `list_order` ASC,`create_time` DESC LIMIT 0,12 [ RunTime:0.000440s ]
[2026-04-20T21:29:23+08:00][sql] SHOW FULL COLUMNS FROM `cmf_slide_item` [ RunTime:0.001929s ]
[2026-04-20T21:29:23+08:00][sql] SELECT `title`,`description`,`image` FROM `cmf_slide_item` WHERE  `slide_id` = 2 ORDER BY `list_order` ASC LIMIT 1 [ RunTime:0.000570s ]
[2026-04-20T21:29:23+08:00][sql] SHOW FULL COLUMNS FROM `cmf_theme_file` [ RunTime:0.001676s ]
[2026-04-20T21:29:23+08:00][sql] SELECT `more`,`file`,`id` FROM `cmf_theme_file` WHERE  `theme` = 'simpleboot3'  AND (  `is_public` = 1 OR `file` = 'portal/product' ) ORDER BY `is_public` DESC [ RunTime:0.000701s ]
[2026-04-20T21:29:23+08:00][sql] SELECT `option_value` FROM `cmf_option` WHERE  `option_name` = 'storage' LIMIT 1 [ RunTime:0.000362s ]
[2026-04-20T21:29:25+08:00][sql] CONNECT:[ UseTime:0.001359s ] mysql:host=127.0.0.1;port=3306;dbname=weihua;charset=utf8mb4
[2026-04-20T21:29:25+08:00][sql] SHOW FULL COLUMNS FROM `cmf_option` [ RunTime:0.003167s ]
[2026-04-20T21:29:25+08:00][sql] SELECT `option_value` FROM `cmf_option` WHERE  `option_name` = 'cdn_settings' LIMIT 1 [ RunTime:0.000375s ]
[2026-04-20T21:29:25+08:00][sql] SELECT `option_value` FROM `cmf_option` WHERE  `option_name` = 'cdn_settings' LIMIT 1 [ RunTime:0.000291s ]
[2026-04-20T21:29:25+08:00][sql] SHOW FULL COLUMNS FROM `cmf_product_category` [ RunTime:0.001617s ]
[2026-04-20T21:29:25+08:00][sql] SELECT * FROM `cmf_product_category` WHERE  `parent_id` = 0 ORDER BY `list_order` ASC,`create_time` DESC [ RunTime:0.000536s ]
[2026-04-20T21:29:25+08:00][sql] SELECT * FROM `cmf_product_category` WHERE  `parent_id` IN (18,19,20,21,22,23,24,25,26,27) [ RunTime:0.000384s ]
[2026-04-20T21:29:25+08:00][sql] SHOW FULL COLUMNS FROM `cmf_portal_category` [ RunTime:0.001405s ]
[2026-04-20T21:29:25+08:00][sql] SELECT * FROM `cmf_portal_category` WHERE (  `type` = 8 ) AND `cmf_portal_category`.`delete_time` = '0' ORDER BY `list_order` ASC [ RunTime:0.000374s ]
[2026-04-20T21:29:25+08:00][sql] SHOW FULL COLUMNS FROM `cmf_slide_item` [ RunTime:0.001836s ]
[2026-04-20T21:29:25+08:00][sql] SELECT `title`,`image`,`content` FROM `cmf_slide_item` WHERE  `slide_id` = 1 ORDER BY `list_order` ASC [ RunTime:0.000487s ]
[2026-04-20T21:29:25+08:00][sql] SHOW FULL COLUMNS FROM `cmf_product` [ RunTime:0.001519s ]
[2026-04-20T21:29:25+08:00][sql] SELECT `id`,`title`,`thumbnail`,`industry` FROM `cmf_product` WHERE  `is_recommended` = 1  AND `category_id` = 18 ORDER BY `list_order` ASC LIMIT 6 [ RunTime:0.000816s ]
[2026-04-20T21:29:25+08:00][sql] SELECT `id`,`title`,`thumbnail`,`industry` FROM `cmf_product` WHERE  `is_recommended` = 1  AND `category_id` = 19 ORDER BY `list_order` ASC LIMIT 6 [ RunTime:0.000549s ]
[2026-04-20T21:29:25+08:00][sql] SELECT `id`,`title`,`thumbnail`,`industry` FROM `cmf_product` WHERE  `is_recommended` = 1  AND `category_id` = 20 ORDER BY `list_order` ASC LIMIT 6 [ RunTime:0.000513s ]
[2026-04-20T21:29:25+08:00][sql] SELECT `id`,`title`,`thumbnail`,`industry` FROM `cmf_product` WHERE  `is_recommended` = 1  AND `category_id` = 21 ORDER BY `list_order` ASC LIMIT 6 [ RunTime:0.000564s ]
[2026-04-20T21:29:25+08:00][sql] SELECT `id`,`title`,`thumbnail`,`industry` FROM `cmf_product` WHERE  `is_recommended` = 1  AND `category_id` = 22 ORDER BY `list_order` ASC LIMIT 6 [ RunTime:0.000446s ]
[2026-04-20T21:29:25+08:00][sql] SELECT `id`,`title`,`thumbnail`,`industry` FROM `cmf_product` WHERE  `is_recommended` = 1  AND `category_id` = 23 ORDER BY `list_order` ASC LIMIT 6 [ RunTime:0.000466s ]
[2026-04-20T21:29:25+08:00][sql] SELECT `id`,`title`,`thumbnail`,`industry` FROM `cmf_product` WHERE  `is_recommended` = 1  AND `category_id` = 24 ORDER BY `list_order` ASC LIMIT 6 [ RunTime:0.000460s ]
[2026-04-20T21:29:25+08:00][sql] SELECT `id`,`title`,`thumbnail`,`industry` FROM `cmf_product` WHERE  `is_recommended` = 1  AND `category_id` = 25 ORDER BY `list_order` ASC LIMIT 6 [ RunTime:0.000495s ]
[2026-04-20T21:29:25+08:00][sql] SELECT `id`,`title`,`thumbnail`,`industry` FROM `cmf_product` WHERE  `is_recommended` = 1  AND `category_id` = 26 ORDER BY `list_order` ASC LIMIT 6 [ RunTime:0.000528s ]
[2026-04-20T21:29:25+08:00][sql] SELECT `id`,`title`,`thumbnail`,`industry` FROM `cmf_product` WHERE  `is_recommended` = 1  AND `category_id` = 27 ORDER BY `list_order` ASC LIMIT 6 [ RunTime:0.000474s ]
[2026-04-20T21:29:25+08:00][sql] SHOW FULL COLUMNS FROM `cmf_portal_post` [ RunTime:0.002815s ]
[2026-04-20T21:29:25+08:00][sql] SELECT `p`.`id`,`p`.`post_title`,`p`.`post_excerpt`,`p`.`thumbnail`,`p`.`create_time`,`c`.`category_id` FROM `cmf_portal_post` `p` INNER JOIN `cmf_portal_category_post` `c` ON `p`.`id`=`c`.`post_id` WHERE (  `p`.`post_type` = '8' ) AND `p`.`delete_time` = '0' ORDER BY `c`.`list_order` ASC,`p`.`create_time` DESC LIMIT 4 [ RunTime:0.000594s ]
[2026-04-20T21:29:25+08:00][sql] SHOW FULL COLUMNS FROM `cmf_theme_file` [ RunTime:0.001307s ]
[2026-04-20T21:29:25+08:00][sql] SELECT `more`,`file`,`id` FROM `cmf_theme_file` WHERE  `theme` = 'simpleboot3'  AND (  `is_public` = 1 OR `file` = 'portal/index' ) ORDER BY `is_public` DESC [ RunTime:0.000428s ]
[2026-04-20T21:29:25+08:00][sql] SELECT `option_value` FROM `cmf_option` WHERE  `option_name` = 'storage' LIMIT 1 [ RunTime:0.000546s ]
[2026-04-20T21:30:22+08:00][sql] CONNECT:[ UseTime:0.001358s ] mysql:host=127.0.0.1;port=3306;dbname=weihua;charset=utf8mb4
[2026-04-20T21:30:22+08:00][sql] SHOW FULL COLUMNS FROM `cmf_option` [ RunTime:0.002609s ]
[2026-04-20T21:30:22+08:00][sql] SELECT `option_value` FROM `cmf_option` WHERE  `option_name` = 'cdn_settings' LIMIT 1 [ RunTime:0.000415s ]
[2026-04-20T21:30:22+08:00][sql] SELECT `option_value` FROM `cmf_option` WHERE  `option_name` = 'cdn_settings' LIMIT 1 [ RunTime:0.000276s ]
[2026-04-20T21:30:22+08:00][sql] SHOW FULL COLUMNS FROM `cmf_product_category` [ RunTime:0.001638s ]
[2026-04-20T21:30:22+08:00][sql] SELECT * FROM `cmf_product_category` WHERE  `parent_id` = 0 ORDER BY `list_order` ASC,`create_time` DESC [ RunTime:0.000503s ]
[2026-04-20T21:30:22+08:00][sql] SELECT * FROM `cmf_product_category` WHERE  `parent_id` IN (18,19,20,21,22,23,24,25,26,27) [ RunTime:0.000270s ]
[2026-04-20T21:30:22+08:00][sql] SHOW FULL COLUMNS FROM `cmf_portal_category` [ RunTime:0.001297s ]
[2026-04-20T21:30:22+08:00][sql] SELECT * FROM `cmf_portal_category` WHERE (  `type` = 8 ) AND `cmf_portal_category`.`delete_time` = '0' ORDER BY `list_order` ASC [ RunTime:0.000402s ]
[2026-04-20T21:30:22+08:00][sql] SHOW FULL COLUMNS FROM `cmf_slide_item` [ RunTime:0.001384s ]
[2026-04-20T21:30:22+08:00][sql] SELECT `title`,`image`,`content` FROM `cmf_slide_item` WHERE  `slide_id` = 1 ORDER BY `list_order` ASC [ RunTime:0.000537s ]
[2026-04-20T21:30:22+08:00][sql] SHOW FULL COLUMNS FROM `cmf_product` [ RunTime:0.001239s ]
[2026-04-20T21:30:22+08:00][sql] SELECT `id`,`title`,`thumbnail`,`industry` FROM `cmf_product` WHERE  `is_recommended` = 1  AND `category_id` = 18 ORDER BY `list_order` ASC LIMIT 6 [ RunTime:0.000450s ]
[2026-04-20T21:30:22+08:00][sql] SELECT `id`,`title`,`thumbnail`,`industry` FROM `cmf_product` WHERE  `is_recommended` = 1  AND `category_id` = 19 ORDER BY `list_order` ASC LIMIT 6 [ RunTime:0.000219s ]
[2026-04-20T21:30:22+08:00][sql] SELECT `id`,`title`,`thumbnail`,`industry` FROM `cmf_product` WHERE  `is_recommended` = 1  AND `category_id` = 20 ORDER BY `list_order` ASC LIMIT 6 [ RunTime:0.000191s ]
[2026-04-20T21:30:22+08:00][sql] SELECT `id`,`title`,`thumbnail`,`industry` FROM `cmf_product` WHERE  `is_recommended` = 1  AND `category_id` = 21 ORDER BY `list_order` ASC LIMIT 6 [ RunTime:0.000188s ]
[2026-04-20T21:30:22+08:00][sql] SELECT `id`,`title`,`thumbnail`,`industry` FROM `cmf_product` WHERE  `is_recommended` = 1  AND `category_id` = 22 ORDER BY `list_order` ASC LIMIT 6 [ RunTime:0.000185s ]
[2026-04-20T21:30:22+08:00][sql] SELECT `id`,`title`,`thumbnail`,`industry` FROM `cmf_product` WHERE  `is_recommended` = 1  AND `category_id` = 23 ORDER BY `list_order` ASC LIMIT 6 [ RunTime:0.000170s ]
[2026-04-20T21:30:22+08:00][sql] SELECT `id`,`title`,`thumbnail`,`industry` FROM `cmf_product` WHERE  `is_recommended` = 1  AND `category_id` = 24 ORDER BY `list_order` ASC LIMIT 6 [ RunTime:0.000165s ]
[2026-04-20T21:30:22+08:00][sql] SELECT `id`,`title`,`thumbnail`,`industry` FROM `cmf_product` WHERE  `is_recommended` = 1  AND `category_id` = 25 ORDER BY `list_order` ASC LIMIT 6 [ RunTime:0.000188s ]
[2026-04-20T21:30:22+08:00][sql] SELECT `id`,`title`,`thumbnail`,`industry` FROM `cmf_product` WHERE  `is_recommended` = 1  AND `category_id` = 26 ORDER BY `list_order` ASC LIMIT 6 [ RunTime:0.000185s ]
[2026-04-20T21:30:22+08:00][sql] SELECT `id`,`title`,`thumbnail`,`industry` FROM `cmf_product` WHERE  `is_recommended` = 1  AND `category_id` = 27 ORDER BY `list_order` ASC LIMIT 6 [ RunTime:0.000182s ]
[2026-04-20T21:30:22+08:00][sql] SHOW FULL COLUMNS FROM `cmf_portal_post` [ RunTime:0.001252s ]
[2026-04-20T21:30:22+08:00][sql] SELECT `p`.`id`,`p`.`post_title`,`p`.`post_excerpt`,`p`.`thumbnail`,`p`.`create_time`,`c`.`category_id` FROM `cmf_portal_post` `p` INNER JOIN `cmf_portal_category_post` `c` ON `p`.`id`=`c`.`post_id` WHERE (  `p`.`post_type` = '8' ) AND `p`.`delete_time` = '0' ORDER BY `c`.`list_order` ASC,`p`.`create_time` DESC LIMIT 4 [ RunTime:0.000434s ]
[2026-04-20T21:30:22+08:00][sql] SHOW FULL COLUMNS FROM `cmf_theme_file` [ RunTime:0.001169s ]
[2026-04-20T21:30:22+08:00][sql] SELECT `more`,`file`,`id` FROM `cmf_theme_file` WHERE  `theme` = 'simpleboot3'  AND (  `is_public` = 1 OR `file` = 'portal/index' ) ORDER BY `is_public` DESC [ RunTime:0.000414s ]
[2026-04-20T21:30:22+08:00][sql] SELECT `option_value` FROM `cmf_option` WHERE  `option_name` = 'storage' LIMIT 1 [ RunTime:0.000416s ]
[2026-04-20T21:31:02+08:00][sql] CONNECT:[ UseTime:0.000920s ] mysql:host=127.0.0.1;port=3306;dbname=weihua;charset=utf8mb4
[2026-04-20T21:31:02+08:00][sql] SHOW FULL COLUMNS FROM `cmf_option` [ RunTime:0.002072s ]
[2026-04-20T21:31:02+08:00][sql] SELECT `option_value` FROM `cmf_option` WHERE  `option_name` = 'cdn_settings' LIMIT 1 [ RunTime:0.000284s ]
[2026-04-20T21:31:02+08:00][sql] SELECT `option_value` FROM `cmf_option` WHERE  `option_name` = 'cdn_settings' LIMIT 1 [ RunTime:0.000308s ]
[2026-04-20T21:31:02+08:00][sql] SHOW FULL COLUMNS FROM `cmf_product_category` [ RunTime:0.001277s ]
[2026-04-20T21:31:02+08:00][sql] SELECT * FROM `cmf_product_category` WHERE  `parent_id` = 0 ORDER BY `list_order` ASC,`create_time` DESC [ RunTime:0.000342s ]
[2026-04-20T21:31:02+08:00][sql] SELECT * FROM `cmf_product_category` WHERE  `parent_id` IN (18,19,20,21,22,23,24,25,26,27) [ RunTime:0.000273s ]
[2026-04-20T21:31:02+08:00][sql] SHOW FULL COLUMNS FROM `cmf_portal_category` [ RunTime:0.001161s ]
[2026-04-20T21:31:02+08:00][sql] SELECT * FROM `cmf_portal_category` WHERE (  `type` = 8 ) AND `cmf_portal_category`.`delete_time` = '0' ORDER BY `list_order` ASC [ RunTime:0.000378s ]
[2026-04-20T21:31:02+08:00][sql] SHOW FULL COLUMNS FROM `cmf_slide_item` [ RunTime:0.001303s ]
[2026-04-20T21:31:02+08:00][sql] SELECT `title`,`image`,`content` FROM `cmf_slide_item` WHERE  `slide_id` = 1 ORDER BY `list_order` ASC [ RunTime:0.000464s ]
[2026-04-20T21:31:02+08:00][sql] SHOW FULL COLUMNS FROM `cmf_product` [ RunTime:0.001286s ]
[2026-04-20T21:31:02+08:00][sql] SELECT `id`,`title`,`thumbnail`,`industry` FROM `cmf_product` WHERE  `is_recommended` = 1  AND `category_id` = 18 ORDER BY `list_order` ASC LIMIT 6 [ RunTime:0.000523s ]
[2026-04-20T21:31:02+08:00][sql] SELECT `id`,`title`,`thumbnail`,`industry` FROM `cmf_product` WHERE  `is_recommended` = 1  AND `category_id` = 19 ORDER BY `list_order` ASC LIMIT 6 [ RunTime:0.000215s ]
[2026-04-20T21:31:02+08:00][sql] SELECT `id`,`title`,`thumbnail`,`industry` FROM `cmf_product` WHERE  `is_recommended` = 1  AND `category_id` = 20 ORDER BY `list_order` ASC LIMIT 6 [ RunTime:0.000245s ]
[2026-04-20T21:31:02+08:00][sql] SELECT `id`,`title`,`thumbnail`,`industry` FROM `cmf_product` WHERE  `is_recommended` = 1  AND `category_id` = 21 ORDER BY `list_order` ASC LIMIT 6 [ RunTime:0.000240s ]
[2026-04-20T21:31:02+08:00][sql] SELECT `id`,`title`,`thumbnail`,`industry` FROM `cmf_product` WHERE  `is_recommended` = 1  AND `category_id` = 22 ORDER BY `list_order` ASC LIMIT 6 [ RunTime:0.000210s ]
[2026-04-20T21:31:02+08:00][sql] SELECT `id`,`title`,`thumbnail`,`industry` FROM `cmf_product` WHERE  `is_recommended` = 1  AND `category_id` = 23 ORDER BY `list_order` ASC LIMIT 6 [ RunTime:0.000180s ]
[2026-04-20T21:31:02+08:00][sql] SELECT `id`,`title`,`thumbnail`,`industry` FROM `cmf_product` WHERE  `is_recommended` = 1  AND `category_id` = 24 ORDER BY `list_order` ASC LIMIT 6 [ RunTime:0.000210s ]
[2026-04-20T21:31:02+08:00][sql] SELECT `id`,`title`,`thumbnail`,`industry` FROM `cmf_product` WHERE  `is_recommended` = 1  AND `category_id` = 25 ORDER BY `list_order` ASC LIMIT 6 [ RunTime:0.000243s ]
[2026-04-20T21:31:02+08:00][sql] SELECT `id`,`title`,`thumbnail`,`industry` FROM `cmf_product` WHERE  `is_recommended` = 1  AND `category_id` = 26 ORDER BY `list_order` ASC LIMIT 6 [ RunTime:0.000204s ]
[2026-04-20T21:31:02+08:00][sql] SELECT `id`,`title`,`thumbnail`,`industry` FROM `cmf_product` WHERE  `is_recommended` = 1  AND `category_id` = 27 ORDER BY `list_order` ASC LIMIT 6 [ RunTime:0.000167s ]
[2026-04-20T21:31:02+08:00][sql] SHOW FULL COLUMNS FROM `cmf_portal_post` [ RunTime:0.001433s ]
[2026-04-20T21:31:02+08:00][sql] SELECT `p`.`id`,`p`.`post_title`,`p`.`post_excerpt`,`p`.`thumbnail`,`p`.`create_time`,`c`.`category_id` FROM `cmf_portal_post` `p` INNER JOIN `cmf_portal_category_post` `c` ON `p`.`id`=`c`.`post_id` WHERE (  `p`.`post_type` = '8' ) AND `p`.`delete_time` = '0' ORDER BY `c`.`list_order` ASC,`p`.`create_time` DESC LIMIT 4 [ RunTime:0.000497s ]
[2026-04-20T21:31:02+08:00][sql] SHOW FULL COLUMNS FROM `cmf_theme_file` [ RunTime:0.001374s ]
[2026-04-20T21:31:02+08:00][sql] SELECT `more`,`file`,`id` FROM `cmf_theme_file` WHERE  `theme` = 'simpleboot3'  AND (  `is_public` = 1 OR `file` = 'portal/index' ) ORDER BY `is_public` DESC [ RunTime:0.000431s ]
[2026-04-20T21:31:02+08:00][sql] SELECT `option_value` FROM `cmf_option` WHERE  `option_name` = 'storage' LIMIT 1 [ RunTime:0.000344s ]
[2026-04-20T21:31:07+08:00][sql] CONNECT:[ UseTime:0.001270s ] mysql:host=127.0.0.1;port=3306;dbname=weihua;charset=utf8mb4
[2026-04-20T21:31:07+08:00][sql] SHOW FULL COLUMNS FROM `cmf_option` [ RunTime:0.001715s ]
[2026-04-20T21:31:07+08:00][sql] SELECT `option_value` FROM `cmf_option` WHERE  `option_name` = 'cdn_settings' LIMIT 1 [ RunTime:0.000383s ]
[2026-04-20T21:31:07+08:00][sql] SELECT `option_value` FROM `cmf_option` WHERE  `option_name` = 'cdn_settings' LIMIT 1 [ RunTime:0.000263s ]
[2026-04-20T21:31:07+08:00][sql] SHOW FULL COLUMNS FROM `cmf_product_category` [ RunTime:0.001313s ]
[2026-04-20T21:31:07+08:00][sql] SELECT * FROM `cmf_product_category` WHERE  `parent_id` = 0 ORDER BY `list_order` ASC,`create_time` DESC [ RunTime:0.000435s ]
[2026-04-20T21:31:07+08:00][sql] SELECT * FROM `cmf_product_category` WHERE  `parent_id` IN (18,19,20,21,22,23,24,25,26,27) [ RunTime:0.000292s ]
[2026-04-20T21:31:07+08:00][sql] SHOW FULL COLUMNS FROM `cmf_portal_category` [ RunTime:0.001289s ]
[2026-04-20T21:31:07+08:00][sql] SELECT * FROM `cmf_portal_category` WHERE (  `type` = 8 ) AND `cmf_portal_category`.`delete_time` = '0' ORDER BY `list_order` ASC [ RunTime:0.000455s ]
[2026-04-20T21:31:07+08:00][sql] SHOW FULL COLUMNS FROM `cmf_slide_item` [ RunTime:0.001516s ]
[2026-04-20T21:31:07+08:00][sql] SELECT `title`,`image`,`content` FROM `cmf_slide_item` WHERE  `slide_id` = 1 ORDER BY `list_order` ASC [ RunTime:0.000314s ]
[2026-04-20T21:31:07+08:00][sql] SHOW FULL COLUMNS FROM `cmf_product` [ RunTime:0.001072s ]
[2026-04-20T21:31:07+08:00][sql] SELECT `id`,`title`,`thumbnail`,`industry` FROM `cmf_product` WHERE  `is_recommended` = 1  AND `category_id` = 18 ORDER BY `list_order` ASC LIMIT 6 [ RunTime:0.000400s ]
[2026-04-20T21:31:07+08:00][sql] SELECT `id`,`title`,`thumbnail`,`industry` FROM `cmf_product` WHERE  `is_recommended` = 1  AND `category_id` = 19 ORDER BY `list_order` ASC LIMIT 6 [ RunTime:0.000743s ]
[2026-04-20T21:31:07+08:00][sql] SELECT `id`,`title`,`thumbnail`,`industry` FROM `cmf_product` WHERE  `is_recommended` = 1  AND `category_id` = 20 ORDER BY `list_order` ASC LIMIT 6 [ RunTime:0.000457s ]
[2026-04-20T21:31:07+08:00][sql] SELECT `id`,`title`,`thumbnail`,`industry` FROM `cmf_product` WHERE  `is_recommended` = 1  AND `category_id` = 21 ORDER BY `list_order` ASC LIMIT 6 [ RunTime:0.000515s ]
[2026-04-20T21:31:07+08:00][sql] SELECT `id`,`title`,`thumbnail`,`industry` FROM `cmf_product` WHERE  `is_recommended` = 1  AND `category_id` = 22 ORDER BY `list_order` ASC LIMIT 6 [ RunTime:0.000492s ]
[2026-04-20T21:31:07+08:00][sql] SELECT `id`,`title`,`thumbnail`,`industry` FROM `cmf_product` WHERE  `is_recommended` = 1  AND `category_id` = 23 ORDER BY `list_order` ASC LIMIT 6 [ RunTime:0.000257s ]
[2026-04-20T21:31:07+08:00][sql] SELECT `id`,`title`,`thumbnail`,`industry` FROM `cmf_product` WHERE  `is_recommended` = 1  AND `category_id` = 24 ORDER BY `list_order` ASC LIMIT 6 [ RunTime:0.000235s ]
[2026-04-20T21:31:07+08:00][sql] SELECT `id`,`title`,`thumbnail`,`industry` FROM `cmf_product` WHERE  `is_recommended` = 1  AND `category_id` = 25 ORDER BY `list_order` ASC LIMIT 6 [ RunTime:0.000399s ]
[2026-04-20T21:31:07+08:00][sql] SELECT `id`,`title`,`thumbnail`,`industry` FROM `cmf_product` WHERE  `is_recommended` = 1  AND `category_id` = 26 ORDER BY `list_order` ASC LIMIT 6 [ RunTime:0.000494s ]
[2026-04-20T21:31:07+08:00][sql] SELECT `id`,`title`,`thumbnail`,`industry` FROM `cmf_product` WHERE  `is_recommended` = 1  AND `category_id` = 27 ORDER BY `list_order` ASC LIMIT 6 [ RunTime:0.000453s ]
[2026-04-20T21:31:07+08:00][sql] SHOW FULL COLUMNS FROM `cmf_portal_post` [ RunTime:0.003071s ]
[2026-04-20T21:31:07+08:00][sql] SELECT `p`.`id`,`p`.`post_title`,`p`.`post_excerpt`,`p`.`thumbnail`,`p`.`create_time`,`c`.`category_id` FROM `cmf_portal_post` `p` INNER JOIN `cmf_portal_category_post` `c` ON `p`.`id`=`c`.`post_id` WHERE (  `p`.`post_type` = '8' ) AND `p`.`delete_time` = '0' ORDER BY `c`.`list_order` ASC,`p`.`create_time` DESC LIMIT 4 [ RunTime:0.000751s ]
[2026-04-20T21:31:07+08:00][sql] SHOW FULL COLUMNS FROM `cmf_theme_file` [ RunTime:0.003268s ]
[2026-04-20T21:31:07+08:00][sql] SELECT `more`,`file`,`id` FROM `cmf_theme_file` WHERE  `theme` = 'simpleboot3'  AND (  `is_public` = 1 OR `file` = 'portal/index' ) ORDER BY `is_public` DESC [ RunTime:0.000920s ]
[2026-04-20T21:31:07+08:00][sql] SELECT `option_value` FROM `cmf_option` WHERE  `option_name` = 'storage' LIMIT 1 [ RunTime:0.000407s ]
[2026-04-20T21:31:21+08:00][sql] CONNECT:[ UseTime:0.005590s ] mysql:host=127.0.0.1;port=3306;dbname=weihua;charset=utf8mb4
[2026-04-20T21:31:21+08:00][sql] SHOW FULL COLUMNS FROM `cmf_option` [ RunTime:0.002864s ]
[2026-04-20T21:31:21+08:00][sql] SELECT `option_value` FROM `cmf_option` WHERE  `option_name` = 'cdn_settings' LIMIT 1 [ RunTime:0.000470s ]
[2026-04-20T21:31:21+08:00][sql] SELECT `option_value` FROM `cmf_option` WHERE  `option_name` = 'cdn_settings' LIMIT 1 [ RunTime:0.000306s ]
[2026-04-20T21:31:21+08:00][sql] SHOW FULL COLUMNS FROM `cmf_product_category` [ RunTime:0.001851s ]
[2026-04-20T21:31:21+08:00][sql] SELECT * FROM `cmf_product_category` WHERE  `parent_id` = 0 ORDER BY `list_order` ASC,`create_time` DESC [ RunTime:0.000551s ]
[2026-04-20T21:31:21+08:00][sql] SELECT * FROM `cmf_product_category` WHERE  `parent_id` IN (18,19,20,21,22,23,24,25,26,27) [ RunTime:0.000407s ]
[2026-04-20T21:31:21+08:00][sql] SHOW FULL COLUMNS FROM `cmf_portal_category` [ RunTime:0.001554s ]
[2026-04-20T21:31:21+08:00][sql] SELECT * FROM `cmf_portal_category` WHERE (  `type` = 8 ) AND `cmf_portal_category`.`delete_time` = '0' ORDER BY `list_order` ASC [ RunTime:0.000532s ]
[2026-04-20T21:31:21+08:00][sql] SHOW FULL COLUMNS FROM `cmf_slide_item` [ RunTime:0.004438s ]
[2026-04-20T21:31:21+08:00][sql] SELECT `title`,`image`,`content` FROM `cmf_slide_item` WHERE  `slide_id` = 1 ORDER BY `list_order` ASC [ RunTime:0.001753s ]
[2026-04-20T21:31:21+08:00][sql] SHOW FULL COLUMNS FROM `cmf_product` [ RunTime:0.001986s ]
[2026-04-20T21:31:21+08:00][sql] SELECT `id`,`title`,`thumbnail`,`industry` FROM `cmf_product` WHERE  `is_recommended` = 1  AND `category_id` = 18 ORDER BY `list_order` ASC LIMIT 6 [ RunTime:0.000585s ]
[2026-04-20T21:31:21+08:00][sql] SELECT `id`,`title`,`thumbnail`,`industry` FROM `cmf_product` WHERE  `is_recommended` = 1  AND `category_id` = 19 ORDER BY `list_order` ASC LIMIT 6 [ RunTime:0.000260s ]
[2026-04-20T21:31:21+08:00][sql] SELECT `id`,`title`,`thumbnail`,`industry` FROM `cmf_product` WHERE  `is_recommended` = 1  AND `category_id` = 20 ORDER BY `list_order` ASC LIMIT 6 [ RunTime:0.000210s ]
[2026-04-20T21:31:21+08:00][sql] SELECT `id`,`title`,`thumbnail`,`industry` FROM `cmf_product` WHERE  `is_recommended` = 1  AND `category_id` = 21 ORDER BY `list_order` ASC LIMIT 6 [ RunTime:0.000201s ]
[2026-04-20T21:31:21+08:00][sql] SELECT `id`,`title`,`thumbnail`,`industry` FROM `cmf_product` WHERE  `is_recommended` = 1  AND `category_id` = 22 ORDER BY `list_order` ASC LIMIT 6 [ RunTime:0.000224s ]
[2026-04-20T21:31:21+08:00][sql] SELECT `id`,`title`,`thumbnail`,`industry` FROM `cmf_product` WHERE  `is_recommended` = 1  AND `category_id` = 23 ORDER BY `list_order` ASC LIMIT 6 [ RunTime:0.000210s ]
[2026-04-20T21:31:21+08:00][sql] SELECT `id`,`title`,`thumbnail`,`industry` FROM `cmf_product` WHERE  `is_recommended` = 1  AND `category_id` = 24 ORDER BY `list_order` ASC LIMIT 6 [ RunTime:0.000220s ]
[2026-04-20T21:31:21+08:00][sql] SELECT `id`,`title`,`thumbnail`,`industry` FROM `cmf_product` WHERE  `is_recommended` = 1  AND `category_id` = 25 ORDER BY `list_order` ASC LIMIT 6 [ RunTime:0.000172s ]
[2026-04-20T21:31:21+08:00][sql] SELECT `id`,`title`,`thumbnail`,`industry` FROM `cmf_product` WHERE  `is_recommended` = 1  AND `category_id` = 26 ORDER BY `list_order` ASC LIMIT 6 [ RunTime:0.000170s ]
[2026-04-20T21:31:21+08:00][sql] SELECT `id`,`title`,`thumbnail`,`industry` FROM `cmf_product` WHERE  `is_recommended` = 1  AND `category_id` = 27 ORDER BY `list_order` ASC LIMIT 6 [ RunTime:0.000189s ]
[2026-04-20T21:31:21+08:00][sql] SHOW FULL COLUMNS FROM `cmf_portal_post` [ RunTime:0.001437s ]
[2026-04-20T21:31:21+08:00][sql] SELECT `p`.`id`,`p`.`post_title`,`p`.`post_excerpt`,`p`.`thumbnail`,`p`.`create_time`,`c`.`category_id` FROM `cmf_portal_post` `p` INNER JOIN `cmf_portal_category_post` `c` ON `p`.`id`=`c`.`post_id` WHERE (  `p`.`post_type` = '8' ) AND `p`.`delete_time` = '0' ORDER BY `c`.`list_order` ASC,`p`.`create_time` DESC LIMIT 4 [ RunTime:0.000501s ]
[2026-04-20T21:31:21+08:00][sql] SHOW FULL COLUMNS FROM `cmf_theme_file` [ RunTime:0.001106s ]
[2026-04-20T21:31:21+08:00][sql] SELECT `more`,`file`,`id` FROM `cmf_theme_file` WHERE  `theme` = 'simpleboot3'  AND (  `is_public` = 1 OR `file` = 'portal/index' ) ORDER BY `is_public` DESC [ RunTime:0.000469s ]
[2026-04-20T21:31:21+08:00][sql] SELECT `option_value` FROM `cmf_option` WHERE  `option_name` = 'storage' LIMIT 1 [ RunTime:0.000940s ]
[2026-04-20T21:32:29+08:00][sql] CONNECT:[ UseTime:0.001096s ] mysql:host=127.0.0.1;port=3306;dbname=weihua;charset=utf8mb4
[2026-04-20T21:32:29+08:00][sql] SHOW FULL COLUMNS FROM `cmf_option` [ RunTime:0.002955s ]
[2026-04-20T21:32:29+08:00][sql] SELECT `option_value` FROM `cmf_option` WHERE  `option_name` = 'cdn_settings' LIMIT 1 [ RunTime:0.000428s ]
[2026-04-20T21:32:29+08:00][sql] SELECT `option_value` FROM `cmf_option` WHERE  `option_name` = 'cdn_settings' LIMIT 1 [ RunTime:0.000217s ]
[2026-04-20T21:32:29+08:00][sql] SHOW FULL COLUMNS FROM `cmf_product_category` [ RunTime:0.001431s ]
[2026-04-20T21:32:29+08:00][sql] SELECT * FROM `cmf_product_category` WHERE  `parent_id` = 0 ORDER BY `list_order` ASC,`create_time` DESC [ RunTime:0.000424s ]
[2026-04-20T21:32:29+08:00][sql] SELECT * FROM `cmf_product_category` WHERE  `parent_id` IN (18,19,20,21,22,23,24,25,26,27) [ RunTime:0.000356s ]
[2026-04-20T21:32:29+08:00][sql] SHOW FULL COLUMNS FROM `cmf_portal_category` [ RunTime:0.001606s ]
[2026-04-20T21:32:29+08:00][sql] SELECT * FROM `cmf_portal_category` WHERE (  `type` = 8 ) AND `cmf_portal_category`.`delete_time` = '0' ORDER BY `list_order` ASC [ RunTime:0.000432s ]
[2026-04-20T21:32:29+08:00][sql] SHOW FULL COLUMNS FROM `cmf_slide_item` [ RunTime:0.001547s ]
[2026-04-20T21:32:29+08:00][sql] SELECT `title`,`image`,`content` FROM `cmf_slide_item` WHERE  `slide_id` = 1 ORDER BY `list_order` ASC [ RunTime:0.000326s ]
[2026-04-20T21:32:29+08:00][sql] SHOW FULL COLUMNS FROM `cmf_product` [ RunTime:0.001204s ]
[2026-04-20T21:32:29+08:00][sql] SELECT `id`,`title`,`thumbnail`,`industry` FROM `cmf_product` WHERE  `is_recommended` = 1  AND `category_id` = 18 ORDER BY `list_order` ASC LIMIT 6 [ RunTime:0.000468s ]
[2026-04-20T21:32:29+08:00][sql] SELECT `id`,`title`,`thumbnail`,`industry` FROM `cmf_product` WHERE  `is_recommended` = 1  AND `category_id` = 19 ORDER BY `list_order` ASC LIMIT 6 [ RunTime:0.000233s ]
[2026-04-20T21:32:29+08:00][sql] SELECT `id`,`title`,`thumbnail`,`industry` FROM `cmf_product` WHERE  `is_recommended` = 1  AND `category_id` = 20 ORDER BY `list_order` ASC LIMIT 6 [ RunTime:0.000217s ]
[2026-04-20T21:32:29+08:00][sql] SELECT `id`,`title`,`thumbnail`,`industry` FROM `cmf_product` WHERE  `is_recommended` = 1  AND `category_id` = 21 ORDER BY `list_order` ASC LIMIT 6 [ RunTime:0.000250s ]
[2026-04-20T21:32:29+08:00][sql] SELECT `id`,`title`,`thumbnail`,`industry` FROM `cmf_product` WHERE  `is_recommended` = 1  AND `category_id` = 22 ORDER BY `list_order` ASC LIMIT 6 [ RunTime:0.000254s ]
[2026-04-20T21:32:29+08:00][sql] SELECT `id`,`title`,`thumbnail`,`industry` FROM `cmf_product` WHERE  `is_recommended` = 1  AND `category_id` = 23 ORDER BY `list_order` ASC LIMIT 6 [ RunTime:0.000210s ]
[2026-04-20T21:32:29+08:00][sql] SELECT `id`,`title`,`thumbnail`,`industry` FROM `cmf_product` WHERE  `is_recommended` = 1  AND `category_id` = 24 ORDER BY `list_order` ASC LIMIT 6 [ RunTime:0.000219s ]
[2026-04-20T21:32:29+08:00][sql] SELECT `id`,`title`,`thumbnail`,`industry` FROM `cmf_product` WHERE  `is_recommended` = 1  AND `category_id` = 25 ORDER BY `list_order` ASC LIMIT 6 [ RunTime:0.000200s ]
[2026-04-20T21:32:29+08:00][sql] SELECT `id`,`title`,`thumbnail`,`industry` FROM `cmf_product` WHERE  `is_recommended` = 1  AND `category_id` = 26 ORDER BY `list_order` ASC LIMIT 6 [ RunTime:0.000197s ]
[2026-04-20T21:32:29+08:00][sql] SELECT `id`,`title`,`thumbnail`,`industry` FROM `cmf_product` WHERE  `is_recommended` = 1  AND `category_id` = 27 ORDER BY `list_order` ASC LIMIT 6 [ RunTime:0.000202s ]
[2026-04-20T21:32:29+08:00][sql] SHOW FULL COLUMNS FROM `cmf_portal_post` [ RunTime:0.001576s ]
[2026-04-20T21:32:29+08:00][sql] SELECT `p`.`id`,`p`.`post_title`,`p`.`post_excerpt`,`p`.`thumbnail`,`p`.`create_time`,`c`.`category_id` FROM `cmf_portal_post` `p` INNER JOIN `cmf_portal_category_post` `c` ON `p`.`id`=`c`.`post_id` WHERE (  `p`.`post_type` = '8' ) AND `p`.`delete_time` = '0' ORDER BY `c`.`list_order` ASC,`p`.`create_time` DESC LIMIT 4 [ RunTime:0.000515s ]
[2026-04-20T21:32:29+08:00][sql] SHOW FULL COLUMNS FROM `cmf_theme_file` [ RunTime:0.001191s ]
[2026-04-20T21:32:29+08:00][sql] SELECT `more`,`file`,`id` FROM `cmf_theme_file` WHERE  `theme` = 'simpleboot3'  AND (  `is_public` = 1 OR `file` = 'portal/index' ) ORDER BY `is_public` DESC [ RunTime:0.000395s ]
[2026-04-20T21:32:29+08:00][sql] SELECT `option_value` FROM `cmf_option` WHERE  `option_name` = 'storage' LIMIT 1 [ RunTime:0.000605s ]
[2026-04-20T21:34:47+08:00][sql] CONNECT:[ UseTime:0.002802s ] mysql:host=127.0.0.1;port=3306;dbname=weihua;charset=utf8mb4
[2026-04-20T21:34:47+08:00][sql] SHOW FULL COLUMNS FROM `cmf_option` [ RunTime:0.004349s ]
[2026-04-20T21:34:47+08:00][sql] SELECT `option_value` FROM `cmf_option` WHERE  `option_name` = 'cdn_settings' LIMIT 1 [ RunTime:0.000636s ]
[2026-04-20T21:34:47+08:00][sql] SELECT `option_value` FROM `cmf_option` WHERE  `option_name` = 'cdn_settings' LIMIT 1 [ RunTime:0.000426s ]
[2026-04-20T21:34:47+08:00][sql] SHOW FULL COLUMNS FROM `cmf_product_category` [ RunTime:0.002637s ]
[2026-04-20T21:34:47+08:00][sql] SELECT * FROM `cmf_product_category` WHERE  `parent_id` = 0 ORDER BY `list_order` ASC,`create_time` DESC [ RunTime:0.000955s ]
[2026-04-20T21:34:47+08:00][sql] SELECT * FROM `cmf_product_category` WHERE  `parent_id` IN (18,19,20,21,22,23,24,25,26,27) [ RunTime:0.000483s ]
[2026-04-20T21:34:47+08:00][sql] SHOW FULL COLUMNS FROM `cmf_portal_category` [ RunTime:0.001795s ]
[2026-04-20T21:34:47+08:00][sql] SELECT * FROM `cmf_portal_category` WHERE (  `type` = 8 ) AND `cmf_portal_category`.`delete_time` = '0' ORDER BY `list_order` ASC [ RunTime:0.000463s ]
[2026-04-20T21:34:47+08:00][sql] SHOW FULL COLUMNS FROM `cmf_slide_item` [ RunTime:0.001631s ]
[2026-04-20T21:34:47+08:00][sql] SELECT `title`,`image`,`content` FROM `cmf_slide_item` WHERE  `slide_id` = 1 ORDER BY `list_order` ASC [ RunTime:0.000558s ]
[2026-04-20T21:34:47+08:00][sql] SHOW FULL COLUMNS FROM `cmf_product` [ RunTime:0.001524s ]
[2026-04-20T21:34:47+08:00][sql] SELECT `id`,`title`,`thumbnail`,`industry` FROM `cmf_product` WHERE  `is_recommended` = 1  AND `category_id` = 18 ORDER BY `list_order` ASC LIMIT 6 [ RunTime:0.000477s ]
[2026-04-20T21:34:47+08:00][sql] SELECT `id`,`title`,`thumbnail`,`industry` FROM `cmf_product` WHERE  `is_recommended` = 1  AND `category_id` = 19 ORDER BY `list_order` ASC LIMIT 6 [ RunTime:0.000241s ]
[2026-04-20T21:34:47+08:00][sql] SELECT `id`,`title`,`thumbnail`,`industry` FROM `cmf_product` WHERE  `is_recommended` = 1  AND `category_id` = 20 ORDER BY `list_order` ASC LIMIT 6 [ RunTime:0.000199s ]
[2026-04-20T21:34:47+08:00][sql] SELECT `id`,`title`,`thumbnail`,`industry` FROM `cmf_product` WHERE  `is_recommended` = 1  AND `category_id` = 21 ORDER BY `list_order` ASC LIMIT 6 [ RunTime:0.000328s ]
[2026-04-20T21:34:47+08:00][sql] SELECT `id`,`title`,`thumbnail`,`industry` FROM `cmf_product` WHERE  `is_recommended` = 1  AND `category_id` = 22 ORDER BY `list_order` ASC LIMIT 6 [ RunTime:0.000310s ]
[2026-04-20T21:34:47+08:00][sql] SELECT `id`,`title`,`thumbnail`,`industry` FROM `cmf_product` WHERE  `is_recommended` = 1  AND `category_id` = 23 ORDER BY `list_order` ASC LIMIT 6 [ RunTime:0.000286s ]
[2026-04-20T21:34:47+08:00][sql] SELECT `id`,`title`,`thumbnail`,`industry` FROM `cmf_product` WHERE  `is_recommended` = 1  AND `category_id` = 24 ORDER BY `list_order` ASC LIMIT 6 [ RunTime:0.000183s ]
[2026-04-20T21:34:47+08:00][sql] SELECT `id`,`title`,`thumbnail`,`industry` FROM `cmf_product` WHERE  `is_recommended` = 1  AND `category_id` = 25 ORDER BY `list_order` ASC LIMIT 6 [ RunTime:0.000197s ]
[2026-04-20T21:34:47+08:00][sql] SELECT `id`,`title`,`thumbnail`,`industry` FROM `cmf_product` WHERE  `is_recommended` = 1  AND `category_id` = 26 ORDER BY `list_order` ASC LIMIT 6 [ RunTime:0.000268s ]
[2026-04-20T21:34:47+08:00][sql] SELECT `id`,`title`,`thumbnail`,`industry` FROM `cmf_product` WHERE  `is_recommended` = 1  AND `category_id` = 27 ORDER BY `list_order` ASC LIMIT 6 [ RunTime:0.000182s ]
[2026-04-20T21:34:47+08:00][sql] SHOW FULL COLUMNS FROM `cmf_portal_post` [ RunTime:0.001555s ]
[2026-04-20T21:34:47+08:00][sql] SELECT `p`.`id`,`p`.`post_title`,`p`.`post_excerpt`,`p`.`thumbnail`,`p`.`create_time`,`c`.`category_id` FROM `cmf_portal_post` `p` INNER JOIN `cmf_portal_category_post` `c` ON `p`.`id`=`c`.`post_id` WHERE (  `p`.`post_type` = '8' ) AND `p`.`delete_time` = '0' ORDER BY `c`.`list_order` ASC,`p`.`create_time` DESC LIMIT 4 [ RunTime:0.000777s ]
[2026-04-20T21:34:47+08:00][sql] SHOW FULL COLUMNS FROM `cmf_theme_file` [ RunTime:0.001080s ]
[2026-04-20T21:34:47+08:00][sql] SELECT `more`,`file`,`id` FROM `cmf_theme_file` WHERE  `theme` = 'simpleboot3_mobile'  AND (  `is_public` = 1 OR `file` = 'portal/index' ) ORDER BY `is_public` DESC [ RunTime:0.000635s ]
[2026-04-20T21:34:47+08:00][sql] SELECT `option_value` FROM `cmf_option` WHERE  `option_name` = 'storage' LIMIT 1 [ RunTime:0.000541s ]
[2026-04-20T21:35:30+08:00][sql] CONNECT:[ UseTime:0.012078s ] mysql:host=127.0.0.1;port=3306;dbname=weihua;charset=utf8mb4
[2026-04-20T21:35:30+08:00][sql] SHOW FULL COLUMNS FROM `cmf_option` [ RunTime:0.001988s ]
[2026-04-20T21:35:30+08:00][sql] SELECT `option_value` FROM `cmf_option` WHERE  `option_name` = 'cdn_settings' LIMIT 1 [ RunTime:0.000688s ]
[2026-04-20T21:35:30+08:00][sql] SELECT `option_value` FROM `cmf_option` WHERE  `option_name` = 'cdn_settings' LIMIT 1 [ RunTime:0.000208s ]
[2026-04-20T21:35:30+08:00][sql] SHOW FULL COLUMNS FROM `cmf_product_category` [ RunTime:0.001012s ]
[2026-04-20T21:35:30+08:00][sql] SELECT * FROM `cmf_product_category` WHERE  `parent_id` = 0 ORDER BY `list_order` ASC,`create_time` DESC [ RunTime:0.000329s ]
[2026-04-20T21:35:30+08:00][sql] SELECT * FROM `cmf_product_category` WHERE  `parent_id` IN (18,19,20,21,22,23,24,25,26,27) [ RunTime:0.000371s ]
[2026-04-20T21:35:30+08:00][sql] SHOW FULL COLUMNS FROM `cmf_portal_category` [ RunTime:0.001731s ]
[2026-04-20T21:35:30+08:00][sql] SELECT * FROM `cmf_portal_category` WHERE (  `type` = 8 ) AND `cmf_portal_category`.`delete_time` = '0' ORDER BY `list_order` ASC [ RunTime:0.000683s ]
[2026-04-20T21:35:30+08:00][sql] SHOW FULL COLUMNS FROM `cmf_slide_item` [ RunTime:0.001723s ]
[2026-04-20T21:35:30+08:00][sql] SELECT `title`,`image`,`content` FROM `cmf_slide_item` WHERE  `slide_id` = 1 ORDER BY `list_order` ASC [ RunTime:0.000372s ]
[2026-04-20T21:35:30+08:00][sql] SHOW FULL COLUMNS FROM `cmf_product` [ RunTime:0.001092s ]
[2026-04-20T21:35:30+08:00][sql] SELECT `id`,`title`,`thumbnail`,`industry` FROM `cmf_product` WHERE  `is_recommended` = 1  AND `category_id` = 18 ORDER BY `list_order` ASC LIMIT 6 [ RunTime:0.000307s ]
[2026-04-20T21:35:30+08:00][sql] SELECT `id`,`title`,`thumbnail`,`industry` FROM `cmf_product` WHERE  `is_recommended` = 1  AND `category_id` = 19 ORDER BY `list_order` ASC LIMIT 6 [ RunTime:0.000233s ]
[2026-04-20T21:35:30+08:00][sql] SELECT `id`,`title`,`thumbnail`,`industry` FROM `cmf_product` WHERE  `is_recommended` = 1  AND `category_id` = 20 ORDER BY `list_order` ASC LIMIT 6 [ RunTime:0.000194s ]
[2026-04-20T21:35:30+08:00][sql] SELECT `id`,`title`,`thumbnail`,`industry` FROM `cmf_product` WHERE  `is_recommended` = 1  AND `category_id` = 21 ORDER BY `list_order` ASC LIMIT 6 [ RunTime:0.000175s ]
[2026-04-20T21:35:30+08:00][sql] SELECT `id`,`title`,`thumbnail`,`industry` FROM `cmf_product` WHERE  `is_recommended` = 1  AND `category_id` = 22 ORDER BY `list_order` ASC LIMIT 6 [ RunTime:0.000187s ]
[2026-04-20T21:35:30+08:00][sql] SELECT `id`,`title`,`thumbnail`,`industry` FROM `cmf_product` WHERE  `is_recommended` = 1  AND `category_id` = 23 ORDER BY `list_order` ASC LIMIT 6 [ RunTime:0.000187s ]
[2026-04-20T21:35:30+08:00][sql] SELECT `id`,`title`,`thumbnail`,`industry` FROM `cmf_product` WHERE  `is_recommended` = 1  AND `category_id` = 24 ORDER BY `list_order` ASC LIMIT 6 [ RunTime:0.000188s ]
[2026-04-20T21:35:30+08:00][sql] SELECT `id`,`title`,`thumbnail`,`industry` FROM `cmf_product` WHERE  `is_recommended` = 1  AND `category_id` = 25 ORDER BY `list_order` ASC LIMIT 6 [ RunTime:0.000184s ]
[2026-04-20T21:35:30+08:00][sql] SELECT `id`,`title`,`thumbnail`,`industry` FROM `cmf_product` WHERE  `is_recommended` = 1  AND `category_id` = 26 ORDER BY `list_order` ASC LIMIT 6 [ RunTime:0.000194s ]
[2026-04-20T21:35:30+08:00][sql] SELECT `id`,`title`,`thumbnail`,`industry` FROM `cmf_product` WHERE  `is_recommended` = 1  AND `category_id` = 27 ORDER BY `list_order` ASC LIMIT 6 [ RunTime:0.000210s ]
[2026-04-20T21:35:30+08:00][sql] SHOW FULL COLUMNS FROM `cmf_portal_post` [ RunTime:0.001116s ]
[2026-04-20T21:35:30+08:00][sql] SELECT `p`.`id`,`p`.`post_title`,`p`.`post_excerpt`,`p`.`thumbnail`,`p`.`create_time`,`c`.`category_id` FROM `cmf_portal_post` `p` INNER JOIN `cmf_portal_category_post` `c` ON `p`.`id`=`c`.`post_id` WHERE (  `p`.`post_type` = '8' ) AND `p`.`delete_time` = '0' ORDER BY `c`.`list_order` ASC,`p`.`create_time` DESC LIMIT 4 [ RunTime:0.000419s ]
[2026-04-20T21:35:30+08:00][sql] SHOW FULL COLUMNS FROM `cmf_theme_file` [ RunTime:0.000854s ]
[2026-04-20T21:35:30+08:00][sql] SELECT `more`,`file`,`id` FROM `cmf_theme_file` WHERE  `theme` = 'simpleboot3_mobile'  AND (  `is_public` = 1 OR `file` = 'portal/index' ) ORDER BY `is_public` DESC [ RunTime:0.000293s ]
[2026-04-20T21:35:30+08:00][sql] SELECT `option_value` FROM `cmf_option` WHERE  `option_name` = 'storage' LIMIT 1 [ RunTime:0.000318s ]
[2026-04-20T21:37:26+08:00][sql] CONNECT:[ UseTime:0.002282s ] mysql:host=127.0.0.1;port=3306;dbname=weihua;charset=utf8mb4
[2026-04-20T21:37:26+08:00][sql] SHOW FULL COLUMNS FROM `cmf_option` [ RunTime:0.003512s ]
[2026-04-20T21:37:26+08:00][sql] SELECT `option_value` FROM `cmf_option` WHERE  `option_name` = 'cdn_settings' LIMIT 1 [ RunTime:0.000581s ]
[2026-04-20T21:37:26+08:00][sql] SELECT `option_value` FROM `cmf_option` WHERE  `option_name` = 'cdn_settings' LIMIT 1 [ RunTime:0.000328s ]
[2026-04-20T21:37:26+08:00][sql] SHOW FULL COLUMNS FROM `cmf_product_category` [ RunTime:0.001497s ]
[2026-04-20T21:37:26+08:00][sql] SELECT * FROM `cmf_product_category` WHERE  `parent_id` = 0 ORDER BY `list_order` ASC,`create_time` DESC [ RunTime:0.000555s ]
[2026-04-20T21:37:26+08:00][sql] SELECT * FROM `cmf_product_category` WHERE  `parent_id` IN (18,19,20,21,22,23,24,25,26,27) [ RunTime:0.000241s ]
[2026-04-20T21:37:26+08:00][sql] SHOW FULL COLUMNS FROM `cmf_portal_category` [ RunTime:0.002069s ]
[2026-04-20T21:37:26+08:00][sql] SELECT * FROM `cmf_portal_category` WHERE (  `type` = 8 ) AND `cmf_portal_category`.`delete_time` = '0' ORDER BY `list_order` ASC [ RunTime:0.000836s ]
[2026-04-20T21:37:26+08:00][sql] SHOW FULL COLUMNS FROM `cmf_slide_item` [ RunTime:0.002928s ]
[2026-04-20T21:37:26+08:00][sql] SELECT `title`,`image`,`content` FROM `cmf_slide_item` WHERE  `slide_id` = 1 ORDER BY `list_order` ASC [ RunTime:0.000445s ]
[2026-04-20T21:37:26+08:00][sql] SHOW FULL COLUMNS FROM `cmf_product` [ RunTime:0.001858s ]
[2026-04-20T21:37:26+08:00][sql] SELECT `id`,`title`,`thumbnail`,`industry` FROM `cmf_product` WHERE  `is_recommended` = 1  AND `category_id` = 18 ORDER BY `list_order` ASC LIMIT 6 [ RunTime:0.000427s ]
[2026-04-20T21:37:26+08:00][sql] SELECT `id`,`title`,`thumbnail`,`industry` FROM `cmf_product` WHERE  `is_recommended` = 1  AND `category_id` = 19 ORDER BY `list_order` ASC LIMIT 6 [ RunTime:0.000181s ]
[2026-04-20T21:37:26+08:00][sql] SELECT `id`,`title`,`thumbnail`,`industry` FROM `cmf_product` WHERE  `is_recommended` = 1  AND `category_id` = 20 ORDER BY `list_order` ASC LIMIT 6 [ RunTime:0.000247s ]
[2026-04-20T21:37:26+08:00][sql] SELECT `id`,`title`,`thumbnail`,`industry` FROM `cmf_product` WHERE  `is_recommended` = 1  AND `category_id` = 21 ORDER BY `list_order` ASC LIMIT 6 [ RunTime:0.000226s ]
[2026-04-20T21:37:26+08:00][sql] SELECT `id`,`title`,`thumbnail`,`industry` FROM `cmf_product` WHERE  `is_recommended` = 1  AND `category_id` = 22 ORDER BY `list_order` ASC LIMIT 6 [ RunTime:0.000195s ]
[2026-04-20T21:37:26+08:00][sql] SELECT `id`,`title`,`thumbnail`,`industry` FROM `cmf_product` WHERE  `is_recommended` = 1  AND `category_id` = 23 ORDER BY `list_order` ASC LIMIT 6 [ RunTime:0.000232s ]
[2026-04-20T21:37:26+08:00][sql] SELECT `id`,`title`,`thumbnail`,`industry` FROM `cmf_product` WHERE  `is_recommended` = 1  AND `category_id` = 24 ORDER BY `list_order` ASC LIMIT 6 [ RunTime:0.000190s ]
[2026-04-20T21:37:26+08:00][sql] SELECT `id`,`title`,`thumbnail`,`industry` FROM `cmf_product` WHERE  `is_recommended` = 1  AND `category_id` = 25 ORDER BY `list_order` ASC LIMIT 6 [ RunTime:0.000241s ]
[2026-04-20T21:37:26+08:00][sql] SELECT `id`,`title`,`thumbnail`,`industry` FROM `cmf_product` WHERE  `is_recommended` = 1  AND `category_id` = 26 ORDER BY `list_order` ASC LIMIT 6 [ RunTime:0.000194s ]
[2026-04-20T21:37:26+08:00][sql] SELECT `id`,`title`,`thumbnail`,`industry` FROM `cmf_product` WHERE  `is_recommended` = 1  AND `category_id` = 27 ORDER BY `list_order` ASC LIMIT 6 [ RunTime:0.000177s ]
[2026-04-20T21:37:26+08:00][sql] SHOW FULL COLUMNS FROM `cmf_portal_post` [ RunTime:0.001386s ]
[2026-04-20T21:37:26+08:00][sql] SELECT `p`.`id`,`p`.`post_title`,`p`.`post_excerpt`,`p`.`thumbnail`,`p`.`create_time`,`c`.`category_id` FROM `cmf_portal_post` `p` INNER JOIN `cmf_portal_category_post` `c` ON `p`.`id`=`c`.`post_id` WHERE (  `p`.`post_type` = '8' ) AND `p`.`delete_time` = '0' ORDER BY `c`.`list_order` ASC,`p`.`create_time` DESC LIMIT 4 [ RunTime:0.000676s ]
[2026-04-20T21:37:26+08:00][sql] SHOW FULL COLUMNS FROM `cmf_theme_file` [ RunTime:0.000973s ]
[2026-04-20T21:37:26+08:00][sql] SELECT `more`,`file`,`id` FROM `cmf_theme_file` WHERE  `theme` = 'simpleboot3_mobile'  AND (  `is_public` = 1 OR `file` = 'portal/index' ) ORDER BY `is_public` DESC [ RunTime:0.000394s ]
[2026-04-20T21:37:26+08:00][sql] SELECT `option_value` FROM `cmf_option` WHERE  `option_name` = 'storage' LIMIT 1 [ RunTime:0.000505s ]
[2026-04-20T21:38:03+08:00][sql] CONNECT:[ UseTime:0.000835s ] mysql:host=127.0.0.1;port=3306;dbname=weihua;charset=utf8mb4
[2026-04-20T21:38:03+08:00][sql] SHOW FULL COLUMNS FROM `cmf_option` [ RunTime:0.001587s ]
[2026-04-20T21:38:03+08:00][sql] SELECT `option_value` FROM `cmf_option` WHERE  `option_name` = 'cdn_settings' LIMIT 1 [ RunTime:0.000296s ]
[2026-04-20T21:38:03+08:00][sql] SELECT `option_value` FROM `cmf_option` WHERE  `option_name` = 'cdn_settings' LIMIT 1 [ RunTime:0.000199s ]
[2026-04-20T21:38:03+08:00][sql] SHOW FULL COLUMNS FROM `cmf_product_category` [ RunTime:0.000998s ]
[2026-04-20T21:38:03+08:00][sql] SELECT * FROM `cmf_product_category` WHERE  `parent_id` = 0 ORDER BY `list_order` ASC,`create_time` DESC [ RunTime:0.000288s ]
[2026-04-20T21:38:03+08:00][sql] SELECT * FROM `cmf_product_category` WHERE  `parent_id` IN (18,19,20,21,22,23,24,25,26,27) [ RunTime:0.000222s ]
[2026-04-20T21:38:03+08:00][sql] SHOW FULL COLUMNS FROM `cmf_portal_category` [ RunTime:0.000997s ]
[2026-04-20T21:38:03+08:00][sql] SELECT * FROM `cmf_portal_category` WHERE (  `type` = 8 ) AND `cmf_portal_category`.`delete_time` = '0' ORDER BY `list_order` ASC [ RunTime:0.000303s ]
[2026-04-20T21:38:03+08:00][sql] SHOW FULL COLUMNS FROM `cmf_slide_item` [ RunTime:0.000962s ]
[2026-04-20T21:38:03+08:00][sql] SELECT `title`,`image`,`content` FROM `cmf_slide_item` WHERE  `slide_id` = 1 ORDER BY `list_order` ASC [ RunTime:0.000323s ]
[2026-04-20T21:38:03+08:00][sql] SHOW FULL COLUMNS FROM `cmf_product` [ RunTime:0.002672s ]
[2026-04-20T21:38:03+08:00][sql] SELECT `id`,`title`,`thumbnail`,`industry` FROM `cmf_product` WHERE  `is_recommended` = 1  AND `category_id` = 18 ORDER BY `list_order` ASC LIMIT 6 [ RunTime:0.000671s ]
[2026-04-20T21:38:03+08:00][sql] SELECT `id`,`title`,`thumbnail`,`industry` FROM `cmf_product` WHERE  `is_recommended` = 1  AND `category_id` = 19 ORDER BY `list_order` ASC LIMIT 6 [ RunTime:0.000480s ]
[2026-04-20T21:38:03+08:00][sql] SELECT `id`,`title`,`thumbnail`,`industry` FROM `cmf_product` WHERE  `is_recommended` = 1  AND `category_id` = 20 ORDER BY `list_order` ASC LIMIT 6 [ RunTime:0.000315s ]
[2026-04-20T21:38:03+08:00][sql] SELECT `id`,`title`,`thumbnail`,`industry` FROM `cmf_product` WHERE  `is_recommended` = 1  AND `category_id` = 21 ORDER BY `list_order` ASC LIMIT 6 [ RunTime:0.000195s ]
[2026-04-20T21:38:03+08:00][sql] SELECT `id`,`title`,`thumbnail`,`industry` FROM `cmf_product` WHERE  `is_recommended` = 1  AND `category_id` = 22 ORDER BY `list_order` ASC LIMIT 6 [ RunTime:0.000165s ]
[2026-04-20T21:38:03+08:00][sql] SELECT `id`,`title`,`thumbnail`,`industry` FROM `cmf_product` WHERE  `is_recommended` = 1  AND `category_id` = 23 ORDER BY `list_order` ASC LIMIT 6 [ RunTime:0.000166s ]
[2026-04-20T21:38:03+08:00][sql] SELECT `id`,`title`,`thumbnail`,`industry` FROM `cmf_product` WHERE  `is_recommended` = 1  AND `category_id` = 24 ORDER BY `list_order` ASC LIMIT 6 [ RunTime:0.000181s ]
[2026-04-20T21:38:03+08:00][sql] SELECT `id`,`title`,`thumbnail`,`industry` FROM `cmf_product` WHERE  `is_recommended` = 1  AND `category_id` = 25 ORDER BY `list_order` ASC LIMIT 6 [ RunTime:0.000193s ]
[2026-04-20T21:38:03+08:00][sql] SELECT `id`,`title`,`thumbnail`,`industry` FROM `cmf_product` WHERE  `is_recommended` = 1  AND `category_id` = 26 ORDER BY `list_order` ASC LIMIT 6 [ RunTime:0.000182s ]
[2026-04-20T21:38:03+08:00][sql] SELECT `id`,`title`,`thumbnail`,`industry` FROM `cmf_product` WHERE  `is_recommended` = 1  AND `category_id` = 27 ORDER BY `list_order` ASC LIMIT 6 [ RunTime:0.000252s ]
[2026-04-20T21:38:03+08:00][sql] SHOW FULL COLUMNS FROM `cmf_portal_post` [ RunTime:0.001180s ]
[2026-04-20T21:38:03+08:00][sql] SELECT `p`.`id`,`p`.`post_title`,`p`.`post_excerpt`,`p`.`thumbnail`,`p`.`create_time`,`c`.`category_id` FROM `cmf_portal_post` `p` INNER JOIN `cmf_portal_category_post` `c` ON `p`.`id`=`c`.`post_id` WHERE (  `p`.`post_type` = '8' ) AND `p`.`delete_time` = '0' ORDER BY `c`.`list_order` ASC,`p`.`create_time` DESC LIMIT 4 [ RunTime:0.000633s ]
[2026-04-20T21:38:03+08:00][sql] SHOW FULL COLUMNS FROM `cmf_theme_file` [ RunTime:0.001009s ]
[2026-04-20T21:38:03+08:00][sql] SELECT `more`,`file`,`id` FROM `cmf_theme_file` WHERE  `theme` = 'simpleboot3_mobile'  AND (  `is_public` = 1 OR `file` = 'portal/index' ) ORDER BY `is_public` DESC [ RunTime:0.000340s ]
[2026-04-20T21:38:03+08:00][sql] SELECT `option_value` FROM `cmf_option` WHERE  `option_name` = 'storage' LIMIT 1 [ RunTime:0.000392s ]
[2026-04-20T21:38:39+08:00][sql] CONNECT:[ UseTime:0.001728s ] mysql:host=127.0.0.1;port=3306;dbname=weihua;charset=utf8mb4
[2026-04-20T21:38:39+08:00][sql] SHOW FULL COLUMNS FROM `cmf_option` [ RunTime:0.002341s ]
[2026-04-20T21:38:39+08:00][sql] SELECT `option_value` FROM `cmf_option` WHERE  `option_name` = 'cdn_settings' LIMIT 1 [ RunTime:0.000592s ]
[2026-04-20T21:38:39+08:00][sql] SELECT `option_value` FROM `cmf_option` WHERE  `option_name` = 'cdn_settings' LIMIT 1 [ RunTime:0.000303s ]
[2026-04-20T21:38:39+08:00][sql] SHOW FULL COLUMNS FROM `cmf_product_category` [ RunTime:0.001333s ]
[2026-04-20T21:38:39+08:00][sql] SELECT * FROM `cmf_product_category` WHERE  `parent_id` = 0 ORDER BY `list_order` ASC,`create_time` DESC [ RunTime:0.000580s ]
[2026-04-20T21:38:39+08:00][sql] SELECT * FROM `cmf_product_category` WHERE  `parent_id` IN (18,19,20,21,22,23,24,25,26,27) [ RunTime:0.000579s ]
[2026-04-20T21:38:39+08:00][sql] SHOW FULL COLUMNS FROM `cmf_portal_category` [ RunTime:0.002674s ]
[2026-04-20T21:38:39+08:00][sql] SELECT * FROM `cmf_portal_category` WHERE (  `type` = 8 ) AND `cmf_portal_category`.`delete_time` = '0' ORDER BY `list_order` ASC [ RunTime:0.000744s ]
[2026-04-20T21:38:39+08:00][sql] SHOW FULL COLUMNS FROM `cmf_slide_item` [ RunTime:0.002598s ]
[2026-04-20T21:38:39+08:00][sql] SELECT `title`,`image`,`content` FROM `cmf_slide_item` WHERE  `slide_id` = 1 ORDER BY `list_order` ASC [ RunTime:0.000467s ]
[2026-04-20T21:38:39+08:00][sql] SHOW FULL COLUMNS FROM `cmf_product` [ RunTime:0.001187s ]
[2026-04-20T21:38:39+08:00][sql] SELECT `id`,`title`,`thumbnail`,`industry` FROM `cmf_product` WHERE  `is_recommended` = 1  AND `category_id` = 18 ORDER BY `list_order` ASC LIMIT 6 [ RunTime:0.000369s ]
[2026-04-20T21:38:39+08:00][sql] SELECT `id`,`title`,`thumbnail`,`industry` FROM `cmf_product` WHERE  `is_recommended` = 1  AND `category_id` = 19 ORDER BY `list_order` ASC LIMIT 6 [ RunTime:0.000236s ]
[2026-04-20T21:38:39+08:00][sql] SELECT `id`,`title`,`thumbnail`,`industry` FROM `cmf_product` WHERE  `is_recommended` = 1  AND `category_id` = 20 ORDER BY `list_order` ASC LIMIT 6 [ RunTime:0.000517s ]
[2026-04-20T21:38:39+08:00][sql] SELECT `id`,`title`,`thumbnail`,`industry` FROM `cmf_product` WHERE  `is_recommended` = 1  AND `category_id` = 21 ORDER BY `list_order` ASC LIMIT 6 [ RunTime:0.000491s ]
[2026-04-20T21:38:39+08:00][sql] SELECT `id`,`title`,`thumbnail`,`industry` FROM `cmf_product` WHERE  `is_recommended` = 1  AND `category_id` = 22 ORDER BY `list_order` ASC LIMIT 6 [ RunTime:0.000430s ]
[2026-04-20T21:38:39+08:00][sql] SELECT `id`,`title`,`thumbnail`,`industry` FROM `cmf_product` WHERE  `is_recommended` = 1  AND `category_id` = 23 ORDER BY `list_order` ASC LIMIT 6 [ RunTime:0.000415s ]
[2026-04-20T21:38:39+08:00][sql] SELECT `id`,`title`,`thumbnail`,`industry` FROM `cmf_product` WHERE  `is_recommended` = 1  AND `category_id` = 24 ORDER BY `list_order` ASC LIMIT 6 [ RunTime:0.000397s ]
[2026-04-20T21:38:39+08:00][sql] SELECT `id`,`title`,`thumbnail`,`industry` FROM `cmf_product` WHERE  `is_recommended` = 1  AND `category_id` = 25 ORDER BY `list_order` ASC LIMIT 6 [ RunTime:0.000396s ]
[2026-04-20T21:38:39+08:00][sql] SELECT `id`,`title`,`thumbnail`,`industry` FROM `cmf_product` WHERE  `is_recommended` = 1  AND `category_id` = 26 ORDER BY `list_order` ASC LIMIT 6 [ RunTime:0.000453s ]
[2026-04-20T21:38:39+08:00][sql] SELECT `id`,`title`,`thumbnail`,`industry` FROM `cmf_product` WHERE  `is_recommended` = 1  AND `category_id` = 27 ORDER BY `list_order` ASC LIMIT 6 [ RunTime:0.000476s ]
[2026-04-20T21:38:39+08:00][sql] SHOW FULL COLUMNS FROM `cmf_portal_post` [ RunTime:0.002542s ]
[2026-04-20T21:38:39+08:00][sql] SELECT `p`.`id`,`p`.`post_title`,`p`.`post_excerpt`,`p`.`thumbnail`,`p`.`create_time`,`c`.`category_id` FROM `cmf_portal_post` `p` INNER JOIN `cmf_portal_category_post` `c` ON `p`.`id`=`c`.`post_id` WHERE (  `p`.`post_type` = '8' ) AND `p`.`delete_time` = '0' ORDER BY `c`.`list_order` ASC,`p`.`create_time` DESC LIMIT 4 [ RunTime:0.000890s ]
[2026-04-20T21:38:39+08:00][sql] SHOW FULL COLUMNS FROM `cmf_theme_file` [ RunTime:0.002187s ]
[2026-04-20T21:38:39+08:00][sql] SELECT `more`,`file`,`id` FROM `cmf_theme_file` WHERE  `theme` = 'simpleboot3_mobile'  AND (  `is_public` = 1 OR `file` = 'portal/index' ) ORDER BY `is_public` DESC [ RunTime:0.000610s ]
[2026-04-20T21:38:39+08:00][sql] SELECT `option_value` FROM `cmf_option` WHERE  `option_name` = 'storage' LIMIT 1 [ RunTime:0.000210s ]
[2026-04-20T21:39:06+08:00][sql] CONNECT:[ UseTime:0.001862s ] mysql:host=127.0.0.1;port=3306;dbname=weihua;charset=utf8mb4
[2026-04-20T21:39:06+08:00][sql] SHOW FULL COLUMNS FROM `cmf_option` [ RunTime:0.003627s ]
[2026-04-20T21:39:06+08:00][sql] SELECT `option_value` FROM `cmf_option` WHERE  `option_name` = 'cdn_settings' LIMIT 1 [ RunTime:0.000486s ]
[2026-04-20T21:39:06+08:00][sql] SELECT `option_value` FROM `cmf_option` WHERE  `option_name` = 'cdn_settings' LIMIT 1 [ RunTime:0.000307s ]
[2026-04-20T21:39:06+08:00][sql] SHOW FULL COLUMNS FROM `cmf_product_category` [ RunTime:0.003196s ]
[2026-04-20T21:39:06+08:00][sql] SELECT * FROM `cmf_product_category` WHERE  `parent_id` = 0 ORDER BY `list_order` ASC,`create_time` DESC [ RunTime:0.001250s ]
[2026-04-20T21:39:06+08:00][sql] SELECT * FROM `cmf_product_category` WHERE  `parent_id` IN (18,19,20,21,22,23,24,25,26,27) [ RunTime:0.000689s ]
[2026-04-20T21:39:06+08:00][sql] SHOW FULL COLUMNS FROM `cmf_portal_category` [ RunTime:0.001620s ]
[2026-04-20T21:39:06+08:00][sql] SELECT * FROM `cmf_portal_category` WHERE (  `type` = 8 ) AND `cmf_portal_category`.`delete_time` = '0' ORDER BY `list_order` ASC [ RunTime:0.000480s ]
[2026-04-20T21:39:06+08:00][sql] SHOW FULL COLUMNS FROM `cmf_slide_item` [ RunTime:0.001112s ]
[2026-04-20T21:39:06+08:00][sql] SELECT `title`,`image`,`content` FROM `cmf_slide_item` WHERE  `slide_id` = 1 ORDER BY `list_order` ASC [ RunTime:0.000418s ]
[2026-04-20T21:39:06+08:00][sql] SHOW FULL COLUMNS FROM `cmf_product` [ RunTime:0.001309s ]
[2026-04-20T21:39:06+08:00][sql] SELECT `id`,`title`,`thumbnail`,`industry` FROM `cmf_product` WHERE  `is_recommended` = 1  AND `category_id` = 18 ORDER BY `list_order` ASC LIMIT 6 [ RunTime:0.000646s ]
[2026-04-20T21:39:06+08:00][sql] SELECT `id`,`title`,`thumbnail`,`industry` FROM `cmf_product` WHERE  `is_recommended` = 1  AND `category_id` = 19 ORDER BY `list_order` ASC LIMIT 6 [ RunTime:0.000258s ]
[2026-04-20T21:39:06+08:00][sql] SELECT `id`,`title`,`thumbnail`,`industry` FROM `cmf_product` WHERE  `is_recommended` = 1  AND `category_id` = 20 ORDER BY `list_order` ASC LIMIT 6 [ RunTime:0.000248s ]
[2026-04-20T21:39:06+08:00][sql] SELECT `id`,`title`,`thumbnail`,`industry` FROM `cmf_product` WHERE  `is_recommended` = 1  AND `category_id` = 21 ORDER BY `list_order` ASC LIMIT 6 [ RunTime:0.000306s ]
[2026-04-20T21:39:06+08:00][sql] SELECT `id`,`title`,`thumbnail`,`industry` FROM `cmf_product` WHERE  `is_recommended` = 1  AND `category_id` = 22 ORDER BY `list_order` ASC LIMIT 6 [ RunTime:0.000303s ]
[2026-04-20T21:39:06+08:00][sql] SELECT `id`,`title`,`thumbnail`,`industry` FROM `cmf_product` WHERE  `is_recommended` = 1  AND `category_id` = 23 ORDER BY `list_order` ASC LIMIT 6 [ RunTime:0.000290s ]
[2026-04-20T21:39:06+08:00][sql] SELECT `id`,`title`,`thumbnail`,`industry` FROM `cmf_product` WHERE  `is_recommended` = 1  AND `category_id` = 24 ORDER BY `list_order` ASC LIMIT 6 [ RunTime:0.000296s ]
[2026-04-20T21:39:06+08:00][sql] SELECT `id`,`title`,`thumbnail`,`industry` FROM `cmf_product` WHERE  `is_recommended` = 1  AND `category_id` = 25 ORDER BY `list_order` ASC LIMIT 6 [ RunTime:0.000187s ]
[2026-04-20T21:39:06+08:00][sql] SELECT `id`,`title`,`thumbnail`,`industry` FROM `cmf_product` WHERE  `is_recommended` = 1  AND `category_id` = 26 ORDER BY `list_order` ASC LIMIT 6 [ RunTime:0.000179s ]
[2026-04-20T21:39:06+08:00][sql] SELECT `id`,`title`,`thumbnail`,`industry` FROM `cmf_product` WHERE  `is_recommended` = 1  AND `category_id` = 27 ORDER BY `list_order` ASC LIMIT 6 [ RunTime:0.000171s ]
[2026-04-20T21:39:06+08:00][sql] SHOW FULL COLUMNS FROM `cmf_portal_post` [ RunTime:0.001508s ]
[2026-04-20T21:39:06+08:00][sql] SELECT `p`.`id`,`p`.`post_title`,`p`.`post_excerpt`,`p`.`thumbnail`,`p`.`create_time`,`c`.`category_id` FROM `cmf_portal_post` `p` INNER JOIN `cmf_portal_category_post` `c` ON `p`.`id`=`c`.`post_id` WHERE (  `p`.`post_type` = '8' ) AND `p`.`delete_time` = '0' ORDER BY `c`.`list_order` ASC,`p`.`create_time` DESC LIMIT 4 [ RunTime:0.000760s ]
[2026-04-20T21:39:06+08:00][sql] SHOW FULL COLUMNS FROM `cmf_theme_file` [ RunTime:0.001312s ]
[2026-04-20T21:39:06+08:00][sql] SELECT `more`,`file`,`id` FROM `cmf_theme_file` WHERE  `theme` = 'simpleboot3_mobile'  AND (  `is_public` = 1 OR `file` = 'portal/index' ) ORDER BY `is_public` DESC [ RunTime:0.000451s ]
[2026-04-20T21:39:06+08:00][sql] SELECT `option_value` FROM `cmf_option` WHERE  `option_name` = 'storage' LIMIT 1 [ RunTime:0.000321s ]
[2026-04-20T21:40:04+08:00][sql] CONNECT:[ UseTime:0.001354s ] mysql:host=127.0.0.1;port=3306;dbname=weihua;charset=utf8mb4
[2026-04-20T21:40:04+08:00][sql] SHOW FULL COLUMNS FROM `cmf_option` [ RunTime:0.013982s ]
[2026-04-20T21:40:04+08:00][sql] SELECT `option_value` FROM `cmf_option` WHERE  `option_name` = 'cdn_settings' LIMIT 1 [ RunTime:0.000525s ]
[2026-04-20T21:40:04+08:00][sql] SELECT `option_value` FROM `cmf_option` WHERE  `option_name` = 'cdn_settings' LIMIT 1 [ RunTime:0.000240s ]
[2026-04-20T21:40:04+08:00][sql] SHOW FULL COLUMNS FROM `cmf_product_category` [ RunTime:0.002933s ]
[2026-04-20T21:40:04+08:00][sql] SELECT * FROM `cmf_product_category` WHERE  `parent_id` = 0 ORDER BY `list_order` ASC,`create_time` DESC [ RunTime:0.000910s ]
[2026-04-20T21:40:04+08:00][sql] SELECT * FROM `cmf_product_category` WHERE  `parent_id` IN (18,19,20,21,22,23,24,25,26,27) [ RunTime:0.000584s ]
[2026-04-20T21:40:04+08:00][sql] SHOW FULL COLUMNS FROM `cmf_portal_category` [ RunTime:0.002081s ]
[2026-04-20T21:40:04+08:00][sql] SELECT * FROM `cmf_portal_category` WHERE (  `type` = 8 ) AND `cmf_portal_category`.`delete_time` = '0' ORDER BY `list_order` ASC [ RunTime:0.000403s ]
[2026-04-20T21:40:04+08:00][sql] SHOW FULL COLUMNS FROM `cmf_product` [ RunTime:0.002303s ]
[2026-04-20T21:40:04+08:00][sql] SELECT COUNT(*) AS think_count FROM `cmf_product` LIMIT 1 [ RunTime:0.000546s ]
[2026-04-20T21:40:04+08:00][sql] SELECT `id`,`category_id`,`title`,`thumbnail`,`industry` FROM `cmf_product` ORDER BY `list_order` ASC,`create_time` DESC LIMIT 0,12 [ RunTime:0.000540s ]
[2026-04-20T21:40:04+08:00][sql] SHOW FULL COLUMNS FROM `cmf_slide_item` [ RunTime:0.001527s ]
[2026-04-20T21:40:04+08:00][sql] SELECT `title`,`description`,`image` FROM `cmf_slide_item` WHERE  `slide_id` = 7 ORDER BY `list_order` ASC LIMIT 1 [ RunTime:0.000355s ]
[2026-04-20T21:40:04+08:00][sql] SHOW FULL COLUMNS FROM `cmf_theme_file` [ RunTime:0.000875s ]
[2026-04-20T21:40:04+08:00][sql] SELECT `more`,`file`,`id` FROM `cmf_theme_file` WHERE  `theme` = 'simpleboot3_mobile'  AND (  `is_public` = 1 OR `file` = 'portal/product' ) ORDER BY `is_public` DESC [ RunTime:0.000393s ]
[2026-04-20T21:40:04+08:00][sql] SELECT `option_value` FROM `cmf_option` WHERE  `option_name` = 'storage' LIMIT 1 [ RunTime:0.000500s ]
[2026-04-20T21:40:07+08:00][sql] CONNECT:[ UseTime:0.004983s ] mysql:host=127.0.0.1;port=3306;dbname=weihua;charset=utf8mb4
[2026-04-20T21:40:07+08:00][sql] SHOW FULL COLUMNS FROM `cmf_option` [ RunTime:0.001987s ]
[2026-04-20T21:40:07+08:00][sql] SELECT `option_value` FROM `cmf_option` WHERE  `option_name` = 'cdn_settings' LIMIT 1 [ RunTime:0.000400s ]
[2026-04-20T21:40:07+08:00][sql] SELECT `option_value` FROM `cmf_option` WHERE  `option_name` = 'cdn_settings' LIMIT 1 [ RunTime:0.000246s ]
[2026-04-20T21:40:07+08:00][sql] SHOW FULL COLUMNS FROM `cmf_product_category` [ RunTime:0.001855s ]
[2026-04-20T21:40:07+08:00][sql] SELECT * FROM `cmf_product_category` WHERE  `parent_id` = 0 ORDER BY `list_order` ASC,`create_time` DESC [ RunTime:0.000539s ]
[2026-04-20T21:40:07+08:00][sql] SELECT * FROM `cmf_product_category` WHERE  `parent_id` IN (18,19,20,21,22,23,24,25,26,27) [ RunTime:0.000375s ]
[2026-04-20T21:40:07+08:00][sql] SHOW FULL COLUMNS FROM `cmf_portal_category` [ RunTime:0.001522s ]
[2026-04-20T21:40:07+08:00][sql] SELECT * FROM `cmf_portal_category` WHERE (  `type` = 8 ) AND `cmf_portal_category`.`delete_time` = '0' ORDER BY `list_order` ASC [ RunTime:0.000312s ]
[2026-04-20T21:40:07+08:00][sql] SHOW FULL COLUMNS FROM `cmf_product` [ RunTime:0.001146s ]
[2026-04-20T21:40:07+08:00][sql] SELECT COUNT(*) AS think_count FROM `cmf_product` WHERE  `category_id` = 22 LIMIT 1 [ RunTime:0.000236s ]
[2026-04-20T21:40:07+08:00][sql] SHOW FULL COLUMNS FROM `cmf_slide_item` [ RunTime:0.000860s ]
[2026-04-20T21:40:07+08:00][sql] SELECT `title`,`description`,`image` FROM `cmf_slide_item` WHERE  `slide_id` = 7 ORDER BY `list_order` ASC LIMIT 1 [ RunTime:0.000213s ]
[2026-04-20T21:40:07+08:00][sql] SHOW FULL COLUMNS FROM `cmf_theme_file` [ RunTime:0.000771s ]
[2026-04-20T21:40:07+08:00][sql] SELECT `more`,`file`,`id` FROM `cmf_theme_file` WHERE  `theme` = 'simpleboot3_mobile'  AND (  `is_public` = 1 OR `file` = 'portal/product' ) ORDER BY `is_public` DESC [ RunTime:0.000236s ]
[2026-04-20T21:40:07+08:00][sql] SELECT `option_value` FROM `cmf_option` WHERE  `option_name` = 'storage' LIMIT 1 [ RunTime:0.000194s ]
[2026-04-20T21:40:09+08:00][sql] CONNECT:[ UseTime:0.001770s ] mysql:host=127.0.0.1;port=3306;dbname=weihua;charset=utf8mb4
[2026-04-20T21:40:09+08:00][sql] SHOW FULL COLUMNS FROM `cmf_option` [ RunTime:0.003168s ]
[2026-04-20T21:40:09+08:00][sql] SELECT `option_value` FROM `cmf_option` WHERE  `option_name` = 'cdn_settings' LIMIT 1 [ RunTime:0.000554s ]
[2026-04-20T21:40:09+08:00][sql] SELECT `option_value` FROM `cmf_option` WHERE  `option_name` = 'cdn_settings' LIMIT 1 [ RunTime:0.000308s ]
[2026-04-20T21:40:09+08:00][sql] SHOW FULL COLUMNS FROM `cmf_product_category` [ RunTime:0.002601s ]
[2026-04-20T21:40:09+08:00][sql] SELECT * FROM `cmf_product_category` WHERE  `parent_id` = 0 ORDER BY `list_order` ASC,`create_time` DESC [ RunTime:0.000773s ]
[2026-04-20T21:40:09+08:00][sql] SELECT * FROM `cmf_product_category` WHERE  `parent_id` IN (18,19,20,21,22,23,24,25,26,27) [ RunTime:0.000511s ]
[2026-04-20T21:40:09+08:00][sql] SHOW FULL COLUMNS FROM `cmf_portal_category` [ RunTime:0.002315s ]
[2026-04-20T21:40:09+08:00][sql] SELECT * FROM `cmf_portal_category` WHERE (  `type` = 8 ) AND `cmf_portal_category`.`delete_time` = '0' ORDER BY `list_order` ASC [ RunTime:0.000797s ]
[2026-04-20T21:40:09+08:00][sql] SHOW FULL COLUMNS FROM `cmf_product` [ RunTime:0.001855s ]
[2026-04-20T21:40:09+08:00][sql] SELECT COUNT(*) AS think_count FROM `cmf_product` LIMIT 1 [ RunTime:0.000615s ]
[2026-04-20T21:40:09+08:00][sql] SELECT `id`,`category_id`,`title`,`thumbnail`,`industry` FROM `cmf_product` ORDER BY `list_order` ASC,`create_time` DESC LIMIT 0,12 [ RunTime:0.000465s ]
[2026-04-20T21:40:09+08:00][sql] SHOW FULL COLUMNS FROM `cmf_slide_item` [ RunTime:0.002513s ]
[2026-04-20T21:40:09+08:00][sql] SELECT `title`,`description`,`image` FROM `cmf_slide_item` WHERE  `slide_id` = 7 ORDER BY `list_order` ASC LIMIT 1 [ RunTime:0.000753s ]
[2026-04-20T21:40:09+08:00][sql] SHOW FULL COLUMNS FROM `cmf_theme_file` [ RunTime:0.002347s ]
[2026-04-20T21:40:09+08:00][sql] SELECT `more`,`file`,`id` FROM `cmf_theme_file` WHERE  `theme` = 'simpleboot3_mobile'  AND (  `is_public` = 1 OR `file` = 'portal/product' ) ORDER BY `is_public` DESC [ RunTime:0.000847s ]
[2026-04-20T21:40:09+08:00][sql] SELECT `option_value` FROM `cmf_option` WHERE  `option_name` = 'storage' LIMIT 1 [ RunTime:0.000455s ]
[2026-04-20T21:40:10+08:00][sql] CONNECT:[ UseTime:0.000836s ] mysql:host=127.0.0.1;port=3306;dbname=weihua;charset=utf8mb4
[2026-04-20T21:40:10+08:00][sql] SHOW FULL COLUMNS FROM `cmf_option` [ RunTime:0.001507s ]
[2026-04-20T21:40:10+08:00][sql] SELECT `option_value` FROM `cmf_option` WHERE  `option_name` = 'cdn_settings' LIMIT 1 [ RunTime:0.000297s ]
[2026-04-20T21:40:10+08:00][sql] SELECT `option_value` FROM `cmf_option` WHERE  `option_name` = 'cdn_settings' LIMIT 1 [ RunTime:0.000282s ]
[2026-04-20T21:40:10+08:00][sql] SHOW FULL COLUMNS FROM `cmf_product_category` [ RunTime:0.001271s ]
[2026-04-20T21:40:10+08:00][sql] SELECT * FROM `cmf_product_category` WHERE  `parent_id` = 0 ORDER BY `list_order` ASC,`create_time` DESC [ RunTime:0.000372s ]
[2026-04-20T21:40:10+08:00][sql] SELECT * FROM `cmf_product_category` WHERE  `parent_id` IN (18,19,20,21,22,23,24,25,26,27) [ RunTime:0.000240s ]
[2026-04-20T21:40:10+08:00][sql] SHOW FULL COLUMNS FROM `cmf_portal_category` [ RunTime:0.001028s ]
[2026-04-20T21:40:10+08:00][sql] SELECT * FROM `cmf_portal_category` WHERE (  `type` = 8 ) AND `cmf_portal_category`.`delete_time` = '0' ORDER BY `list_order` ASC [ RunTime:0.000327s ]
[2026-04-20T21:40:10+08:00][sql] SHOW FULL COLUMNS FROM `cmf_product` [ RunTime:0.001093s ]
[2026-04-20T21:40:10+08:00][sql] SELECT COUNT(*) AS think_count FROM `cmf_product` WHERE  `category_id` = 18 LIMIT 1 [ RunTime:0.000291s ]
[2026-04-20T21:40:10+08:00][sql] SELECT `id`,`category_id`,`title`,`thumbnail`,`industry` FROM `cmf_product` WHERE  `category_id` = 18 ORDER BY `list_order` ASC,`create_time` DESC LIMIT 0,12 [ RunTime:0.000226s ]
[2026-04-20T21:40:10+08:00][sql] SHOW FULL COLUMNS FROM `cmf_slide_item` [ RunTime:0.000909s ]
[2026-04-20T21:40:10+08:00][sql] SELECT `title`,`description`,`image` FROM `cmf_slide_item` WHERE  `slide_id` = 7 ORDER BY `list_order` ASC LIMIT 1 [ RunTime:0.000275s ]
[2026-04-20T21:40:10+08:00][sql] SHOW FULL COLUMNS FROM `cmf_theme_file` [ RunTime:0.001259s ]
[2026-04-20T21:40:10+08:00][sql] SELECT `more`,`file`,`id` FROM `cmf_theme_file` WHERE  `theme` = 'simpleboot3_mobile'  AND (  `is_public` = 1 OR `file` = 'portal/product' ) ORDER BY `is_public` DESC [ RunTime:0.000247s ]
[2026-04-20T21:40:10+08:00][sql] SELECT `option_value` FROM `cmf_option` WHERE  `option_name` = 'storage' LIMIT 1 [ RunTime:0.000167s ]
[2026-04-20T21:40:13+08:00][sql] CONNECT:[ UseTime:0.001156s ] mysql:host=127.0.0.1;port=3306;dbname=weihua;charset=utf8mb4
[2026-04-20T21:40:13+08:00][sql] SHOW FULL COLUMNS FROM `cmf_option` [ RunTime:0.002227s ]
[2026-04-20T21:40:13+08:00][sql] SELECT `option_value` FROM `cmf_option` WHERE  `option_name` = 'cdn_settings' LIMIT 1 [ RunTime:0.000536s ]
[2026-04-20T21:40:13+08:00][sql] SELECT `option_value` FROM `cmf_option` WHERE  `option_name` = 'cdn_settings' LIMIT 1 [ RunTime:0.000417s ]
[2026-04-20T21:40:13+08:00][sql] SHOW FULL COLUMNS FROM `cmf_product_category` [ RunTime:0.001425s ]
[2026-04-20T21:40:13+08:00][sql] SELECT * FROM `cmf_product_category` WHERE  `parent_id` = 0 ORDER BY `list_order` ASC,`create_time` DESC [ RunTime:0.000332s ]
[2026-04-20T21:40:13+08:00][sql] SELECT * FROM `cmf_product_category` WHERE  `parent_id` IN (18,19,20,21,22,23,24,25,26,27) [ RunTime:0.000252s ]
[2026-04-20T21:40:13+08:00][sql] SHOW FULL COLUMNS FROM `cmf_portal_category` [ RunTime:0.001075s ]
[2026-04-20T21:40:13+08:00][sql] SELECT * FROM `cmf_portal_category` WHERE (  `type` = 8 ) AND `cmf_portal_category`.`delete_time` = '0' ORDER BY `list_order` ASC [ RunTime:0.000311s ]
[2026-04-20T21:40:13+08:00][sql] SHOW FULL COLUMNS FROM `cmf_product` [ RunTime:0.001261s ]
[2026-04-20T21:40:13+08:00][sql] SELECT COUNT(*) AS think_count FROM `cmf_product` WHERE  `category_id` = 19 LIMIT 1 [ RunTime:0.000375s ]
[2026-04-20T21:40:13+08:00][sql] SHOW FULL COLUMNS FROM `cmf_slide_item` [ RunTime:0.001135s ]
[2026-04-20T21:40:13+08:00][sql] SELECT `title`,`description`,`image` FROM `cmf_slide_item` WHERE  `slide_id` = 7 ORDER BY `list_order` ASC LIMIT 1 [ RunTime:0.000299s ]
[2026-04-20T21:40:13+08:00][sql] SHOW FULL COLUMNS FROM `cmf_theme_file` [ RunTime:0.002352s ]
[2026-04-20T21:40:13+08:00][sql] SELECT `more`,`file`,`id` FROM `cmf_theme_file` WHERE  `theme` = 'simpleboot3_mobile'  AND (  `is_public` = 1 OR `file` = 'portal/product' ) ORDER BY `is_public` DESC [ RunTime:0.000627s ]
[2026-04-20T21:40:13+08:00][sql] SELECT `option_value` FROM `cmf_option` WHERE  `option_name` = 'storage' LIMIT 1 [ RunTime:0.000242s ]
[2026-04-20T21:40:14+08:00][sql] CONNECT:[ UseTime:0.001772s ] mysql:host=127.0.0.1;port=3306;dbname=weihua;charset=utf8mb4
[2026-04-20T21:40:14+08:00][sql] SHOW FULL COLUMNS FROM `cmf_option` [ RunTime:0.003221s ]
[2026-04-20T21:40:14+08:00][sql] SELECT `option_value` FROM `cmf_option` WHERE  `option_name` = 'cdn_settings' LIMIT 1 [ RunTime:0.000440s ]
[2026-04-20T21:40:14+08:00][sql] SELECT `option_value` FROM `cmf_option` WHERE  `option_name` = 'cdn_settings' LIMIT 1 [ RunTime:0.000331s ]
[2026-04-20T21:40:14+08:00][sql] SHOW FULL COLUMNS FROM `cmf_product_category` [ RunTime:0.002491s ]
[2026-04-20T21:40:14+08:00][sql] SELECT * FROM `cmf_product_category` WHERE  `parent_id` = 0 ORDER BY `list_order` ASC,`create_time` DESC [ RunTime:0.000352s ]
[2026-04-20T21:40:14+08:00][sql] SELECT * FROM `cmf_product_category` WHERE  `parent_id` IN (18,19,20,21,22,23,24,25,26,27) [ RunTime:0.000289s ]
[2026-04-20T21:40:14+08:00][sql] SHOW FULL COLUMNS FROM `cmf_portal_category` [ RunTime:0.001079s ]
[2026-04-20T21:40:14+08:00][sql] SELECT * FROM `cmf_portal_category` WHERE (  `type` = 8 ) AND `cmf_portal_category`.`delete_time` = '0' ORDER BY `list_order` ASC [ RunTime:0.000328s ]
[2026-04-20T21:40:14+08:00][sql] SHOW FULL COLUMNS FROM `cmf_product` [ RunTime:0.001068s ]
[2026-04-20T21:40:14+08:00][sql] SELECT COUNT(*) AS think_count FROM `cmf_product` LIMIT 1 [ RunTime:0.000210s ]
[2026-04-20T21:40:14+08:00][sql] SELECT `id`,`category_id`,`title`,`thumbnail`,`industry` FROM `cmf_product` ORDER BY `list_order` ASC,`create_time` DESC LIMIT 0,12 [ RunTime:0.000190s ]
[2026-04-20T21:40:14+08:00][sql] SHOW FULL COLUMNS FROM `cmf_slide_item` [ RunTime:0.000936s ]
[2026-04-20T21:40:14+08:00][sql] SELECT `title`,`description`,`image` FROM `cmf_slide_item` WHERE  `slide_id` = 7 ORDER BY `list_order` ASC LIMIT 1 [ RunTime:0.000254s ]
[2026-04-20T21:40:14+08:00][sql] SHOW FULL COLUMNS FROM `cmf_theme_file` [ RunTime:0.000852s ]
[2026-04-20T21:40:14+08:00][sql] SELECT `more`,`file`,`id` FROM `cmf_theme_file` WHERE  `theme` = 'simpleboot3_mobile'  AND (  `is_public` = 1 OR `file` = 'portal/product' ) ORDER BY `is_public` DESC [ RunTime:0.000261s ]
[2026-04-20T21:40:14+08:00][sql] SELECT `option_value` FROM `cmf_option` WHERE  `option_name` = 'storage' LIMIT 1 [ RunTime:0.000151s ]
[2026-04-20T21:42:06+08:00][sql] CONNECT:[ UseTime:0.002424s ] mysql:host=127.0.0.1;port=3306;dbname=weihua;charset=utf8mb4
[2026-04-20T21:42:06+08:00][sql] SHOW FULL COLUMNS FROM `cmf_option` [ RunTime:0.003649s ]
[2026-04-20T21:42:06+08:00][sql] SELECT `option_value` FROM `cmf_option` WHERE  `option_name` = 'cdn_settings' LIMIT 1 [ RunTime:0.000694s ]
[2026-04-20T21:42:06+08:00][sql] SELECT `option_value` FROM `cmf_option` WHERE  `option_name` = 'cdn_settings' LIMIT 1 [ RunTime:0.000501s ]
[2026-04-20T21:42:06+08:00][sql] SHOW FULL COLUMNS FROM `cmf_product_category` [ RunTime:0.002022s ]
[2026-04-20T21:42:06+08:00][sql] SELECT * FROM `cmf_product_category` WHERE  `parent_id` = 0 ORDER BY `list_order` ASC,`create_time` DESC [ RunTime:0.000935s ]
[2026-04-20T21:42:06+08:00][sql] SELECT * FROM `cmf_product_category` WHERE  `parent_id` IN (18,19,20,21,22,23,24,25,26,27) [ RunTime:0.000299s ]
[2026-04-20T21:42:06+08:00][sql] SHOW FULL COLUMNS FROM `cmf_portal_category` [ RunTime:0.001995s ]
[2026-04-20T21:42:06+08:00][sql] SELECT * FROM `cmf_portal_category` WHERE (  `type` = 8 ) AND `cmf_portal_category`.`delete_time` = '0' ORDER BY `list_order` ASC [ RunTime:0.000684s ]
[2026-04-20T21:42:06+08:00][sql] SHOW FULL COLUMNS FROM `cmf_product` [ RunTime:0.001973s ]
[2026-04-20T21:42:06+08:00][sql] SELECT COUNT(*) AS think_count FROM `cmf_product` LIMIT 1 [ RunTime:0.000412s ]
[2026-04-20T21:42:06+08:00][sql] SELECT `id`,`category_id`,`title`,`thumbnail`,`industry` FROM `cmf_product` ORDER BY `list_order` ASC,`create_time` DESC LIMIT 0,12 [ RunTime:0.000272s ]
[2026-04-20T21:42:06+08:00][sql] SHOW FULL COLUMNS FROM `cmf_slide_item` [ RunTime:0.001384s ]
[2026-04-20T21:42:06+08:00][sql] SELECT `title`,`description`,`image` FROM `cmf_slide_item` WHERE  `slide_id` = 2 ORDER BY `list_order` ASC LIMIT 1 [ RunTime:0.000427s ]
[2026-04-20T21:42:06+08:00][sql] SHOW FULL COLUMNS FROM `cmf_theme_file` [ RunTime:0.001186s ]
[2026-04-20T21:42:06+08:00][sql] SELECT `more`,`file`,`id` FROM `cmf_theme_file` WHERE  `theme` = 'simpleboot3'  AND (  `is_public` = 1 OR `file` = 'portal/product' ) ORDER BY `is_public` DESC [ RunTime:0.000396s ]
[2026-04-20T21:42:06+08:00][sql] SELECT `option_value` FROM `cmf_option` WHERE  `option_name` = 'storage' LIMIT 1 [ RunTime:0.000368s ]
[2026-04-20T21:48:09+08:00][sql] CONNECT:[ UseTime:0.002569s ] mysql:host=127.0.0.1;port=3306;dbname=weihua;charset=utf8mb4
[2026-04-20T21:48:09+08:00][sql] SHOW FULL COLUMNS FROM `cmf_option` [ RunTime:0.004231s ]
[2026-04-20T21:48:09+08:00][sql] SELECT `option_value` FROM `cmf_option` WHERE  `option_name` = 'cdn_settings' LIMIT 1 [ RunTime:0.000539s ]
[2026-04-20T21:48:09+08:00][sql] SELECT `option_value` FROM `cmf_option` WHERE  `option_name` = 'cdn_settings' LIMIT 1 [ RunTime:0.000527s ]
[2026-04-20T21:48:09+08:00][sql] SHOW FULL COLUMNS FROM `cmf_product_category` [ RunTime:0.002021s ]
[2026-04-20T21:48:09+08:00][sql] SELECT * FROM `cmf_product_category` WHERE  `parent_id` = 0 ORDER BY `list_order` ASC,`create_time` DESC [ RunTime:0.000678s ]
[2026-04-20T21:48:09+08:00][sql] SELECT * FROM `cmf_product_category` WHERE  `parent_id` IN (18,19,20,21,22,23,24,25,26,27) [ RunTime:0.000323s ]
[2026-04-20T21:48:09+08:00][sql] SHOW FULL COLUMNS FROM `cmf_portal_category` [ RunTime:0.001263s ]
[2026-04-20T21:48:09+08:00][sql] SELECT * FROM `cmf_portal_category` WHERE (  `type` = 8 ) AND `cmf_portal_category`.`delete_time` = '0' ORDER BY `list_order` ASC [ RunTime:0.000377s ]
[2026-04-20T21:48:09+08:00][sql] SHOW FULL COLUMNS FROM `cmf_product` [ RunTime:0.002308s ]
[2026-04-20T21:48:09+08:00][sql] SELECT COUNT(*) AS think_count FROM `cmf_product` LIMIT 1 [ RunTime:0.000493s ]
[2026-04-20T21:48:09+08:00][sql] SELECT `id`,`category_id`,`title`,`thumbnail`,`industry` FROM `cmf_product` ORDER BY `list_order` ASC,`create_time` DESC LIMIT 0,12 [ RunTime:0.000425s ]
[2026-04-20T21:48:09+08:00][sql] SHOW FULL COLUMNS FROM `cmf_slide_item` [ RunTime:0.001435s ]
[2026-04-20T21:48:09+08:00][sql] SELECT `title`,`description`,`image` FROM `cmf_slide_item` WHERE  `slide_id` = 2 ORDER BY `list_order` ASC LIMIT 1 [ RunTime:0.000388s ]
[2026-04-20T21:48:09+08:00][sql] SHOW FULL COLUMNS FROM `cmf_theme_file` [ RunTime:0.001205s ]
[2026-04-20T21:48:09+08:00][sql] SELECT `more`,`file`,`id` FROM `cmf_theme_file` WHERE  `theme` = 'simpleboot3'  AND (  `is_public` = 1 OR `file` = 'portal/product' ) ORDER BY `is_public` DESC [ RunTime:0.000538s ]
[2026-04-20T21:48:09+08:00][sql] SELECT `option_value` FROM `cmf_option` WHERE  `option_name` = 'storage' LIMIT 1 [ RunTime:0.000673s ]
[2026-04-20T21:48:43+08:00][sql] CONNECT:[ UseTime:0.002438s ] mysql:host=127.0.0.1;port=3306;dbname=weihua;charset=utf8mb4
[2026-04-20T21:48:43+08:00][sql] SHOW FULL COLUMNS FROM `cmf_option` [ RunTime:0.003931s ]
[2026-04-20T21:48:43+08:00][sql] SELECT `option_value` FROM `cmf_option` WHERE  `option_name` = 'cdn_settings' LIMIT 1 [ RunTime:0.000438s ]
[2026-04-20T21:48:43+08:00][sql] SELECT `option_value` FROM `cmf_option` WHERE  `option_name` = 'cdn_settings' LIMIT 1 [ RunTime:0.000306s ]
[2026-04-20T21:48:43+08:00][sql] SHOW FULL COLUMNS FROM `cmf_product_category` [ RunTime:0.002792s ]
[2026-04-20T21:48:43+08:00][sql] SELECT * FROM `cmf_product_category` WHERE  `parent_id` = 0 ORDER BY `list_order` ASC,`create_time` DESC [ RunTime:0.001063s ]
[2026-04-20T21:48:43+08:00][sql] SELECT * FROM `cmf_product_category` WHERE  `parent_id` IN (18,19,20,21,22,23,24,25,26,27) [ RunTime:0.000636s ]
[2026-04-20T21:48:43+08:00][sql] SHOW FULL COLUMNS FROM `cmf_portal_category` [ RunTime:0.002324s ]
[2026-04-20T21:48:43+08:00][sql] SELECT * FROM `cmf_portal_category` WHERE (  `type` = 8 ) AND `cmf_portal_category`.`delete_time` = '0' ORDER BY `list_order` ASC [ RunTime:0.000481s ]
[2026-04-20T21:48:43+08:00][sql] SHOW FULL COLUMNS FROM `cmf_product` [ RunTime:0.002888s ]
[2026-04-20T21:48:43+08:00][sql] SELECT COUNT(*) AS think_count FROM `cmf_product` LIMIT 1 [ RunTime:0.000684s ]
[2026-04-20T21:48:43+08:00][sql] SELECT `id`,`category_id`,`title`,`thumbnail`,`industry` FROM `cmf_product` ORDER BY `list_order` ASC,`create_time` DESC LIMIT 0,12 [ RunTime:0.000543s ]
[2026-04-20T21:48:43+08:00][sql] SHOW FULL COLUMNS FROM `cmf_slide_item` [ RunTime:0.002656s ]
[2026-04-20T21:48:43+08:00][sql] SELECT `title`,`description`,`image` FROM `cmf_slide_item` WHERE  `slide_id` = 2 ORDER BY `list_order` ASC LIMIT 1 [ RunTime:0.000766s ]
[2026-04-20T21:48:43+08:00][sql] SHOW FULL COLUMNS FROM `cmf_theme_file` [ RunTime:0.002400s ]
[2026-04-20T21:48:43+08:00][sql] SELECT `more`,`file`,`id` FROM `cmf_theme_file` WHERE  `theme` = 'simpleboot3'  AND (  `is_public` = 1 OR `file` = 'portal/product' ) ORDER BY `is_public` DESC [ RunTime:0.000684s ]
[2026-04-20T21:48:43+08:00][sql] SELECT `option_value` FROM `cmf_option` WHERE  `option_name` = 'storage' LIMIT 1 [ RunTime:0.000599s ]
[2026-04-20T21:52:27+08:00][sql] CONNECT:[ UseTime:0.002657s ] mysql:host=127.0.0.1;port=3306;dbname=weihua;charset=utf8mb4
[2026-04-20T21:52:27+08:00][sql] SHOW FULL COLUMNS FROM `cmf_option` [ RunTime:0.004007s ]
[2026-04-20T21:52:27+08:00][sql] SELECT `option_value` FROM `cmf_option` WHERE  `option_name` = 'cdn_settings' LIMIT 1 [ RunTime:0.000712s ]
[2026-04-20T21:52:27+08:00][sql] SELECT `option_value` FROM `cmf_option` WHERE  `option_name` = 'cdn_settings' LIMIT 1 [ RunTime:0.000537s ]
[2026-04-20T21:52:27+08:00][sql] SHOW FULL COLUMNS FROM `cmf_product_category` [ RunTime:0.002459s ]
[2026-04-20T21:52:27+08:00][sql] SELECT * FROM `cmf_product_category` WHERE  `parent_id` = 0 ORDER BY `list_order` ASC,`create_time` DESC [ RunTime:0.000921s ]
[2026-04-20T21:52:27+08:00][sql] SELECT * FROM `cmf_product_category` WHERE  `parent_id` IN (18,19,20,21,22,23,24,25,26,27) [ RunTime:0.000457s ]
[2026-04-20T21:52:27+08:00][sql] SHOW FULL COLUMNS FROM `cmf_portal_category` [ RunTime:0.002171s ]
[2026-04-20T21:52:27+08:00][sql] SELECT * FROM `cmf_portal_category` WHERE (  `type` = 8 ) AND `cmf_portal_category`.`delete_time` = '0' ORDER BY `list_order` ASC [ RunTime:0.000643s ]
[2026-04-20T21:52:27+08:00][sql] SHOW FULL COLUMNS FROM `cmf_product` [ RunTime:0.003421s ]
[2026-04-20T21:52:27+08:00][sql] SELECT COUNT(*) AS think_count FROM `cmf_product` LIMIT 1 [ RunTime:0.000702s ]
[2026-04-20T21:52:27+08:00][sql] SELECT `id`,`category_id`,`title`,`thumbnail`,`industry` FROM `cmf_product` ORDER BY `list_order` ASC,`create_time` DESC LIMIT 0,12 [ RunTime:0.000607s ]
[2026-04-20T21:52:27+08:00][sql] SHOW FULL COLUMNS FROM `cmf_slide_item` [ RunTime:0.002355s ]
[2026-04-20T21:52:27+08:00][sql] SELECT `title`,`description`,`image` FROM `cmf_slide_item` WHERE  `slide_id` = 2 ORDER BY `list_order` ASC LIMIT 1 [ RunTime:0.000827s ]
[2026-04-20T21:52:27+08:00][sql] SHOW FULL COLUMNS FROM `cmf_theme_file` [ RunTime:0.002660s ]
[2026-04-20T21:52:27+08:00][sql] SELECT `more`,`file`,`id` FROM `cmf_theme_file` WHERE  `theme` = 'simpleboot3'  AND (  `is_public` = 1 OR `file` = 'portal/product' ) ORDER BY `is_public` DESC [ RunTime:0.000975s ]
[2026-04-20T21:52:27+08:00][sql] SELECT `option_value` FROM `cmf_option` WHERE  `option_name` = 'storage' LIMIT 1 [ RunTime:0.000474s ]
[2026-04-20T21:52:39+08:00][sql] CONNECT:[ UseTime:0.001475s ] mysql:host=127.0.0.1;port=3306;dbname=weihua;charset=utf8mb4
[2026-04-20T21:52:39+08:00][sql] SHOW FULL COLUMNS FROM `cmf_option` [ RunTime:0.002662s ]
[2026-04-20T21:52:39+08:00][sql] SELECT `option_value` FROM `cmf_option` WHERE  `option_name` = 'cdn_settings' LIMIT 1 [ RunTime:0.000347s ]
[2026-04-20T21:52:39+08:00][sql] SELECT `option_value` FROM `cmf_option` WHERE  `option_name` = 'cdn_settings' LIMIT 1 [ RunTime:0.000249s ]
[2026-04-20T21:52:39+08:00][sql] SHOW FULL COLUMNS FROM `cmf_product_category` [ RunTime:0.001151s ]
[2026-04-20T21:52:39+08:00][sql] SELECT * FROM `cmf_product_category` WHERE  `parent_id` = 0 ORDER BY `list_order` ASC,`create_time` DESC [ RunTime:0.000471s ]
[2026-04-20T21:52:39+08:00][sql] SELECT * FROM `cmf_product_category` WHERE  `parent_id` IN (18,19,20,21,22,23,24,25,26,27) [ RunTime:0.000276s ]
[2026-04-20T21:52:39+08:00][sql] SHOW FULL COLUMNS FROM `cmf_portal_category` [ RunTime:0.001370s ]
[2026-04-20T21:52:39+08:00][sql] SELECT * FROM `cmf_portal_category` WHERE (  `type` = 8 ) AND `cmf_portal_category`.`delete_time` = '0' ORDER BY `list_order` ASC [ RunTime:0.000423s ]
[2026-04-20T21:52:39+08:00][sql] SHOW FULL COLUMNS FROM `cmf_product` [ RunTime:0.001342s ]
[2026-04-20T21:52:39+08:00][sql] SELECT COUNT(*) AS think_count FROM `cmf_product` LIMIT 1 [ RunTime:0.000285s ]
[2026-04-20T21:52:39+08:00][sql] SELECT `id`,`category_id`,`title`,`thumbnail`,`industry` FROM `cmf_product` ORDER BY `list_order` ASC,`create_time` DESC LIMIT 0,12 [ RunTime:0.000269s ]
[2026-04-20T21:52:39+08:00][sql] SHOW FULL COLUMNS FROM `cmf_slide_item` [ RunTime:0.001314s ]
[2026-04-20T21:52:39+08:00][sql] SELECT `title`,`description`,`image` FROM `cmf_slide_item` WHERE  `slide_id` = 2 ORDER BY `list_order` ASC LIMIT 1 [ RunTime:0.000547s ]
[2026-04-20T21:52:39+08:00][sql] SHOW FULL COLUMNS FROM `cmf_theme_file` [ RunTime:0.001507s ]
[2026-04-20T21:52:39+08:00][sql] SELECT `more`,`file`,`id` FROM `cmf_theme_file` WHERE  `theme` = 'simpleboot3'  AND (  `is_public` = 1 OR `file` = 'portal/product' ) ORDER BY `is_public` DESC [ RunTime:0.000535s ]
[2026-04-20T21:52:39+08:00][sql] SELECT `option_value` FROM `cmf_option` WHERE  `option_name` = 'storage' LIMIT 1 [ RunTime:0.000504s ]
[2026-04-20T21:52:47+08:00][sql] CONNECT:[ UseTime:0.001269s ] mysql:host=127.0.0.1;port=3306;dbname=weihua;charset=utf8mb4
[2026-04-20T21:52:47+08:00][sql] SHOW FULL COLUMNS FROM `cmf_option` [ RunTime:0.002080s ]
[2026-04-20T21:52:47+08:00][sql] SELECT `option_value` FROM `cmf_option` WHERE  `option_name` = 'cdn_settings' LIMIT 1 [ RunTime:0.000434s ]
[2026-04-20T21:52:47+08:00][sql] SELECT `option_value` FROM `cmf_option` WHERE  `option_name` = 'cdn_settings' LIMIT 1 [ RunTime:0.000297s ]
[2026-04-20T21:52:47+08:00][sql] SHOW FULL COLUMNS FROM `cmf_product_category` [ RunTime:0.001311s ]
[2026-04-20T21:52:47+08:00][sql] SELECT * FROM `cmf_product_category` WHERE  `parent_id` = 0 ORDER BY `list_order` ASC,`create_time` DESC [ RunTime:0.000472s ]
[2026-04-20T21:52:47+08:00][sql] SELECT * FROM `cmf_product_category` WHERE  `parent_id` IN (18,19,20,21,22,23,24,25,26,27) [ RunTime:0.000266s ]
[2026-04-20T21:52:47+08:00][sql] SHOW FULL COLUMNS FROM `cmf_portal_category` [ RunTime:0.001659s ]
[2026-04-20T21:52:47+08:00][sql] SELECT * FROM `cmf_portal_category` WHERE (  `type` = 8 ) AND `cmf_portal_category`.`delete_time` = '0' ORDER BY `list_order` ASC [ RunTime:0.000409s ]
[2026-04-20T21:52:47+08:00][sql] SHOW FULL COLUMNS FROM `cmf_product` [ RunTime:0.001626s ]
[2026-04-20T21:52:47+08:00][sql] SELECT COUNT(*) AS think_count FROM `cmf_product` LIMIT 1 [ RunTime:0.000349s ]
[2026-04-20T21:52:47+08:00][sql] SELECT `id`,`category_id`,`title`,`thumbnail`,`industry` FROM `cmf_product` ORDER BY `list_order` ASC,`create_time` DESC LIMIT 0,12 [ RunTime:0.000231s ]
[2026-04-20T21:52:47+08:00][sql] SHOW FULL COLUMNS FROM `cmf_slide_item` [ RunTime:0.001062s ]
[2026-04-20T21:52:47+08:00][sql] SELECT `title`,`description`,`image` FROM `cmf_slide_item` WHERE  `slide_id` = 2 ORDER BY `list_order` ASC LIMIT 1 [ RunTime:0.000402s ]
[2026-04-20T21:52:47+08:00][sql] SHOW FULL COLUMNS FROM `cmf_theme_file` [ RunTime:0.001067s ]
[2026-04-20T21:52:47+08:00][sql] SELECT `more`,`file`,`id` FROM `cmf_theme_file` WHERE  `theme` = 'simpleboot3'  AND (  `is_public` = 1 OR `file` = 'portal/product' ) ORDER BY `is_public` DESC [ RunTime:0.000611s ]
[2026-04-20T21:52:47+08:00][sql] SELECT `option_value` FROM `cmf_option` WHERE  `option_name` = 'storage' LIMIT 1 [ RunTime:0.000373s ]
[2026-04-20T21:52:53+08:00][sql] CONNECT:[ UseTime:0.001548s ] mysql:host=127.0.0.1;port=3306;dbname=weihua;charset=utf8mb4
[2026-04-20T21:52:53+08:00][sql] SHOW FULL COLUMNS FROM `cmf_option` [ RunTime:0.002509s ]
[2026-04-20T21:52:53+08:00][sql] SELECT `option_value` FROM `cmf_option` WHERE  `option_name` = 'cdn_settings' LIMIT 1 [ RunTime:0.000324s ]
[2026-04-20T21:52:53+08:00][sql] SELECT `option_value` FROM `cmf_option` WHERE  `option_name` = 'cdn_settings' LIMIT 1 [ RunTime:0.000267s ]
[2026-04-20T21:52:53+08:00][sql] SHOW FULL COLUMNS FROM `cmf_product_category` [ RunTime:0.001351s ]
[2026-04-20T21:52:53+08:00][sql] SELECT * FROM `cmf_product_category` WHERE  `parent_id` = 0 ORDER BY `list_order` ASC,`create_time` DESC [ RunTime:0.000397s ]
[2026-04-20T21:52:53+08:00][sql] SELECT * FROM `cmf_product_category` WHERE  `parent_id` IN (18,19,20,21,22,23,24,25,26,27) [ RunTime:0.000283s ]
[2026-04-20T21:52:53+08:00][sql] SHOW FULL COLUMNS FROM `cmf_portal_category` [ RunTime:0.001365s ]
[2026-04-20T21:52:53+08:00][sql] SELECT * FROM `cmf_portal_category` WHERE (  `type` = 8 ) AND `cmf_portal_category`.`delete_time` = '0' ORDER BY `list_order` ASC [ RunTime:0.000642s ]
[2026-04-20T21:52:53+08:00][sql] SHOW FULL COLUMNS FROM `cmf_product` [ RunTime:0.002199s ]
[2026-04-20T21:52:53+08:00][sql] SELECT COUNT(*) AS think_count FROM `cmf_product` LIMIT 1 [ RunTime:0.000405s ]
[2026-04-20T21:52:53+08:00][sql] SELECT `id`,`category_id`,`title`,`thumbnail`,`industry` FROM `cmf_product` ORDER BY `list_order` ASC,`create_time` DESC LIMIT 0,12 [ RunTime:0.000273s ]
[2026-04-20T21:52:53+08:00][sql] SHOW FULL COLUMNS FROM `cmf_slide_item` [ RunTime:0.001148s ]
[2026-04-20T21:52:53+08:00][sql] SELECT `title`,`description`,`image` FROM `cmf_slide_item` WHERE  `slide_id` = 2 ORDER BY `list_order` ASC LIMIT 1 [ RunTime:0.000402s ]
[2026-04-20T21:52:53+08:00][sql] SHOW FULL COLUMNS FROM `cmf_theme_file` [ RunTime:0.001151s ]
[2026-04-20T21:52:53+08:00][sql] SELECT `more`,`file`,`id` FROM `cmf_theme_file` WHERE  `theme` = 'simpleboot3'  AND (  `is_public` = 1 OR `file` = 'portal/product' ) ORDER BY `is_public` DESC [ RunTime:0.000371s ]
[2026-04-20T21:52:53+08:00][sql] SELECT `option_value` FROM `cmf_option` WHERE  `option_name` = 'storage' LIMIT 1 [ RunTime:0.000232s ]
[2026-04-20T21:53:27+08:00][sql] CONNECT:[ UseTime:0.000743s ] mysql:host=127.0.0.1;port=3306;dbname=weihua;charset=utf8mb4
[2026-04-20T21:53:27+08:00][sql] SHOW FULL COLUMNS FROM `cmf_option` [ RunTime:0.001405s ]
[2026-04-20T21:53:27+08:00][sql] SELECT `option_value` FROM `cmf_option` WHERE  `option_name` = 'cdn_settings' LIMIT 1 [ RunTime:0.000287s ]
[2026-04-20T21:53:27+08:00][sql] SELECT `option_value` FROM `cmf_option` WHERE  `option_name` = 'cdn_settings' LIMIT 1 [ RunTime:0.000177s ]
[2026-04-20T21:53:27+08:00][sql] SHOW FULL COLUMNS FROM `cmf_product_category` [ RunTime:0.001054s ]
[2026-04-20T21:53:27+08:00][sql] SELECT * FROM `cmf_product_category` WHERE  `parent_id` = 0 ORDER BY `list_order` ASC,`create_time` DESC [ RunTime:0.000352s ]
[2026-04-20T21:53:27+08:00][sql] SELECT * FROM `cmf_product_category` WHERE  `parent_id` IN (18,19,20,21,22,23,24,25,26,27) [ RunTime:0.000238s ]
[2026-04-20T21:53:27+08:00][sql] SHOW FULL COLUMNS FROM `cmf_portal_category` [ RunTime:0.000995s ]
[2026-04-20T21:53:27+08:00][sql] SELECT * FROM `cmf_portal_category` WHERE (  `type` = 8 ) AND `cmf_portal_category`.`delete_time` = '0' ORDER BY `list_order` ASC [ RunTime:0.000283s ]
[2026-04-20T21:53:27+08:00][sql] SHOW FULL COLUMNS FROM `cmf_product` [ RunTime:0.001182s ]
[2026-04-20T21:53:27+08:00][sql] SELECT COUNT(*) AS think_count FROM `cmf_product` LIMIT 1 [ RunTime:0.000192s ]
[2026-04-20T21:53:27+08:00][sql] SELECT `id`,`category_id`,`title`,`thumbnail`,`industry` FROM `cmf_product` ORDER BY `list_order` ASC,`create_time` DESC LIMIT 0,12 [ RunTime:0.000154s ]
[2026-04-20T21:53:27+08:00][sql] SHOW FULL COLUMNS FROM `cmf_slide_item` [ RunTime:0.000816s ]
[2026-04-20T21:53:27+08:00][sql] SELECT `title`,`description`,`image` FROM `cmf_slide_item` WHERE  `slide_id` = 2 ORDER BY `list_order` ASC LIMIT 1 [ RunTime:0.000304s ]
[2026-04-20T21:53:27+08:00][sql] SHOW FULL COLUMNS FROM `cmf_theme_file` [ RunTime:0.000828s ]
[2026-04-20T21:53:27+08:00][sql] SELECT `more`,`file`,`id` FROM `cmf_theme_file` WHERE  `theme` = 'simpleboot3'  AND (  `is_public` = 1 OR `file` = 'portal/product' ) ORDER BY `is_public` DESC [ RunTime:0.000219s ]
[2026-04-20T21:53:27+08:00][sql] SELECT `option_value` FROM `cmf_option` WHERE  `option_name` = 'storage' LIMIT 1 [ RunTime:0.000196s ]
[2026-04-20T21:53:47+08:00][sql] CONNECT:[ UseTime:0.001860s ] mysql:host=127.0.0.1;port=3306;dbname=weihua;charset=utf8mb4
[2026-04-20T21:53:47+08:00][sql] SHOW FULL COLUMNS FROM `cmf_option` [ RunTime:0.003101s ]
[2026-04-20T21:53:47+08:00][sql] SELECT `option_value` FROM `cmf_option` WHERE  `option_name` = 'cdn_settings' LIMIT 1 [ RunTime:0.000471s ]
[2026-04-20T21:53:47+08:00][sql] SELECT `option_value` FROM `cmf_option` WHERE  `option_name` = 'cdn_settings' LIMIT 1 [ RunTime:0.000317s ]
[2026-04-20T21:53:47+08:00][sql] SHOW FULL COLUMNS FROM `cmf_product_category` [ RunTime:0.001402s ]
[2026-04-20T21:53:47+08:00][sql] SELECT * FROM `cmf_product_category` WHERE  `parent_id` = 0 ORDER BY `list_order` ASC,`create_time` DESC [ RunTime:0.000530s ]
[2026-04-20T21:53:47+08:00][sql] SELECT * FROM `cmf_product_category` WHERE  `parent_id` IN (18,19,20,21,22,23,24,25,26,27) [ RunTime:0.000263s ]
[2026-04-20T21:53:47+08:00][sql] SHOW FULL COLUMNS FROM `cmf_portal_category` [ RunTime:0.001369s ]
[2026-04-20T21:53:47+08:00][sql] SELECT * FROM `cmf_portal_category` WHERE (  `type` = 8 ) AND `cmf_portal_category`.`delete_time` = '0' ORDER BY `list_order` ASC [ RunTime:0.000472s ]
[2026-04-20T21:53:47+08:00][sql] SHOW FULL COLUMNS FROM `cmf_product` [ RunTime:0.001551s ]
[2026-04-20T21:53:47+08:00][sql] SELECT COUNT(*) AS think_count FROM `cmf_product` LIMIT 1 [ RunTime:0.000357s ]
[2026-04-20T21:53:47+08:00][sql] SELECT `id`,`category_id`,`title`,`thumbnail`,`industry` FROM `cmf_product` ORDER BY `list_order` ASC,`create_time` DESC LIMIT 0,12 [ RunTime:0.000283s ]
[2026-04-20T21:53:47+08:00][sql] SHOW FULL COLUMNS FROM `cmf_slide_item` [ RunTime:0.000996s ]
[2026-04-20T21:53:47+08:00][sql] SELECT `title`,`description`,`image` FROM `cmf_slide_item` WHERE  `slide_id` = 2 ORDER BY `list_order` ASC LIMIT 1 [ RunTime:0.000294s ]
[2026-04-20T21:53:47+08:00][sql] SHOW FULL COLUMNS FROM `cmf_theme_file` [ RunTime:0.000912s ]
[2026-04-20T21:53:47+08:00][sql] SELECT `more`,`file`,`id` FROM `cmf_theme_file` WHERE  `theme` = 'simpleboot3'  AND (  `is_public` = 1 OR `file` = 'portal/product' ) ORDER BY `is_public` DESC [ RunTime:0.000343s ]
[2026-04-20T21:53:47+08:00][sql] SELECT `option_value` FROM `cmf_option` WHERE  `option_name` = 'storage' LIMIT 1 [ RunTime:0.000504s ]
[2026-04-20T21:55:21+08:00][sql] CONNECT:[ UseTime:0.001955s ] mysql:host=127.0.0.1;port=3306;dbname=weihua;charset=utf8mb4
[2026-04-20T21:55:21+08:00][sql] SHOW FULL COLUMNS FROM `cmf_option` [ RunTime:0.004171s ]
[2026-04-20T21:55:21+08:00][sql] SELECT `option_value` FROM `cmf_option` WHERE  `option_name` = 'cdn_settings' LIMIT 1 [ RunTime:0.000570s ]
[2026-04-20T21:55:21+08:00][sql] SELECT `option_value` FROM `cmf_option` WHERE  `option_name` = 'cdn_settings' LIMIT 1 [ RunTime:0.000470s ]
[2026-04-20T21:55:21+08:00][sql] SHOW FULL COLUMNS FROM `cmf_product_category` [ RunTime:0.002826s ]
[2026-04-20T21:55:21+08:00][sql] SELECT * FROM `cmf_product_category` WHERE  `parent_id` = 0 ORDER BY `list_order` ASC,`create_time` DESC [ RunTime:0.001034s ]
[2026-04-20T21:55:21+08:00][sql] SELECT * FROM `cmf_product_category` WHERE  `parent_id` IN (18,19,20,21,22,23,24,25,26,27) [ RunTime:0.000468s ]
[2026-04-20T21:55:21+08:00][sql] SHOW FULL COLUMNS FROM `cmf_portal_category` [ RunTime:0.001240s ]
[2026-04-20T21:55:21+08:00][sql] SELECT * FROM `cmf_portal_category` WHERE (  `type` = 8 ) AND `cmf_portal_category`.`delete_time` = '0' ORDER BY `list_order` ASC [ RunTime:0.000374s ]
[2026-04-20T21:55:21+08:00][sql] SHOW FULL COLUMNS FROM `cmf_product` [ RunTime:0.001363s ]
[2026-04-20T21:55:21+08:00][sql] SELECT COUNT(*) AS think_count FROM `cmf_product` LIMIT 1 [ RunTime:0.000338s ]
[2026-04-20T21:55:21+08:00][sql] SELECT `id`,`category_id`,`title`,`thumbnail`,`industry` FROM `cmf_product` ORDER BY `list_order` ASC,`create_time` DESC LIMIT 0,12 [ RunTime:0.000226s ]
[2026-04-20T21:55:21+08:00][sql] SHOW FULL COLUMNS FROM `cmf_slide_item` [ RunTime:0.001548s ]
[2026-04-20T21:55:21+08:00][sql] SELECT `title`,`description`,`image` FROM `cmf_slide_item` WHERE  `slide_id` = 2 ORDER BY `list_order` ASC LIMIT 1 [ RunTime:0.000363s ]
[2026-04-20T21:55:21+08:00][sql] SHOW FULL COLUMNS FROM `cmf_theme_file` [ RunTime:0.001001s ]
[2026-04-20T21:55:21+08:00][sql] SELECT `more`,`file`,`id` FROM `cmf_theme_file` WHERE  `theme` = 'simpleboot3'  AND (  `is_public` = 1 OR `file` = 'portal/product' ) ORDER BY `is_public` DESC [ RunTime:0.000429s ]
[2026-04-20T21:55:21+08:00][sql] SELECT `option_value` FROM `cmf_option` WHERE  `option_name` = 'storage' LIMIT 1 [ RunTime:0.000487s ]
[2026-04-20T21:55:25+08:00][sql] CONNECT:[ UseTime:0.001392s ] mysql:host=127.0.0.1;port=3306;dbname=weihua;charset=utf8mb4
[2026-04-20T21:55:25+08:00][sql] SHOW FULL COLUMNS FROM `cmf_option` [ RunTime:0.003788s ]
[2026-04-20T21:55:25+08:00][sql] SELECT `option_value` FROM `cmf_option` WHERE  `option_name` = 'cdn_settings' LIMIT 1 [ RunTime:0.000709s ]
[2026-04-20T21:55:25+08:00][sql] SELECT `option_value` FROM `cmf_option` WHERE  `option_name` = 'cdn_settings' LIMIT 1 [ RunTime:0.000241s ]
[2026-04-20T21:55:25+08:00][sql] SHOW FULL COLUMNS FROM `cmf_product_category` [ RunTime:0.001790s ]
[2026-04-20T21:55:25+08:00][sql] SELECT * FROM `cmf_product_category` WHERE  `parent_id` = 0 ORDER BY `list_order` ASC,`create_time` DESC [ RunTime:0.000693s ]
[2026-04-20T21:55:25+08:00][sql] SELECT * FROM `cmf_product_category` WHERE  `parent_id` IN (18,19,20,21,22,23,24,25,26,27) [ RunTime:0.000479s ]
[2026-04-20T21:55:25+08:00][sql] SHOW FULL COLUMNS FROM `cmf_portal_category` [ RunTime:0.002113s ]
[2026-04-20T21:55:25+08:00][sql] SELECT * FROM `cmf_portal_category` WHERE (  `type` = 8 ) AND `cmf_portal_category`.`delete_time` = '0' ORDER BY `list_order` ASC [ RunTime:0.000541s ]
[2026-04-20T21:55:25+08:00][sql] SHOW FULL COLUMNS FROM `cmf_product` [ RunTime:0.002119s ]
[2026-04-20T21:55:25+08:00][sql] SELECT COUNT(*) AS think_count FROM `cmf_product` LIMIT 1 [ RunTime:0.000441s ]
[2026-04-20T21:55:25+08:00][sql] SELECT `id`,`category_id`,`title`,`thumbnail`,`industry` FROM `cmf_product` ORDER BY `list_order` ASC,`create_time` DESC LIMIT 0,12 [ RunTime:0.000399s ]
[2026-04-20T21:55:25+08:00][sql] SHOW FULL COLUMNS FROM `cmf_slide_item` [ RunTime:0.002194s ]
[2026-04-20T21:55:25+08:00][sql] SELECT `title`,`description`,`image` FROM `cmf_slide_item` WHERE  `slide_id` = 2 ORDER BY `list_order` ASC LIMIT 1 [ RunTime:0.000639s ]
[2026-04-20T21:55:25+08:00][sql] SHOW FULL COLUMNS FROM `cmf_theme_file` [ RunTime:0.001221s ]
[2026-04-20T21:55:25+08:00][sql] SELECT `more`,`file`,`id` FROM `cmf_theme_file` WHERE  `theme` = 'simpleboot3'  AND (  `is_public` = 1 OR `file` = 'portal/product' ) ORDER BY `is_public` DESC [ RunTime:0.000373s ]
[2026-04-20T21:55:25+08:00][sql] SELECT `option_value` FROM `cmf_option` WHERE  `option_name` = 'storage' LIMIT 1 [ RunTime:0.000452s ]
[2026-04-20T21:55:37+08:00][sql] CONNECT:[ UseTime:0.001019s ] mysql:host=127.0.0.1;port=3306;dbname=weihua;charset=utf8mb4
[2026-04-20T21:55:37+08:00][sql] SHOW FULL COLUMNS FROM `cmf_option` [ RunTime:0.001964s ]
[2026-04-20T21:55:37+08:00][sql] SELECT `option_value` FROM `cmf_option` WHERE  `option_name` = 'cdn_settings' LIMIT 1 [ RunTime:0.000341s ]
[2026-04-20T21:55:37+08:00][sql] SELECT `option_value` FROM `cmf_option` WHERE  `option_name` = 'cdn_settings' LIMIT 1 [ RunTime:0.000226s ]
[2026-04-20T21:55:37+08:00][sql] SHOW FULL COLUMNS FROM `cmf_product_category` [ RunTime:0.001064s ]
[2026-04-20T21:55:37+08:00][sql] SELECT * FROM `cmf_product_category` WHERE  `parent_id` = 0 ORDER BY `list_order` ASC,`create_time` DESC [ RunTime:0.000425s ]
[2026-04-20T21:55:37+08:00][sql] SELECT * FROM `cmf_product_category` WHERE  `parent_id` IN (18,19,20,21,22,23,24,25,26,27) [ RunTime:0.000363s ]
[2026-04-20T21:55:37+08:00][sql] SHOW FULL COLUMNS FROM `cmf_portal_category` [ RunTime:0.001155s ]
[2026-04-20T21:55:37+08:00][sql] SELECT * FROM `cmf_portal_category` WHERE (  `type` = 8 ) AND `cmf_portal_category`.`delete_time` = '0' ORDER BY `list_order` ASC [ RunTime:0.000307s ]
[2026-04-20T21:55:37+08:00][sql] SHOW FULL COLUMNS FROM `cmf_product` [ RunTime:0.001402s ]
[2026-04-20T21:55:37+08:00][sql] SELECT COUNT(*) AS think_count FROM `cmf_product` LIMIT 1 [ RunTime:0.000275s ]
[2026-04-20T21:55:37+08:00][sql] SELECT `id`,`category_id`,`title`,`thumbnail`,`industry` FROM `cmf_product` ORDER BY `list_order` ASC,`create_time` DESC LIMIT 0,12 [ RunTime:0.000206s ]
[2026-04-20T21:55:37+08:00][sql] SHOW FULL COLUMNS FROM `cmf_slide_item` [ RunTime:0.001034s ]
[2026-04-20T21:55:37+08:00][sql] SELECT `title`,`description`,`image` FROM `cmf_slide_item` WHERE  `slide_id` = 2 ORDER BY `list_order` ASC LIMIT 1 [ RunTime:0.000359s ]
[2026-04-20T21:55:37+08:00][sql] SHOW FULL COLUMNS FROM `cmf_theme_file` [ RunTime:0.001090s ]
[2026-04-20T21:55:37+08:00][sql] SELECT `more`,`file`,`id` FROM `cmf_theme_file` WHERE  `theme` = 'simpleboot3'  AND (  `is_public` = 1 OR `file` = 'portal/product' ) ORDER BY `is_public` DESC [ RunTime:0.000392s ]
[2026-04-20T21:55:37+08:00][sql] SELECT `option_value` FROM `cmf_option` WHERE  `option_name` = 'storage' LIMIT 1 [ RunTime:0.000269s ]
[2026-04-20T21:55:42+08:00][sql] CONNECT:[ UseTime:0.001024s ] mysql:host=127.0.0.1;port=3306;dbname=weihua;charset=utf8mb4
[2026-04-20T21:55:42+08:00][sql] SHOW FULL COLUMNS FROM `cmf_option` [ RunTime:0.003867s ]
[2026-04-20T21:55:42+08:00][sql] SELECT `option_value` FROM `cmf_option` WHERE  `option_name` = 'cdn_settings' LIMIT 1 [ RunTime:0.000539s ]
[2026-04-20T21:55:42+08:00][sql] SELECT `option_value` FROM `cmf_option` WHERE  `option_name` = 'cdn_settings' LIMIT 1 [ RunTime:0.000264s ]
[2026-04-20T21:55:42+08:00][sql] SHOW FULL COLUMNS FROM `cmf_product_category` [ RunTime:0.001360s ]
[2026-04-20T21:55:42+08:00][sql] SELECT * FROM `cmf_product_category` WHERE  `parent_id` = 0 ORDER BY `list_order` ASC,`create_time` DESC [ RunTime:0.000390s ]
[2026-04-20T21:55:42+08:00][sql] SELECT * FROM `cmf_product_category` WHERE  `parent_id` IN (18,19,20,21,22,23,24,25,26,27) [ RunTime:0.000296s ]
[2026-04-20T21:55:42+08:00][sql] SHOW FULL COLUMNS FROM `cmf_portal_category` [ RunTime:0.001825s ]
[2026-04-20T21:55:42+08:00][sql] SELECT * FROM `cmf_portal_category` WHERE (  `type` = 8 ) AND `cmf_portal_category`.`delete_time` = '0' ORDER BY `list_order` ASC [ RunTime:0.000879s ]
[2026-04-20T21:55:42+08:00][sql] SHOW FULL COLUMNS FROM `cmf_product` [ RunTime:0.002046s ]
[2026-04-20T21:55:42+08:00][sql] SELECT COUNT(*) AS think_count FROM `cmf_product` LIMIT 1 [ RunTime:0.000351s ]
[2026-04-20T21:55:42+08:00][sql] SELECT `id`,`category_id`,`title`,`thumbnail`,`industry` FROM `cmf_product` ORDER BY `list_order` ASC,`create_time` DESC LIMIT 0,12 [ RunTime:0.000260s ]
[2026-04-20T21:55:42+08:00][sql] SHOW FULL COLUMNS FROM `cmf_slide_item` [ RunTime:0.001030s ]
[2026-04-20T21:55:42+08:00][sql] SELECT `title`,`description`,`image` FROM `cmf_slide_item` WHERE  `slide_id` = 2 ORDER BY `list_order` ASC LIMIT 1 [ RunTime:0.000369s ]
[2026-04-20T21:55:42+08:00][sql] SHOW FULL COLUMNS FROM `cmf_theme_file` [ RunTime:0.000995s ]
[2026-04-20T21:55:42+08:00][sql] SELECT `more`,`file`,`id` FROM `cmf_theme_file` WHERE  `theme` = 'simpleboot3'  AND (  `is_public` = 1 OR `file` = 'portal/product' ) ORDER BY `is_public` DESC [ RunTime:0.000352s ]
[2026-04-20T21:55:42+08:00][sql] SELECT `option_value` FROM `cmf_option` WHERE  `option_name` = 'storage' LIMIT 1 [ RunTime:0.000321s ]
[2026-04-20T21:56:10+08:00][sql] CONNECT:[ UseTime:0.001345s ] mysql:host=127.0.0.1;port=3306;dbname=weihua;charset=utf8mb4
[2026-04-20T21:56:10+08:00][sql] SHOW FULL COLUMNS FROM `cmf_option` [ RunTime:0.013619s ]
[2026-04-20T21:56:10+08:00][sql] SELECT `option_value` FROM `cmf_option` WHERE  `option_name` = 'cdn_settings' LIMIT 1 [ RunTime:0.000496s ]
[2026-04-20T21:56:10+08:00][sql] SELECT `option_value` FROM `cmf_option` WHERE  `option_name` = 'cdn_settings' LIMIT 1 [ RunTime:0.000268s ]
[2026-04-20T21:56:10+08:00][sql] SHOW FULL COLUMNS FROM `cmf_product_category` [ RunTime:0.001341s ]
[2026-04-20T21:56:10+08:00][sql] SELECT * FROM `cmf_product_category` WHERE  `parent_id` = 0 ORDER BY `list_order` ASC,`create_time` DESC [ RunTime:0.000461s ]
[2026-04-20T21:56:10+08:00][sql] SELECT * FROM `cmf_product_category` WHERE  `parent_id` IN (18,19,20,21,22,23,24,25,26,27) [ RunTime:0.000244s ]
[2026-04-20T21:56:10+08:00][sql] SHOW FULL COLUMNS FROM `cmf_portal_category` [ RunTime:0.001276s ]
[2026-04-20T21:56:10+08:00][sql] SELECT * FROM `cmf_portal_category` WHERE (  `type` = 8 ) AND `cmf_portal_category`.`delete_time` = '0' ORDER BY `list_order` ASC [ RunTime:0.000340s ]
[2026-04-20T21:56:10+08:00][sql] SHOW FULL COLUMNS FROM `cmf_product` [ RunTime:0.001077s ]
[2026-04-20T21:56:10+08:00][sql] SELECT COUNT(*) AS think_count FROM `cmf_product` LIMIT 1 [ RunTime:0.000266s ]
[2026-04-20T21:56:10+08:00][sql] SELECT `id`,`category_id`,`title`,`thumbnail`,`industry` FROM `cmf_product` ORDER BY `list_order` ASC,`create_time` DESC LIMIT 0,12 [ RunTime:0.000283s ]
[2026-04-20T21:56:10+08:00][sql] SHOW FULL COLUMNS FROM `cmf_slide_item` [ RunTime:0.000926s ]
[2026-04-20T21:56:10+08:00][sql] SELECT `title`,`description`,`image` FROM `cmf_slide_item` WHERE  `slide_id` = 2 ORDER BY `list_order` ASC LIMIT 1 [ RunTime:0.000330s ]
[2026-04-20T21:56:10+08:00][sql] SHOW FULL COLUMNS FROM `cmf_theme_file` [ RunTime:0.000843s ]
[2026-04-20T21:56:10+08:00][sql] SELECT `more`,`file`,`id` FROM `cmf_theme_file` WHERE  `theme` = 'simpleboot3'  AND (  `is_public` = 1 OR `file` = 'portal/product' ) ORDER BY `is_public` DESC [ RunTime:0.000359s ]
[2026-04-20T21:56:10+08:00][sql] SELECT `option_value` FROM `cmf_option` WHERE  `option_name` = 'storage' LIMIT 1 [ RunTime:0.001815s ]
[2026-04-20T21:57:06+08:00][sql] CONNECT:[ UseTime:0.000757s ] mysql:host=127.0.0.1;port=3306;dbname=weihua;charset=utf8mb4
[2026-04-20T21:57:06+08:00][sql] SHOW FULL COLUMNS FROM `cmf_option` [ RunTime:0.001377s ]
[2026-04-20T21:57:06+08:00][sql] SELECT `option_value` FROM `cmf_option` WHERE  `option_name` = 'cdn_settings' LIMIT 1 [ RunTime:0.000264s ]
[2026-04-20T21:57:06+08:00][sql] SELECT `option_value` FROM `cmf_option` WHERE  `option_name` = 'cdn_settings' LIMIT 1 [ RunTime:0.000192s ]
[2026-04-20T21:57:06+08:00][sql] SHOW FULL COLUMNS FROM `cmf_product_category` [ RunTime:0.001058s ]
[2026-04-20T21:57:06+08:00][sql] SELECT * FROM `cmf_product_category` WHERE  `parent_id` = 0 ORDER BY `list_order` ASC,`create_time` DESC [ RunTime:0.000420s ]
[2026-04-20T21:57:06+08:00][sql] SELECT * FROM `cmf_product_category` WHERE  `parent_id` IN (18,19,20,21,22,23,24,25,26,27) [ RunTime:0.000239s ]
[2026-04-20T21:57:06+08:00][sql] SHOW FULL COLUMNS FROM `cmf_portal_category` [ RunTime:0.001200s ]
[2026-04-20T21:57:06+08:00][sql] SELECT * FROM `cmf_portal_category` WHERE (  `type` = 8 ) AND `cmf_portal_category`.`delete_time` = '0' ORDER BY `list_order` ASC [ RunTime:0.000282s ]
[2026-04-20T21:57:06+08:00][sql] SHOW FULL COLUMNS FROM `cmf_product` [ RunTime:0.001827s ]
[2026-04-20T21:57:06+08:00][sql] SELECT COUNT(*) AS think_count FROM `cmf_product` LIMIT 1 [ RunTime:0.000360s ]
[2026-04-20T21:57:06+08:00][sql] SELECT `id`,`category_id`,`title`,`thumbnail`,`industry` FROM `cmf_product` ORDER BY `list_order` ASC,`create_time` DESC LIMIT 0,12 [ RunTime:0.000373s ]
[2026-04-20T21:57:06+08:00][sql] SHOW FULL COLUMNS FROM `cmf_slide_item` [ RunTime:0.001503s ]
[2026-04-20T21:57:06+08:00][sql] SELECT `title`,`description`,`image` FROM `cmf_slide_item` WHERE  `slide_id` = 2 ORDER BY `list_order` ASC LIMIT 1 [ RunTime:0.000266s ]
[2026-04-20T21:57:06+08:00][sql] SHOW FULL COLUMNS FROM `cmf_theme_file` [ RunTime:0.000897s ]
[2026-04-20T21:57:06+08:00][sql] SELECT `more`,`file`,`id` FROM `cmf_theme_file` WHERE  `theme` = 'simpleboot3'  AND (  `is_public` = 1 OR `file` = 'portal/product' ) ORDER BY `is_public` DESC [ RunTime:0.000295s ]
[2026-04-20T21:57:06+08:00][sql] SELECT `option_value` FROM `cmf_option` WHERE  `option_name` = 'storage' LIMIT 1 [ RunTime:0.000189s ]
[2026-04-20T21:57:11+08:00][sql] CONNECT:[ UseTime:0.001468s ] mysql:host=127.0.0.1;port=3306;dbname=weihua;charset=utf8mb4
[2026-04-20T21:57:11+08:00][sql] SHOW FULL COLUMNS FROM `cmf_option` [ RunTime:0.002619s ]
[2026-04-20T21:57:11+08:00][sql] SELECT `option_value` FROM `cmf_option` WHERE  `option_name` = 'cdn_settings' LIMIT 1 [ RunTime:0.000451s ]
[2026-04-20T21:57:11+08:00][sql] SELECT `option_value` FROM `cmf_option` WHERE  `option_name` = 'cdn_settings' LIMIT 1 [ RunTime:0.000291s ]
[2026-04-20T21:57:11+08:00][sql] SHOW FULL COLUMNS FROM `cmf_product_category` [ RunTime:0.002258s ]
[2026-04-20T21:57:11+08:00][sql] SELECT * FROM `cmf_product_category` WHERE  `parent_id` = 0 ORDER BY `list_order` ASC,`create_time` DESC [ RunTime:0.001012s ]
[2026-04-20T21:57:11+08:00][sql] SELECT * FROM `cmf_product_category` WHERE  `parent_id` IN (18,19,20,21,22,23,24,25,26,27) [ RunTime:0.000635s ]
[2026-04-20T21:57:11+08:00][sql] SHOW FULL COLUMNS FROM `cmf_portal_category` [ RunTime:0.002167s ]
[2026-04-20T21:57:11+08:00][sql] SELECT * FROM `cmf_portal_category` WHERE (  `type` = 8 ) AND `cmf_portal_category`.`delete_time` = '0' ORDER BY `list_order` ASC [ RunTime:0.000370s ]
[2026-04-20T21:57:11+08:00][sql] SHOW FULL COLUMNS FROM `cmf_product` [ RunTime:0.001361s ]
[2026-04-20T21:57:11+08:00][sql] SELECT COUNT(*) AS think_count FROM `cmf_product` LIMIT 1 [ RunTime:0.000292s ]
[2026-04-20T21:57:11+08:00][sql] SELECT `id`,`category_id`,`title`,`thumbnail`,`industry` FROM `cmf_product` ORDER BY `list_order` ASC,`create_time` DESC LIMIT 0,12 [ RunTime:0.000233s ]
[2026-04-20T21:57:11+08:00][sql] SHOW FULL COLUMNS FROM `cmf_slide_item` [ RunTime:0.001082s ]
[2026-04-20T21:57:11+08:00][sql] SELECT `title`,`description`,`image` FROM `cmf_slide_item` WHERE  `slide_id` = 2 ORDER BY `list_order` ASC LIMIT 1 [ RunTime:0.000385s ]
[2026-04-20T21:57:11+08:00][sql] SHOW FULL COLUMNS FROM `cmf_theme_file` [ RunTime:0.000966s ]
[2026-04-20T21:57:11+08:00][sql] SELECT `more`,`file`,`id` FROM `cmf_theme_file` WHERE  `theme` = 'simpleboot3'  AND (  `is_public` = 1 OR `file` = 'portal/product' ) ORDER BY `is_public` DESC [ RunTime:0.000400s ]
[2026-04-20T21:57:11+08:00][sql] SELECT `option_value` FROM `cmf_option` WHERE  `option_name` = 'storage' LIMIT 1 [ RunTime:0.000512s ]
[2026-04-20T21:58:05+08:00][sql] CONNECT:[ UseTime:0.012724s ] mysql:host=127.0.0.1;port=3306;dbname=weihua;charset=utf8mb4
[2026-04-20T21:58:05+08:00][sql] SHOW FULL COLUMNS FROM `cmf_option` [ RunTime:0.007557s ]
[2026-04-20T21:58:05+08:00][sql] SELECT `option_value` FROM `cmf_option` WHERE  `option_name` = 'cdn_settings' LIMIT 1 [ RunTime:0.000446s ]
[2026-04-20T21:58:05+08:00][sql] SELECT `option_value` FROM `cmf_option` WHERE  `option_name` = 'cdn_settings' LIMIT 1 [ RunTime:0.000254s ]
[2026-04-20T21:58:05+08:00][sql] SHOW FULL COLUMNS FROM `cmf_product_category` [ RunTime:0.001084s ]
[2026-04-20T21:58:05+08:00][sql] SELECT * FROM `cmf_product_category` WHERE  `parent_id` = 0 ORDER BY `list_order` ASC,`create_time` DESC [ RunTime:0.000956s ]
[2026-04-20T21:58:05+08:00][sql] SELECT * FROM `cmf_product_category` WHERE  `parent_id` IN (18,19,20,21,22,23,24,25,26,27) [ RunTime:0.000408s ]
[2026-04-20T21:58:05+08:00][sql] SHOW FULL COLUMNS FROM `cmf_portal_category` [ RunTime:0.001523s ]
[2026-04-20T21:58:05+08:00][sql] SELECT * FROM `cmf_portal_category` WHERE (  `type` = 8 ) AND `cmf_portal_category`.`delete_time` = '0' ORDER BY `list_order` ASC [ RunTime:0.000416s ]
[2026-04-20T21:58:05+08:00][sql] SHOW FULL COLUMNS FROM `cmf_product` [ RunTime:0.001314s ]
[2026-04-20T21:58:05+08:00][sql] SELECT COUNT(*) AS think_count FROM `cmf_product` LIMIT 1 [ RunTime:0.000257s ]
[2026-04-20T21:58:05+08:00][sql] SELECT `id`,`category_id`,`title`,`thumbnail`,`industry` FROM `cmf_product` ORDER BY `list_order` ASC,`create_time` DESC LIMIT 0,12 [ RunTime:0.000221s ]
[2026-04-20T21:58:05+08:00][sql] SHOW FULL COLUMNS FROM `cmf_slide_item` [ RunTime:0.001001s ]
[2026-04-20T21:58:05+08:00][sql] SELECT `title`,`description`,`image` FROM `cmf_slide_item` WHERE  `slide_id` = 2 ORDER BY `list_order` ASC LIMIT 1 [ RunTime:0.000307s ]
[2026-04-20T21:58:05+08:00][sql] SHOW FULL COLUMNS FROM `cmf_theme_file` [ RunTime:0.000905s ]
[2026-04-20T21:58:05+08:00][sql] SELECT `more`,`file`,`id` FROM `cmf_theme_file` WHERE  `theme` = 'simpleboot3'  AND (  `is_public` = 1 OR `file` = 'portal/product' ) ORDER BY `is_public` DESC [ RunTime:0.000532s ]
[2026-04-20T21:58:05+08:00][sql] SELECT `option_value` FROM `cmf_option` WHERE  `option_name` = 'storage' LIMIT 1 [ RunTime:0.000306s ]
[2026-04-20T21:58:18+08:00][sql] CONNECT:[ UseTime:0.001358s ] mysql:host=127.0.0.1;port=3306;dbname=weihua;charset=utf8mb4
[2026-04-20T21:58:18+08:00][sql] SHOW FULL COLUMNS FROM `cmf_option` [ RunTime:0.002755s ]
[2026-04-20T21:58:18+08:00][sql] SELECT `option_value` FROM `cmf_option` WHERE  `option_name` = 'cdn_settings' LIMIT 1 [ RunTime:0.000417s ]
[2026-04-20T21:58:18+08:00][sql] SELECT `option_value` FROM `cmf_option` WHERE  `option_name` = 'cdn_settings' LIMIT 1 [ RunTime:0.000392s ]
[2026-04-20T21:58:18+08:00][sql] SHOW FULL COLUMNS FROM `cmf_product_category` [ RunTime:0.002123s ]
[2026-04-20T21:58:18+08:00][sql] SELECT * FROM `cmf_product_category` WHERE  `parent_id` = 0 ORDER BY `list_order` ASC,`create_time` DESC [ RunTime:0.000608s ]
[2026-04-20T21:58:18+08:00][sql] SELECT * FROM `cmf_product_category` WHERE  `parent_id` IN (18,19,20,21,22,23,24,25,26,27) [ RunTime:0.000358s ]
[2026-04-20T21:58:18+08:00][sql] SHOW FULL COLUMNS FROM `cmf_portal_category` [ RunTime:0.001610s ]
[2026-04-20T21:58:18+08:00][sql] SELECT * FROM `cmf_portal_category` WHERE (  `type` = 8 ) AND `cmf_portal_category`.`delete_time` = '0' ORDER BY `list_order` ASC [ RunTime:0.000549s ]
[2026-04-20T21:58:18+08:00][sql] SHOW FULL COLUMNS FROM `cmf_product` [ RunTime:0.001863s ]
[2026-04-20T21:58:18+08:00][sql] SELECT COUNT(*) AS think_count FROM `cmf_product` LIMIT 1 [ RunTime:0.000306s ]
[2026-04-20T21:58:18+08:00][sql] SELECT `id`,`category_id`,`title`,`thumbnail`,`industry` FROM `cmf_product` ORDER BY `list_order` ASC,`create_time` DESC LIMIT 0,12 [ RunTime:0.000240s ]
[2026-04-20T21:58:18+08:00][sql] SHOW FULL COLUMNS FROM `cmf_slide_item` [ RunTime:0.001168s ]
[2026-04-20T21:58:18+08:00][sql] SELECT `title`,`description`,`image` FROM `cmf_slide_item` WHERE  `slide_id` = 2 ORDER BY `list_order` ASC LIMIT 1 [ RunTime:0.000388s ]
[2026-04-20T21:58:18+08:00][sql] SHOW FULL COLUMNS FROM `cmf_theme_file` [ RunTime:0.001580s ]
[2026-04-20T21:58:18+08:00][sql] SELECT `more`,`file`,`id` FROM `cmf_theme_file` WHERE  `theme` = 'simpleboot3'  AND (  `is_public` = 1 OR `file` = 'portal/product' ) ORDER BY `is_public` DESC [ RunTime:0.000579s ]
[2026-04-20T21:58:18+08:00][sql] SELECT `option_value` FROM `cmf_option` WHERE  `option_name` = 'storage' LIMIT 1 [ RunTime:0.000358s ]
[2026-04-20T21:58:27+08:00][sql] CONNECT:[ UseTime:0.001109s ] mysql:host=127.0.0.1;port=3306;dbname=weihua;charset=utf8mb4
[2026-04-20T21:58:27+08:00][sql] SHOW FULL COLUMNS FROM `cmf_option` [ RunTime:0.003404s ]
[2026-04-20T21:58:27+08:00][sql] SELECT `option_value` FROM `cmf_option` WHERE  `option_name` = 'cdn_settings' LIMIT 1 [ RunTime:0.000631s ]
[2026-04-20T21:58:27+08:00][sql] SELECT `option_value` FROM `cmf_option` WHERE  `option_name` = 'cdn_settings' LIMIT 1 [ RunTime:0.000250s ]
[2026-04-20T21:58:27+08:00][sql] SHOW FULL COLUMNS FROM `cmf_product_category` [ RunTime:0.001228s ]
[2026-04-20T21:58:27+08:00][sql] SELECT * FROM `cmf_product_category` WHERE  `parent_id` = 0 ORDER BY `list_order` ASC,`create_time` DESC [ RunTime:0.000479s ]
[2026-04-20T21:58:27+08:00][sql] SELECT * FROM `cmf_product_category` WHERE  `parent_id` IN (18,19,20,21,22,23,24,25,26,27) [ RunTime:0.000249s ]
[2026-04-20T21:58:27+08:00][sql] SHOW FULL COLUMNS FROM `cmf_portal_category` [ RunTime:0.001198s ]
[2026-04-20T21:58:27+08:00][sql] SELECT * FROM `cmf_portal_category` WHERE (  `type` = 8 ) AND `cmf_portal_category`.`delete_time` = '0' ORDER BY `list_order` ASC [ RunTime:0.000397s ]
[2026-04-20T21:58:27+08:00][sql] SHOW FULL COLUMNS FROM `cmf_product` [ RunTime:0.002427s ]
[2026-04-20T21:58:27+08:00][sql] SELECT COUNT(*) AS think_count FROM `cmf_product` LIMIT 1 [ RunTime:0.000447s ]
[2026-04-20T21:58:27+08:00][sql] SELECT `id`,`category_id`,`title`,`thumbnail`,`industry` FROM `cmf_product` ORDER BY `list_order` ASC,`create_time` DESC LIMIT 0,12 [ RunTime:0.000281s ]
[2026-04-20T21:58:27+08:00][sql] SHOW FULL COLUMNS FROM `cmf_slide_item` [ RunTime:0.001403s ]
[2026-04-20T21:58:27+08:00][sql] SELECT `title`,`description`,`image` FROM `cmf_slide_item` WHERE  `slide_id` = 2 ORDER BY `list_order` ASC LIMIT 1 [ RunTime:0.000442s ]
[2026-04-20T21:58:27+08:00][sql] SHOW FULL COLUMNS FROM `cmf_theme_file` [ RunTime:0.001130s ]
[2026-04-20T21:58:27+08:00][sql] SELECT `more`,`file`,`id` FROM `cmf_theme_file` WHERE  `theme` = 'simpleboot3'  AND (  `is_public` = 1 OR `file` = 'portal/product' ) ORDER BY `is_public` DESC [ RunTime:0.000482s ]
[2026-04-20T21:58:27+08:00][sql] SELECT `option_value` FROM `cmf_option` WHERE  `option_name` = 'storage' LIMIT 1 [ RunTime:0.000548s ]
[2026-04-20T21:58:32+08:00][sql] CONNECT:[ UseTime:0.000847s ] mysql:host=127.0.0.1;port=3306;dbname=weihua;charset=utf8mb4
[2026-04-20T21:58:32+08:00][sql] SHOW FULL COLUMNS FROM `cmf_option` [ RunTime:0.001702s ]
[2026-04-20T21:58:32+08:00][sql] SELECT `option_value` FROM `cmf_option` WHERE  `option_name` = 'cdn_settings' LIMIT 1 [ RunTime:0.000362s ]
[2026-04-20T21:58:32+08:00][sql] SELECT `option_value` FROM `cmf_option` WHERE  `option_name` = 'cdn_settings' LIMIT 1 [ RunTime:0.000278s ]
[2026-04-20T21:58:32+08:00][sql] SHOW FULL COLUMNS FROM `cmf_product_category` [ RunTime:0.001111s ]
[2026-04-20T21:58:32+08:00][sql] SELECT * FROM `cmf_product_category` WHERE  `parent_id` = 0 ORDER BY `list_order` ASC,`create_time` DESC [ RunTime:0.000376s ]
[2026-04-20T21:58:32+08:00][sql] SELECT * FROM `cmf_product_category` WHERE  `parent_id` IN (18,19,20,21,22,23,24,25,26,27) [ RunTime:0.000267s ]
[2026-04-20T21:58:32+08:00][sql] SHOW FULL COLUMNS FROM `cmf_portal_category` [ RunTime:0.001102s ]
[2026-04-20T21:58:32+08:00][sql] SELECT * FROM `cmf_portal_category` WHERE (  `type` = 8 ) AND `cmf_portal_category`.`delete_time` = '0' ORDER BY `list_order` ASC [ RunTime:0.000286s ]
[2026-04-20T21:58:32+08:00][sql] SHOW FULL COLUMNS FROM `cmf_product` [ RunTime:0.001175s ]
[2026-04-20T21:58:32+08:00][sql] SELECT COUNT(*) AS think_count FROM `cmf_product` LIMIT 1 [ RunTime:0.000209s ]
[2026-04-20T21:58:32+08:00][sql] SELECT `id`,`category_id`,`title`,`thumbnail`,`industry` FROM `cmf_product` ORDER BY `list_order` ASC,`create_time` DESC LIMIT 0,12 [ RunTime:0.000212s ]
[2026-04-20T21:58:32+08:00][sql] SHOW FULL COLUMNS FROM `cmf_slide_item` [ RunTime:0.000915s ]
[2026-04-20T21:58:32+08:00][sql] SELECT `title`,`description`,`image` FROM `cmf_slide_item` WHERE  `slide_id` = 2 ORDER BY `list_order` ASC LIMIT 1 [ RunTime:0.000248s ]
[2026-04-20T21:58:32+08:00][sql] SHOW FULL COLUMNS FROM `cmf_theme_file` [ RunTime:0.000999s ]
[2026-04-20T21:58:32+08:00][sql] SELECT `more`,`file`,`id` FROM `cmf_theme_file` WHERE  `theme` = 'simpleboot3'  AND (  `is_public` = 1 OR `file` = 'portal/product' ) ORDER BY `is_public` DESC [ RunTime:0.000300s ]
[2026-04-20T21:58:32+08:00][sql] SELECT `option_value` FROM `cmf_option` WHERE  `option_name` = 'storage' LIMIT 1 [ RunTime:0.000164s ]
[2026-04-20T21:58:34+08:00][sql] CONNECT:[ UseTime:0.001224s ] mysql:host=127.0.0.1;port=3306;dbname=weihua;charset=utf8mb4
[2026-04-20T21:58:34+08:00][sql] SHOW FULL COLUMNS FROM `cmf_option` [ RunTime:0.003307s ]
[2026-04-20T21:58:34+08:00][sql] SELECT `option_value` FROM `cmf_option` WHERE  `option_name` = 'cdn_settings' LIMIT 1 [ RunTime:0.000732s ]
[2026-04-20T21:58:34+08:00][sql] SELECT `option_value` FROM `cmf_option` WHERE  `option_name` = 'cdn_settings' LIMIT 1 [ RunTime:0.000470s ]
[2026-04-20T21:58:34+08:00][sql] SHOW FULL COLUMNS FROM `cmf_product_category` [ RunTime:0.001878s ]
[2026-04-20T21:58:34+08:00][sql] SELECT * FROM `cmf_product_category` WHERE  `parent_id` = 0 ORDER BY `list_order` ASC,`create_time` DESC [ RunTime:0.000820s ]
[2026-04-20T21:58:34+08:00][sql] SELECT * FROM `cmf_product_category` WHERE  `parent_id` IN (18,19,20,21,22,23,24,25,26,27) [ RunTime:0.000555s ]
[2026-04-20T21:58:34+08:00][sql] SHOW FULL COLUMNS FROM `cmf_portal_category` [ RunTime:0.002261s ]
[2026-04-20T21:58:34+08:00][sql] SELECT * FROM `cmf_portal_category` WHERE (  `type` = 8 ) AND `cmf_portal_category`.`delete_time` = '0' ORDER BY `list_order` ASC [ RunTime:0.000696s ]
[2026-04-20T21:58:34+08:00][sql] SHOW FULL COLUMNS FROM `cmf_product` [ RunTime:0.001482s ]
[2026-04-20T21:58:34+08:00][sql] SELECT COUNT(*) AS think_count FROM `cmf_product` LIMIT 1 [ RunTime:0.000500s ]
[2026-04-20T21:58:34+08:00][sql] SELECT `id`,`category_id`,`title`,`thumbnail`,`industry` FROM `cmf_product` ORDER BY `list_order` ASC,`create_time` DESC LIMIT 0,12 [ RunTime:0.000520s ]
[2026-04-20T21:58:34+08:00][sql] SHOW FULL COLUMNS FROM `cmf_slide_item` [ RunTime:0.001402s ]
[2026-04-20T21:58:34+08:00][sql] SELECT `title`,`description`,`image` FROM `cmf_slide_item` WHERE  `slide_id` = 2 ORDER BY `list_order` ASC LIMIT 1 [ RunTime:0.000448s ]
[2026-04-20T21:58:34+08:00][sql] SHOW FULL COLUMNS FROM `cmf_theme_file` [ RunTime:0.001448s ]
[2026-04-20T21:58:34+08:00][sql] SELECT `more`,`file`,`id` FROM `cmf_theme_file` WHERE  `theme` = 'simpleboot3'  AND (  `is_public` = 1 OR `file` = 'portal/product' ) ORDER BY `is_public` DESC [ RunTime:0.000633s ]
[2026-04-20T21:58:34+08:00][sql] SELECT `option_value` FROM `cmf_option` WHERE  `option_name` = 'storage' LIMIT 1 [ RunTime:0.000617s ]
[2026-04-20T21:58:53+08:00][sql] CONNECT:[ UseTime:0.001261s ] mysql:host=127.0.0.1;port=3306;dbname=weihua;charset=utf8mb4
[2026-04-20T21:58:53+08:00][sql] SHOW FULL COLUMNS FROM `cmf_option` [ RunTime:0.002471s ]
[2026-04-20T21:58:53+08:00][sql] SELECT `option_value` FROM `cmf_option` WHERE  `option_name` = 'cdn_settings' LIMIT 1 [ RunTime:0.000432s ]
[2026-04-20T21:58:53+08:00][sql] SELECT `option_value` FROM `cmf_option` WHERE  `option_name` = 'cdn_settings' LIMIT 1 [ RunTime:0.000347s ]
[2026-04-20T21:58:53+08:00][sql] SHOW FULL COLUMNS FROM `cmf_product_category` [ RunTime:0.001757s ]
[2026-04-20T21:58:53+08:00][sql] SELECT * FROM `cmf_product_category` WHERE  `parent_id` = 0 ORDER BY `list_order` ASC,`create_time` DESC [ RunTime:0.000536s ]
[2026-04-20T21:58:53+08:00][sql] SELECT * FROM `cmf_product_category` WHERE  `parent_id` IN (18,19,20,21,22,23,24,25,26,27) [ RunTime:0.000534s ]
[2026-04-20T21:58:53+08:00][sql] SHOW FULL COLUMNS FROM `cmf_portal_category` [ RunTime:0.002727s ]
[2026-04-20T21:58:53+08:00][sql] SELECT * FROM `cmf_portal_category` WHERE (  `type` = 8 ) AND `cmf_portal_category`.`delete_time` = '0' ORDER BY `list_order` ASC [ RunTime:0.000790s ]
[2026-04-20T21:58:53+08:00][sql] SHOW FULL COLUMNS FROM `cmf_product` [ RunTime:0.002848s ]
[2026-04-20T21:58:53+08:00][sql] SELECT COUNT(*) AS think_count FROM `cmf_product` LIMIT 1 [ RunTime:0.000570s ]
[2026-04-20T21:58:53+08:00][sql] SELECT `id`,`category_id`,`title`,`thumbnail`,`industry` FROM `cmf_product` ORDER BY `list_order` ASC,`create_time` DESC LIMIT 0,12 [ RunTime:0.000521s ]
[2026-04-20T21:58:53+08:00][sql] SHOW FULL COLUMNS FROM `cmf_slide_item` [ RunTime:0.002314s ]
[2026-04-20T21:58:53+08:00][sql] SELECT `title`,`description`,`image` FROM `cmf_slide_item` WHERE  `slide_id` = 2 ORDER BY `list_order` ASC LIMIT 1 [ RunTime:0.000701s ]
[2026-04-20T21:58:53+08:00][sql] SHOW FULL COLUMNS FROM `cmf_theme_file` [ RunTime:0.002408s ]
[2026-04-20T21:58:53+08:00][sql] SELECT `more`,`file`,`id` FROM `cmf_theme_file` WHERE  `theme` = 'simpleboot3'  AND (  `is_public` = 1 OR `file` = 'portal/product' ) ORDER BY `is_public` DESC [ RunTime:0.000759s ]
[2026-04-20T21:58:53+08:00][sql] SELECT `option_value` FROM `cmf_option` WHERE  `option_name` = 'storage' LIMIT 1 [ RunTime:0.000479s ]
[2026-04-20T21:59:24+08:00][sql] CONNECT:[ UseTime:0.001513s ] mysql:host=127.0.0.1;port=3306;dbname=weihua;charset=utf8mb4
[2026-04-20T21:59:24+08:00][sql] SHOW FULL COLUMNS FROM `cmf_option` [ RunTime:0.002605s ]
[2026-04-20T21:59:24+08:00][sql] SELECT `option_value` FROM `cmf_option` WHERE  `option_name` = 'cdn_settings' LIMIT 1 [ RunTime:0.000512s ]
[2026-04-20T21:59:24+08:00][sql] SELECT `option_value` FROM `cmf_option` WHERE  `option_name` = 'cdn_settings' LIMIT 1 [ RunTime:0.000380s ]
[2026-04-20T21:59:24+08:00][sql] SHOW FULL COLUMNS FROM `cmf_product_category` [ RunTime:0.001696s ]
[2026-04-20T21:59:24+08:00][sql] SELECT * FROM `cmf_product_category` WHERE  `parent_id` = 0 ORDER BY `list_order` ASC,`create_time` DESC [ RunTime:0.000679s ]
[2026-04-20T21:59:24+08:00][sql] SELECT * FROM `cmf_product_category` WHERE  `parent_id` IN (18,19,20,21,22,23,24,25,26,27) [ RunTime:0.000304s ]
[2026-04-20T21:59:24+08:00][sql] SHOW FULL COLUMNS FROM `cmf_portal_category` [ RunTime:0.001223s ]
[2026-04-20T21:59:24+08:00][sql] SELECT * FROM `cmf_portal_category` WHERE (  `type` = 8 ) AND `cmf_portal_category`.`delete_time` = '0' ORDER BY `list_order` ASC [ RunTime:0.000292s ]
[2026-04-20T21:59:24+08:00][sql] SHOW FULL COLUMNS FROM `cmf_product` [ RunTime:0.001574s ]
[2026-04-20T21:59:24+08:00][sql] SELECT COUNT(*) AS think_count FROM `cmf_product` LIMIT 1 [ RunTime:0.000384s ]
[2026-04-20T21:59:24+08:00][sql] SELECT `id`,`category_id`,`title`,`thumbnail`,`industry` FROM `cmf_product` ORDER BY `list_order` ASC,`create_time` DESC LIMIT 0,12 [ RunTime:0.000321s ]
[2026-04-20T21:59:24+08:00][sql] SHOW FULL COLUMNS FROM `cmf_slide_item` [ RunTime:0.001424s ]
[2026-04-20T21:59:24+08:00][sql] SELECT `title`,`description`,`image` FROM `cmf_slide_item` WHERE  `slide_id` = 2 ORDER BY `list_order` ASC LIMIT 1 [ RunTime:0.000556s ]
[2026-04-20T21:59:24+08:00][sql] SHOW FULL COLUMNS FROM `cmf_theme_file` [ RunTime:0.001318s ]
[2026-04-20T21:59:24+08:00][sql] SELECT `more`,`file`,`id` FROM `cmf_theme_file` WHERE  `theme` = 'simpleboot3'  AND (  `is_public` = 1 OR `file` = 'portal/product' ) ORDER BY `is_public` DESC [ RunTime:0.000344s ]
[2026-04-20T21:59:24+08:00][sql] SELECT `option_value` FROM `cmf_option` WHERE  `option_name` = 'storage' LIMIT 1 [ RunTime:0.000507s ]
[2026-04-20T22:00:06+08:00][sql] CONNECT:[ UseTime:0.001286s ] mysql:host=127.0.0.1;port=3306;dbname=weihua;charset=utf8mb4
[2026-04-20T22:00:06+08:00][sql] SHOW FULL COLUMNS FROM `cmf_option` [ RunTime:0.002401s ]
[2026-04-20T22:00:06+08:00][sql] SELECT `option_value` FROM `cmf_option` WHERE  `option_name` = 'cdn_settings' LIMIT 1 [ RunTime:0.000410s ]
[2026-04-20T22:00:06+08:00][sql] SELECT `option_value` FROM `cmf_option` WHERE  `option_name` = 'cdn_settings' LIMIT 1 [ RunTime:0.000291s ]
[2026-04-20T22:00:06+08:00][sql] SHOW FULL COLUMNS FROM `cmf_product_category` [ RunTime:0.001251s ]
[2026-04-20T22:00:06+08:00][sql] SELECT * FROM `cmf_product_category` WHERE  `parent_id` = 0 ORDER BY `list_order` ASC,`create_time` DESC [ RunTime:0.000494s ]
[2026-04-20T22:00:06+08:00][sql] SELECT * FROM `cmf_product_category` WHERE  `parent_id` IN (18,19,20,21,22,23,24,25,26,27) [ RunTime:0.000254s ]
[2026-04-20T22:00:06+08:00][sql] SHOW FULL COLUMNS FROM `cmf_portal_category` [ RunTime:0.001351s ]
[2026-04-20T22:00:06+08:00][sql] SELECT * FROM `cmf_portal_category` WHERE (  `type` = 8 ) AND `cmf_portal_category`.`delete_time` = '0' ORDER BY `list_order` ASC [ RunTime:0.000458s ]
[2026-04-20T22:00:06+08:00][sql] SHOW FULL COLUMNS FROM `cmf_product` [ RunTime:0.001071s ]
[2026-04-20T22:00:06+08:00][sql] SELECT COUNT(*) AS think_count FROM `cmf_product` LIMIT 1 [ RunTime:0.000228s ]
[2026-04-20T22:00:06+08:00][sql] SELECT `id`,`category_id`,`title`,`thumbnail`,`industry` FROM `cmf_product` ORDER BY `list_order` ASC,`create_time` DESC LIMIT 0,12 [ RunTime:0.000460s ]
[2026-04-20T22:00:06+08:00][sql] SHOW FULL COLUMNS FROM `cmf_slide_item` [ RunTime:0.001766s ]
[2026-04-20T22:00:06+08:00][sql] SELECT `title`,`description`,`image` FROM `cmf_slide_item` WHERE  `slide_id` = 2 ORDER BY `list_order` ASC LIMIT 1 [ RunTime:0.000445s ]
[2026-04-20T22:00:06+08:00][sql] SHOW FULL COLUMNS FROM `cmf_theme_file` [ RunTime:0.001493s ]
[2026-04-20T22:00:06+08:00][sql] SELECT `more`,`file`,`id` FROM `cmf_theme_file` WHERE  `theme` = 'simpleboot3'  AND (  `is_public` = 1 OR `file` = 'portal/product' ) ORDER BY `is_public` DESC [ RunTime:0.000364s ]
[2026-04-20T22:00:06+08:00][sql] SELECT `option_value` FROM `cmf_option` WHERE  `option_name` = 'storage' LIMIT 1 [ RunTime:0.000212s ]
[2026-04-20T22:00:08+08:00][sql] CONNECT:[ UseTime:0.001232s ] mysql:host=127.0.0.1;port=3306;dbname=weihua;charset=utf8mb4
[2026-04-20T22:00:08+08:00][sql] SHOW FULL COLUMNS FROM `cmf_option` [ RunTime:0.002412s ]
[2026-04-20T22:00:08+08:00][sql] SELECT `option_value` FROM `cmf_option` WHERE  `option_name` = 'cdn_settings' LIMIT 1 [ RunTime:0.000548s ]
[2026-04-20T22:00:08+08:00][sql] SELECT `option_value` FROM `cmf_option` WHERE  `option_name` = 'cdn_settings' LIMIT 1 [ RunTime:0.000281s ]
[2026-04-20T22:00:08+08:00][sql] SHOW FULL COLUMNS FROM `cmf_product_category` [ RunTime:0.001350s ]
[2026-04-20T22:00:08+08:00][sql] SELECT * FROM `cmf_product_category` WHERE  `parent_id` = 0 ORDER BY `list_order` ASC,`create_time` DESC [ RunTime:0.000574s ]
[2026-04-20T22:00:08+08:00][sql] SELECT * FROM `cmf_product_category` WHERE  `parent_id` IN (18,19,20,21,22,23,24,25,26,27) [ RunTime:0.000336s ]
[2026-04-20T22:00:08+08:00][sql] SHOW FULL COLUMNS FROM `cmf_portal_category` [ RunTime:0.001350s ]
[2026-04-20T22:00:08+08:00][sql] SELECT * FROM `cmf_portal_category` WHERE (  `type` = 8 ) AND `cmf_portal_category`.`delete_time` = '0' ORDER BY `list_order` ASC [ RunTime:0.000320s ]
[2026-04-20T22:00:08+08:00][sql] SHOW FULL COLUMNS FROM `cmf_product` [ RunTime:0.001678s ]
[2026-04-20T22:00:08+08:00][sql] SELECT COUNT(*) AS think_count FROM `cmf_product` LIMIT 1 [ RunTime:0.000407s ]
[2026-04-20T22:00:08+08:00][sql] SELECT `id`,`category_id`,`title`,`thumbnail`,`industry` FROM `cmf_product` ORDER BY `list_order` ASC,`create_time` DESC LIMIT 0,12 [ RunTime:0.000293s ]
[2026-04-20T22:00:08+08:00][sql] SHOW FULL COLUMNS FROM `cmf_slide_item` [ RunTime:0.001390s ]
[2026-04-20T22:00:08+08:00][sql] SELECT `title`,`description`,`image` FROM `cmf_slide_item` WHERE  `slide_id` = 2 ORDER BY `list_order` ASC LIMIT 1 [ RunTime:0.000401s ]
[2026-04-20T22:00:08+08:00][sql] SHOW FULL COLUMNS FROM `cmf_theme_file` [ RunTime:0.001009s ]
[2026-04-20T22:00:08+08:00][sql] SELECT `more`,`file`,`id` FROM `cmf_theme_file` WHERE  `theme` = 'simpleboot3'  AND (  `is_public` = 1 OR `file` = 'portal/product' ) ORDER BY `is_public` DESC [ RunTime:0.000347s ]
[2026-04-20T22:00:08+08:00][sql] SELECT `option_value` FROM `cmf_option` WHERE  `option_name` = 'storage' LIMIT 1 [ RunTime:0.000339s ]
[2026-04-20T22:00:23+08:00][sql] CONNECT:[ UseTime:0.004239s ] mysql:host=127.0.0.1;port=3306;dbname=weihua;charset=utf8mb4
[2026-04-20T22:00:23+08:00][sql] SHOW FULL COLUMNS FROM `cmf_option` [ RunTime:0.001438s ]
[2026-04-20T22:00:23+08:00][sql] SELECT `option_value` FROM `cmf_option` WHERE  `option_name` = 'cdn_settings' LIMIT 1 [ RunTime:0.000321s ]
[2026-04-20T22:00:23+08:00][sql] SELECT `option_value` FROM `cmf_option` WHERE  `option_name` = 'cdn_settings' LIMIT 1 [ RunTime:0.000248s ]
[2026-04-20T22:00:23+08:00][sql] SHOW FULL COLUMNS FROM `cmf_product_category` [ RunTime:0.001220s ]
[2026-04-20T22:00:23+08:00][sql] SELECT * FROM `cmf_product_category` WHERE  `parent_id` = 0 ORDER BY `list_order` ASC,`create_time` DESC [ RunTime:0.000417s ]
[2026-04-20T22:00:23+08:00][sql] SELECT * FROM `cmf_product_category` WHERE  `parent_id` IN (18,19,20,21,22,23,24,25,26,27) [ RunTime:0.000315s ]
[2026-04-20T22:00:23+08:00][sql] SHOW FULL COLUMNS FROM `cmf_portal_category` [ RunTime:0.001191s ]
[2026-04-20T22:00:23+08:00][sql] SELECT * FROM `cmf_portal_category` WHERE (  `type` = 8 ) AND `cmf_portal_category`.`delete_time` = '0' ORDER BY `list_order` ASC [ RunTime:0.000460s ]
[2026-04-20T22:00:23+08:00][sql] SHOW FULL COLUMNS FROM `cmf_product` [ RunTime:0.001562s ]
[2026-04-20T22:00:23+08:00][sql] SELECT COUNT(*) AS think_count FROM `cmf_product` LIMIT 1 [ RunTime:0.000257s ]
[2026-04-20T22:00:23+08:00][sql] SELECT `id`,`category_id`,`title`,`thumbnail`,`industry` FROM `cmf_product` ORDER BY `list_order` ASC,`create_time` DESC LIMIT 0,12 [ RunTime:0.000192s ]
[2026-04-20T22:00:23+08:00][sql] SHOW FULL COLUMNS FROM `cmf_slide_item` [ RunTime:0.000869s ]
[2026-04-20T22:00:23+08:00][sql] SELECT `title`,`description`,`image` FROM `cmf_slide_item` WHERE  `slide_id` = 2 ORDER BY `list_order` ASC LIMIT 1 [ RunTime:0.000281s ]
[2026-04-20T22:00:23+08:00][sql] SHOW FULL COLUMNS FROM `cmf_theme_file` [ RunTime:0.000928s ]
[2026-04-20T22:00:23+08:00][sql] SELECT `more`,`file`,`id` FROM `cmf_theme_file` WHERE  `theme` = 'simpleboot3'  AND (  `is_public` = 1 OR `file` = 'portal/product' ) ORDER BY `is_public` DESC [ RunTime:0.000389s ]
[2026-04-20T22:00:23+08:00][sql] SELECT `option_value` FROM `cmf_option` WHERE  `option_name` = 'storage' LIMIT 1 [ RunTime:0.000396s ]
[2026-04-20T22:00:27+08:00][sql] CONNECT:[ UseTime:0.000693s ] mysql:host=127.0.0.1;port=3306;dbname=weihua;charset=utf8mb4
[2026-04-20T22:00:27+08:00][sql] SHOW FULL COLUMNS FROM `cmf_option` [ RunTime:0.001826s ]
[2026-04-20T22:00:27+08:00][sql] SELECT `option_value` FROM `cmf_option` WHERE  `option_name` = 'cdn_settings' LIMIT 1 [ RunTime:0.000314s ]
[2026-04-20T22:00:27+08:00][sql] SELECT `option_value` FROM `cmf_option` WHERE  `option_name` = 'cdn_settings' LIMIT 1 [ RunTime:0.000203s ]
[2026-04-20T22:00:27+08:00][sql] SHOW FULL COLUMNS FROM `cmf_product_category` [ RunTime:0.001134s ]
[2026-04-20T22:00:27+08:00][sql] SELECT * FROM `cmf_product_category` WHERE  `parent_id` = 0 ORDER BY `list_order` ASC,`create_time` DESC [ RunTime:0.000461s ]
[2026-04-20T22:00:27+08:00][sql] SELECT * FROM `cmf_product_category` WHERE  `parent_id` IN (18,19,20,21,22,23,24,25,26,27) [ RunTime:0.000237s ]
[2026-04-20T22:00:27+08:00][sql] SHOW FULL COLUMNS FROM `cmf_portal_category` [ RunTime:0.001173s ]
[2026-04-20T22:00:27+08:00][sql] SELECT * FROM `cmf_portal_category` WHERE (  `type` = 8 ) AND `cmf_portal_category`.`delete_time` = '0' ORDER BY `list_order` ASC [ RunTime:0.000349s ]
[2026-04-20T22:00:27+08:00][sql] SHOW FULL COLUMNS FROM `cmf_product` [ RunTime:0.001363s ]
[2026-04-20T22:00:27+08:00][sql] SELECT COUNT(*) AS think_count FROM `cmf_product` LIMIT 1 [ RunTime:0.000247s ]
[2026-04-20T22:00:27+08:00][sql] SELECT `id`,`category_id`,`title`,`thumbnail`,`industry` FROM `cmf_product` ORDER BY `list_order` ASC,`create_time` DESC LIMIT 0,12 [ RunTime:0.000195s ]
[2026-04-20T22:00:27+08:00][sql] SHOW FULL COLUMNS FROM `cmf_slide_item` [ RunTime:0.000916s ]
[2026-04-20T22:00:27+08:00][sql] SELECT `title`,`description`,`image` FROM `cmf_slide_item` WHERE  `slide_id` = 2 ORDER BY `list_order` ASC LIMIT 1 [ RunTime:0.000321s ]
[2026-04-20T22:00:27+08:00][sql] SHOW FULL COLUMNS FROM `cmf_theme_file` [ RunTime:0.001014s ]
[2026-04-20T22:00:27+08:00][sql] SELECT `more`,`file`,`id` FROM `cmf_theme_file` WHERE  `theme` = 'simpleboot3'  AND (  `is_public` = 1 OR `file` = 'portal/product' ) ORDER BY `is_public` DESC [ RunTime:0.000429s ]
[2026-04-20T22:00:27+08:00][sql] SELECT `option_value` FROM `cmf_option` WHERE  `option_name` = 'storage' LIMIT 1 [ RunTime:0.000384s ]
[2026-04-20T22:00:45+08:00][sql] CONNECT:[ UseTime:0.001690s ] mysql:host=127.0.0.1;port=3306;dbname=weihua;charset=utf8mb4
[2026-04-20T22:00:45+08:00][sql] SHOW FULL COLUMNS FROM `cmf_option` [ RunTime:0.003060s ]
[2026-04-20T22:00:45+08:00][sql] SELECT `option_value` FROM `cmf_option` WHERE  `option_name` = 'cdn_settings' LIMIT 1 [ RunTime:0.000423s ]
[2026-04-20T22:00:45+08:00][sql] SELECT `option_value` FROM `cmf_option` WHERE  `option_name` = 'cdn_settings' LIMIT 1 [ RunTime:0.000298s ]
[2026-04-20T22:00:45+08:00][sql] SHOW FULL COLUMNS FROM `cmf_product_category` [ RunTime:0.001406s ]
[2026-04-20T22:00:45+08:00][sql] SELECT * FROM `cmf_product_category` WHERE  `parent_id` = 0 ORDER BY `list_order` ASC,`create_time` DESC [ RunTime:0.000537s ]
[2026-04-20T22:00:45+08:00][sql] SELECT * FROM `cmf_product_category` WHERE  `parent_id` IN (18,19,20,21,22,23,24,25,26,27) [ RunTime:0.000254s ]
[2026-04-20T22:00:45+08:00][sql] SHOW FULL COLUMNS FROM `cmf_portal_category` [ RunTime:0.001149s ]
[2026-04-20T22:00:45+08:00][sql] SELECT * FROM `cmf_portal_category` WHERE (  `type` = 8 ) AND `cmf_portal_category`.`delete_time` = '0' ORDER BY `list_order` ASC [ RunTime:0.000338s ]
[2026-04-20T22:00:45+08:00][sql] SHOW FULL COLUMNS FROM `cmf_product` [ RunTime:0.001286s ]
[2026-04-20T22:00:45+08:00][sql] SELECT COUNT(*) AS think_count FROM `cmf_product` LIMIT 1 [ RunTime:0.000262s ]
[2026-04-20T22:00:45+08:00][sql] SELECT `id`,`category_id`,`title`,`thumbnail`,`industry` FROM `cmf_product` ORDER BY `list_order` ASC,`create_time` DESC LIMIT 0,12 [ RunTime:0.000234s ]
[2026-04-20T22:00:45+08:00][sql] SHOW FULL COLUMNS FROM `cmf_slide_item` [ RunTime:0.001034s ]
[2026-04-20T22:00:45+08:00][sql] SELECT `title`,`description`,`image` FROM `cmf_slide_item` WHERE  `slide_id` = 2 ORDER BY `list_order` ASC LIMIT 1 [ RunTime:0.000339s ]
[2026-04-20T22:00:45+08:00][sql] SHOW FULL COLUMNS FROM `cmf_theme_file` [ RunTime:0.000961s ]
[2026-04-20T22:00:45+08:00][sql] SELECT `more`,`file`,`id` FROM `cmf_theme_file` WHERE  `theme` = 'simpleboot3'  AND (  `is_public` = 1 OR `file` = 'portal/product' ) ORDER BY `is_public` DESC [ RunTime:0.000355s ]
[2026-04-20T22:00:45+08:00][sql] SELECT `option_value` FROM `cmf_option` WHERE  `option_name` = 'storage' LIMIT 1 [ RunTime:0.000189s ]
[2026-04-20T22:01:50+08:00][sql] CONNECT:[ UseTime:0.001667s ] mysql:host=127.0.0.1;port=3306;dbname=weihua;charset=utf8mb4
[2026-04-20T22:01:50+08:00][sql] SHOW FULL COLUMNS FROM `cmf_option` [ RunTime:0.003411s ]
[2026-04-20T22:01:50+08:00][sql] SELECT `option_value` FROM `cmf_option` WHERE  `option_name` = 'cdn_settings' LIMIT 1 [ RunTime:0.000539s ]
[2026-04-20T22:01:50+08:00][sql] SELECT `option_value` FROM `cmf_option` WHERE  `option_name` = 'cdn_settings' LIMIT 1 [ RunTime:0.000314s ]
[2026-04-20T22:01:50+08:00][sql] SHOW FULL COLUMNS FROM `cmf_product_category` [ RunTime:0.001697s ]
[2026-04-20T22:01:50+08:00][sql] SELECT * FROM `cmf_product_category` WHERE  `parent_id` = 0 ORDER BY `list_order` ASC,`create_time` DESC [ RunTime:0.000501s ]
[2026-04-20T22:01:50+08:00][sql] SELECT * FROM `cmf_product_category` WHERE  `parent_id` IN (18,19,20,21,22,23,24,25,26,27) [ RunTime:0.000324s ]
[2026-04-20T22:01:50+08:00][sql] SHOW FULL COLUMNS FROM `cmf_portal_category` [ RunTime:0.001732s ]
[2026-04-20T22:01:50+08:00][sql] SELECT * FROM `cmf_portal_category` WHERE (  `type` = 8 ) AND `cmf_portal_category`.`delete_time` = '0' ORDER BY `list_order` ASC [ RunTime:0.000459s ]
[2026-04-20T22:01:50+08:00][sql] SHOW FULL COLUMNS FROM `cmf_product` [ RunTime:0.001903s ]
[2026-04-20T22:01:50+08:00][sql] SELECT COUNT(*) AS think_count FROM `cmf_product` LIMIT 1 [ RunTime:0.000383s ]
[2026-04-20T22:01:50+08:00][sql] SELECT `id`,`category_id`,`title`,`thumbnail`,`industry` FROM `cmf_product` ORDER BY `list_order` ASC,`create_time` DESC LIMIT 0,12 [ RunTime:0.000352s ]
[2026-04-20T22:01:50+08:00][sql] SHOW FULL COLUMNS FROM `cmf_slide_item` [ RunTime:0.000965s ]
[2026-04-20T22:01:50+08:00][sql] SELECT `title`,`description`,`image` FROM `cmf_slide_item` WHERE  `slide_id` = 2 ORDER BY `list_order` ASC LIMIT 1 [ RunTime:0.000409s ]
[2026-04-20T22:01:50+08:00][sql] SHOW FULL COLUMNS FROM `cmf_theme_file` [ RunTime:0.000958s ]
[2026-04-20T22:01:50+08:00][sql] SELECT `more`,`file`,`id` FROM `cmf_theme_file` WHERE  `theme` = 'simpleboot3'  AND (  `is_public` = 1 OR `file` = 'portal/product' ) ORDER BY `is_public` DESC [ RunTime:0.000450s ]
[2026-04-20T22:01:50+08:00][sql] SELECT `option_value` FROM `cmf_option` WHERE  `option_name` = 'storage' LIMIT 1 [ RunTime:0.000418s ]
[2026-04-20T22:01:54+08:00][sql] CONNECT:[ UseTime:0.001451s ] mysql:host=127.0.0.1;port=3306;dbname=weihua;charset=utf8mb4
[2026-04-20T22:01:54+08:00][sql] SHOW FULL COLUMNS FROM `cmf_option` [ RunTime:0.002695s ]
[2026-04-20T22:01:54+08:00][sql] SELECT `option_value` FROM `cmf_option` WHERE  `option_name` = 'cdn_settings' LIMIT 1 [ RunTime:0.000632s ]
[2026-04-20T22:01:54+08:00][sql] SELECT `option_value` FROM `cmf_option` WHERE  `option_name` = 'cdn_settings' LIMIT 1 [ RunTime:0.000460s ]
[2026-04-20T22:01:54+08:00][sql] SHOW FULL COLUMNS FROM `cmf_product_category` [ RunTime:0.001556s ]
[2026-04-20T22:01:54+08:00][sql] SELECT * FROM `cmf_product_category` WHERE  `parent_id` = 0 ORDER BY `list_order` ASC,`create_time` DESC [ RunTime:0.000557s ]
[2026-04-20T22:01:54+08:00][sql] SELECT * FROM `cmf_product_category` WHERE  `parent_id` IN (18,19,20,21,22,23,24,25,26,27) [ RunTime:0.000269s ]
[2026-04-20T22:01:54+08:00][sql] SHOW FULL COLUMNS FROM `cmf_portal_category` [ RunTime:0.001347s ]
[2026-04-20T22:01:54+08:00][sql] SELECT * FROM `cmf_portal_category` WHERE (  `type` = 8 ) AND `cmf_portal_category`.`delete_time` = '0' ORDER BY `list_order` ASC [ RunTime:0.000675s ]
[2026-04-20T22:01:54+08:00][sql] SHOW FULL COLUMNS FROM `cmf_product` [ RunTime:0.001969s ]
[2026-04-20T22:01:54+08:00][sql] SELECT COUNT(*) AS think_count FROM `cmf_product` LIMIT 1 [ RunTime:0.000310s ]
[2026-04-20T22:01:54+08:00][sql] SELECT `id`,`category_id`,`title`,`thumbnail`,`industry` FROM `cmf_product` ORDER BY `list_order` ASC,`create_time` DESC LIMIT 0,12 [ RunTime:0.000236s ]
[2026-04-20T22:01:54+08:00][sql] SHOW FULL COLUMNS FROM `cmf_slide_item` [ RunTime:0.001124s ]
[2026-04-20T22:01:54+08:00][sql] SELECT `title`,`description`,`image` FROM `cmf_slide_item` WHERE  `slide_id` = 2 ORDER BY `list_order` ASC LIMIT 1 [ RunTime:0.000428s ]
[2026-04-20T22:01:54+08:00][sql] SHOW FULL COLUMNS FROM `cmf_theme_file` [ RunTime:0.001164s ]
[2026-04-20T22:01:54+08:00][sql] SELECT `more`,`file`,`id` FROM `cmf_theme_file` WHERE  `theme` = 'simpleboot3'  AND (  `is_public` = 1 OR `file` = 'portal/product' ) ORDER BY `is_public` DESC [ RunTime:0.000575s ]
[2026-04-20T22:01:54+08:00][sql] SELECT `option_value` FROM `cmf_option` WHERE  `option_name` = 'storage' LIMIT 1 [ RunTime:0.000544s ]
[2026-04-20T22:01:59+08:00][sql] CONNECT:[ UseTime:0.001162s ] mysql:host=127.0.0.1;port=3306;dbname=weihua;charset=utf8mb4
[2026-04-20T22:01:59+08:00][sql] SHOW FULL COLUMNS FROM `cmf_option` [ RunTime:0.002542s ]
[2026-04-20T22:01:59+08:00][sql] SELECT `option_value` FROM `cmf_option` WHERE  `option_name` = 'cdn_settings' LIMIT 1 [ RunTime:0.000446s ]
[2026-04-20T22:01:59+08:00][sql] SELECT `option_value` FROM `cmf_option` WHERE  `option_name` = 'cdn_settings' LIMIT 1 [ RunTime:0.000263s ]
[2026-04-20T22:01:59+08:00][sql] SHOW FULL COLUMNS FROM `cmf_product_category` [ RunTime:0.001233s ]
[2026-04-20T22:01:59+08:00][sql] SELECT * FROM `cmf_product_category` WHERE  `parent_id` = 0 ORDER BY `list_order` ASC,`create_time` DESC [ RunTime:0.000520s ]
[2026-04-20T22:01:59+08:00][sql] SELECT * FROM `cmf_product_category` WHERE  `parent_id` IN (18,19,20,21,22,23,24,25,26,27) [ RunTime:0.000396s ]
[2026-04-20T22:01:59+08:00][sql] SHOW FULL COLUMNS FROM `cmf_portal_category` [ RunTime:0.002025s ]
[2026-04-20T22:01:59+08:00][sql] SELECT * FROM `cmf_portal_category` WHERE (  `type` = 8 ) AND `cmf_portal_category`.`delete_time` = '0' ORDER BY `list_order` ASC [ RunTime:0.000555s ]
[2026-04-20T22:01:59+08:00][sql] SHOW FULL COLUMNS FROM `cmf_product` [ RunTime:0.001588s ]
[2026-04-20T22:01:59+08:00][sql] SELECT COUNT(*) AS think_count FROM `cmf_product` LIMIT 1 [ RunTime:0.000422s ]
[2026-04-20T22:01:59+08:00][sql] SELECT `id`,`category_id`,`title`,`thumbnail`,`industry` FROM `cmf_product` ORDER BY `list_order` ASC,`create_time` DESC LIMIT 0,12 [ RunTime:0.000406s ]
[2026-04-20T22:01:59+08:00][sql] SHOW FULL COLUMNS FROM `cmf_slide_item` [ RunTime:0.001059s ]
[2026-04-20T22:01:59+08:00][sql] SELECT `title`,`description`,`image` FROM `cmf_slide_item` WHERE  `slide_id` = 2 ORDER BY `list_order` ASC LIMIT 1 [ RunTime:0.000382s ]
[2026-04-20T22:01:59+08:00][sql] SHOW FULL COLUMNS FROM `cmf_theme_file` [ RunTime:0.001057s ]
[2026-04-20T22:01:59+08:00][sql] SELECT `more`,`file`,`id` FROM `cmf_theme_file` WHERE  `theme` = 'simpleboot3'  AND (  `is_public` = 1 OR `file` = 'portal/product' ) ORDER BY `is_public` DESC [ RunTime:0.000313s ]
[2026-04-20T22:01:59+08:00][sql] SELECT `option_value` FROM `cmf_option` WHERE  `option_name` = 'storage' LIMIT 1 [ RunTime:0.000352s ]
[2026-04-20T22:02:12+08:00][sql] CONNECT:[ UseTime:0.001784s ] mysql:host=127.0.0.1;port=3306;dbname=weihua;charset=utf8mb4
[2026-04-20T22:02:12+08:00][sql] SHOW FULL COLUMNS FROM `cmf_option` [ RunTime:0.004187s ]
[2026-04-20T22:02:12+08:00][sql] SELECT `option_value` FROM `cmf_option` WHERE  `option_name` = 'cdn_settings' LIMIT 1 [ RunTime:0.000655s ]
[2026-04-20T22:02:12+08:00][sql] SELECT `option_value` FROM `cmf_option` WHERE  `option_name` = 'cdn_settings' LIMIT 1 [ RunTime:0.000383s ]
[2026-04-20T22:02:12+08:00][sql] SHOW FULL COLUMNS FROM `cmf_product_category` [ RunTime:0.001558s ]
[2026-04-20T22:02:12+08:00][sql] SELECT * FROM `cmf_product_category` WHERE  `parent_id` = 0 ORDER BY `list_order` ASC,`create_time` DESC [ RunTime:0.005989s ]
[2026-04-20T22:02:12+08:00][sql] SELECT * FROM `cmf_product_category` WHERE  `parent_id` IN (18,19,20,21,22,23,24,25,26,27) [ RunTime:0.000313s ]
[2026-04-20T22:02:12+08:00][sql] SHOW FULL COLUMNS FROM `cmf_portal_category` [ RunTime:0.001701s ]
[2026-04-20T22:02:12+08:00][sql] SELECT * FROM `cmf_portal_category` WHERE (  `type` = 8 ) AND `cmf_portal_category`.`delete_time` = '0' ORDER BY `list_order` ASC [ RunTime:0.000515s ]
[2026-04-20T22:02:12+08:00][sql] SHOW FULL COLUMNS FROM `cmf_product` [ RunTime:0.002825s ]
[2026-04-20T22:02:12+08:00][sql] SELECT COUNT(*) AS think_count FROM `cmf_product` LIMIT 1 [ RunTime:0.011951s ]
[2026-04-20T22:02:12+08:00][sql] SELECT `id`,`category_id`,`title`,`thumbnail`,`industry` FROM `cmf_product` ORDER BY `list_order` ASC,`create_time` DESC LIMIT 0,12 [ RunTime:0.000482s ]
[2026-04-20T22:02:12+08:00][sql] SHOW FULL COLUMNS FROM `cmf_slide_item` [ RunTime:0.001244s ]
[2026-04-20T22:02:12+08:00][sql] SELECT `title`,`description`,`image` FROM `cmf_slide_item` WHERE  `slide_id` = 2 ORDER BY `list_order` ASC LIMIT 1 [ RunTime:0.000325s ]
[2026-04-20T22:02:12+08:00][sql] SHOW FULL COLUMNS FROM `cmf_theme_file` [ RunTime:0.000961s ]
[2026-04-20T22:02:12+08:00][sql] SELECT `more`,`file`,`id` FROM `cmf_theme_file` WHERE  `theme` = 'simpleboot3'  AND (  `is_public` = 1 OR `file` = 'portal/product' ) ORDER BY `is_public` DESC [ RunTime:0.000369s ]
[2026-04-20T22:02:12+08:00][sql] SELECT `option_value` FROM `cmf_option` WHERE  `option_name` = 'storage' LIMIT 1 [ RunTime:0.000209s ]
[2026-04-20T22:02:14+08:00][sql] CONNECT:[ UseTime:0.002597s ] mysql:host=127.0.0.1;port=3306;dbname=weihua;charset=utf8mb4
[2026-04-20T22:02:14+08:00][sql] SHOW FULL COLUMNS FROM `cmf_option` [ RunTime:0.003769s ]
[2026-04-20T22:02:14+08:00][sql] SELECT `option_value` FROM `cmf_option` WHERE  `option_name` = 'cdn_settings' LIMIT 1 [ RunTime:0.000616s ]
[2026-04-20T22:02:14+08:00][sql] SELECT `option_value` FROM `cmf_option` WHERE  `option_name` = 'cdn_settings' LIMIT 1 [ RunTime:0.000321s ]
[2026-04-20T22:02:14+08:00][sql] SHOW FULL COLUMNS FROM `cmf_product_category` [ RunTime:0.001602s ]
[2026-04-20T22:02:14+08:00][sql] SELECT * FROM `cmf_product_category` WHERE  `parent_id` = 0 ORDER BY `list_order` ASC,`create_time` DESC [ RunTime:0.000458s ]
[2026-04-20T22:02:14+08:00][sql] SELECT * FROM `cmf_product_category` WHERE  `parent_id` IN (18,19,20,21,22,23,24,25,26,27) [ RunTime:0.000291s ]
[2026-04-20T22:02:14+08:00][sql] SHOW FULL COLUMNS FROM `cmf_portal_category` [ RunTime:0.001303s ]
[2026-04-20T22:02:14+08:00][sql] SELECT * FROM `cmf_portal_category` WHERE (  `type` = 8 ) AND `cmf_portal_category`.`delete_time` = '0' ORDER BY `list_order` ASC [ RunTime:0.000414s ]
[2026-04-20T22:02:14+08:00][sql] SHOW FULL COLUMNS FROM `cmf_product` [ RunTime:0.001630s ]
[2026-04-20T22:02:14+08:00][sql] SELECT COUNT(*) AS think_count FROM `cmf_product` LIMIT 1 [ RunTime:0.000381s ]
[2026-04-20T22:02:14+08:00][sql] SELECT `id`,`category_id`,`title`,`thumbnail`,`industry` FROM `cmf_product` ORDER BY `list_order` ASC,`create_time` DESC LIMIT 0,12 [ RunTime:0.000256s ]
[2026-04-20T22:02:14+08:00][sql] SHOW FULL COLUMNS FROM `cmf_slide_item` [ RunTime:0.001241s ]
[2026-04-20T22:02:14+08:00][sql] SELECT `title`,`description`,`image` FROM `cmf_slide_item` WHERE  `slide_id` = 2 ORDER BY `list_order` ASC LIMIT 1 [ RunTime:0.000428s ]
[2026-04-20T22:02:14+08:00][sql] SHOW FULL COLUMNS FROM `cmf_theme_file` [ RunTime:0.001158s ]
[2026-04-20T22:02:14+08:00][sql] SELECT `more`,`file`,`id` FROM `cmf_theme_file` WHERE  `theme` = 'simpleboot3'  AND (  `is_public` = 1 OR `file` = 'portal/product' ) ORDER BY `is_public` DESC [ RunTime:0.000500s ]
[2026-04-20T22:02:14+08:00][sql] SELECT `option_value` FROM `cmf_option` WHERE  `option_name` = 'storage' LIMIT 1 [ RunTime:0.000461s ]
[2026-04-20T22:02:18+08:00][sql] CONNECT:[ UseTime:0.001819s ] mysql:host=127.0.0.1;port=3306;dbname=weihua;charset=utf8mb4
[2026-04-20T22:02:18+08:00][sql] SHOW FULL COLUMNS FROM `cmf_option` [ RunTime:0.002559s ]
[2026-04-20T22:02:18+08:00][sql] SELECT `option_value` FROM `cmf_option` WHERE  `option_name` = 'cdn_settings' LIMIT 1 [ RunTime:0.000544s ]
[2026-04-20T22:02:18+08:00][sql] SELECT `option_value` FROM `cmf_option` WHERE  `option_name` = 'cdn_settings' LIMIT 1 [ RunTime:0.000294s ]
[2026-04-20T22:02:18+08:00][sql] SHOW FULL COLUMNS FROM `cmf_product_category` [ RunTime:0.001370s ]
[2026-04-20T22:02:18+08:00][sql] SELECT * FROM `cmf_product_category` WHERE  `parent_id` = 0 ORDER BY `list_order` ASC,`create_time` DESC [ RunTime:0.000458s ]
[2026-04-20T22:02:18+08:00][sql] SELECT * FROM `cmf_product_category` WHERE  `parent_id` IN (18,19,20,21,22,23,24,25,26,27) [ RunTime:0.000358s ]
[2026-04-20T22:02:18+08:00][sql] SHOW FULL COLUMNS FROM `cmf_portal_category` [ RunTime:0.001355s ]
[2026-04-20T22:02:18+08:00][sql] SELECT * FROM `cmf_portal_category` WHERE (  `type` = 8 ) AND `cmf_portal_category`.`delete_time` = '0' ORDER BY `list_order` ASC [ RunTime:0.000536s ]
[2026-04-20T22:02:18+08:00][sql] SHOW FULL COLUMNS FROM `cmf_product` [ RunTime:0.001390s ]
[2026-04-20T22:02:18+08:00][sql] SELECT COUNT(*) AS think_count FROM `cmf_product` LIMIT 1 [ RunTime:0.000336s ]
[2026-04-20T22:02:18+08:00][sql] SELECT `id`,`category_id`,`title`,`thumbnail`,`industry` FROM `cmf_product` ORDER BY `list_order` ASC,`create_time` DESC LIMIT 0,12 [ RunTime:0.000239s ]
[2026-04-20T22:02:18+08:00][sql] SHOW FULL COLUMNS FROM `cmf_slide_item` [ RunTime:0.001373s ]
[2026-04-20T22:02:18+08:00][sql] SELECT `title`,`description`,`image` FROM `cmf_slide_item` WHERE  `slide_id` = 2 ORDER BY `list_order` ASC LIMIT 1 [ RunTime:0.000647s ]
[2026-04-20T22:02:18+08:00][sql] SHOW FULL COLUMNS FROM `cmf_theme_file` [ RunTime:0.001586s ]
[2026-04-20T22:02:18+08:00][sql] SELECT `more`,`file`,`id` FROM `cmf_theme_file` WHERE  `theme` = 'simpleboot3'  AND (  `is_public` = 1 OR `file` = 'portal/product' ) ORDER BY `is_public` DESC [ RunTime:0.000443s ]
[2026-04-20T22:02:18+08:00][sql] SELECT `option_value` FROM `cmf_option` WHERE  `option_name` = 'storage' LIMIT 1 [ RunTime:0.000392s ]
[2026-04-20T22:02:24+08:00][sql] CONNECT:[ UseTime:0.001097s ] mysql:host=127.0.0.1;port=3306;dbname=weihua;charset=utf8mb4
[2026-04-20T22:02:24+08:00][sql] SHOW FULL COLUMNS FROM `cmf_option` [ RunTime:0.001970s ]
[2026-04-20T22:02:24+08:00][sql] SELECT `option_value` FROM `cmf_option` WHERE  `option_name` = 'cdn_settings' LIMIT 1 [ RunTime:0.000388s ]
[2026-04-20T22:02:24+08:00][sql] SELECT `option_value` FROM `cmf_option` WHERE  `option_name` = 'cdn_settings' LIMIT 1 [ RunTime:0.000278s ]
[2026-04-20T22:02:24+08:00][sql] SHOW FULL COLUMNS FROM `cmf_product_category` [ RunTime:0.001292s ]
[2026-04-20T22:02:24+08:00][sql] SELECT * FROM `cmf_product_category` WHERE  `parent_id` = 0 ORDER BY `list_order` ASC,`create_time` DESC [ RunTime:0.000465s ]
[2026-04-20T22:02:24+08:00][sql] SELECT * FROM `cmf_product_category` WHERE  `parent_id` IN (18,19,20,21,22,23,24,25,26,27) [ RunTime:0.000279s ]
[2026-04-20T22:02:24+08:00][sql] SHOW FULL COLUMNS FROM `cmf_portal_category` [ RunTime:0.001413s ]
[2026-04-20T22:02:24+08:00][sql] SELECT * FROM `cmf_portal_category` WHERE (  `type` = 8 ) AND `cmf_portal_category`.`delete_time` = '0' ORDER BY `list_order` ASC [ RunTime:0.000408s ]
[2026-04-20T22:02:24+08:00][sql] SHOW FULL COLUMNS FROM `cmf_product` [ RunTime:0.001352s ]
[2026-04-20T22:02:24+08:00][sql] SELECT COUNT(*) AS think_count FROM `cmf_product` LIMIT 1 [ RunTime:0.000277s ]
[2026-04-20T22:02:24+08:00][sql] SELECT `id`,`category_id`,`title`,`thumbnail`,`industry` FROM `cmf_product` ORDER BY `list_order` ASC,`create_time` DESC LIMIT 0,12 [ RunTime:0.000267s ]
[2026-04-20T22:02:24+08:00][sql] SHOW FULL COLUMNS FROM `cmf_slide_item` [ RunTime:0.001019s ]
[2026-04-20T22:02:24+08:00][sql] SELECT `title`,`description`,`image` FROM `cmf_slide_item` WHERE  `slide_id` = 2 ORDER BY `list_order` ASC LIMIT 1 [ RunTime:0.000392s ]
[2026-04-20T22:02:24+08:00][sql] SHOW FULL COLUMNS FROM `cmf_theme_file` [ RunTime:0.000970s ]
[2026-04-20T22:02:24+08:00][sql] SELECT `more`,`file`,`id` FROM `cmf_theme_file` WHERE  `theme` = 'simpleboot3'  AND (  `is_public` = 1 OR `file` = 'portal/product' ) ORDER BY `is_public` DESC [ RunTime:0.000312s ]
[2026-04-20T22:02:24+08:00][sql] SELECT `option_value` FROM `cmf_option` WHERE  `option_name` = 'storage' LIMIT 1 [ RunTime:0.000227s ]
[2026-04-20T22:04:10+08:00][sql] CONNECT:[ UseTime:0.001384s ] mysql:host=127.0.0.1;port=3306;dbname=weihua;charset=utf8mb4
[2026-04-20T22:04:10+08:00][sql] SHOW FULL COLUMNS FROM `cmf_option` [ RunTime:0.002458s ]
[2026-04-20T22:04:10+08:00][sql] SELECT `option_value` FROM `cmf_option` WHERE  `option_name` = 'cdn_settings' LIMIT 1 [ RunTime:0.000379s ]
[2026-04-20T22:04:10+08:00][sql] SELECT `option_value` FROM `cmf_option` WHERE  `option_name` = 'cdn_settings' LIMIT 1 [ RunTime:0.000217s ]
[2026-04-20T22:04:10+08:00][sql] SHOW FULL COLUMNS FROM `cmf_product_category` [ RunTime:0.001701s ]
[2026-04-20T22:04:10+08:00][sql] SELECT * FROM `cmf_product_category` WHERE  `parent_id` = 0 ORDER BY `list_order` ASC,`create_time` DESC [ RunTime:0.000534s ]
[2026-04-20T22:04:10+08:00][sql] SELECT * FROM `cmf_product_category` WHERE  `parent_id` IN (18,19,20,21,22,23,24,25,26,27) [ RunTime:0.000243s ]
[2026-04-20T22:04:10+08:00][sql] SHOW FULL COLUMNS FROM `cmf_portal_category` [ RunTime:0.001015s ]
[2026-04-20T22:04:10+08:00][sql] SELECT * FROM `cmf_portal_category` WHERE (  `type` = 8 ) AND `cmf_portal_category`.`delete_time` = '0' ORDER BY `list_order` ASC [ RunTime:0.000807s ]
[2026-04-20T22:04:10+08:00][sql] SHOW FULL COLUMNS FROM `cmf_product` [ RunTime:0.002832s ]
[2026-04-20T22:04:10+08:00][sql] SELECT COUNT(*) AS think_count FROM `cmf_product` LIMIT 1 [ RunTime:0.000261s ]
[2026-04-20T22:04:10+08:00][sql] SELECT `id`,`category_id`,`title`,`thumbnail`,`industry` FROM `cmf_product` ORDER BY `list_order` ASC,`create_time` DESC LIMIT 0,12 [ RunTime:0.000580s ]
[2026-04-20T22:04:10+08:00][sql] SHOW FULL COLUMNS FROM `cmf_slide_item` [ RunTime:0.001394s ]
[2026-04-20T22:04:10+08:00][sql] SELECT `title`,`description`,`image` FROM `cmf_slide_item` WHERE  `slide_id` = 2 ORDER BY `list_order` ASC LIMIT 1 [ RunTime:0.000339s ]
[2026-04-20T22:04:10+08:00][sql] SHOW FULL COLUMNS FROM `cmf_theme_file` [ RunTime:0.000998s ]
[2026-04-20T22:04:10+08:00][sql] SELECT `more`,`file`,`id` FROM `cmf_theme_file` WHERE  `theme` = 'simpleboot3'  AND (  `is_public` = 1 OR `file` = 'portal/product' ) ORDER BY `is_public` DESC [ RunTime:0.000419s ]
[2026-04-20T22:04:10+08:00][sql] SELECT `option_value` FROM `cmf_option` WHERE  `option_name` = 'storage' LIMIT 1 [ RunTime:0.000199s ]
[2026-04-20T22:04:29+08:00][sql] CONNECT:[ UseTime:0.001460s ] mysql:host=127.0.0.1;port=3306;dbname=weihua;charset=utf8mb4
[2026-04-20T22:04:29+08:00][sql] SHOW FULL COLUMNS FROM `cmf_plugin` [ RunTime:0.002914s ]
[2026-04-20T22:04:29+08:00][sql] SELECT `config` FROM `cmf_plugin` WHERE  `name` = 'SwitchTheme' LIMIT 1 [ RunTime:0.000563s ]
[2026-04-20T22:04:29+08:00][sql] SHOW FULL COLUMNS FROM `cmf_option` [ RunTime:0.003125s ]
[2026-04-20T22:04:29+08:00][sql] SELECT `option_value` FROM `cmf_option` WHERE  `option_name` = 'cdn_settings' LIMIT 1 [ RunTime:0.000660s ]
[2026-04-20T22:04:29+08:00][sql] SELECT `option_value` FROM `cmf_option` WHERE  `option_name` = 'cdn_settings' LIMIT 1 [ RunTime:0.000388s ]
[2026-04-20T22:04:29+08:00][sql] SHOW FULL COLUMNS FROM `cmf_product_category` [ RunTime:0.002063s ]
[2026-04-20T22:04:29+08:00][sql] SELECT * FROM `cmf_product_category` WHERE  `parent_id` = 0 ORDER BY `list_order` ASC,`create_time` DESC [ RunTime:0.000453s ]
[2026-04-20T22:04:29+08:00][sql] SELECT * FROM `cmf_product_category` WHERE  `parent_id` IN (18,19,20,21,22,23,24,25,26,27) [ RunTime:0.000532s ]
[2026-04-20T22:04:29+08:00][sql] SHOW FULL COLUMNS FROM `cmf_portal_category` [ RunTime:0.002794s ]
[2026-04-20T22:04:29+08:00][sql] SELECT * FROM `cmf_portal_category` WHERE (  `type` = 8 ) AND `cmf_portal_category`.`delete_time` = '0' ORDER BY `list_order` ASC [ RunTime:0.000806s ]
[2026-04-20T22:04:29+08:00][sql] SHOW FULL COLUMNS FROM `cmf_product` [ RunTime:0.003207s ]
[2026-04-20T22:04:29+08:00][sql] SELECT COUNT(*) AS think_count FROM `cmf_product` LIMIT 1 [ RunTime:0.000682s ]
[2026-04-20T22:04:29+08:00][sql] SELECT `id`,`category_id`,`title`,`thumbnail`,`industry` FROM `cmf_product` ORDER BY `list_order` ASC,`create_time` DESC LIMIT 0,12 [ RunTime:0.000586s ]
[2026-04-20T22:04:29+08:00][sql] SHOW FULL COLUMNS FROM `cmf_slide_item` [ RunTime:0.002499s ]
[2026-04-20T22:04:29+08:00][sql] SELECT `title`,`description`,`image` FROM `cmf_slide_item` WHERE  `slide_id` = 2 ORDER BY `list_order` ASC LIMIT 1 [ RunTime:0.000613s ]
[2026-04-20T22:04:29+08:00][sql] SHOW FULL COLUMNS FROM `cmf_theme_file` [ RunTime:0.001713s ]
[2026-04-20T22:04:29+08:00][sql] SELECT `more`,`file`,`id` FROM `cmf_theme_file` WHERE  `theme` = 'simpleboot3'  AND (  `is_public` = 1 OR `file` = 'portal/product' ) ORDER BY `is_public` DESC [ RunTime:0.000533s ]
[2026-04-20T22:04:29+08:00][sql] SELECT `option_value` FROM `cmf_option` WHERE  `option_name` = 'storage' LIMIT 1 [ RunTime:0.000857s ]
[2026-04-20T22:04:41+08:00][sql] CONNECT:[ UseTime:0.001792s ] mysql:host=127.0.0.1;port=3306;dbname=weihua;charset=utf8mb4
[2026-04-20T22:04:41+08:00][sql] SHOW FULL COLUMNS FROM `cmf_option` [ RunTime:0.003998s ]
[2026-04-20T22:04:41+08:00][sql] SELECT `option_value` FROM `cmf_option` WHERE  `option_name` = 'cdn_settings' LIMIT 1 [ RunTime:0.001004s ]
[2026-04-20T22:04:41+08:00][sql] SELECT `option_value` FROM `cmf_option` WHERE  `option_name` = 'cdn_settings' LIMIT 1 [ RunTime:0.000715s ]
[2026-04-20T22:04:41+08:00][sql] SHOW FULL COLUMNS FROM `cmf_product_category` [ RunTime:0.003558s ]
[2026-04-20T22:04:41+08:00][sql] SELECT * FROM `cmf_product_category` WHERE  `parent_id` = 0 ORDER BY `list_order` ASC,`create_time` DESC [ RunTime:0.007178s ]
[2026-04-20T22:04:41+08:00][sql] SELECT * FROM `cmf_product_category` WHERE  `parent_id` IN (18,19,20,21,22,23,24,25,26,27) [ RunTime:0.000408s ]
[2026-04-20T22:04:41+08:00][sql] SHOW FULL COLUMNS FROM `cmf_portal_category` [ RunTime:0.003919s ]
[2026-04-20T22:04:41+08:00][sql] SELECT * FROM `cmf_portal_category` WHERE (  `type` = 8 ) AND `cmf_portal_category`.`delete_time` = '0' ORDER BY `list_order` ASC [ RunTime:0.000664s ]
[2026-04-20T22:04:41+08:00][sql] SHOW FULL COLUMNS FROM `cmf_product` [ RunTime:0.001558s ]
[2026-04-20T22:04:41+08:00][sql] SELECT COUNT(*) AS think_count FROM `cmf_product` LIMIT 1 [ RunTime:0.000371s ]
[2026-04-20T22:04:41+08:00][sql] SELECT `id`,`category_id`,`title`,`thumbnail`,`industry` FROM `cmf_product` ORDER BY `list_order` ASC,`create_time` DESC LIMIT 0,12 [ RunTime:0.000301s ]
[2026-04-20T22:04:41+08:00][sql] SHOW FULL COLUMNS FROM `cmf_slide_item` [ RunTime:0.001282s ]
[2026-04-20T22:04:41+08:00][sql] SELECT `title`,`description`,`image` FROM `cmf_slide_item` WHERE  `slide_id` = 2 ORDER BY `list_order` ASC LIMIT 1 [ RunTime:0.000344s ]
[2026-04-20T22:04:41+08:00][sql] SHOW FULL COLUMNS FROM `cmf_theme_file` [ RunTime:0.000952s ]
[2026-04-20T22:04:41+08:00][sql] SELECT `more`,`file`,`id` FROM `cmf_theme_file` WHERE  `theme` = 'simpleboot3'  AND (  `is_public` = 1 OR `file` = 'portal/product' ) ORDER BY `is_public` DESC [ RunTime:0.000427s ]
[2026-04-20T22:04:41+08:00][sql] SELECT `option_value` FROM `cmf_option` WHERE  `option_name` = 'storage' LIMIT 1 [ RunTime:0.000813s ]
[2026-04-20T22:05:03+08:00][sql] CONNECT:[ UseTime:0.001344s ] mysql:host=127.0.0.1;port=3306;dbname=weihua;charset=utf8mb4
[2026-04-20T22:05:03+08:00][sql] SHOW FULL COLUMNS FROM `cmf_option` [ RunTime:0.013820s ]
[2026-04-20T22:05:03+08:00][sql] SELECT `option_value` FROM `cmf_option` WHERE  `option_name` = 'cdn_settings' LIMIT 1 [ RunTime:0.000566s ]
[2026-04-20T22:05:03+08:00][sql] SELECT `option_value` FROM `cmf_option` WHERE  `option_name` = 'cdn_settings' LIMIT 1 [ RunTime:0.000390s ]
[2026-04-20T22:05:03+08:00][sql] SHOW FULL COLUMNS FROM `cmf_product_category` [ RunTime:0.003050s ]
[2026-04-20T22:05:03+08:00][sql] SELECT * FROM `cmf_product_category` WHERE  `parent_id` = 0 ORDER BY `list_order` ASC,`create_time` DESC [ RunTime:0.000529s ]
[2026-04-20T22:05:03+08:00][sql] SELECT * FROM `cmf_product_category` WHERE  `parent_id` IN (18,19,20,21,22,23,24,25,26,27) [ RunTime:0.000340s ]
[2026-04-20T22:05:03+08:00][sql] SHOW FULL COLUMNS FROM `cmf_portal_category` [ RunTime:0.001342s ]
[2026-04-20T22:05:03+08:00][sql] SELECT * FROM `cmf_portal_category` WHERE (  `type` = 8 ) AND `cmf_portal_category`.`delete_time` = '0' ORDER BY `list_order` ASC [ RunTime:0.000353s ]
[2026-04-20T22:05:03+08:00][sql] SHOW FULL COLUMNS FROM `cmf_product` [ RunTime:0.001251s ]
[2026-04-20T22:05:03+08:00][sql] SELECT COUNT(*) AS think_count FROM `cmf_product` LIMIT 1 [ RunTime:0.000334s ]
[2026-04-20T22:05:03+08:00][sql] SELECT `id`,`category_id`,`title`,`thumbnail`,`industry` FROM `cmf_product` ORDER BY `list_order` ASC,`create_time` DESC LIMIT 0,12 [ RunTime:0.000246s ]
[2026-04-20T22:05:03+08:00][sql] SHOW FULL COLUMNS FROM `cmf_slide_item` [ RunTime:0.001031s ]
[2026-04-20T22:05:03+08:00][sql] SELECT `title`,`description`,`image` FROM `cmf_slide_item` WHERE  `slide_id` = 2 ORDER BY `list_order` ASC LIMIT 1 [ RunTime:0.000326s ]
[2026-04-20T22:05:03+08:00][sql] SHOW FULL COLUMNS FROM `cmf_theme_file` [ RunTime:0.000913s ]
[2026-04-20T22:05:03+08:00][sql] SELECT `more`,`file`,`id` FROM `cmf_theme_file` WHERE  `theme` = 'simpleboot3'  AND (  `is_public` = 1 OR `file` = 'portal/product' ) ORDER BY `is_public` DESC [ RunTime:0.000364s ]
[2026-04-20T22:05:03+08:00][sql] SELECT `option_value` FROM `cmf_option` WHERE  `option_name` = 'storage' LIMIT 1 [ RunTime:0.000201s ]
[2026-04-20T22:05:08+08:00][sql] CONNECT:[ UseTime:0.001196s ] mysql:host=127.0.0.1;port=3306;dbname=weihua;charset=utf8mb4
[2026-04-20T22:05:08+08:00][sql] SHOW FULL COLUMNS FROM `cmf_option` [ RunTime:0.003030s ]
[2026-04-20T22:05:08+08:00][sql] SELECT `option_value` FROM `cmf_option` WHERE  `option_name` = 'cdn_settings' LIMIT 1 [ RunTime:0.000530s ]
[2026-04-20T22:05:08+08:00][sql] SELECT `option_value` FROM `cmf_option` WHERE  `option_name` = 'cdn_settings' LIMIT 1 [ RunTime:0.000239s ]
[2026-04-20T22:05:08+08:00][sql] SHOW FULL COLUMNS FROM `cmf_product_category` [ RunTime:0.001225s ]
[2026-04-20T22:05:08+08:00][sql] SELECT * FROM `cmf_product_category` WHERE  `parent_id` = 0 ORDER BY `list_order` ASC,`create_time` DESC [ RunTime:0.000489s ]
[2026-04-20T22:05:08+08:00][sql] SELECT * FROM `cmf_product_category` WHERE  `parent_id` IN (18,19,20,21,22,23,24,25,26,27) [ RunTime:0.000359s ]
[2026-04-20T22:05:08+08:00][sql] SHOW FULL COLUMNS FROM `cmf_portal_category` [ RunTime:0.001224s ]
[2026-04-20T22:05:08+08:00][sql] SELECT * FROM `cmf_portal_category` WHERE (  `type` = 8 ) AND `cmf_portal_category`.`delete_time` = '0' ORDER BY `list_order` ASC [ RunTime:0.000348s ]
[2026-04-20T22:05:08+08:00][sql] SHOW FULL COLUMNS FROM `cmf_product` [ RunTime:0.001160s ]
[2026-04-20T22:05:08+08:00][sql] SELECT COUNT(*) AS think_count FROM `cmf_product` LIMIT 1 [ RunTime:0.000241s ]
[2026-04-20T22:05:08+08:00][sql] SELECT `id`,`category_id`,`title`,`thumbnail`,`industry` FROM `cmf_product` ORDER BY `list_order` ASC,`create_time` DESC LIMIT 0,12 [ RunTime:0.000466s ]
[2026-04-20T22:05:08+08:00][sql] SHOW FULL COLUMNS FROM `cmf_slide_item` [ RunTime:0.001055s ]
[2026-04-20T22:05:08+08:00][sql] SELECT `title`,`description`,`image` FROM `cmf_slide_item` WHERE  `slide_id` = 2 ORDER BY `list_order` ASC LIMIT 1 [ RunTime:0.000345s ]
[2026-04-20T22:05:08+08:00][sql] SHOW FULL COLUMNS FROM `cmf_theme_file` [ RunTime:0.001098s ]
[2026-04-20T22:05:08+08:00][sql] SELECT `more`,`file`,`id` FROM `cmf_theme_file` WHERE  `theme` = 'simpleboot3'  AND (  `is_public` = 1 OR `file` = 'portal/product' ) ORDER BY `is_public` DESC [ RunTime:0.000448s ]
[2026-04-20T22:05:08+08:00][sql] SELECT `option_value` FROM `cmf_option` WHERE  `option_name` = 'storage' LIMIT 1 [ RunTime:0.000297s ]
[2026-04-20T22:05:22+08:00][sql] CONNECT:[ UseTime:0.001148s ] mysql:host=127.0.0.1;port=3306;dbname=weihua;charset=utf8mb4
[2026-04-20T22:05:22+08:00][sql] SHOW FULL COLUMNS FROM `cmf_option` [ RunTime:0.002931s ]
[2026-04-20T22:05:22+08:00][sql] SELECT `option_value` FROM `cmf_option` WHERE  `option_name` = 'cdn_settings' LIMIT 1 [ RunTime:0.000534s ]
[2026-04-20T22:05:22+08:00][sql] SELECT `option_value` FROM `cmf_option` WHERE  `option_name` = 'cdn_settings' LIMIT 1 [ RunTime:0.000401s ]
[2026-04-20T22:05:22+08:00][sql] SHOW FULL COLUMNS FROM `cmf_product_category` [ RunTime:0.001871s ]
[2026-04-20T22:05:22+08:00][sql] SELECT * FROM `cmf_product_category` WHERE  `parent_id` = 0 ORDER BY `list_order` ASC,`create_time` DESC [ RunTime:0.000590s ]
[2026-04-20T22:05:22+08:00][sql] SELECT * FROM `cmf_product_category` WHERE  `parent_id` IN (18,19,20,21,22,23,24,25,26,27) [ RunTime:0.000396s ]
[2026-04-20T22:05:22+08:00][sql] SHOW FULL COLUMNS FROM `cmf_portal_category` [ RunTime:0.001435s ]
[2026-04-20T22:05:22+08:00][sql] SELECT * FROM `cmf_portal_category` WHERE (  `type` = 8 ) AND `cmf_portal_category`.`delete_time` = '0' ORDER BY `list_order` ASC [ RunTime:0.000309s ]
[2026-04-20T22:05:22+08:00][sql] SHOW FULL COLUMNS FROM `cmf_product` [ RunTime:0.001121s ]
[2026-04-20T22:05:22+08:00][sql] SELECT COUNT(*) AS think_count FROM `cmf_product` LIMIT 1 [ RunTime:0.000285s ]
[2026-04-20T22:05:22+08:00][sql] SELECT `id`,`category_id`,`title`,`thumbnail`,`industry` FROM `cmf_product` ORDER BY `list_order` ASC,`create_time` DESC LIMIT 0,12 [ RunTime:0.000468s ]
[2026-04-20T22:05:22+08:00][sql] SHOW FULL COLUMNS FROM `cmf_slide_item` [ RunTime:0.000863s ]
[2026-04-20T22:05:22+08:00][sql] SELECT `title`,`description`,`image` FROM `cmf_slide_item` WHERE  `slide_id` = 2 ORDER BY `list_order` ASC LIMIT 1 [ RunTime:0.000306s ]
[2026-04-20T22:05:22+08:00][sql] SHOW FULL COLUMNS FROM `cmf_theme_file` [ RunTime:0.000830s ]
[2026-04-20T22:05:22+08:00][sql] SELECT `more`,`file`,`id` FROM `cmf_theme_file` WHERE  `theme` = 'simpleboot3'  AND (  `is_public` = 1 OR `file` = 'portal/product' ) ORDER BY `is_public` DESC [ RunTime:0.000316s ]
[2026-04-20T22:05:22+08:00][sql] SELECT `option_value` FROM `cmf_option` WHERE  `option_name` = 'storage' LIMIT 1 [ RunTime:0.000370s ]
[2026-04-20T22:05:29+08:00][sql] CONNECT:[ UseTime:0.001320s ] mysql:host=127.0.0.1;port=3306;dbname=weihua;charset=utf8mb4
[2026-04-20T22:05:29+08:00][sql] SHOW FULL COLUMNS FROM `cmf_option` [ RunTime:0.003834s ]
[2026-04-20T22:05:29+08:00][sql] SELECT `option_value` FROM `cmf_option` WHERE  `option_name` = 'cdn_settings' LIMIT 1 [ RunTime:0.000767s ]
[2026-04-20T22:05:29+08:00][sql] SELECT `option_value` FROM `cmf_option` WHERE  `option_name` = 'cdn_settings' LIMIT 1 [ RunTime:0.000261s ]
[2026-04-20T22:05:29+08:00][sql] SHOW FULL COLUMNS FROM `cmf_product_category` [ RunTime:0.002242s ]
[2026-04-20T22:05:29+08:00][sql] SELECT * FROM `cmf_product_category` WHERE  `parent_id` = 0 ORDER BY `list_order` ASC,`create_time` DESC [ RunTime:0.000680s ]
[2026-04-20T22:05:29+08:00][sql] SELECT * FROM `cmf_product_category` WHERE  `parent_id` IN (18,19,20,21,22,23,24,25,26,27) [ RunTime:0.000422s ]
[2026-04-20T22:05:29+08:00][sql] SHOW FULL COLUMNS FROM `cmf_portal_category` [ RunTime:0.001294s ]
[2026-04-20T22:05:29+08:00][sql] SELECT * FROM `cmf_portal_category` WHERE (  `type` = 8 ) AND `cmf_portal_category`.`delete_time` = '0' ORDER BY `list_order` ASC [ RunTime:0.000386s ]
[2026-04-20T22:05:29+08:00][sql] SHOW FULL COLUMNS FROM `cmf_slide_item` [ RunTime:0.001174s ]
[2026-04-20T22:05:29+08:00][sql] SELECT `title`,`description`,`image` FROM `cmf_slide_item` WHERE  `slide_id` = 6 ORDER BY `list_order` ASC LIMIT 1 [ RunTime:0.000458s ]
[2026-04-20T22:05:29+08:00][sql] SHOW FULL COLUMNS FROM `cmf_theme_file` [ RunTime:0.001639s ]
[2026-04-20T22:05:29+08:00][sql] SELECT `more`,`file`,`id` FROM `cmf_theme_file` WHERE  `theme` = 'simpleboot3'  AND (  `is_public` = 1 OR `file` = 'portal/service' ) ORDER BY `is_public` DESC [ RunTime:0.000370s ]
[2026-04-20T22:05:29+08:00][sql] SELECT `option_value` FROM `cmf_option` WHERE  `option_name` = 'storage' LIMIT 1 [ RunTime:0.000250s ]
[2026-04-20T22:05:30+08:00][sql] CONNECT:[ UseTime:0.001397s ] mysql:host=127.0.0.1;port=3306;dbname=weihua;charset=utf8mb4
[2026-04-20T22:05:30+08:00][sql] SHOW FULL COLUMNS FROM `cmf_option` [ RunTime:0.002206s ]
[2026-04-20T22:05:30+08:00][sql] SELECT `option_value` FROM `cmf_option` WHERE  `option_name` = 'cdn_settings' LIMIT 1 [ RunTime:0.000549s ]
[2026-04-20T22:05:30+08:00][sql] SELECT `option_value` FROM `cmf_option` WHERE  `option_name` = 'cdn_settings' LIMIT 1 [ RunTime:0.000328s ]
[2026-04-20T22:05:30+08:00][sql] SHOW FULL COLUMNS FROM `cmf_product_category` [ RunTime:0.001411s ]
[2026-04-20T22:05:30+08:00][sql] SELECT * FROM `cmf_product_category` WHERE  `parent_id` = 0 ORDER BY `list_order` ASC,`create_time` DESC [ RunTime:0.000557s ]
[2026-04-20T22:05:30+08:00][sql] SELECT * FROM `cmf_product_category` WHERE  `parent_id` IN (18,19,20,21,22,23,24,25,26,27) [ RunTime:0.000276s ]
[2026-04-20T22:05:30+08:00][sql] SHOW FULL COLUMNS FROM `cmf_portal_category` [ RunTime:0.001335s ]
[2026-04-20T22:05:30+08:00][sql] SELECT * FROM `cmf_portal_category` WHERE (  `type` = 8 ) AND `cmf_portal_category`.`delete_time` = '0' ORDER BY `list_order` ASC [ RunTime:0.000466s ]
[2026-04-20T22:05:30+08:00][sql] SHOW FULL COLUMNS FROM `cmf_slide_item` [ RunTime:0.001494s ]
[2026-04-20T22:05:30+08:00][sql] SELECT `title`,`description`,`image` FROM `cmf_slide_item` WHERE  `slide_id` = 3 ORDER BY `list_order` ASC LIMIT 1 [ RunTime:0.000490s ]
[2026-04-20T22:05:30+08:00][sql] SHOW FULL COLUMNS FROM `cmf_portal_post` [ RunTime:0.001411s ]
[2026-04-20T22:05:30+08:00][sql] SELECT COUNT(*) AS think_count FROM `cmf_portal_post` WHERE (  `post_type` = 3 ) AND `cmf_portal_post`.`delete_time` = '0' LIMIT 1 [ RunTime:0.000531s ]
[2026-04-20T22:05:30+08:00][sql] SELECT `id`,`more`,`post_title`,`post_excerpt` FROM `cmf_portal_post` WHERE (  `post_type` = 3 ) AND `cmf_portal_post`.`delete_time` = '0' ORDER BY `create_time` DESC LIMIT 0,9 [ RunTime:0.000353s ]
[2026-04-20T22:05:30+08:00][sql] SHOW FULL COLUMNS FROM `cmf_theme_file` [ RunTime:0.001187s ]
[2026-04-20T22:05:30+08:00][sql] SELECT `more`,`file`,`id` FROM `cmf_theme_file` WHERE  `theme` = 'simpleboot3'  AND (  `is_public` = 1 OR `file` = 'portal/industries' ) ORDER BY `is_public` DESC [ RunTime:0.000378s ]
[2026-04-20T22:05:30+08:00][sql] SELECT `option_value` FROM `cmf_option` WHERE  `option_name` = 'storage' LIMIT 1 [ RunTime:0.000347s ]
[2026-04-20T22:14:05+08:00][sql] CONNECT:[ UseTime:0.001990s ] mysql:host=127.0.0.1;port=3306;dbname=weihua;charset=utf8mb4
[2026-04-20T22:14:05+08:00][sql] SHOW FULL COLUMNS FROM `cmf_option` [ RunTime:0.003901s ]
[2026-04-20T22:14:05+08:00][sql] SELECT `option_value` FROM `cmf_option` WHERE  `option_name` = 'cdn_settings' LIMIT 1 [ RunTime:0.000600s ]
[2026-04-20T22:14:05+08:00][sql] CONNECT:[ UseTime:0.001024s ] mysql:host=127.0.0.1;port=3306;dbname=weihua;charset=utf8mb4
[2026-04-20T22:14:05+08:00][sql] SHOW FULL COLUMNS FROM `cmf_option` [ RunTime:0.001860s ]
[2026-04-20T22:14:05+08:00][sql] SELECT `option_value` FROM `cmf_option` WHERE  `option_name` = 'cdn_settings' LIMIT 1 [ RunTime:0.000424s ]
[2026-04-20T22:14:05+08:00][sql] CONNECT:[ UseTime:0.000753s ] mysql:host=127.0.0.1;port=3306;dbname=weihua;charset=utf8mb4
[2026-04-20T22:14:05+08:00][sql] SHOW FULL COLUMNS FROM `cmf_option` [ RunTime:0.001108s ]
[2026-04-20T22:14:05+08:00][sql] SELECT `option_value` FROM `cmf_option` WHERE  `option_name` = 'cdn_settings' LIMIT 1 [ RunTime:0.000216s ]
[2026-04-20T22:14:05+08:00][sql] SELECT `option_value` FROM `cmf_option` WHERE  `option_name` = 'cdn_settings' LIMIT 1 [ RunTime:0.000166s ]
[2026-04-20T22:14:05+08:00][sql] SHOW FULL COLUMNS FROM `cmf_product_category` [ RunTime:0.001156s ]
[2026-04-20T22:14:05+08:00][sql] SELECT * FROM `cmf_product_category` WHERE  `parent_id` = 0 ORDER BY `list_order` ASC,`create_time` DESC [ RunTime:0.000353s ]
[2026-04-20T22:14:05+08:00][sql] SELECT * FROM `cmf_product_category` WHERE  `parent_id` IN (18,19,20,21,22,23,24,25,26,27) [ RunTime:0.000445s ]
[2026-04-20T22:14:05+08:00][sql] SHOW FULL COLUMNS FROM `cmf_portal_category` [ RunTime:0.001830s ]
[2026-04-20T22:14:05+08:00][sql] SELECT * FROM `cmf_portal_category` WHERE (  `type` = 8 ) AND `cmf_portal_category`.`delete_time` = '0' ORDER BY `list_order` ASC [ RunTime:0.000531s ]
[2026-04-20T22:14:05+08:00][sql] SHOW FULL COLUMNS FROM `cmf_slide_item` [ RunTime:0.001616s ]
[2026-04-20T22:14:05+08:00][sql] SELECT `title`,`image`,`content` FROM `cmf_slide_item` WHERE  `slide_id` = 1 ORDER BY `list_order` ASC [ RunTime:0.000479s ]
[2026-04-20T22:14:05+08:00][sql] SHOW FULL COLUMNS FROM `cmf_product` [ RunTime:0.002015s ]
[2026-04-20T22:14:05+08:00][sql] SELECT `id`,`title`,`thumbnail`,`industry` FROM `cmf_product` WHERE  `is_recommended` = 1  AND `category_id` = 18 ORDER BY `list_order` ASC LIMIT 6 [ RunTime:0.000655s ]
[2026-04-20T22:14:05+08:00][sql] SELECT `id`,`title`,`thumbnail`,`industry` FROM `cmf_product` WHERE  `is_recommended` = 1  AND `category_id` = 19 ORDER BY `list_order` ASC LIMIT 6 [ RunTime:0.000324s ]
[2026-04-20T22:14:05+08:00][sql] SELECT `id`,`title`,`thumbnail`,`industry` FROM `cmf_product` WHERE  `is_recommended` = 1  AND `category_id` = 20 ORDER BY `list_order` ASC LIMIT 6 [ RunTime:0.000294s ]
[2026-04-20T22:14:05+08:00][sql] SELECT `id`,`title`,`thumbnail`,`industry` FROM `cmf_product` WHERE  `is_recommended` = 1  AND `category_id` = 21 ORDER BY `list_order` ASC LIMIT 6 [ RunTime:0.000343s ]
[2026-04-20T22:14:05+08:00][sql] SELECT `id`,`title`,`thumbnail`,`industry` FROM `cmf_product` WHERE  `is_recommended` = 1  AND `category_id` = 22 ORDER BY `list_order` ASC LIMIT 6 [ RunTime:0.000298s ]
[2026-04-20T22:14:05+08:00][sql] SELECT `id`,`title`,`thumbnail`,`industry` FROM `cmf_product` WHERE  `is_recommended` = 1  AND `category_id` = 23 ORDER BY `list_order` ASC LIMIT 6 [ RunTime:0.000282s ]
[2026-04-20T22:14:05+08:00][sql] SELECT `id`,`title`,`thumbnail`,`industry` FROM `cmf_product` WHERE  `is_recommended` = 1  AND `category_id` = 24 ORDER BY `list_order` ASC LIMIT 6 [ RunTime:0.000272s ]
[2026-04-20T22:14:05+08:00][sql] SELECT `id`,`title`,`thumbnail`,`industry` FROM `cmf_product` WHERE  `is_recommended` = 1  AND `category_id` = 25 ORDER BY `list_order` ASC LIMIT 6 [ RunTime:0.000280s ]
[2026-04-20T22:14:05+08:00][sql] SELECT `id`,`title`,`thumbnail`,`industry` FROM `cmf_product` WHERE  `is_recommended` = 1  AND `category_id` = 26 ORDER BY `list_order` ASC LIMIT 6 [ RunTime:0.000315s ]
[2026-04-20T22:14:05+08:00][sql] SELECT `id`,`title`,`thumbnail`,`industry` FROM `cmf_product` WHERE  `is_recommended` = 1  AND `category_id` = 27 ORDER BY `list_order` ASC LIMIT 6 [ RunTime:0.000284s ]
[2026-04-20T22:14:05+08:00][sql] SHOW FULL COLUMNS FROM `cmf_portal_post` [ RunTime:0.001934s ]
[2026-04-20T22:14:05+08:00][sql] SELECT `p`.`id`,`p`.`post_title`,`p`.`post_excerpt`,`p`.`thumbnail`,`p`.`create_time`,`c`.`category_id` FROM `cmf_portal_post` `p` INNER JOIN `cmf_portal_category_post` `c` ON `p`.`id`=`c`.`post_id` WHERE (  `p`.`post_type` = '8' ) AND `p`.`delete_time` = '0' ORDER BY `c`.`list_order` ASC,`p`.`create_time` DESC LIMIT 4 [ RunTime:0.000726s ]
[2026-04-20T22:14:05+08:00][sql] SHOW FULL COLUMNS FROM `cmf_theme_file` [ RunTime:0.001507s ]
[2026-04-20T22:14:05+08:00][sql] SELECT `more`,`file`,`id` FROM `cmf_theme_file` WHERE  `theme` = 'simpleboot3'  AND (  `is_public` = 1 OR `file` = 'portal/index' ) ORDER BY `is_public` DESC [ RunTime:0.000607s ]
[2026-04-20T22:14:05+08:00][sql] SELECT `option_value` FROM `cmf_option` WHERE  `option_name` = 'storage' LIMIT 1 [ RunTime:0.000721s ]
[2026-04-20T22:14:05+08:00][sql] CONNECT:[ UseTime:0.000678s ] mysql:host=127.0.0.1;port=3306;dbname=weihua;charset=utf8mb4
[2026-04-20T22:14:05+08:00][sql] SHOW FULL COLUMNS FROM `cmf_option` [ RunTime:0.001488s ]
[2026-04-20T22:14:05+08:00][sql] SELECT `option_value` FROM `cmf_option` WHERE  `option_name` = 'cdn_settings' LIMIT 1 [ RunTime:0.000276s ]
[2026-04-20T22:14:05+08:00][sql] CONNECT:[ UseTime:0.000393s ] mysql:host=127.0.0.1;port=3306;dbname=weihua;charset=utf8mb4
[2026-04-20T22:14:05+08:00][sql] SHOW FULL COLUMNS FROM `cmf_option` [ RunTime:0.001112s ]
[2026-04-20T22:14:05+08:00][sql] SELECT `option_value` FROM `cmf_option` WHERE  `option_name` = 'cdn_settings' LIMIT 1 [ RunTime:0.000368s ]
[2026-04-20T22:14:13+08:00][sql] CONNECT:[ UseTime:0.001104s ] mysql:host=127.0.0.1;port=3306;dbname=weihua;charset=utf8mb4
[2026-04-20T22:14:13+08:00][sql] SHOW FULL COLUMNS FROM `cmf_option` [ RunTime:0.002482s ]
[2026-04-20T22:14:13+08:00][sql] SELECT `option_value` FROM `cmf_option` WHERE  `option_name` = 'cdn_settings' LIMIT 1 [ RunTime:0.000391s ]
[2026-04-20T22:16:08+08:00][sql] CONNECT:[ UseTime:0.002495s ] mysql:host=127.0.0.1;port=3306;dbname=weihua;charset=utf8mb4
[2026-04-20T22:16:08+08:00][sql] SHOW FULL COLUMNS FROM `cmf_option` [ RunTime:0.006129s ]
[2026-04-20T22:16:08+08:00][sql] SELECT `option_value` FROM `cmf_option` WHERE  `option_name` = 'cdn_settings' LIMIT 1 [ RunTime:0.000822s ]
[2026-04-20T22:16:08+08:00][sql] SHOW FULL COLUMNS FROM `cmf_user` [ RunTime:0.004100s ]
[2026-04-20T22:16:08+08:00][sql] SELECT * FROM `cmf_user` WHERE  `user_login` = 'admin' LIMIT 1 [ RunTime:0.003286s ]
[2026-04-20T22:16:08+08:00][sql] SHOW FULL COLUMNS FROM `cmf_role_user` [ RunTime:0.003050s ]
[2026-04-20T22:16:08+08:00][sql] SELECT `role_id` FROM `cmf_role_user` `a` INNER JOIN `cmf_role` `b` ON `a`.`role_id`=`b`.`id` WHERE  `user_id` = 1  AND `status` = '1' LIMIT 1 [ RunTime:0.000930s ]
[2026-04-20T22:16:08+08:00][sql] SHOW FULL COLUMNS FROM `cmf_user_token` [ RunTime:0.001581s ]
[2026-04-20T22:16:08+08:00][sql] SELECT * FROM `cmf_user_token` WHERE  `user_id` = 1  AND `device_type` = 'web' LIMIT 1 [ RunTime:0.000559s ]
[2026-04-20T22:16:08+08:00][sql] UPDATE `cmf_user`  SET `last_login_ip` = '127.0.0.1' , `last_login_time` = 1776694568  WHERE  `id` = 1 [ RunTime:0.002659s ]
[2026-04-20T22:16:10+08:00][sql] CONNECT:[ UseTime:0.000857s ] mysql:host=127.0.0.1;port=3306;dbname=weihua;charset=utf8mb4
[2026-04-20T22:16:10+08:00][sql] SHOW FULL COLUMNS FROM `cmf_option` [ RunTime:0.001611s ]
[2026-04-20T22:16:10+08:00][sql] SELECT `option_value` FROM `cmf_option` WHERE  `option_name` = 'cdn_settings' LIMIT 1 [ RunTime:0.000378s ]
[2026-04-20T22:16:10+08:00][sql] SHOW FULL COLUMNS FROM `cmf_user` [ RunTime:0.001498s ]
[2026-04-20T22:16:10+08:00][sql] SELECT * FROM `cmf_user` WHERE  `id` = 1 LIMIT 1 [ RunTime:0.000525s ]
[2026-04-20T22:16:10+08:00][sql] SHOW FULL COLUMNS FROM `cmf_admin_menu` [ RunTime:0.001635s ]
[2026-04-20T22:16:10+08:00][sql] SELECT * FROM `cmf_admin_menu` ORDER BY `app` ASC,`controller` ASC,`action` ASC [ RunTime:0.001116s ]
[2026-04-20T22:16:10+08:00][sql] CONNECT:[ UseTime:0.000862s ] mysql:host=127.0.0.1;port=3306;dbname=weihua;charset=utf8mb4
[2026-04-20T22:16:10+08:00][sql] SHOW FULL COLUMNS FROM `cmf_option` [ RunTime:0.001805s ]
[2026-04-20T22:16:10+08:00][sql] SELECT `option_value` FROM `cmf_option` WHERE  `option_name` = 'cdn_settings' LIMIT 1 [ RunTime:0.000330s ]
[2026-04-20T22:16:10+08:00][sql] SHOW FULL COLUMNS FROM `cmf_user` [ RunTime:0.001427s ]
[2026-04-20T22:16:10+08:00][sql] SELECT * FROM `cmf_user` WHERE  `id` = 1 LIMIT 1 [ RunTime:0.000481s ]
[2026-04-20T22:16:10+08:00][sql] SELECT `option_value` FROM `cmf_option` WHERE  `option_name` = 'cdn_settings' LIMIT 1 [ RunTime:0.000180s ]
[2026-04-20T22:16:10+08:00][sql] SELECT `option_value` FROM `cmf_option` WHERE  `option_name` = 'cmf_settings' LIMIT 1 [ RunTime:0.000183s ]
[2026-04-20T22:16:10+08:00][sql] SELECT `option_value` FROM `cmf_option` WHERE  `option_name` = 'storage' LIMIT 1 [ RunTime:0.000215s ]
[2026-04-20T22:16:12+08:00][sql] CONNECT:[ UseTime:0.000974s ] mysql:host=127.0.0.1;port=3306;dbname=weihua;charset=utf8mb4
[2026-04-20T22:16:12+08:00][sql] SHOW FULL COLUMNS FROM `cmf_option` [ RunTime:0.002253s ]
[2026-04-20T22:16:12+08:00][sql] SELECT `option_value` FROM `cmf_option` WHERE  `option_name` = 'cdn_settings' LIMIT 1 [ RunTime:0.000342s ]
[2026-04-20T22:16:12+08:00][sql] SHOW FULL COLUMNS FROM `cmf_user` [ RunTime:0.001661s ]
[2026-04-20T22:16:12+08:00][sql] SELECT * FROM `cmf_user` WHERE  `id` = 1 LIMIT 1 [ RunTime:0.000456s ]
[2026-04-20T22:16:12+08:00][sql] SELECT `option_value` FROM `cmf_option` WHERE  `option_name` = 'storage' LIMIT 1 [ RunTime:0.000486s ]
[2026-04-20T22:20:18+08:00][sql] CONNECT:[ UseTime:0.003203s ] mysql:host=127.0.0.1;port=3306;dbname=weihua;charset=utf8mb4
[2026-04-20T22:20:18+08:00][sql] SHOW FULL COLUMNS FROM `cmf_option` [ RunTime:0.005024s ]
[2026-04-20T22:20:18+08:00][sql] SELECT `option_value` FROM `cmf_option` WHERE  `option_name` = 'cdn_settings' LIMIT 1 [ RunTime:0.000793s ]
[2026-04-20T22:20:18+08:00][sql] SHOW FULL COLUMNS FROM `cmf_user` [ RunTime:0.002689s ]
[2026-04-20T22:20:18+08:00][sql] SELECT * FROM `cmf_user` WHERE  `id` = 1 LIMIT 1 [ RunTime:0.001203s ]
[2026-04-20T22:20:18+08:00][sql] SHOW FULL COLUMNS FROM `cmf_product` [ RunTime:0.003086s ]
[2026-04-20T22:20:18+08:00][sql] SELECT COUNT(*) AS think_count FROM `cmf_product` LIMIT 1 [ RunTime:0.001174s ]
[2026-04-20T22:20:18+08:00][sql] SELECT * FROM `cmf_product` ORDER BY `list_order` ASC,`id` DESC LIMIT 0,10 [ RunTime:0.000668s ]
[2026-04-20T22:20:18+08:00][sql] SHOW FULL COLUMNS FROM `cmf_product_category` [ RunTime:0.002262s ]
[2026-04-20T22:20:18+08:00][sql] SELECT `id`,`name` FROM `cmf_product_category` WHERE  `id` = 18 [ RunTime:0.000521s ]
[2026-04-20T22:20:18+08:00][sql] SELECT * FROM `cmf_product_category` [ RunTime:0.000368s ]
[2026-04-20T22:20:18+08:00][sql] SELECT `option_value` FROM `cmf_option` WHERE  `option_name` = 'storage' LIMIT 1 [ RunTime:0.000368s ]
[2026-04-20T22:20:20+08:00][sql] CONNECT:[ UseTime:0.001442s ] mysql:host=127.0.0.1;port=3306;dbname=weihua;charset=utf8mb4
[2026-04-20T22:20:20+08:00][sql] SHOW FULL COLUMNS FROM `cmf_option` [ RunTime:0.002727s ]
[2026-04-20T22:20:20+08:00][sql] SELECT `option_value` FROM `cmf_option` WHERE  `option_name` = 'cdn_settings' LIMIT 1 [ RunTime:0.000532s ]
[2026-04-20T22:20:20+08:00][sql] SHOW FULL COLUMNS FROM `cmf_user` [ RunTime:0.001666s ]
[2026-04-20T22:20:20+08:00][sql] SELECT * FROM `cmf_user` WHERE  `id` = 1 LIMIT 1 [ RunTime:0.000528s ]
[2026-04-20T22:20:20+08:00][sql] SHOW FULL COLUMNS FROM `cmf_product` [ RunTime:0.001725s ]
[2026-04-20T22:20:20+08:00][sql] SELECT * FROM `cmf_product` WHERE  `id` = 62 LIMIT 1 [ RunTime:0.000720s ]
[2026-04-20T22:20:20+08:00][sql] SHOW FULL COLUMNS FROM `cmf_product_category` [ RunTime:0.001531s ]
[2026-04-20T22:20:20+08:00][sql] SELECT * FROM `cmf_product_category` ORDER BY `list_order` ASC [ RunTime:0.000430s ]
[2026-04-20T22:20:20+08:00][sql] SELECT `option_value` FROM `cmf_option` WHERE  `option_name` = 'storage' LIMIT 1 [ RunTime:0.000505s ]
[2026-04-20T22:20:20+08:00][sql] CONNECT:[ UseTime:0.000632s ] mysql:host=127.0.0.1;port=3306;dbname=weihua;charset=utf8mb4
[2026-04-20T22:20:20+08:00][sql] SHOW FULL COLUMNS FROM `cmf_option` [ RunTime:0.001427s ]
[2026-04-20T22:20:20+08:00][sql] SELECT `option_value` FROM `cmf_option` WHERE  `option_name` = 'cdn_settings' LIMIT 1 [ RunTime:0.000261s ]
[2026-04-20T22:20:20+08:00][sql] SELECT `option_value` FROM `cmf_option` WHERE  `option_name` = 'cdn_settings' LIMIT 1 [ RunTime:0.000164s ]
[2026-04-20T22:20:20+08:00][sql] CONNECT:[ UseTime:0.000625s ] mysql:host=127.0.0.1;port=3306;dbname=weihua;charset=utf8mb4
[2026-04-20T22:20:20+08:00][sql] SHOW FULL COLUMNS FROM `cmf_option` [ RunTime:0.001458s ]
[2026-04-20T22:20:20+08:00][sql] SELECT `option_value` FROM `cmf_option` WHERE  `option_name` = 'cdn_settings' LIMIT 1 [ RunTime:0.000286s ]
[2026-04-20T22:20:20+08:00][sql] SELECT `option_value` FROM `cmf_option` WHERE  `option_name` = 'cdn_settings' LIMIT 1 [ RunTime:0.000168s ]
[2026-04-20T22:20:20+08:00][sql] CONNECT:[ UseTime:0.000729s ] mysql:host=127.0.0.1;port=3306;dbname=weihua;charset=utf8mb4
[2026-04-20T22:20:20+08:00][sql] SHOW FULL COLUMNS FROM `cmf_option` [ RunTime:0.001286s ]
[2026-04-20T22:20:20+08:00][sql] SELECT `option_value` FROM `cmf_option` WHERE  `option_name` = 'cdn_settings' LIMIT 1 [ RunTime:0.000228s ]
[2026-04-20T22:20:20+08:00][sql] SELECT `option_value` FROM `cmf_option` WHERE  `option_name` = 'cdn_settings' LIMIT 1 [ RunTime:0.000139s ]
[2026-04-20T22:20:20+08:00][sql] CONNECT:[ UseTime:0.000351s ] mysql:host=127.0.0.1;port=3306;dbname=weihua;charset=utf8mb4
[2026-04-20T22:20:20+08:00][sql] SHOW FULL COLUMNS FROM `cmf_option` [ RunTime:0.001058s ]
[2026-04-20T22:20:20+08:00][sql] SELECT `option_value` FROM `cmf_option` WHERE  `option_name` = 'cdn_settings' LIMIT 1 [ RunTime:0.000173s ]
[2026-04-20T22:20:20+08:00][sql] SELECT `option_value` FROM `cmf_option` WHERE  `option_name` = 'cdn_settings' LIMIT 1 [ RunTime:0.000134s ]
[2026-04-20T22:20:38+08:00][sql] CONNECT:[ UseTime:0.000898s ] mysql:host=127.0.0.1;port=3306;dbname=weihua;charset=utf8mb4
[2026-04-20T22:20:38+08:00][sql] SHOW FULL COLUMNS FROM `cmf_option` [ RunTime:0.001997s ]
[2026-04-20T22:20:38+08:00][sql] SELECT `option_value` FROM `cmf_option` WHERE  `option_name` = 'cdn_settings' LIMIT 1 [ RunTime:0.000371s ]
[2026-04-20T22:20:38+08:00][sql] SHOW FULL COLUMNS FROM `cmf_user` [ RunTime:0.001133s ]
[2026-04-20T22:20:38+08:00][sql] SELECT * FROM `cmf_user` WHERE  `id` = 1 LIMIT 1 [ RunTime:0.000679s ]
[2026-04-20T22:20:38+08:00][sql] SHOW FULL COLUMNS FROM `cmf_product_category` [ RunTime:0.001093s ]
[2026-04-20T22:20:38+08:00][sql] SELECT * FROM `cmf_product_category` WHERE  `id` = 18 LIMIT 1 [ RunTime:0.000298s ]
[2026-04-20T22:20:38+08:00][sql] SHOW FULL COLUMNS FROM `cmf_product` [ RunTime:0.001180s ]
[2026-04-20T22:20:38+08:00][sql] SELECT * FROM `cmf_product` WHERE  `id` = 62 LIMIT 1 [ RunTime:0.000389s ]
[2026-04-20T22:20:38+08:00][sql] SELECT `option_value` FROM `cmf_option` WHERE  `option_name` = 'storage' LIMIT 1 [ RunTime:0.000202s ]
[2026-04-20T22:20:38+08:00][sql] UPDATE `cmf_product`  SET `features` = '
&lt;p style=&#039;margin-top: 0px; margin-bottom: 0px; padding: 0px; outline: none; width: 1037.62px; font-size: 0.135rem; color: rgb(51, 51, 51); font-family: Arial, -apple-system, &quot;system-ui&quot;, &quot;Helvetica Neue&quot;, &quot;PingFang SC&quot;, &quot;Source Han Sans SC&quot;, &quot;Noto Sans CJK SC&quot;, &quot;WenQuanYi Micro Hei&quot;, &quot;sans-serif&quot;, &quot;Microsoft YaHei&quot;; text-wrap-mode: wrap; background-color: rgb(255, 255, 255); line-height: normal;&#039;&gt;&lt;span style=&quot;font-size: 14px;&quot;&gt;1. The cab platform entrance configurations include side entry, end entry, and top entry.&lt;/span&gt;&lt;/p&gt;
&lt;p style=&#039;margin-top: 0px; margin-bottom: 0px; padding: 0px; outline: none; width: 1037.62px; font-size: 0.135rem; color: rgb(51, 51, 51); font-family: Arial, -apple-system, &quot;system-ui&quot;, &quot;Helvetica Neue&quot;, &quot;PingFang SC&quot;, &quot;Source Han Sans SC&quot;, &quot;Noto Sans CJK SC&quot;, &quot;WenQuanYi Micro Hei&quot;, &quot;sans-serif&quot;, &quot;Microsoft YaHei&quot;; text-wrap-mode: wrap; background-color: rgb(255, 255, 255); line-height: normal;&#039;&gt;&lt;span style=&quot;font-size: 14px;&quot;&gt;2. The cab can be mounted on either the left or right end.&lt;/span&gt;&lt;/p&gt;
&lt;p style=&#039;margin-top: 0px; margin-bottom: 0px; padding: 0px; outline: none; width: 1037.62px; font-size: 0.135rem; color: rgb(51, 51, 51); font-family: Arial, -apple-system, &quot;system-ui&quot;, &quot;Helvetica Neue&quot;, &quot;PingFang SC&quot;, &quot;Source Han Sans SC&quot;, &quot;Noto Sans CJK SC&quot;, &quot;WenQuanYi Micro Hei&quot;, &quot;sans-serif&quot;, &quot;Microsoft YaHei&quot;; text-wrap-mode: wrap; background-color: rgb(255, 255, 255); line-height: normal;&#039;&gt;&lt;span style=&quot;font-size: 14px;&quot;&gt;3. The lifting capacity includes the weight of the magnetic disk.&lt;/span&gt;&lt;/p&gt;
&lt;p style=&#039;margin-top: 0px; margin-bottom: 0px; padding: 0px; outline: none; width: 1037.62px; font-size: 0.135rem; color: rgb(51, 51, 51); font-family: Arial, -apple-system, &quot;system-ui&quot;, &quot;Helvetica Neue&quot;, &quot;PingFang SC&quot;, &quot;Source Han Sans SC&quot;, &quot;Noto Sans CJK SC&quot;, &quot;WenQuanYi Micro Hei&quot;, &quot;sans-serif&quot;, &quot;Microsoft YaHei&quot;; text-wrap-mode: wrap; background-color: rgb(255, 255, 255); line-height: normal;&#039;&gt;&lt;span style=&quot;font-size: 14px;&quot;&gt;4. The crane&#039;s total weight excludes the magnetic disk and its accessories.&lt;/span&gt;&lt;/p&gt;
' , `customized` = '
&lt;p style=&#039;margin-top: 0px; margin-bottom: 0px; padding: 0px; outline: none; width: 1037.62px; font-size: 0.135rem; color: rgb(51, 51, 51); font-family: Arial, -apple-system, &quot;system-ui&quot;, &quot;Helvetica Neue&quot;, &quot;PingFang SC&quot;, &quot;Source Han Sans SC&quot;, &quot;Noto Sans CJK SC&quot;, &quot;WenQuanYi Micro Hei&quot;, &quot;sans-serif&quot;, &quot;Microsoft YaHei&quot;; text-wrap-mode: wrap; background-color: rgb(255, 255, 255); line-height: normal;&#039;&gt;&lt;br&gt;&lt;/p&gt;
&lt;p style=&#039;margin-top: 0px; margin-bottom: 0px; padding: 0px; outline: none; width: 1037.62px; font-size: 0.135rem; color: rgb(51, 51, 51); font-family: Arial, -apple-system, &quot;system-ui&quot;, &quot;Helvetica Neue&quot;, &quot;PingFang SC&quot;, &quot;Source Han Sans SC&quot;, &quot;Noto Sans CJK SC&quot;, &quot;WenQuanYi Micro Hei&quot;, &quot;sans-serif&quot;, &quot;Microsoft YaHei&quot;; text-wrap-mode: wrap; background-color: rgb(255, 255, 255); line-height: normal;&#039;&gt;&lt;span style=&quot;font-size: 14px;&quot;&gt;5. The electromagnetic chuck is suspended directly below the hook. It is easy to install, remove, and maintain.&lt;/span&gt;&lt;/p&gt;
&lt;p style=&#039;margin-top: 0px; margin-bottom: 0px; padding: 0px; outline: none; width: 1037.62px; font-size: 0.135rem; color: rgb(51, 51, 51); font-family: Arial, -apple-system, &quot;system-ui&quot;, &quot;Helvetica Neue&quot;, &quot;PingFang SC&quot;, &quot;Source Han Sans SC&quot;, &quot;Noto Sans CJK SC&quot;, &quot;WenQuanYi Micro Hei&quot;, &quot;sans-serif&quot;, &quot;Microsoft YaHei&quot;; text-wrap-mode: wrap; background-color: rgb(255, 255, 255); line-height: normal;&#039;&gt;&lt;span style=&quot;font-size: 14px;&quot;&gt;6. The hoisting brake features manual release capability. In case of malfunction, it enables rapid and smooth lowering of suspended electromagnetic chucks and loads, preventing accidents.&lt;/span&gt;&lt;/p&gt;
&lt;p style=&#039;margin-top: 0px; margin-bottom: 0px; padding: 0px; outline: none; width: 1037.62px; font-size: 0.135rem; color: rgb(51, 51, 51); font-family: Arial, -apple-system, &quot;system-ui&quot;, &quot;Helvetica Neue&quot;, &quot;PingFang SC&quot;, &quot;Source Han Sans SC&quot;, &quot;Noto Sans CJK SC&quot;, &quot;WenQuanYi Micro Hei&quot;, &quot;sans-serif&quot;, &quot;Microsoft YaHei&quot;; text-wrap-mode: wrap; background-color: rgb(255, 255, 255); line-height: normal;&#039;&gt;&lt;span style=&quot;font-size: 14px;&quot;&gt;7. The electromagnetic chuck utilizes an independent power supply via a cable reel.&lt;/span&gt;&lt;/p&gt;
&lt;p style=&#039;margin-top: 0px; margin-bottom: 0px; padding: 0px; outline: none; width: 1037.62px; font-size: 0.135rem; color: rgb(51, 51, 51); font-family: Arial, -apple-system, &quot;system-ui&quot;, &quot;Helvetica Neue&quot;, &quot;PingFang SC&quot;, &quot;Source Han Sans SC&quot;, &quot;Noto Sans CJK SC&quot;, &quot;WenQuanYi Micro Hei&quot;, &quot;sans-serif&quot;, &quot;Microsoft YaHei&quot;; text-wrap-mode: wrap; background-color: rgb(255, 255, 255); line-height: normal;&#039;&gt;&lt;span style=&quot;font-size: 14px;&quot;&gt;8. Equipped with power-off magnetic retention to prevent load drop due to unexpected power failure&lt;/span&gt;&lt;/p&gt;
&lt;p&gt;&lt;br style=&quot;text-wrap-mode: wrap;&quot;&gt;&lt;/p&gt;
&lt;p&gt;&lt;br&gt;&lt;/p&gt;
' , `update_time` = 1776694838  WHERE  `id` = 62 [ RunTime:0.001932s ]
[2026-04-20T22:20:38+08:00][sql] SHOW FULL COLUMNS FROM `cmf_route` [ RunTime:0.001150s ]
[2026-04-20T22:20:38+08:00][sql] SELECT * FROM `cmf_route` WHERE  `full_url` = 'portal/index/product_info?id=62' LIMIT 1 [ RunTime:0.000333s ]
[2026-04-20T22:20:38+08:00][sql] UPDATE `cmf_route`  SET `url` = 'BeamSpreaderBridgeCraneQC' , `list_order` = '2' , `type` = 2  WHERE  `id` = 88 [ RunTime:0.000265s ]
[2026-04-20T22:20:38+08:00][sql] SELECT * FROM `cmf_route` WHERE  `status` = 1 ORDER BY `list_order` ASC [ RunTime:0.000307s ]
[2026-04-20T22:20:40+08:00][sql] CONNECT:[ UseTime:0.001154s ] mysql:host=127.0.0.1;port=3306;dbname=weihua;charset=utf8mb4
[2026-04-20T22:20:40+08:00][sql] SHOW FULL COLUMNS FROM `cmf_option` [ RunTime:0.003222s ]
[2026-04-20T22:20:40+08:00][sql] SELECT `option_value` FROM `cmf_option` WHERE  `option_name` = 'cdn_settings' LIMIT 1 [ RunTime:0.000666s ]
[2026-04-20T22:20:40+08:00][sql] SHOW FULL COLUMNS FROM `cmf_user` [ RunTime:0.001687s ]
[2026-04-20T22:20:40+08:00][sql] SELECT * FROM `cmf_user` WHERE  `id` = 1 LIMIT 1 [ RunTime:0.000451s ]
[2026-04-20T22:20:40+08:00][sql] SHOW FULL COLUMNS FROM `cmf_product` [ RunTime:0.001426s ]
[2026-04-20T22:20:40+08:00][sql] SELECT * FROM `cmf_product` WHERE  `id` = 62 LIMIT 1 [ RunTime:0.000531s ]
[2026-04-20T22:20:40+08:00][sql] SHOW FULL COLUMNS FROM `cmf_product_category` [ RunTime:0.001268s ]
[2026-04-20T22:20:40+08:00][sql] SELECT * FROM `cmf_product_category` ORDER BY `list_order` ASC [ RunTime:0.000332s ]
[2026-04-20T22:20:40+08:00][sql] SELECT `option_value` FROM `cmf_option` WHERE  `option_name` = 'storage' LIMIT 1 [ RunTime:0.000578s ]
[2026-04-20T22:20:40+08:00][sql] CONNECT:[ UseTime:0.000593s ] mysql:host=127.0.0.1;port=3306;dbname=weihua;charset=utf8mb4
[2026-04-20T22:20:40+08:00][sql] SHOW FULL COLUMNS FROM `cmf_option` [ RunTime:0.001420s ]
[2026-04-20T22:20:40+08:00][sql] SELECT `option_value` FROM `cmf_option` WHERE  `option_name` = 'cdn_settings' LIMIT 1 [ RunTime:0.000272s ]
[2026-04-20T22:20:40+08:00][sql] SELECT `option_value` FROM `cmf_option` WHERE  `option_name` = 'cdn_settings' LIMIT 1 [ RunTime:0.000198s ]
[2026-04-20T22:20:40+08:00][sql] CONNECT:[ UseTime:0.000542s ] mysql:host=127.0.0.1;port=3306;dbname=weihua;charset=utf8mb4
[2026-04-20T22:20:40+08:00][sql] SHOW FULL COLUMNS FROM `cmf_option` [ RunTime:0.001914s ]
[2026-04-20T22:20:40+08:00][sql] SELECT `option_value` FROM `cmf_option` WHERE  `option_name` = 'cdn_settings' LIMIT 1 [ RunTime:0.000314s ]
[2026-04-20T22:20:40+08:00][sql] SELECT `option_value` FROM `cmf_option` WHERE  `option_name` = 'cdn_settings' LIMIT 1 [ RunTime:0.000204s ]
[2026-04-20T22:20:40+08:00][sql] CONNECT:[ UseTime:0.000484s ] mysql:host=127.0.0.1;port=3306;dbname=weihua;charset=utf8mb4
[2026-04-20T22:20:40+08:00][sql] SHOW FULL COLUMNS FROM `cmf_option` [ RunTime:0.001233s ]
[2026-04-20T22:20:40+08:00][sql] SELECT `option_value` FROM `cmf_option` WHERE  `option_name` = 'cdn_settings' LIMIT 1 [ RunTime:0.000302s ]
[2026-04-20T22:20:40+08:00][sql] SELECT `option_value` FROM `cmf_option` WHERE  `option_name` = 'cdn_settings' LIMIT 1 [ RunTime:0.000280s ]
[2026-04-20T22:20:40+08:00][sql] CONNECT:[ UseTime:0.000473s ] mysql:host=127.0.0.1;port=3306;dbname=weihua;charset=utf8mb4
[2026-04-20T22:20:40+08:00][sql] SHOW FULL COLUMNS FROM `cmf_option` [ RunTime:0.001388s ]
[2026-04-20T22:20:40+08:00][sql] SELECT `option_value` FROM `cmf_option` WHERE  `option_name` = 'cdn_settings' LIMIT 1 [ RunTime:0.000228s ]
[2026-04-20T22:20:40+08:00][sql] SELECT `option_value` FROM `cmf_option` WHERE  `option_name` = 'cdn_settings' LIMIT 1 [ RunTime:0.000172s ]
[2026-04-20T22:20:42+08:00][sql] CONNECT:[ UseTime:0.001548s ] mysql:host=127.0.0.1;port=3306;dbname=weihua;charset=utf8mb4
[2026-04-20T22:20:42+08:00][sql] SHOW FULL COLUMNS FROM `cmf_option` [ RunTime:0.003129s ]
[2026-04-20T22:20:42+08:00][sql] SELECT `option_value` FROM `cmf_option` WHERE  `option_name` = 'cdn_settings' LIMIT 1 [ RunTime:0.000690s ]
[2026-04-20T22:20:42+08:00][sql] SHOW FULL COLUMNS FROM `cmf_user` [ RunTime:0.002497s ]
[2026-04-20T22:20:42+08:00][sql] SELECT * FROM `cmf_user` WHERE  `id` = 1 LIMIT 1 [ RunTime:0.000830s ]
[2026-04-20T22:20:42+08:00][sql] SHOW FULL COLUMNS FROM `cmf_admin_menu` [ RunTime:0.003223s ]
[2026-04-20T22:20:42+08:00][sql] SELECT * FROM `cmf_admin_menu` ORDER BY `app` ASC,`controller` ASC,`action` ASC [ RunTime:0.001987s ]
[2026-04-20T22:20:42+08:00][sql] CONNECT:[ UseTime:0.000591s ] mysql:host=127.0.0.1;port=3306;dbname=weihua;charset=utf8mb4
[2026-04-20T22:20:42+08:00][sql] SHOW FULL COLUMNS FROM `cmf_option` [ RunTime:0.002763s ]
[2026-04-20T22:20:42+08:00][sql] SELECT `option_value` FROM `cmf_option` WHERE  `option_name` = 'cdn_settings' LIMIT 1 [ RunTime:0.000335s ]
[2026-04-20T22:20:42+08:00][sql] SHOW FULL COLUMNS FROM `cmf_user` [ RunTime:0.001378s ]
[2026-04-20T22:20:42+08:00][sql] SELECT * FROM `cmf_user` WHERE  `id` = 1 LIMIT 1 [ RunTime:0.000347s ]
[2026-04-20T22:20:42+08:00][sql] SELECT `option_value` FROM `cmf_option` WHERE  `option_name` = 'cdn_settings' LIMIT 1 [ RunTime:0.000251s ]
[2026-04-20T22:20:42+08:00][sql] SELECT `option_value` FROM `cmf_option` WHERE  `option_name` = 'cmf_settings' LIMIT 1 [ RunTime:0.000319s ]
[2026-04-20T22:20:42+08:00][sql] SELECT `option_value` FROM `cmf_option` WHERE  `option_name` = 'storage' LIMIT 1 [ RunTime:0.000196s ]
[2026-04-20T22:20:42+08:00][sql] CONNECT:[ UseTime:0.000580s ] mysql:host=127.0.0.1;port=3306;dbname=weihua;charset=utf8mb4
[2026-04-20T22:20:42+08:00][sql] SHOW FULL COLUMNS FROM `cmf_option` [ RunTime:0.001468s ]
[2026-04-20T22:20:42+08:00][sql] SELECT `option_value` FROM `cmf_option` WHERE  `option_name` = 'cdn_settings' LIMIT 1 [ RunTime:0.000437s ]
[2026-04-20T22:20:42+08:00][sql] SHOW FULL COLUMNS FROM `cmf_user` [ RunTime:0.001318s ]
[2026-04-20T22:20:42+08:00][sql] SELECT * FROM `cmf_user` WHERE  `id` = 1 LIMIT 1 [ RunTime:0.000500s ]
[2026-04-20T22:20:42+08:00][sql] SHOW FULL COLUMNS FROM `cmf_product` [ RunTime:0.001323s ]
[2026-04-20T22:20:42+08:00][sql] SELECT COUNT(*) AS think_count FROM `cmf_product` LIMIT 1 [ RunTime:0.000325s ]
[2026-04-20T22:20:42+08:00][sql] SELECT * FROM `cmf_product` ORDER BY `list_order` ASC,`id` DESC LIMIT 0,10 [ RunTime:0.000337s ]
[2026-04-20T22:20:42+08:00][sql] SHOW FULL COLUMNS FROM `cmf_product_category` [ RunTime:0.001042s ]
[2026-04-20T22:20:42+08:00][sql] SELECT `id`,`name` FROM `cmf_product_category` WHERE  `id` = 18 [ RunTime:0.000207s ]
[2026-04-20T22:20:42+08:00][sql] SELECT * FROM `cmf_product_category` [ RunTime:0.000176s ]
[2026-04-20T22:20:42+08:00][sql] SELECT `option_value` FROM `cmf_option` WHERE  `option_name` = 'storage' LIMIT 1 [ RunTime:0.000313s ]
[2026-04-20T22:20:44+08:00][sql] CONNECT:[ UseTime:0.001354s ] mysql:host=127.0.0.1;port=3306;dbname=weihua;charset=utf8mb4
[2026-04-20T22:20:44+08:00][sql] SHOW FULL COLUMNS FROM `cmf_option` [ RunTime:0.002545s ]
[2026-04-20T22:20:44+08:00][sql] SELECT `option_value` FROM `cmf_option` WHERE  `option_name` = 'cdn_settings' LIMIT 1 [ RunTime:0.000373s ]
[2026-04-20T22:20:44+08:00][sql] SHOW FULL COLUMNS FROM `cmf_user` [ RunTime:0.001469s ]
[2026-04-20T22:20:44+08:00][sql] SELECT * FROM `cmf_user` WHERE  `id` = 1 LIMIT 1 [ RunTime:0.000829s ]
[2026-04-20T22:20:44+08:00][sql] SHOW FULL COLUMNS FROM `cmf_product` [ RunTime:0.002865s ]
[2026-04-20T22:20:44+08:00][sql] SELECT * FROM `cmf_product` WHERE  `id` = 62 LIMIT 1 [ RunTime:0.000930s ]
[2026-04-20T22:20:44+08:00][sql] SHOW FULL COLUMNS FROM `cmf_product_category` [ RunTime:0.001279s ]
[2026-04-20T22:20:44+08:00][sql] SELECT * FROM `cmf_product_category` ORDER BY `list_order` ASC [ RunTime:0.000427s ]
[2026-04-20T22:20:44+08:00][sql] SELECT `option_value` FROM `cmf_option` WHERE  `option_name` = 'storage' LIMIT 1 [ RunTime:0.000277s ]
[2026-04-20T22:20:44+08:00][sql] CONNECT:[ UseTime:0.000572s ] mysql:host=127.0.0.1;port=3306;dbname=weihua;charset=utf8mb4
[2026-04-20T22:20:44+08:00][sql] SHOW FULL COLUMNS FROM `cmf_option` [ RunTime:0.001286s ]
[2026-04-20T22:20:44+08:00][sql] SELECT `option_value` FROM `cmf_option` WHERE  `option_name` = 'cdn_settings' LIMIT 1 [ RunTime:0.000272s ]
[2026-04-20T22:20:44+08:00][sql] SELECT `option_value` FROM `cmf_option` WHERE  `option_name` = 'cdn_settings' LIMIT 1 [ RunTime:0.000222s ]
[2026-04-20T22:20:44+08:00][sql] CONNECT:[ UseTime:0.000695s ] mysql:host=127.0.0.1;port=3306;dbname=weihua;charset=utf8mb4
[2026-04-20T22:20:44+08:00][sql] SHOW FULL COLUMNS FROM `cmf_option` [ RunTime:0.001247s ]
[2026-04-20T22:20:44+08:00][sql] SELECT `option_value` FROM `cmf_option` WHERE  `option_name` = 'cdn_settings' LIMIT 1 [ RunTime:0.000240s ]
[2026-04-20T22:20:44+08:00][sql] SELECT `option_value` FROM `cmf_option` WHERE  `option_name` = 'cdn_settings' LIMIT 1 [ RunTime:0.000189s ]
[2026-04-20T22:20:44+08:00][sql] CONNECT:[ UseTime:0.000463s ] mysql:host=127.0.0.1;port=3306;dbname=weihua;charset=utf8mb4
[2026-04-20T22:20:44+08:00][sql] SHOW FULL COLUMNS FROM `cmf_option` [ RunTime:0.001188s ]
[2026-04-20T22:20:44+08:00][sql] SELECT `option_value` FROM `cmf_option` WHERE  `option_name` = 'cdn_settings' LIMIT 1 [ RunTime:0.000254s ]
[2026-04-20T22:20:44+08:00][sql] SELECT `option_value` FROM `cmf_option` WHERE  `option_name` = 'cdn_settings' LIMIT 1 [ RunTime:0.000172s ]
[2026-04-20T22:20:44+08:00][sql] CONNECT:[ UseTime:0.000472s ] mysql:host=127.0.0.1;port=3306;dbname=weihua;charset=utf8mb4
[2026-04-20T22:20:44+08:00][sql] SHOW FULL COLUMNS FROM `cmf_option` [ RunTime:0.001457s ]
[2026-04-20T22:20:44+08:00][sql] SELECT `option_value` FROM `cmf_option` WHERE  `option_name` = 'cdn_settings' LIMIT 1 [ RunTime:0.000267s ]
[2026-04-20T22:20:44+08:00][sql] SELECT `option_value` FROM `cmf_option` WHERE  `option_name` = 'cdn_settings' LIMIT 1 [ RunTime:0.000295s ]
[2026-04-20T22:56:34+08:00][sql] CONNECT:[ UseTime:0.003113s ] mysql:host=127.0.0.1;port=3306;dbname=weihua;charset=utf8mb4
[2026-04-20T22:56:34+08:00][sql] SHOW FULL COLUMNS FROM `cmf_plugin` [ RunTime:0.004887s ]
[2026-04-20T22:56:34+08:00][sql] SELECT `config` FROM `cmf_plugin` WHERE  `name` = 'SwitchTheme' LIMIT 1 [ RunTime:0.004299s ]
[2026-04-20T22:56:34+08:00][sql] SHOW FULL COLUMNS FROM `cmf_option` [ RunTime:0.002473s ]
[2026-04-20T22:56:34+08:00][sql] SELECT `option_value` FROM `cmf_option` WHERE  `option_name` = 'cdn_settings' LIMIT 1 [ RunTime:0.000565s ]
[2026-04-20T22:56:34+08:00][sql] SELECT `option_value` FROM `cmf_option` WHERE  `option_name` = 'cdn_settings' LIMIT 1 [ RunTime:0.000229s ]
[2026-04-20T22:56:34+08:00][sql] SHOW FULL COLUMNS FROM `cmf_product_category` [ RunTime:0.001748s ]
[2026-04-20T22:56:34+08:00][sql] SELECT * FROM `cmf_product_category` WHERE  `parent_id` = 0 ORDER BY `list_order` ASC,`create_time` DESC [ RunTime:0.000564s ]
[2026-04-20T22:56:34+08:00][sql] SELECT * FROM `cmf_product_category` WHERE  `parent_id` IN (18,19,20,21,22,23,24,25,26,27) [ RunTime:0.000285s ]
[2026-04-20T22:56:34+08:00][sql] SHOW FULL COLUMNS FROM `cmf_portal_category` [ RunTime:0.002189s ]
[2026-04-20T22:56:34+08:00][sql] SELECT * FROM `cmf_portal_category` WHERE (  `type` = 8 ) AND `cmf_portal_category`.`delete_time` = '0' ORDER BY `list_order` ASC [ RunTime:0.000512s ]
[2026-04-20T22:56:34+08:00][sql] SHOW FULL COLUMNS FROM `cmf_product` [ RunTime:0.001932s ]
[2026-04-20T22:56:34+08:00][sql] SELECT COUNT(*) AS think_count FROM `cmf_product` LIMIT 1 [ RunTime:0.000570s ]
[2026-04-20T22:56:34+08:00][sql] SELECT `id`,`category_id`,`title`,`thumbnail`,`industry` FROM `cmf_product` ORDER BY `list_order` ASC,`create_time` DESC LIMIT 0,12 [ RunTime:0.000353s ]
[2026-04-20T22:56:34+08:00][sql] SHOW FULL COLUMNS FROM `cmf_slide_item` [ RunTime:0.001501s ]
[2026-04-20T22:56:34+08:00][sql] SELECT `title`,`description`,`image` FROM `cmf_slide_item` WHERE  `slide_id` = 2 ORDER BY `list_order` ASC LIMIT 1 [ RunTime:0.000456s ]
[2026-04-20T22:56:34+08:00][sql] SHOW FULL COLUMNS FROM `cmf_theme_file` [ RunTime:0.001367s ]
[2026-04-20T22:56:34+08:00][sql] SELECT `more`,`file`,`id` FROM `cmf_theme_file` WHERE  `theme` = 'simpleboot3'  AND (  `is_public` = 1 OR `file` = 'portal/product' ) ORDER BY `is_public` DESC [ RunTime:0.000569s ]
[2026-04-20T22:56:34+08:00][sql] SELECT `option_value` FROM `cmf_option` WHERE  `option_name` = 'storage' LIMIT 1 [ RunTime:0.000617s ]
[2026-04-20T22:56:36+08:00][sql] CONNECT:[ UseTime:0.001345s ] mysql:host=127.0.0.1;port=3306;dbname=weihua;charset=utf8mb4
[2026-04-20T22:56:36+08:00][sql] SHOW FULL COLUMNS FROM `cmf_option` [ RunTime:0.003201s ]
[2026-04-20T22:56:36+08:00][sql] SELECT `option_value` FROM `cmf_option` WHERE  `option_name` = 'cdn_settings' LIMIT 1 [ RunTime:0.000549s ]
[2026-04-20T22:56:36+08:00][sql] SELECT `option_value` FROM `cmf_option` WHERE  `option_name` = 'cdn_settings' LIMIT 1 [ RunTime:0.000395s ]
[2026-04-20T22:56:36+08:00][sql] SHOW FULL COLUMNS FROM `cmf_product_category` [ RunTime:0.001391s ]
[2026-04-20T22:56:36+08:00][sql] SELECT * FROM `cmf_product_category` WHERE  `parent_id` = 0 ORDER BY `list_order` ASC,`create_time` DESC [ RunTime:0.000487s ]
[2026-04-20T22:56:36+08:00][sql] SELECT * FROM `cmf_product_category` WHERE  `parent_id` IN (18,19,20,21,22,23,24,25,26,27) [ RunTime:0.000290s ]
[2026-04-20T22:56:36+08:00][sql] SHOW FULL COLUMNS FROM `cmf_portal_category` [ RunTime:0.001320s ]
[2026-04-20T22:56:36+08:00][sql] SELECT * FROM `cmf_portal_category` WHERE (  `type` = 8 ) AND `cmf_portal_category`.`delete_time` = '0' ORDER BY `list_order` ASC [ RunTime:0.000473s ]
[2026-04-20T22:56:36+08:00][sql] SHOW FULL COLUMNS FROM `cmf_product` [ RunTime:0.002282s ]
[2026-04-20T22:56:36+08:00][sql] SELECT * FROM `cmf_product` WHERE  `id` = 62 LIMIT 1 [ RunTime:0.000583s ]
[2026-04-20T22:56:36+08:00][sql] SELECT * FROM `cmf_product_category` WHERE  `id` = 18 LIMIT 1 [ RunTime:0.000519s ]
[2026-04-20T22:56:36+08:00][sql] SELECT `id`,`title`,`industry`,`thumbnail` FROM `cmf_product` WHERE  `id` <> 62  AND `is_recommended` = 1  AND `category_id` = 18 ORDER BY RAND() LIMIT 4 [ RunTime:0.000808s ]
[2026-04-20T22:56:36+08:00][sql] SHOW FULL COLUMNS FROM `cmf_slide_item` [ RunTime:0.002339s ]
[2026-04-20T22:56:36+08:00][sql] SELECT `title`,`description`,`image` FROM `cmf_slide_item` WHERE  `slide_id` = 2 ORDER BY `list_order` ASC LIMIT 1 [ RunTime:0.000386s ]
[2026-04-20T22:56:36+08:00][sql] SHOW FULL COLUMNS FROM `cmf_theme_file` [ RunTime:0.001145s ]
[2026-04-20T22:56:36+08:00][sql] SELECT `more`,`file`,`id` FROM `cmf_theme_file` WHERE  `theme` = 'simpleboot3'  AND (  `is_public` = 1 OR `file` = 'portal/product-info' ) ORDER BY `is_public` DESC [ RunTime:0.000678s ]
[2026-04-20T22:56:36+08:00][sql] SELECT `option_value` FROM `cmf_option` WHERE  `option_name` = 'storage' LIMIT 1 [ RunTime:0.000580s ]
[2026-04-20T22:57:34+08:00][sql] CONNECT:[ UseTime:0.000876s ] mysql:host=127.0.0.1;port=3306;dbname=weihua;charset=utf8mb4
[2026-04-20T22:57:34+08:00][sql] SHOW FULL COLUMNS FROM `cmf_option` [ RunTime:0.001402s ]
[2026-04-20T22:57:34+08:00][sql] SELECT `option_value` FROM `cmf_option` WHERE  `option_name` = 'cdn_settings' LIMIT 1 [ RunTime:0.000270s ]
[2026-04-20T22:57:34+08:00][sql] SELECT `option_value` FROM `cmf_option` WHERE  `option_name` = 'cdn_settings' LIMIT 1 [ RunTime:0.000213s ]
[2026-04-20T22:57:34+08:00][sql] SHOW FULL COLUMNS FROM `cmf_product_category` [ RunTime:0.000995s ]
[2026-04-20T22:57:34+08:00][sql] SELECT * FROM `cmf_product_category` WHERE  `parent_id` = 0 ORDER BY `list_order` ASC,`create_time` DESC [ RunTime:0.000345s ]
[2026-04-20T22:57:34+08:00][sql] SELECT * FROM `cmf_product_category` WHERE  `parent_id` IN (18,19,20,21,22,23,24,25,26,27) [ RunTime:0.000266s ]
[2026-04-20T22:57:34+08:00][sql] SHOW FULL COLUMNS FROM `cmf_portal_category` [ RunTime:0.001204s ]
[2026-04-20T22:57:34+08:00][sql] SELECT * FROM `cmf_portal_category` WHERE (  `type` = 8 ) AND `cmf_portal_category`.`delete_time` = '0' ORDER BY `list_order` ASC [ RunTime:0.000415s ]
[2026-04-20T22:57:34+08:00][sql] SHOW FULL COLUMNS FROM `cmf_product` [ RunTime:0.001155s ]
[2026-04-20T22:57:34+08:00][sql] SELECT * FROM `cmf_product` WHERE  `id` = 62 LIMIT 1 [ RunTime:0.000365s ]
[2026-04-20T22:57:34+08:00][sql] SELECT * FROM `cmf_product_category` WHERE  `id` = 18 LIMIT 1 [ RunTime:0.000420s ]
[2026-04-20T22:57:34+08:00][sql] SELECT `id`,`title`,`industry`,`thumbnail` FROM `cmf_product` WHERE  `id` <> 62  AND `is_recommended` = 1  AND `category_id` = 18 ORDER BY RAND() LIMIT 4 [ RunTime:0.000470s ]
[2026-04-20T22:57:34+08:00][sql] SHOW FULL COLUMNS FROM `cmf_slide_item` [ RunTime:0.001080s ]
[2026-04-20T22:57:34+08:00][sql] SELECT `title`,`description`,`image` FROM `cmf_slide_item` WHERE  `slide_id` = 2 ORDER BY `list_order` ASC LIMIT 1 [ RunTime:0.000302s ]
[2026-04-20T22:57:34+08:00][sql] SHOW FULL COLUMNS FROM `cmf_theme_file` [ RunTime:0.001089s ]
[2026-04-20T22:57:34+08:00][sql] SELECT `more`,`file`,`id` FROM `cmf_theme_file` WHERE  `theme` = 'simpleboot3'  AND (  `is_public` = 1 OR `file` = 'portal/product-info' ) ORDER BY `is_public` DESC [ RunTime:0.000348s ]
[2026-04-20T22:57:34+08:00][sql] SELECT `option_value` FROM `cmf_option` WHERE  `option_name` = 'storage' LIMIT 1 [ RunTime:0.000250s ]
[2026-04-20T22:57:44+08:00][sql] CONNECT:[ UseTime:0.001952s ] mysql:host=127.0.0.1;port=3306;dbname=weihua;charset=utf8mb4
[2026-04-20T22:57:44+08:00][sql] SHOW FULL COLUMNS FROM `cmf_option` [ RunTime:0.004685s ]
[2026-04-20T22:57:44+08:00][sql] SELECT `option_value` FROM `cmf_option` WHERE  `option_name` = 'cdn_settings' LIMIT 1 [ RunTime:0.000917s ]
[2026-04-20T22:57:44+08:00][sql] SELECT `option_value` FROM `cmf_option` WHERE  `option_name` = 'cdn_settings' LIMIT 1 [ RunTime:0.000296s ]
[2026-04-20T22:57:44+08:00][sql] SHOW FULL COLUMNS FROM `cmf_product_category` [ RunTime:0.001363s ]
[2026-04-20T22:57:44+08:00][sql] SELECT * FROM `cmf_product_category` WHERE  `parent_id` = 0 ORDER BY `list_order` ASC,`create_time` DESC [ RunTime:0.001174s ]
[2026-04-20T22:57:44+08:00][sql] SELECT * FROM `cmf_product_category` WHERE  `parent_id` IN (18,19,20,21,22,23,24,25,26,27) [ RunTime:0.000683s ]
[2026-04-20T22:57:44+08:00][sql] SHOW FULL COLUMNS FROM `cmf_portal_category` [ RunTime:0.003202s ]
[2026-04-20T22:57:44+08:00][sql] SELECT * FROM `cmf_portal_category` WHERE (  `type` = 8 ) AND `cmf_portal_category`.`delete_time` = '0' ORDER BY `list_order` ASC [ RunTime:0.000846s ]
[2026-04-20T22:57:44+08:00][sql] SHOW FULL COLUMNS FROM `cmf_product` [ RunTime:0.001477s ]
[2026-04-20T22:57:44+08:00][sql] SELECT * FROM `cmf_product` WHERE  `id` = 62 LIMIT 1 [ RunTime:0.000671s ]
[2026-04-20T22:57:44+08:00][sql] SELECT * FROM `cmf_product_category` WHERE  `id` = 18 LIMIT 1 [ RunTime:0.000302s ]
[2026-04-20T22:57:44+08:00][sql] SELECT `id`,`title`,`industry`,`thumbnail` FROM `cmf_product` WHERE  `id` <> 62  AND `is_recommended` = 1  AND `category_id` = 18 ORDER BY RAND() LIMIT 4 [ RunTime:0.000370s ]
[2026-04-20T22:57:44+08:00][sql] SHOW FULL COLUMNS FROM `cmf_slide_item` [ RunTime:0.001183s ]
[2026-04-20T22:57:44+08:00][sql] SELECT `title`,`description`,`image` FROM `cmf_slide_item` WHERE  `slide_id` = 2 ORDER BY `list_order` ASC LIMIT 1 [ RunTime:0.000316s ]
[2026-04-20T22:57:44+08:00][sql] SHOW FULL COLUMNS FROM `cmf_theme_file` [ RunTime:0.000929s ]
[2026-04-20T22:57:44+08:00][sql] SELECT `more`,`file`,`id` FROM `cmf_theme_file` WHERE  `theme` = 'simpleboot3'  AND (  `is_public` = 1 OR `file` = 'portal/product-info' ) ORDER BY `is_public` DESC [ RunTime:0.000386s ]
[2026-04-20T22:57:44+08:00][sql] SELECT `option_value` FROM `cmf_option` WHERE  `option_name` = 'storage' LIMIT 1 [ RunTime:0.000363s ]
[2026-04-20T22:58:04+08:00][sql] CONNECT:[ UseTime:0.000966s ] mysql:host=127.0.0.1;port=3306;dbname=weihua;charset=utf8mb4
[2026-04-20T22:58:04+08:00][sql] SHOW FULL COLUMNS FROM `cmf_option` [ RunTime:0.003479s ]
[2026-04-20T22:58:04+08:00][sql] SELECT `option_value` FROM `cmf_option` WHERE  `option_name` = 'cdn_settings' LIMIT 1 [ RunTime:0.001246s ]
[2026-04-20T22:58:04+08:00][sql] SELECT `option_value` FROM `cmf_option` WHERE  `option_name` = 'cdn_settings' LIMIT 1 [ RunTime:0.001504s ]
[2026-04-20T22:58:04+08:00][sql] SHOW FULL COLUMNS FROM `cmf_product_category` [ RunTime:0.001054s ]
[2026-04-20T22:58:04+08:00][sql] SELECT * FROM `cmf_product_category` WHERE  `parent_id` = 0 ORDER BY `list_order` ASC,`create_time` DESC [ RunTime:0.000238s ]
[2026-04-20T22:58:04+08:00][sql] SELECT * FROM `cmf_product_category` WHERE  `parent_id` IN (18,19,20,21,22,23,24,25,26,27) [ RunTime:0.000243s ]
[2026-04-20T22:58:04+08:00][sql] SHOW FULL COLUMNS FROM `cmf_portal_category` [ RunTime:0.000937s ]
[2026-04-20T22:58:04+08:00][sql] SELECT * FROM `cmf_portal_category` WHERE (  `type` = 8 ) AND `cmf_portal_category`.`delete_time` = '0' ORDER BY `list_order` ASC [ RunTime:0.000297s ]
[2026-04-20T22:58:04+08:00][sql] SHOW FULL COLUMNS FROM `cmf_product` [ RunTime:0.001105s ]
[2026-04-20T22:58:04+08:00][sql] SELECT * FROM `cmf_product` WHERE  `id` = 62 LIMIT 1 [ RunTime:0.000376s ]
[2026-04-20T22:58:04+08:00][sql] SELECT * FROM `cmf_product_category` WHERE  `id` = 18 LIMIT 1 [ RunTime:0.000184s ]
[2026-04-20T22:58:04+08:00][sql] SELECT `id`,`title`,`industry`,`thumbnail` FROM `cmf_product` WHERE  `id` <> 62  AND `is_recommended` = 1  AND `category_id` = 18 ORDER BY RAND() LIMIT 4 [ RunTime:0.000291s ]
[2026-04-20T22:58:04+08:00][sql] SHOW FULL COLUMNS FROM `cmf_slide_item` [ RunTime:0.000850s ]
[2026-04-20T22:58:04+08:00][sql] SELECT `title`,`description`,`image` FROM `cmf_slide_item` WHERE  `slide_id` = 2 ORDER BY `list_order` ASC LIMIT 1 [ RunTime:0.000231s ]
[2026-04-20T22:58:04+08:00][sql] SHOW FULL COLUMNS FROM `cmf_theme_file` [ RunTime:0.000781s ]
[2026-04-20T22:58:04+08:00][sql] SELECT `more`,`file`,`id` FROM `cmf_theme_file` WHERE  `theme` = 'simpleboot3'  AND (  `is_public` = 1 OR `file` = 'portal/product-info' ) ORDER BY `is_public` DESC [ RunTime:0.000246s ]
[2026-04-20T22:58:04+08:00][sql] SELECT `option_value` FROM `cmf_option` WHERE  `option_name` = 'storage' LIMIT 1 [ RunTime:0.000179s ]
[2026-04-20T22:58:12+08:00][sql] CONNECT:[ UseTime:0.000782s ] mysql:host=127.0.0.1;port=3306;dbname=weihua;charset=utf8mb4
[2026-04-20T22:58:12+08:00][sql] SHOW FULL COLUMNS FROM `cmf_option` [ RunTime:0.001682s ]
[2026-04-20T22:58:12+08:00][sql] SELECT `option_value` FROM `cmf_option` WHERE  `option_name` = 'cdn_settings' LIMIT 1 [ RunTime:0.000335s ]
[2026-04-20T22:58:12+08:00][sql] SELECT `option_value` FROM `cmf_option` WHERE  `option_name` = 'cdn_settings' LIMIT 1 [ RunTime:0.000205s ]
[2026-04-20T22:58:12+08:00][sql] SHOW FULL COLUMNS FROM `cmf_product_category` [ RunTime:0.001517s ]
[2026-04-20T22:58:12+08:00][sql] SELECT * FROM `cmf_product_category` WHERE  `parent_id` = 0 ORDER BY `list_order` ASC,`create_time` DESC [ RunTime:0.000788s ]
[2026-04-20T22:58:12+08:00][sql] SELECT * FROM `cmf_product_category` WHERE  `parent_id` IN (18,19,20,21,22,23,24,25,26,27) [ RunTime:0.000598s ]
[2026-04-20T22:58:12+08:00][sql] SHOW FULL COLUMNS FROM `cmf_portal_category` [ RunTime:0.002389s ]
[2026-04-20T22:58:12+08:00][sql] SELECT * FROM `cmf_portal_category` WHERE (  `type` = 8 ) AND `cmf_portal_category`.`delete_time` = '0' ORDER BY `list_order` ASC [ RunTime:0.000715s ]
[2026-04-20T22:58:12+08:00][sql] SHOW FULL COLUMNS FROM `cmf_product` [ RunTime:0.001143s ]
[2026-04-20T22:58:12+08:00][sql] SELECT * FROM `cmf_product` WHERE  `id` = 62 LIMIT 1 [ RunTime:0.000426s ]
[2026-04-20T22:58:12+08:00][sql] SELECT * FROM `cmf_product_category` WHERE  `id` = 18 LIMIT 1 [ RunTime:0.000163s ]
[2026-04-20T22:58:12+08:00][sql] SELECT `id`,`title`,`industry`,`thumbnail` FROM `cmf_product` WHERE  `id` <> 62  AND `is_recommended` = 1  AND `category_id` = 18 ORDER BY RAND() LIMIT 4 [ RunTime:0.000324s ]
[2026-04-20T22:58:12+08:00][sql] SHOW FULL COLUMNS FROM `cmf_slide_item` [ RunTime:0.001456s ]
[2026-04-20T22:58:12+08:00][sql] SELECT `title`,`description`,`image` FROM `cmf_slide_item` WHERE  `slide_id` = 2 ORDER BY `list_order` ASC LIMIT 1 [ RunTime:0.000586s ]
[2026-04-20T22:58:12+08:00][sql] SHOW FULL COLUMNS FROM `cmf_theme_file` [ RunTime:0.002107s ]
[2026-04-20T22:58:12+08:00][sql] SELECT `more`,`file`,`id` FROM `cmf_theme_file` WHERE  `theme` = 'simpleboot3'  AND (  `is_public` = 1 OR `file` = 'portal/product-info' ) ORDER BY `is_public` DESC [ RunTime:0.000643s ]
[2026-04-20T22:58:12+08:00][sql] SELECT `option_value` FROM `cmf_option` WHERE  `option_name` = 'storage' LIMIT 1 [ RunTime:0.000176s ]
[2026-04-20T22:59:08+08:00][sql] CONNECT:[ UseTime:0.001957s ] mysql:host=127.0.0.1;port=3306;dbname=weihua;charset=utf8mb4
[2026-04-20T22:59:08+08:00][sql] SHOW FULL COLUMNS FROM `cmf_option` [ RunTime:0.004192s ]
[2026-04-20T22:59:08+08:00][sql] SELECT `option_value` FROM `cmf_option` WHERE  `option_name` = 'cdn_settings' LIMIT 1 [ RunTime:0.000750s ]
[2026-04-20T22:59:08+08:00][sql] SELECT `option_value` FROM `cmf_option` WHERE  `option_name` = 'cdn_settings' LIMIT 1 [ RunTime:0.000309s ]
[2026-04-20T22:59:08+08:00][sql] SHOW FULL COLUMNS FROM `cmf_product_category` [ RunTime:0.002047s ]
[2026-04-20T22:59:08+08:00][sql] SELECT * FROM `cmf_product_category` WHERE  `parent_id` = 0 ORDER BY `list_order` ASC,`create_time` DESC [ RunTime:0.000625s ]
[2026-04-20T22:59:08+08:00][sql] SELECT * FROM `cmf_product_category` WHERE  `parent_id` IN (18,19,20,21,22,23,24,25,26,27) [ RunTime:0.000585s ]
[2026-04-20T22:59:08+08:00][sql] SHOW FULL COLUMNS FROM `cmf_portal_category` [ RunTime:0.001691s ]
[2026-04-20T22:59:08+08:00][sql] SELECT * FROM `cmf_portal_category` WHERE (  `type` = 8 ) AND `cmf_portal_category`.`delete_time` = '0' ORDER BY `list_order` ASC [ RunTime:0.000381s ]
[2026-04-20T22:59:08+08:00][sql] SHOW FULL COLUMNS FROM `cmf_product` [ RunTime:0.001743s ]
[2026-04-20T22:59:08+08:00][sql] SELECT * FROM `cmf_product` WHERE  `id` = 62 LIMIT 1 [ RunTime:0.000700s ]
[2026-04-20T22:59:08+08:00][sql] SELECT * FROM `cmf_product_category` WHERE  `id` = 18 LIMIT 1 [ RunTime:0.000206s ]
[2026-04-20T22:59:08+08:00][sql] SELECT `id`,`title`,`industry`,`thumbnail` FROM `cmf_product` WHERE  `id` <> 62  AND `is_recommended` = 1  AND `category_id` = 18 ORDER BY RAND() LIMIT 4 [ RunTime:0.000460s ]
[2026-04-20T22:59:08+08:00][sql] SHOW FULL COLUMNS FROM `cmf_slide_item` [ RunTime:0.001588s ]
[2026-04-20T22:59:08+08:00][sql] SELECT `title`,`description`,`image` FROM `cmf_slide_item` WHERE  `slide_id` = 2 ORDER BY `list_order` ASC LIMIT 1 [ RunTime:0.000449s ]
[2026-04-20T22:59:08+08:00][sql] SHOW FULL COLUMNS FROM `cmf_theme_file` [ RunTime:0.001303s ]
[2026-04-20T22:59:08+08:00][sql] SELECT `more`,`file`,`id` FROM `cmf_theme_file` WHERE  `theme` = 'simpleboot3'  AND (  `is_public` = 1 OR `file` = 'portal/product-info' ) ORDER BY `is_public` DESC [ RunTime:0.000813s ]
[2026-04-20T22:59:08+08:00][sql] SELECT `option_value` FROM `cmf_option` WHERE  `option_name` = 'storage' LIMIT 1 [ RunTime:0.000853s ]
[2026-04-20T22:59:28+08:00][sql] CONNECT:[ UseTime:0.001346s ] mysql:host=127.0.0.1;port=3306;dbname=weihua;charset=utf8mb4
[2026-04-20T22:59:28+08:00][sql] SHOW FULL COLUMNS FROM `cmf_option` [ RunTime:0.002991s ]
[2026-04-20T22:59:28+08:00][sql] SELECT `option_value` FROM `cmf_option` WHERE  `option_name` = 'cdn_settings' LIMIT 1 [ RunTime:0.000567s ]
[2026-04-20T22:59:28+08:00][sql] SELECT `option_value` FROM `cmf_option` WHERE  `option_name` = 'cdn_settings' LIMIT 1 [ RunTime:0.000505s ]
[2026-04-20T22:59:28+08:00][sql] SHOW FULL COLUMNS FROM `cmf_product_category` [ RunTime:0.001853s ]
[2026-04-20T22:59:28+08:00][sql] SELECT * FROM `cmf_product_category` WHERE  `parent_id` = 0 ORDER BY `list_order` ASC,`create_time` DESC [ RunTime:0.000490s ]
[2026-04-20T22:59:28+08:00][sql] SELECT * FROM `cmf_product_category` WHERE  `parent_id` IN (18,19,20,21,22,23,24,25,26,27) [ RunTime:0.000371s ]
[2026-04-20T22:59:28+08:00][sql] SHOW FULL COLUMNS FROM `cmf_portal_category` [ RunTime:0.001487s ]
[2026-04-20T22:59:28+08:00][sql] SELECT * FROM `cmf_portal_category` WHERE (  `type` = 8 ) AND `cmf_portal_category`.`delete_time` = '0' ORDER BY `list_order` ASC [ RunTime:0.000544s ]
[2026-04-20T22:59:28+08:00][sql] SHOW FULL COLUMNS FROM `cmf_product` [ RunTime:0.002127s ]
[2026-04-20T22:59:28+08:00][sql] SELECT * FROM `cmf_product` WHERE  `id` = 62 LIMIT 1 [ RunTime:0.000654s ]
[2026-04-20T22:59:28+08:00][sql] SELECT * FROM `cmf_product_category` WHERE  `id` = 18 LIMIT 1 [ RunTime:0.000238s ]
[2026-04-20T22:59:28+08:00][sql] SELECT `id`,`title`,`industry`,`thumbnail` FROM `cmf_product` WHERE  `id` <> 62  AND `is_recommended` = 1  AND `category_id` = 18 ORDER BY RAND() LIMIT 4 [ RunTime:0.000443s ]
[2026-04-20T22:59:28+08:00][sql] SHOW FULL COLUMNS FROM `cmf_slide_item` [ RunTime:0.001398s ]
[2026-04-20T22:59:28+08:00][sql] SELECT `title`,`description`,`image` FROM `cmf_slide_item` WHERE  `slide_id` = 2 ORDER BY `list_order` ASC LIMIT 1 [ RunTime:0.000622s ]
[2026-04-20T22:59:28+08:00][sql] SHOW FULL COLUMNS FROM `cmf_theme_file` [ RunTime:0.001509s ]
[2026-04-20T22:59:28+08:00][sql] SELECT `more`,`file`,`id` FROM `cmf_theme_file` WHERE  `theme` = 'simpleboot3'  AND (  `is_public` = 1 OR `file` = 'portal/product-info' ) ORDER BY `is_public` DESC [ RunTime:0.000436s ]
[2026-04-20T22:59:28+08:00][sql] SELECT `option_value` FROM `cmf_option` WHERE  `option_name` = 'storage' LIMIT 1 [ RunTime:0.000613s ]
[2026-04-20T22:59:36+08:00][sql] CONNECT:[ UseTime:0.001557s ] mysql:host=127.0.0.1;port=3306;dbname=weihua;charset=utf8mb4
[2026-04-20T22:59:36+08:00][sql] SHOW FULL COLUMNS FROM `cmf_option` [ RunTime:0.003121s ]
[2026-04-20T22:59:36+08:00][sql] SELECT `option_value` FROM `cmf_option` WHERE  `option_name` = 'cdn_settings' LIMIT 1 [ RunTime:0.000538s ]
[2026-04-20T22:59:36+08:00][sql] SELECT `option_value` FROM `cmf_option` WHERE  `option_name` = 'cdn_settings' LIMIT 1 [ RunTime:0.000448s ]
[2026-04-20T22:59:36+08:00][sql] SHOW FULL COLUMNS FROM `cmf_product_category` [ RunTime:0.002530s ]
[2026-04-20T22:59:36+08:00][sql] SELECT * FROM `cmf_product_category` WHERE  `parent_id` = 0 ORDER BY `list_order` ASC,`create_time` DESC [ RunTime:0.000935s ]
[2026-04-20T22:59:36+08:00][sql] SELECT * FROM `cmf_product_category` WHERE  `parent_id` IN (18,19,20,21,22,23,24,25,26,27) [ RunTime:0.000626s ]
[2026-04-20T22:59:36+08:00][sql] SHOW FULL COLUMNS FROM `cmf_portal_category` [ RunTime:0.002808s ]
[2026-04-20T22:59:36+08:00][sql] SELECT * FROM `cmf_portal_category` WHERE (  `type` = 8 ) AND `cmf_portal_category`.`delete_time` = '0' ORDER BY `list_order` ASC [ RunTime:0.000741s ]
[2026-04-20T22:59:36+08:00][sql] SHOW FULL COLUMNS FROM `cmf_product` [ RunTime:0.002936s ]
[2026-04-20T22:59:36+08:00][sql] SELECT * FROM `cmf_product` WHERE  `id` = 62 LIMIT 1 [ RunTime:0.000889s ]
[2026-04-20T22:59:36+08:00][sql] SELECT * FROM `cmf_product_category` WHERE  `id` = 18 LIMIT 1 [ RunTime:0.000541s ]
[2026-04-20T22:59:36+08:00][sql] SELECT `id`,`title`,`industry`,`thumbnail` FROM `cmf_product` WHERE  `id` <> 62  AND `is_recommended` = 1  AND `category_id` = 18 ORDER BY RAND() LIMIT 4 [ RunTime:0.000823s ]
[2026-04-20T22:59:36+08:00][sql] SHOW FULL COLUMNS FROM `cmf_slide_item` [ RunTime:0.002423s ]
[2026-04-20T22:59:36+08:00][sql] SELECT `title`,`description`,`image` FROM `cmf_slide_item` WHERE  `slide_id` = 2 ORDER BY `list_order` ASC LIMIT 1 [ RunTime:0.000765s ]
[2026-04-20T22:59:36+08:00][sql] SHOW FULL COLUMNS FROM `cmf_theme_file` [ RunTime:0.000949s ]
[2026-04-20T22:59:36+08:00][sql] SELECT `more`,`file`,`id` FROM `cmf_theme_file` WHERE  `theme` = 'simpleboot3'  AND (  `is_public` = 1 OR `file` = 'portal/product-info' ) ORDER BY `is_public` DESC [ RunTime:0.000416s ]
[2026-04-20T22:59:36+08:00][sql] SELECT `option_value` FROM `cmf_option` WHERE  `option_name` = 'storage' LIMIT 1 [ RunTime:0.000632s ]
[2026-04-20T22:59:47+08:00][sql] CONNECT:[ UseTime:0.001280s ] mysql:host=127.0.0.1;port=3306;dbname=weihua;charset=utf8mb4
[2026-04-20T22:59:47+08:00][sql] SHOW FULL COLUMNS FROM `cmf_option` [ RunTime:0.002677s ]
[2026-04-20T22:59:47+08:00][sql] SELECT `option_value` FROM `cmf_option` WHERE  `option_name` = 'cdn_settings' LIMIT 1 [ RunTime:0.000450s ]
[2026-04-20T22:59:47+08:00][sql] SELECT `option_value` FROM `cmf_option` WHERE  `option_name` = 'cdn_settings' LIMIT 1 [ RunTime:0.000278s ]
[2026-04-20T22:59:47+08:00][sql] SHOW FULL COLUMNS FROM `cmf_product_category` [ RunTime:0.001358s ]
[2026-04-20T22:59:47+08:00][sql] SELECT * FROM `cmf_product_category` WHERE  `parent_id` = 0 ORDER BY `list_order` ASC,`create_time` DESC [ RunTime:0.000494s ]
[2026-04-20T22:59:47+08:00][sql] SELECT * FROM `cmf_product_category` WHERE  `parent_id` IN (18,19,20,21,22,23,24,25,26,27) [ RunTime:0.000358s ]
[2026-04-20T22:59:47+08:00][sql] SHOW FULL COLUMNS FROM `cmf_portal_category` [ RunTime:0.018810s ]
[2026-04-20T22:59:47+08:00][sql] SELECT * FROM `cmf_portal_category` WHERE (  `type` = 8 ) AND `cmf_portal_category`.`delete_time` = '0' ORDER BY `list_order` ASC [ RunTime:0.001343s ]
[2026-04-20T22:59:47+08:00][sql] SHOW FULL COLUMNS FROM `cmf_product` [ RunTime:0.002067s ]
[2026-04-20T22:59:47+08:00][sql] SELECT * FROM `cmf_product` WHERE  `id` = 62 LIMIT 1 [ RunTime:0.000567s ]
[2026-04-20T22:59:47+08:00][sql] SELECT * FROM `cmf_product_category` WHERE  `id` = 18 LIMIT 1 [ RunTime:0.000180s ]
[2026-04-20T22:59:47+08:00][sql] SELECT `id`,`title`,`industry`,`thumbnail` FROM `cmf_product` WHERE  `id` <> 62  AND `is_recommended` = 1  AND `category_id` = 18 ORDER BY RAND() LIMIT 4 [ RunTime:0.000304s ]
[2026-04-20T22:59:47+08:00][sql] SHOW FULL COLUMNS FROM `cmf_slide_item` [ RunTime:0.000977s ]
[2026-04-20T22:59:47+08:00][sql] SELECT `title`,`description`,`image` FROM `cmf_slide_item` WHERE  `slide_id` = 2 ORDER BY `list_order` ASC LIMIT 1 [ RunTime:0.000273s ]
[2026-04-20T22:59:47+08:00][sql] SHOW FULL COLUMNS FROM `cmf_theme_file` [ RunTime:0.000817s ]
[2026-04-20T22:59:47+08:00][sql] SELECT `more`,`file`,`id` FROM `cmf_theme_file` WHERE  `theme` = 'simpleboot3'  AND (  `is_public` = 1 OR `file` = 'portal/product-info' ) ORDER BY `is_public` DESC [ RunTime:0.000289s ]
[2026-04-20T22:59:47+08:00][sql] SELECT `option_value` FROM `cmf_option` WHERE  `option_name` = 'storage' LIMIT 1 [ RunTime:0.000194s ]
[2026-04-20T23:00:44+08:00][sql] CONNECT:[ UseTime:0.000733s ] mysql:host=127.0.0.1;port=3306;dbname=weihua;charset=utf8mb4
[2026-04-20T23:00:44+08:00][sql] SHOW FULL COLUMNS FROM `cmf_option` [ RunTime:0.001589s ]
[2026-04-20T23:00:44+08:00][sql] SELECT `option_value` FROM `cmf_option` WHERE  `option_name` = 'cdn_settings' LIMIT 1 [ RunTime:0.000319s ]
[2026-04-20T23:00:44+08:00][sql] SELECT `option_value` FROM `cmf_option` WHERE  `option_name` = 'cdn_settings' LIMIT 1 [ RunTime:0.000233s ]
[2026-04-20T23:00:44+08:00][sql] SHOW FULL COLUMNS FROM `cmf_product_category` [ RunTime:0.001052s ]
[2026-04-20T23:00:44+08:00][sql] SELECT * FROM `cmf_product_category` WHERE  `parent_id` = 0 ORDER BY `list_order` ASC,`create_time` DESC [ RunTime:0.000256s ]
[2026-04-20T23:00:44+08:00][sql] SELECT * FROM `cmf_product_category` WHERE  `parent_id` IN (18,19,20,21,22,23,24,25,26,27) [ RunTime:0.000217s ]
[2026-04-20T23:00:44+08:00][sql] SHOW FULL COLUMNS FROM `cmf_portal_category` [ RunTime:0.001077s ]
[2026-04-20T23:00:44+08:00][sql] SELECT * FROM `cmf_portal_category` WHERE (  `type` = 8 ) AND `cmf_portal_category`.`delete_time` = '0' ORDER BY `list_order` ASC [ RunTime:0.000297s ]
[2026-04-20T23:00:44+08:00][sql] SHOW FULL COLUMNS FROM `cmf_product` [ RunTime:0.001321s ]
[2026-04-20T23:00:44+08:00][sql] SELECT * FROM `cmf_product` WHERE  `id` = 62 LIMIT 1 [ RunTime:0.000361s ]
[2026-04-20T23:00:44+08:00][sql] SELECT * FROM `cmf_product_category` WHERE  `id` = 18 LIMIT 1 [ RunTime:0.000213s ]
[2026-04-20T23:00:44+08:00][sql] SELECT `id`,`title`,`industry`,`thumbnail` FROM `cmf_product` WHERE  `id` <> 62  AND `is_recommended` = 1  AND `category_id` = 18 ORDER BY RAND() LIMIT 4 [ RunTime:0.000340s ]
[2026-04-20T23:00:44+08:00][sql] SHOW FULL COLUMNS FROM `cmf_slide_item` [ RunTime:0.000952s ]
[2026-04-20T23:00:44+08:00][sql] SELECT `title`,`description`,`image` FROM `cmf_slide_item` WHERE  `slide_id` = 2 ORDER BY `list_order` ASC LIMIT 1 [ RunTime:0.000267s ]
[2026-04-20T23:00:44+08:00][sql] SHOW FULL COLUMNS FROM `cmf_theme_file` [ RunTime:0.001023s ]
[2026-04-20T23:00:44+08:00][sql] SELECT `more`,`file`,`id` FROM `cmf_theme_file` WHERE  `theme` = 'simpleboot3'  AND (  `is_public` = 1 OR `file` = 'portal/product-info' ) ORDER BY `is_public` DESC [ RunTime:0.000298s ]
[2026-04-20T23:00:44+08:00][sql] SELECT `option_value` FROM `cmf_option` WHERE  `option_name` = 'storage' LIMIT 1 [ RunTime:0.000264s ]
[2026-04-20T23:01:01+08:00][sql] CONNECT:[ UseTime:0.011984s ] mysql:host=127.0.0.1;port=3306;dbname=weihua;charset=utf8mb4
[2026-04-20T23:01:01+08:00][sql] SHOW FULL COLUMNS FROM `cmf_option` [ RunTime:0.001584s ]
[2026-04-20T23:01:01+08:00][sql] SELECT `option_value` FROM `cmf_option` WHERE  `option_name` = 'cdn_settings' LIMIT 1 [ RunTime:0.000334s ]
[2026-04-20T23:01:01+08:00][sql] SELECT `option_value` FROM `cmf_option` WHERE  `option_name` = 'cdn_settings' LIMIT 1 [ RunTime:0.000220s ]
[2026-04-20T23:01:01+08:00][sql] SHOW FULL COLUMNS FROM `cmf_product_category` [ RunTime:0.001586s ]
[2026-04-20T23:01:01+08:00][sql] SELECT * FROM `cmf_product_category` WHERE  `parent_id` = 0 ORDER BY `list_order` ASC,`create_time` DESC [ RunTime:0.000695s ]
[2026-04-20T23:01:01+08:00][sql] SELECT * FROM `cmf_product_category` WHERE  `parent_id` IN (18,19,20,21,22,23,24,25,26,27) [ RunTime:0.000620s ]
[2026-04-20T23:01:01+08:00][sql] SHOW FULL COLUMNS FROM `cmf_portal_category` [ RunTime:0.002445s ]
[2026-04-20T23:01:01+08:00][sql] SELECT * FROM `cmf_portal_category` WHERE (  `type` = 8 ) AND `cmf_portal_category`.`delete_time` = '0' ORDER BY `list_order` ASC [ RunTime:0.000741s ]
[2026-04-20T23:01:01+08:00][sql] SHOW FULL COLUMNS FROM `cmf_product` [ RunTime:0.002789s ]
[2026-04-20T23:01:01+08:00][sql] SELECT * FROM `cmf_product` WHERE  `id` = 62 LIMIT 1 [ RunTime:0.000847s ]
[2026-04-20T23:01:01+08:00][sql] SELECT * FROM `cmf_product_category` WHERE  `id` = 18 LIMIT 1 [ RunTime:0.000464s ]
[2026-04-20T23:01:01+08:00][sql] SELECT `id`,`title`,`industry`,`thumbnail` FROM `cmf_product` WHERE  `id` <> 62  AND `is_recommended` = 1  AND `category_id` = 18 ORDER BY RAND() LIMIT 4 [ RunTime:0.000721s ]
[2026-04-20T23:01:01+08:00][sql] SHOW FULL COLUMNS FROM `cmf_slide_item` [ RunTime:0.002320s ]
[2026-04-20T23:01:01+08:00][sql] SELECT `title`,`description`,`image` FROM `cmf_slide_item` WHERE  `slide_id` = 2 ORDER BY `list_order` ASC LIMIT 1 [ RunTime:0.000595s ]
[2026-04-20T23:01:01+08:00][sql] SHOW FULL COLUMNS FROM `cmf_theme_file` [ RunTime:0.000850s ]
[2026-04-20T23:01:01+08:00][sql] SELECT `more`,`file`,`id` FROM `cmf_theme_file` WHERE  `theme` = 'simpleboot3'  AND (  `is_public` = 1 OR `file` = 'portal/product-info' ) ORDER BY `is_public` DESC [ RunTime:0.000257s ]
[2026-04-20T23:01:01+08:00][sql] SELECT `option_value` FROM `cmf_option` WHERE  `option_name` = 'storage' LIMIT 1 [ RunTime:0.000188s ]
[2026-04-20T23:02:49+08:00][sql] CONNECT:[ UseTime:0.001296s ] mysql:host=127.0.0.1;port=3306;dbname=weihua;charset=utf8mb4
[2026-04-20T23:02:49+08:00][sql] SHOW FULL COLUMNS FROM `cmf_option` [ RunTime:0.002569s ]
[2026-04-20T23:02:49+08:00][sql] SELECT `option_value` FROM `cmf_option` WHERE  `option_name` = 'cdn_settings' LIMIT 1 [ RunTime:0.000420s ]
[2026-04-20T23:02:49+08:00][sql] SELECT `option_value` FROM `cmf_option` WHERE  `option_name` = 'cdn_settings' LIMIT 1 [ RunTime:0.000244s ]
[2026-04-20T23:02:49+08:00][sql] SHOW FULL COLUMNS FROM `cmf_product_category` [ RunTime:0.002186s ]
[2026-04-20T23:02:49+08:00][sql] SELECT * FROM `cmf_product_category` WHERE  `parent_id` = 0 ORDER BY `list_order` ASC,`create_time` DESC [ RunTime:0.000440s ]
[2026-04-20T23:02:49+08:00][sql] SELECT * FROM `cmf_product_category` WHERE  `parent_id` IN (18,19,20,21,22,23,24,25,26,27) [ RunTime:0.000340s ]
[2026-04-20T23:02:49+08:00][sql] SHOW FULL COLUMNS FROM `cmf_portal_category` [ RunTime:0.003055s ]
[2026-04-20T23:02:49+08:00][sql] SELECT * FROM `cmf_portal_category` WHERE (  `type` = 8 ) AND `cmf_portal_category`.`delete_time` = '0' ORDER BY `list_order` ASC [ RunTime:0.000560s ]
[2026-04-20T23:02:49+08:00][sql] SHOW FULL COLUMNS FROM `cmf_product` [ RunTime:0.001413s ]
[2026-04-20T23:02:49+08:00][sql] SELECT * FROM `cmf_product` WHERE  `id` = 62 LIMIT 1 [ RunTime:0.000487s ]
[2026-04-20T23:02:49+08:00][sql] SELECT * FROM `cmf_product_category` WHERE  `id` = 18 LIMIT 1 [ RunTime:0.000195s ]
[2026-04-20T23:02:49+08:00][sql] SELECT `id`,`title`,`industry`,`thumbnail` FROM `cmf_product` WHERE  `id` <> 62  AND `is_recommended` = 1  AND `category_id` = 18 ORDER BY RAND() LIMIT 4 [ RunTime:0.000860s ]
[2026-04-20T23:02:49+08:00][sql] SHOW FULL COLUMNS FROM `cmf_slide_item` [ RunTime:0.001101s ]
[2026-04-20T23:02:49+08:00][sql] SELECT `title`,`description`,`image` FROM `cmf_slide_item` WHERE  `slide_id` = 2 ORDER BY `list_order` ASC LIMIT 1 [ RunTime:0.000310s ]
[2026-04-20T23:02:49+08:00][sql] SHOW FULL COLUMNS FROM `cmf_theme_file` [ RunTime:0.001086s ]
[2026-04-20T23:02:49+08:00][sql] SELECT `more`,`file`,`id` FROM `cmf_theme_file` WHERE  `theme` = 'simpleboot3'  AND (  `is_public` = 1 OR `file` = 'portal/product-info' ) ORDER BY `is_public` DESC [ RunTime:0.000334s ]
[2026-04-20T23:02:49+08:00][sql] SELECT `option_value` FROM `cmf_option` WHERE  `option_name` = 'storage' LIMIT 1 [ RunTime:0.000208s ]
[2026-04-20T23:03:00+08:00][sql] CONNECT:[ UseTime:0.000939s ] mysql:host=127.0.0.1;port=3306;dbname=weihua;charset=utf8mb4
[2026-04-20T23:03:00+08:00][sql] SHOW FULL COLUMNS FROM `cmf_option` [ RunTime:0.012938s ]
[2026-04-20T23:03:00+08:00][sql] SELECT `option_value` FROM `cmf_option` WHERE  `option_name` = 'cdn_settings' LIMIT 1 [ RunTime:0.000430s ]
[2026-04-20T23:03:00+08:00][sql] SELECT `option_value` FROM `cmf_option` WHERE  `option_name` = 'cdn_settings' LIMIT 1 [ RunTime:0.000215s ]
[2026-04-20T23:03:00+08:00][sql] SHOW FULL COLUMNS FROM `cmf_product_category` [ RunTime:0.001148s ]
[2026-04-20T23:03:00+08:00][sql] SELECT * FROM `cmf_product_category` WHERE  `parent_id` = 0 ORDER BY `list_order` ASC,`create_time` DESC [ RunTime:0.000310s ]
[2026-04-20T23:03:00+08:00][sql] SELECT * FROM `cmf_product_category` WHERE  `parent_id` IN (18,19,20,21,22,23,24,25,26,27) [ RunTime:0.000243s ]
[2026-04-20T23:03:00+08:00][sql] SHOW FULL COLUMNS FROM `cmf_portal_category` [ RunTime:0.000934s ]
[2026-04-20T23:03:00+08:00][sql] SELECT * FROM `cmf_portal_category` WHERE (  `type` = 8 ) AND `cmf_portal_category`.`delete_time` = '0' ORDER BY `list_order` ASC [ RunTime:0.000316s ]
[2026-04-20T23:03:00+08:00][sql] SHOW FULL COLUMNS FROM `cmf_product` [ RunTime:0.001141s ]
[2026-04-20T23:03:00+08:00][sql] SELECT * FROM `cmf_product` WHERE  `id` = 62 LIMIT 1 [ RunTime:0.000342s ]
[2026-04-20T23:03:00+08:00][sql] SELECT * FROM `cmf_product_category` WHERE  `id` = 18 LIMIT 1 [ RunTime:0.000207s ]
[2026-04-20T23:03:00+08:00][sql] SELECT `id`,`title`,`industry`,`thumbnail` FROM `cmf_product` WHERE  `id` <> 62  AND `is_recommended` = 1  AND `category_id` = 18 ORDER BY RAND() LIMIT 4 [ RunTime:0.000289s ]
[2026-04-20T23:03:00+08:00][sql] SHOW FULL COLUMNS FROM `cmf_slide_item` [ RunTime:0.000890s ]
[2026-04-20T23:03:00+08:00][sql] SELECT `title`,`description`,`image` FROM `cmf_slide_item` WHERE  `slide_id` = 2 ORDER BY `list_order` ASC LIMIT 1 [ RunTime:0.000268s ]
[2026-04-20T23:03:00+08:00][sql] SHOW FULL COLUMNS FROM `cmf_theme_file` [ RunTime:0.000860s ]
[2026-04-20T23:03:00+08:00][sql] SELECT `more`,`file`,`id` FROM `cmf_theme_file` WHERE  `theme` = 'simpleboot3'  AND (  `is_public` = 1 OR `file` = 'portal/product-info' ) ORDER BY `is_public` DESC [ RunTime:0.000846s ]
[2026-04-20T23:03:00+08:00][sql] SELECT `option_value` FROM `cmf_option` WHERE  `option_name` = 'storage' LIMIT 1 [ RunTime:0.000469s ]
[2026-04-20T23:03:46+08:00][sql] CONNECT:[ UseTime:0.002179s ] mysql:host=127.0.0.1;port=3306;dbname=weihua;charset=utf8mb4
[2026-04-20T23:03:46+08:00][sql] SHOW FULL COLUMNS FROM `cmf_option` [ RunTime:0.003896s ]
[2026-04-20T23:03:46+08:00][sql] SELECT `option_value` FROM `cmf_option` WHERE  `option_name` = 'cdn_settings' LIMIT 1 [ RunTime:0.000649s ]
[2026-04-20T23:03:46+08:00][sql] SELECT `option_value` FROM `cmf_option` WHERE  `option_name` = 'cdn_settings' LIMIT 1 [ RunTime:0.000334s ]
[2026-04-20T23:03:46+08:00][sql] SHOW FULL COLUMNS FROM `cmf_product_category` [ RunTime:0.002134s ]
[2026-04-20T23:03:46+08:00][sql] SELECT * FROM `cmf_product_category` WHERE  `parent_id` = 0 ORDER BY `list_order` ASC,`create_time` DESC [ RunTime:0.000625s ]
[2026-04-20T23:03:46+08:00][sql] SELECT * FROM `cmf_product_category` WHERE  `parent_id` IN (18,19,20,21,22,23,24,25,26,27) [ RunTime:0.000426s ]
[2026-04-20T23:03:46+08:00][sql] SHOW FULL COLUMNS FROM `cmf_portal_category` [ RunTime:0.001117s ]
[2026-04-20T23:03:46+08:00][sql] SELECT * FROM `cmf_portal_category` WHERE (  `type` = 8 ) AND `cmf_portal_category`.`delete_time` = '0' ORDER BY `list_order` ASC [ RunTime:0.000366s ]
[2026-04-20T23:03:46+08:00][sql] SHOW FULL COLUMNS FROM `cmf_product` [ RunTime:0.002180s ]
[2026-04-20T23:03:46+08:00][sql] SELECT * FROM `cmf_product` WHERE  `id` = 62 LIMIT 1 [ RunTime:0.000922s ]
[2026-04-20T23:03:46+08:00][sql] SELECT * FROM `cmf_product_category` WHERE  `id` = 18 LIMIT 1 [ RunTime:0.000324s ]
[2026-04-20T23:03:46+08:00][sql] SELECT `id`,`title`,`industry`,`thumbnail` FROM `cmf_product` WHERE  `id` <> 62  AND `is_recommended` = 1  AND `category_id` = 18 ORDER BY RAND() LIMIT 4 [ RunTime:0.000559s ]
[2026-04-20T23:03:46+08:00][sql] SHOW FULL COLUMNS FROM `cmf_slide_item` [ RunTime:0.001669s ]
[2026-04-20T23:03:46+08:00][sql] SELECT `title`,`description`,`image` FROM `cmf_slide_item` WHERE  `slide_id` = 2 ORDER BY `list_order` ASC LIMIT 1 [ RunTime:0.000508s ]
[2026-04-20T23:03:46+08:00][sql] SHOW FULL COLUMNS FROM `cmf_theme_file` [ RunTime:0.002103s ]
[2026-04-20T23:03:46+08:00][sql] SELECT `more`,`file`,`id` FROM `cmf_theme_file` WHERE  `theme` = 'simpleboot3'  AND (  `is_public` = 1 OR `file` = 'portal/product-info' ) ORDER BY `is_public` DESC [ RunTime:0.000552s ]
[2026-04-20T23:03:46+08:00][sql] SELECT `option_value` FROM `cmf_option` WHERE  `option_name` = 'storage' LIMIT 1 [ RunTime:0.000447s ]
[2026-04-20T23:04:03+08:00][sql] CONNECT:[ UseTime:0.000726s ] mysql:host=127.0.0.1;port=3306;dbname=weihua;charset=utf8mb4
[2026-04-20T23:04:03+08:00][sql] SHOW FULL COLUMNS FROM `cmf_option` [ RunTime:0.001486s ]
[2026-04-20T23:04:03+08:00][sql] SELECT `option_value` FROM `cmf_option` WHERE  `option_name` = 'cdn_settings' LIMIT 1 [ RunTime:0.000305s ]
[2026-04-20T23:04:03+08:00][sql] SELECT `option_value` FROM `cmf_option` WHERE  `option_name` = 'cdn_settings' LIMIT 1 [ RunTime:0.000205s ]
[2026-04-20T23:04:03+08:00][sql] SHOW FULL COLUMNS FROM `cmf_product_category` [ RunTime:0.001176s ]
[2026-04-20T23:04:03+08:00][sql] SELECT * FROM `cmf_product_category` WHERE  `parent_id` = 0 ORDER BY `list_order` ASC,`create_time` DESC [ RunTime:0.000360s ]
[2026-04-20T23:04:03+08:00][sql] SELECT * FROM `cmf_product_category` WHERE  `parent_id` IN (18,19,20,21,22,23,24,25,26,27) [ RunTime:0.000239s ]
[2026-04-20T23:04:03+08:00][sql] SHOW FULL COLUMNS FROM `cmf_portal_category` [ RunTime:0.001113s ]
[2026-04-20T23:04:03+08:00][sql] SELECT * FROM `cmf_portal_category` WHERE (  `type` = 8 ) AND `cmf_portal_category`.`delete_time` = '0' ORDER BY `list_order` ASC [ RunTime:0.000262s ]
[2026-04-20T23:04:03+08:00][sql] SHOW FULL COLUMNS FROM `cmf_product` [ RunTime:0.001095s ]
[2026-04-20T23:04:03+08:00][sql] SELECT * FROM `cmf_product` WHERE  `id` = 62 LIMIT 1 [ RunTime:0.000330s ]
[2026-04-20T23:04:03+08:00][sql] SELECT * FROM `cmf_product_category` WHERE  `id` = 18 LIMIT 1 [ RunTime:0.000197s ]
[2026-04-20T23:04:03+08:00][sql] SELECT `id`,`title`,`industry`,`thumbnail` FROM `cmf_product` WHERE  `id` <> 62  AND `is_recommended` = 1  AND `category_id` = 18 ORDER BY RAND() LIMIT 4 [ RunTime:0.000334s ]
[2026-04-20T23:04:03+08:00][sql] SHOW FULL COLUMNS FROM `cmf_slide_item` [ RunTime:0.000869s ]
[2026-04-20T23:04:03+08:00][sql] SELECT `title`,`description`,`image` FROM `cmf_slide_item` WHERE  `slide_id` = 2 ORDER BY `list_order` ASC LIMIT 1 [ RunTime:0.000491s ]
[2026-04-20T23:04:03+08:00][sql] SHOW FULL COLUMNS FROM `cmf_theme_file` [ RunTime:0.001459s ]
[2026-04-20T23:04:03+08:00][sql] SELECT `more`,`file`,`id` FROM `cmf_theme_file` WHERE  `theme` = 'simpleboot3'  AND (  `is_public` = 1 OR `file` = 'portal/product-info' ) ORDER BY `is_public` DESC [ RunTime:0.000269s ]
[2026-04-20T23:04:03+08:00][sql] SELECT `option_value` FROM `cmf_option` WHERE  `option_name` = 'storage' LIMIT 1 [ RunTime:0.000466s ]
[2026-04-20T23:04:44+08:00][sql] CONNECT:[ UseTime:0.001352s ] mysql:host=127.0.0.1;port=3306;dbname=weihua;charset=utf8mb4
[2026-04-20T23:04:44+08:00][sql] SHOW FULL COLUMNS FROM `cmf_option` [ RunTime:0.004304s ]
[2026-04-20T23:04:44+08:00][sql] SELECT `option_value` FROM `cmf_option` WHERE  `option_name` = 'cdn_settings' LIMIT 1 [ RunTime:0.000464s ]
[2026-04-20T23:04:44+08:00][sql] SELECT `option_value` FROM `cmf_option` WHERE  `option_name` = 'cdn_settings' LIMIT 1 [ RunTime:0.000268s ]
[2026-04-20T23:04:44+08:00][sql] SHOW FULL COLUMNS FROM `cmf_product_category` [ RunTime:0.001189s ]
[2026-04-20T23:04:44+08:00][sql] SELECT * FROM `cmf_product_category` WHERE  `parent_id` = 0 ORDER BY `list_order` ASC,`create_time` DESC [ RunTime:0.000384s ]
[2026-04-20T23:04:44+08:00][sql] SELECT * FROM `cmf_product_category` WHERE  `parent_id` IN (18,19,20,21,22,23,24,25,26,27) [ RunTime:0.000236s ]
[2026-04-20T23:04:44+08:00][sql] SHOW FULL COLUMNS FROM `cmf_portal_category` [ RunTime:0.000993s ]
[2026-04-20T23:04:44+08:00][sql] SELECT * FROM `cmf_portal_category` WHERE (  `type` = 8 ) AND `cmf_portal_category`.`delete_time` = '0' ORDER BY `list_order` ASC [ RunTime:0.000313s ]
[2026-04-20T23:04:44+08:00][sql] SHOW FULL COLUMNS FROM `cmf_product` [ RunTime:0.001235s ]
[2026-04-20T23:04:44+08:00][sql] SELECT * FROM `cmf_product` WHERE  `id` = 62 LIMIT 1 [ RunTime:0.000446s ]
[2026-04-20T23:04:44+08:00][sql] SELECT * FROM `cmf_product_category` WHERE  `id` = 18 LIMIT 1 [ RunTime:0.000231s ]
[2026-04-20T23:04:44+08:00][sql] SELECT `id`,`title`,`industry`,`thumbnail` FROM `cmf_product` WHERE  `id` <> 62  AND `is_recommended` = 1  AND `category_id` = 18 ORDER BY RAND() LIMIT 4 [ RunTime:0.000435s ]
[2026-04-20T23:04:44+08:00][sql] SHOW FULL COLUMNS FROM `cmf_slide_item` [ RunTime:0.001059s ]
[2026-04-20T23:04:44+08:00][sql] SELECT `title`,`description`,`image` FROM `cmf_slide_item` WHERE  `slide_id` = 2 ORDER BY `list_order` ASC LIMIT 1 [ RunTime:0.000288s ]
[2026-04-20T23:04:44+08:00][sql] SHOW FULL COLUMNS FROM `cmf_theme_file` [ RunTime:0.001051s ]
[2026-04-20T23:04:44+08:00][sql] SELECT `more`,`file`,`id` FROM `cmf_theme_file` WHERE  `theme` = 'simpleboot3'  AND (  `is_public` = 1 OR `file` = 'portal/product-info' ) ORDER BY `is_public` DESC [ RunTime:0.000413s ]
[2026-04-20T23:04:44+08:00][sql] SELECT `option_value` FROM `cmf_option` WHERE  `option_name` = 'storage' LIMIT 1 [ RunTime:0.000219s ]
[2026-04-20T23:05:28+08:00][sql] CONNECT:[ UseTime:0.000848s ] mysql:host=127.0.0.1;port=3306;dbname=weihua;charset=utf8mb4
[2026-04-20T23:05:28+08:00][sql] SHOW FULL COLUMNS FROM `cmf_option` [ RunTime:0.001726s ]
[2026-04-20T23:05:28+08:00][sql] SELECT `option_value` FROM `cmf_option` WHERE  `option_name` = 'cdn_settings' LIMIT 1 [ RunTime:0.000337s ]
[2026-04-20T23:05:28+08:00][sql] SELECT `option_value` FROM `cmf_option` WHERE  `option_name` = 'cdn_settings' LIMIT 1 [ RunTime:0.000221s ]
[2026-04-20T23:05:28+08:00][sql] SHOW FULL COLUMNS FROM `cmf_product_category` [ RunTime:0.001058s ]
[2026-04-20T23:05:28+08:00][sql] SELECT * FROM `cmf_product_category` WHERE  `parent_id` = 0 ORDER BY `list_order` ASC,`create_time` DESC [ RunTime:0.000316s ]
[2026-04-20T23:05:28+08:00][sql] SELECT * FROM `cmf_product_category` WHERE  `parent_id` IN (18,19,20,21,22,23,24,25,26,27) [ RunTime:0.000218s ]
[2026-04-20T23:05:28+08:00][sql] SHOW FULL COLUMNS FROM `cmf_portal_category` [ RunTime:0.000906s ]
[2026-04-20T23:05:28+08:00][sql] SELECT * FROM `cmf_portal_category` WHERE (  `type` = 8 ) AND `cmf_portal_category`.`delete_time` = '0' ORDER BY `list_order` ASC [ RunTime:0.000278s ]
[2026-04-20T23:05:28+08:00][sql] SHOW FULL COLUMNS FROM `cmf_product` [ RunTime:0.001185s ]
[2026-04-20T23:05:28+08:00][sql] SELECT * FROM `cmf_product` WHERE  `id` = 62 LIMIT 1 [ RunTime:0.000373s ]
[2026-04-20T23:05:28+08:00][sql] SELECT * FROM `cmf_product_category` WHERE  `id` = 18 LIMIT 1 [ RunTime:0.000215s ]
[2026-04-20T23:05:28+08:00][sql] SELECT `id`,`title`,`industry`,`thumbnail` FROM `cmf_product` WHERE  `id` <> 62  AND `is_recommended` = 1  AND `category_id` = 18 ORDER BY RAND() LIMIT 4 [ RunTime:0.000309s ]
[2026-04-20T23:05:28+08:00][sql] SHOW FULL COLUMNS FROM `cmf_slide_item` [ RunTime:0.000907s ]
[2026-04-20T23:05:28+08:00][sql] SELECT `title`,`description`,`image` FROM `cmf_slide_item` WHERE  `slide_id` = 2 ORDER BY `list_order` ASC LIMIT 1 [ RunTime:0.000250s ]
[2026-04-20T23:05:28+08:00][sql] SHOW FULL COLUMNS FROM `cmf_theme_file` [ RunTime:0.000831s ]
[2026-04-20T23:05:28+08:00][sql] SELECT `more`,`file`,`id` FROM `cmf_theme_file` WHERE  `theme` = 'simpleboot3'  AND (  `is_public` = 1 OR `file` = 'portal/product-info' ) ORDER BY `is_public` DESC [ RunTime:0.000281s ]
[2026-04-20T23:05:28+08:00][sql] SELECT `option_value` FROM `cmf_option` WHERE  `option_name` = 'storage' LIMIT 1 [ RunTime:0.000223s ]
[2026-04-20T23:06:30+08:00][sql] CONNECT:[ UseTime:0.001421s ] mysql:host=127.0.0.1;port=3306;dbname=weihua;charset=utf8mb4
[2026-04-20T23:06:30+08:00][sql] SHOW FULL COLUMNS FROM `cmf_option` [ RunTime:0.002787s ]
[2026-04-20T23:06:30+08:00][sql] SELECT `option_value` FROM `cmf_option` WHERE  `option_name` = 'cdn_settings' LIMIT 1 [ RunTime:0.000461s ]
[2026-04-20T23:06:30+08:00][sql] SELECT `option_value` FROM `cmf_option` WHERE  `option_name` = 'cdn_settings' LIMIT 1 [ RunTime:0.000236s ]
[2026-04-20T23:06:30+08:00][sql] SHOW FULL COLUMNS FROM `cmf_product_category` [ RunTime:0.001235s ]
[2026-04-20T23:06:30+08:00][sql] SELECT * FROM `cmf_product_category` WHERE  `parent_id` = 0 ORDER BY `list_order` ASC,`create_time` DESC [ RunTime:0.000498s ]
[2026-04-20T23:06:30+08:00][sql] SELECT * FROM `cmf_product_category` WHERE  `parent_id` IN (18,19,20,21,22,23,24,25,26,27) [ RunTime:0.000250s ]
[2026-04-20T23:06:30+08:00][sql] SHOW FULL COLUMNS FROM `cmf_portal_category` [ RunTime:0.001108s ]
[2026-04-20T23:06:30+08:00][sql] SELECT * FROM `cmf_portal_category` WHERE (  `type` = 8 ) AND `cmf_portal_category`.`delete_time` = '0' ORDER BY `list_order` ASC [ RunTime:0.000397s ]
[2026-04-20T23:06:30+08:00][sql] SHOW FULL COLUMNS FROM `cmf_product` [ RunTime:0.001419s ]
[2026-04-20T23:06:30+08:00][sql] SELECT * FROM `cmf_product` WHERE  `id` = 62 LIMIT 1 [ RunTime:0.000482s ]
[2026-04-20T23:06:30+08:00][sql] SELECT * FROM `cmf_product_category` WHERE  `id` = 18 LIMIT 1 [ RunTime:0.000208s ]
[2026-04-20T23:06:30+08:00][sql] SELECT `id`,`title`,`industry`,`thumbnail` FROM `cmf_product` WHERE  `id` <> 62  AND `is_recommended` = 1  AND `category_id` = 18 ORDER BY RAND() LIMIT 4 [ RunTime:0.000326s ]
[2026-04-20T23:06:30+08:00][sql] SHOW FULL COLUMNS FROM `cmf_slide_item` [ RunTime:0.001174s ]
[2026-04-20T23:06:30+08:00][sql] SELECT `title`,`description`,`image` FROM `cmf_slide_item` WHERE  `slide_id` = 2 ORDER BY `list_order` ASC LIMIT 1 [ RunTime:0.000276s ]
[2026-04-20T23:06:30+08:00][sql] SHOW FULL COLUMNS FROM `cmf_theme_file` [ RunTime:0.001011s ]
[2026-04-20T23:06:30+08:00][sql] SELECT `more`,`file`,`id` FROM `cmf_theme_file` WHERE  `theme` = 'simpleboot3'  AND (  `is_public` = 1 OR `file` = 'portal/product-info' ) ORDER BY `is_public` DESC [ RunTime:0.000422s ]
[2026-04-20T23:06:30+08:00][sql] SELECT `option_value` FROM `cmf_option` WHERE  `option_name` = 'storage' LIMIT 1 [ RunTime:0.000271s ]
[2026-04-20T23:06:42+08:00][sql] CONNECT:[ UseTime:0.000713s ] mysql:host=127.0.0.1;port=3306;dbname=weihua;charset=utf8mb4
[2026-04-20T23:06:42+08:00][sql] SHOW FULL COLUMNS FROM `cmf_option` [ RunTime:0.001500s ]
[2026-04-20T23:06:42+08:00][sql] SELECT `option_value` FROM `cmf_option` WHERE  `option_name` = 'cdn_settings' LIMIT 1 [ RunTime:0.000358s ]
[2026-04-20T23:06:42+08:00][sql] SELECT `option_value` FROM `cmf_option` WHERE  `option_name` = 'cdn_settings' LIMIT 1 [ RunTime:0.000664s ]
[2026-04-20T23:06:42+08:00][sql] SHOW FULL COLUMNS FROM `cmf_product_category` [ RunTime:0.005524s ]
[2026-04-20T23:06:42+08:00][sql] SELECT * FROM `cmf_product_category` WHERE  `parent_id` = 0 ORDER BY `list_order` ASC,`create_time` DESC [ RunTime:0.000743s ]
[2026-04-20T23:06:42+08:00][sql] SELECT * FROM `cmf_product_category` WHERE  `parent_id` IN (18,19,20,21,22,23,24,25,26,27) [ RunTime:0.000411s ]
[2026-04-20T23:06:42+08:00][sql] SHOW FULL COLUMNS FROM `cmf_portal_category` [ RunTime:0.001218s ]
[2026-04-20T23:06:42+08:00][sql] SELECT * FROM `cmf_portal_category` WHERE (  `type` = 8 ) AND `cmf_portal_category`.`delete_time` = '0' ORDER BY `list_order` ASC [ RunTime:0.000293s ]
[2026-04-20T23:06:42+08:00][sql] SHOW FULL COLUMNS FROM `cmf_product` [ RunTime:0.001177s ]
[2026-04-20T23:06:42+08:00][sql] SELECT * FROM `cmf_product` WHERE  `id` = 62 LIMIT 1 [ RunTime:0.000486s ]
[2026-04-20T23:06:42+08:00][sql] SELECT * FROM `cmf_product_category` WHERE  `id` = 18 LIMIT 1 [ RunTime:0.000258s ]
[2026-04-20T23:06:42+08:00][sql] SELECT `id`,`title`,`industry`,`thumbnail` FROM `cmf_product` WHERE  `id` <> 62  AND `is_recommended` = 1  AND `category_id` = 18 ORDER BY RAND() LIMIT 4 [ RunTime:0.000373s ]
[2026-04-20T23:06:42+08:00][sql] SHOW FULL COLUMNS FROM `cmf_slide_item` [ RunTime:0.001259s ]
[2026-04-20T23:06:42+08:00][sql] SELECT `title`,`description`,`image` FROM `cmf_slide_item` WHERE  `slide_id` = 2 ORDER BY `list_order` ASC LIMIT 1 [ RunTime:0.000359s ]
[2026-04-20T23:06:42+08:00][sql] SHOW FULL COLUMNS FROM `cmf_theme_file` [ RunTime:0.001034s ]
[2026-04-20T23:06:42+08:00][sql] SELECT `more`,`file`,`id` FROM `cmf_theme_file` WHERE  `theme` = 'simpleboot3'  AND (  `is_public` = 1 OR `file` = 'portal/product-info' ) ORDER BY `is_public` DESC [ RunTime:0.000315s ]
[2026-04-20T23:06:42+08:00][sql] SELECT `option_value` FROM `cmf_option` WHERE  `option_name` = 'storage' LIMIT 1 [ RunTime:0.000181s ]
[2026-04-20T23:07:04+08:00][sql] CONNECT:[ UseTime:0.000722s ] mysql:host=127.0.0.1;port=3306;dbname=weihua;charset=utf8mb4
[2026-04-20T23:07:04+08:00][sql] SHOW FULL COLUMNS FROM `cmf_option` [ RunTime:0.001464s ]
[2026-04-20T23:07:04+08:00][sql] SELECT `option_value` FROM `cmf_option` WHERE  `option_name` = 'cdn_settings' LIMIT 1 [ RunTime:0.000333s ]
[2026-04-20T23:07:04+08:00][sql] SELECT `option_value` FROM `cmf_option` WHERE  `option_name` = 'cdn_settings' LIMIT 1 [ RunTime:0.000217s ]
[2026-04-20T23:07:04+08:00][sql] SHOW FULL COLUMNS FROM `cmf_product_category` [ RunTime:0.001126s ]
[2026-04-20T23:07:04+08:00][sql] SELECT * FROM `cmf_product_category` WHERE  `parent_id` = 0 ORDER BY `list_order` ASC,`create_time` DESC [ RunTime:0.000296s ]
[2026-04-20T23:07:04+08:00][sql] SELECT * FROM `cmf_product_category` WHERE  `parent_id` IN (18,19,20,21,22,23,24,25,26,27) [ RunTime:0.000232s ]
[2026-04-20T23:07:04+08:00][sql] SHOW FULL COLUMNS FROM `cmf_portal_category` [ RunTime:0.001168s ]
[2026-04-20T23:07:04+08:00][sql] SELECT * FROM `cmf_portal_category` WHERE (  `type` = 8 ) AND `cmf_portal_category`.`delete_time` = '0' ORDER BY `list_order` ASC [ RunTime:0.000293s ]
[2026-04-20T23:07:04+08:00][sql] SHOW FULL COLUMNS FROM `cmf_product` [ RunTime:0.001127s ]
[2026-04-20T23:07:04+08:00][sql] SELECT * FROM `cmf_product` WHERE  `id` = 62 LIMIT 1 [ RunTime:0.000346s ]
[2026-04-20T23:07:04+08:00][sql] SELECT * FROM `cmf_product_category` WHERE  `id` = 18 LIMIT 1 [ RunTime:0.000275s ]
[2026-04-20T23:07:04+08:00][sql] SELECT `id`,`title`,`industry`,`thumbnail` FROM `cmf_product` WHERE  `id` <> 62  AND `is_recommended` = 1  AND `category_id` = 18 ORDER BY RAND() LIMIT 4 [ RunTime:0.000347s ]
[2026-04-20T23:07:04+08:00][sql] SHOW FULL COLUMNS FROM `cmf_slide_item` [ RunTime:0.001084s ]
[2026-04-20T23:07:04+08:00][sql] SELECT `title`,`description`,`image` FROM `cmf_slide_item` WHERE  `slide_id` = 2 ORDER BY `list_order` ASC LIMIT 1 [ RunTime:0.000327s ]
[2026-04-20T23:07:04+08:00][sql] SHOW FULL COLUMNS FROM `cmf_theme_file` [ RunTime:0.001065s ]
[2026-04-20T23:07:04+08:00][sql] SELECT `more`,`file`,`id` FROM `cmf_theme_file` WHERE  `theme` = 'simpleboot3'  AND (  `is_public` = 1 OR `file` = 'portal/product-info' ) ORDER BY `is_public` DESC [ RunTime:0.000291s ]
[2026-04-20T23:07:04+08:00][sql] SELECT `option_value` FROM `cmf_option` WHERE  `option_name` = 'storage' LIMIT 1 [ RunTime:0.000200s ]
[2026-04-20T23:07:20+08:00][sql] CONNECT:[ UseTime:0.012734s ] mysql:host=127.0.0.1;port=3306;dbname=weihua;charset=utf8mb4
[2026-04-20T23:07:20+08:00][sql] SHOW FULL COLUMNS FROM `cmf_option` [ RunTime:0.003053s ]
[2026-04-20T23:07:20+08:00][sql] SELECT `option_value` FROM `cmf_option` WHERE  `option_name` = 'cdn_settings' LIMIT 1 [ RunTime:0.000535s ]
[2026-04-20T23:07:20+08:00][sql] SELECT `option_value` FROM `cmf_option` WHERE  `option_name` = 'cdn_settings' LIMIT 1 [ RunTime:0.000246s ]
[2026-04-20T23:07:20+08:00][sql] SHOW FULL COLUMNS FROM `cmf_product_category` [ RunTime:0.001539s ]
[2026-04-20T23:07:20+08:00][sql] SELECT * FROM `cmf_product_category` WHERE  `parent_id` = 0 ORDER BY `list_order` ASC,`create_time` DESC [ RunTime:0.000405s ]
[2026-04-20T23:07:20+08:00][sql] SELECT * FROM `cmf_product_category` WHERE  `parent_id` IN (18,19,20,21,22,23,24,25,26,27) [ RunTime:0.000283s ]
[2026-04-20T23:07:20+08:00][sql] SHOW FULL COLUMNS FROM `cmf_portal_category` [ RunTime:0.001137s ]
[2026-04-20T23:07:20+08:00][sql] SELECT * FROM `cmf_portal_category` WHERE (  `type` = 8 ) AND `cmf_portal_category`.`delete_time` = '0' ORDER BY `list_order` ASC [ RunTime:0.000886s ]
[2026-04-20T23:07:20+08:00][sql] SHOW FULL COLUMNS FROM `cmf_product` [ RunTime:0.002101s ]
[2026-04-20T23:07:20+08:00][sql] SELECT * FROM `cmf_product` WHERE  `id` = 62 LIMIT 1 [ RunTime:0.000872s ]
[2026-04-20T23:07:20+08:00][sql] SELECT * FROM `cmf_product_category` WHERE  `id` = 18 LIMIT 1 [ RunTime:0.000499s ]
[2026-04-20T23:07:20+08:00][sql] SELECT `id`,`title`,`industry`,`thumbnail` FROM `cmf_product` WHERE  `id` <> 62  AND `is_recommended` = 1  AND `category_id` = 18 ORDER BY RAND() LIMIT 4 [ RunTime:0.000846s ]
[2026-04-20T23:07:20+08:00][sql] SHOW FULL COLUMNS FROM `cmf_slide_item` [ RunTime:0.002996s ]
[2026-04-20T23:07:20+08:00][sql] SELECT `title`,`description`,`image` FROM `cmf_slide_item` WHERE  `slide_id` = 2 ORDER BY `list_order` ASC LIMIT 1 [ RunTime:0.000733s ]
[2026-04-20T23:07:20+08:00][sql] SHOW FULL COLUMNS FROM `cmf_theme_file` [ RunTime:0.001721s ]
[2026-04-20T23:07:20+08:00][sql] SELECT `more`,`file`,`id` FROM `cmf_theme_file` WHERE  `theme` = 'simpleboot3'  AND (  `is_public` = 1 OR `file` = 'portal/product-info' ) ORDER BY `is_public` DESC [ RunTime:0.001316s ]
[2026-04-20T23:07:20+08:00][sql] SELECT `option_value` FROM `cmf_option` WHERE  `option_name` = 'storage' LIMIT 1 [ RunTime:0.000436s ]
[2026-04-20T23:07:35+08:00][sql] CONNECT:[ UseTime:0.001506s ] mysql:host=127.0.0.1;port=3306;dbname=weihua;charset=utf8mb4
[2026-04-20T23:07:35+08:00][sql] SHOW FULL COLUMNS FROM `cmf_option` [ RunTime:0.002605s ]
[2026-04-20T23:07:35+08:00][sql] SELECT `option_value` FROM `cmf_option` WHERE  `option_name` = 'cdn_settings' LIMIT 1 [ RunTime:0.000326s ]
[2026-04-20T23:07:35+08:00][sql] SELECT `option_value` FROM `cmf_option` WHERE  `option_name` = 'cdn_settings' LIMIT 1 [ RunTime:0.000507s ]
[2026-04-20T23:07:35+08:00][sql] SHOW FULL COLUMNS FROM `cmf_product_category` [ RunTime:0.002459s ]
[2026-04-20T23:07:35+08:00][sql] SELECT * FROM `cmf_product_category` WHERE  `parent_id` = 0 ORDER BY `list_order` ASC,`create_time` DESC [ RunTime:0.000718s ]
[2026-04-20T23:07:35+08:00][sql] SELECT * FROM `cmf_product_category` WHERE  `parent_id` IN (18,19,20,21,22,23,24,25,26,27) [ RunTime:0.000539s ]
[2026-04-20T23:07:35+08:00][sql] SHOW FULL COLUMNS FROM `cmf_portal_category` [ RunTime:0.002443s ]
[2026-04-20T23:07:35+08:00][sql] SELECT * FROM `cmf_portal_category` WHERE (  `type` = 8 ) AND `cmf_portal_category`.`delete_time` = '0' ORDER BY `list_order` ASC [ RunTime:0.000772s ]
[2026-04-20T23:07:35+08:00][sql] SHOW FULL COLUMNS FROM `cmf_product` [ RunTime:0.002180s ]
[2026-04-20T23:07:35+08:00][sql] SELECT * FROM `cmf_product` WHERE  `id` = 62 LIMIT 1 [ RunTime:0.000682s ]
[2026-04-20T23:07:35+08:00][sql] SELECT * FROM `cmf_product_category` WHERE  `id` = 18 LIMIT 1 [ RunTime:0.000250s ]
[2026-04-20T23:07:35+08:00][sql] SELECT `id`,`title`,`industry`,`thumbnail` FROM `cmf_product` WHERE  `id` <> 62  AND `is_recommended` = 1  AND `category_id` = 18 ORDER BY RAND() LIMIT 4 [ RunTime:0.000348s ]
[2026-04-20T23:07:35+08:00][sql] SHOW FULL COLUMNS FROM `cmf_slide_item` [ RunTime:0.001823s ]
[2026-04-20T23:07:35+08:00][sql] SELECT `title`,`description`,`image` FROM `cmf_slide_item` WHERE  `slide_id` = 2 ORDER BY `list_order` ASC LIMIT 1 [ RunTime:0.000686s ]
[2026-04-20T23:07:35+08:00][sql] SHOW FULL COLUMNS FROM `cmf_theme_file` [ RunTime:0.002276s ]
[2026-04-20T23:07:35+08:00][sql] SELECT `more`,`file`,`id` FROM `cmf_theme_file` WHERE  `theme` = 'simpleboot3'  AND (  `is_public` = 1 OR `file` = 'portal/product-info' ) ORDER BY `is_public` DESC [ RunTime:0.000646s ]
[2026-04-20T23:07:35+08:00][sql] SELECT `option_value` FROM `cmf_option` WHERE  `option_name` = 'storage' LIMIT 1 [ RunTime:0.000452s ]
[2026-04-20T23:20:13+08:00][sql] CONNECT:[ UseTime:0.005841s ] mysql:host=127.0.0.1;port=3306;dbname=weihua;charset=utf8mb4
[2026-04-20T23:20:13+08:00][sql] SHOW FULL COLUMNS FROM `cmf_option` [ RunTime:0.004361s ]
[2026-04-20T23:20:13+08:00][sql] SELECT `option_value` FROM `cmf_option` WHERE  `option_name` = 'cdn_settings' LIMIT 1 [ RunTime:0.000453s ]
[2026-04-20T23:20:13+08:00][sql] SELECT `option_value` FROM `cmf_option` WHERE  `option_name` = 'cdn_settings' LIMIT 1 [ RunTime:0.000323s ]
[2026-04-20T23:20:13+08:00][sql] SHOW FULL COLUMNS FROM `cmf_product_category` [ RunTime:0.001375s ]
[2026-04-20T23:20:13+08:00][sql] SELECT * FROM `cmf_product_category` WHERE  `parent_id` = 0 ORDER BY `list_order` ASC,`create_time` DESC [ RunTime:0.000644s ]
[2026-04-20T23:20:13+08:00][sql] SELECT * FROM `cmf_product_category` WHERE  `parent_id` IN (18,19,20,21,22,23,24,25,26,27) [ RunTime:0.000418s ]
[2026-04-20T23:20:13+08:00][sql] SHOW FULL COLUMNS FROM `cmf_portal_category` [ RunTime:0.002153s ]
[2026-04-20T23:20:13+08:00][sql] SELECT * FROM `cmf_portal_category` WHERE (  `type` = 8 ) AND `cmf_portal_category`.`delete_time` = '0' ORDER BY `list_order` ASC [ RunTime:0.000635s ]
[2026-04-20T23:20:13+08:00][sql] SHOW FULL COLUMNS FROM `cmf_product` [ RunTime:0.001680s ]
[2026-04-20T23:20:13+08:00][sql] SELECT * FROM `cmf_product` WHERE  `id` = 62 LIMIT 1 [ RunTime:0.000537s ]
[2026-04-20T23:20:13+08:00][sql] SELECT * FROM `cmf_product_category` WHERE  `id` = 18 LIMIT 1 [ RunTime:0.000196s ]
[2026-04-20T23:20:13+08:00][sql] SELECT `id`,`title`,`industry`,`thumbnail` FROM `cmf_product` WHERE  `id` <> 62  AND `is_recommended` = 1  AND `category_id` = 18 ORDER BY RAND() LIMIT 4 [ RunTime:0.000362s ]
[2026-04-20T23:20:13+08:00][sql] SHOW FULL COLUMNS FROM `cmf_slide_item` [ RunTime:0.001129s ]
[2026-04-20T23:20:13+08:00][sql] SELECT `title`,`description`,`image` FROM `cmf_slide_item` WHERE  `slide_id` = 2 ORDER BY `list_order` ASC LIMIT 1 [ RunTime:0.000323s ]
[2026-04-20T23:20:13+08:00][sql] SHOW FULL COLUMNS FROM `cmf_theme_file` [ RunTime:0.001293s ]
[2026-04-20T23:20:13+08:00][sql] SELECT `more`,`file`,`id` FROM `cmf_theme_file` WHERE  `theme` = 'simpleboot3'  AND (  `is_public` = 1 OR `file` = 'portal/product-info' ) ORDER BY `is_public` DESC [ RunTime:0.000507s ]
[2026-04-20T23:20:13+08:00][sql] SELECT `option_value` FROM `cmf_option` WHERE  `option_name` = 'storage' LIMIT 1 [ RunTime:0.000354s ]
[2026-04-20T23:20:14+08:00][sql] CONNECT:[ UseTime:0.001228s ] mysql:host=127.0.0.1;port=3306;dbname=weihua;charset=utf8mb4
[2026-04-20T23:20:14+08:00][sql] SHOW FULL COLUMNS FROM `cmf_option` [ RunTime:0.001901s ]
[2026-04-20T23:20:14+08:00][sql] SELECT `option_value` FROM `cmf_option` WHERE  `option_name` = 'cdn_settings' LIMIT 1 [ RunTime:0.000348s ]
[2026-04-20T23:20:14+08:00][sql] SELECT `option_value` FROM `cmf_option` WHERE  `option_name` = 'cdn_settings' LIMIT 1 [ RunTime:0.000300s ]
[2026-04-20T23:20:14+08:00][sql] SHOW FULL COLUMNS FROM `cmf_product_category` [ RunTime:0.001735s ]
[2026-04-20T23:20:14+08:00][sql] SELECT * FROM `cmf_product_category` WHERE  `parent_id` = 0 ORDER BY `list_order` ASC,`create_time` DESC [ RunTime:0.000591s ]
[2026-04-20T23:20:14+08:00][sql] SELECT * FROM `cmf_product_category` WHERE  `parent_id` IN (18,19,20,21,22,23,24,25,26,27) [ RunTime:0.000447s ]
[2026-04-20T23:20:14+08:00][sql] SHOW FULL COLUMNS FROM `cmf_portal_category` [ RunTime:0.001671s ]
[2026-04-20T23:20:14+08:00][sql] SELECT * FROM `cmf_portal_category` WHERE (  `type` = 8 ) AND `cmf_portal_category`.`delete_time` = '0' ORDER BY `list_order` ASC [ RunTime:0.001095s ]
[2026-04-20T23:20:14+08:00][sql] SHOW FULL COLUMNS FROM `cmf_product` [ RunTime:0.028295s ]
[2026-04-20T23:20:14+08:00][sql] SELECT * FROM `cmf_product` WHERE  `id` = 62 LIMIT 1 [ RunTime:0.003025s ]
[2026-04-20T23:20:14+08:00][sql] SELECT * FROM `cmf_product_category` WHERE  `id` = 18 LIMIT 1 [ RunTime:0.027659s ]
[2026-04-20T23:20:14+08:00][sql] SELECT `id`,`title`,`industry`,`thumbnail` FROM `cmf_product` WHERE  `id` <> 62  AND `is_recommended` = 1  AND `category_id` = 18 ORDER BY RAND() LIMIT 4 [ RunTime:0.001564s ]
[2026-04-20T23:20:14+08:00][sql] SHOW FULL COLUMNS FROM `cmf_slide_item` [ RunTime:0.007940s ]
[2026-04-20T23:20:14+08:00][sql] SELECT `title`,`description`,`image` FROM `cmf_slide_item` WHERE  `slide_id` = 2 ORDER BY `list_order` ASC LIMIT 1 [ RunTime:0.000612s ]
[2026-04-20T23:20:14+08:00][sql] SHOW FULL COLUMNS FROM `cmf_theme_file` [ RunTime:0.001850s ]
[2026-04-20T23:20:14+08:00][sql] SELECT `more`,`file`,`id` FROM `cmf_theme_file` WHERE  `theme` = 'simpleboot3'  AND (  `is_public` = 1 OR `file` = 'portal/product-info' ) ORDER BY `is_public` DESC [ RunTime:0.000887s ]
[2026-04-20T23:20:14+08:00][sql] SELECT `option_value` FROM `cmf_option` WHERE  `option_name` = 'storage' LIMIT 1 [ RunTime:0.000788s ]
[2026-04-20T23:20:15+08:00][sql] CONNECT:[ UseTime:0.001276s ] mysql:host=127.0.0.1;port=3306;dbname=weihua;charset=utf8mb4
[2026-04-20T23:20:15+08:00][sql] SHOW FULL COLUMNS FROM `cmf_option` [ RunTime:0.002896s ]
[2026-04-20T23:20:15+08:00][sql] SELECT `option_value` FROM `cmf_option` WHERE  `option_name` = 'cdn_settings' LIMIT 1 [ RunTime:0.000536s ]
[2026-04-20T23:20:15+08:00][sql] SELECT `option_value` FROM `cmf_option` WHERE  `option_name` = 'cdn_settings' LIMIT 1 [ RunTime:0.000231s ]
[2026-04-20T23:20:15+08:00][sql] SHOW FULL COLUMNS FROM `cmf_product_category` [ RunTime:0.001327s ]
[2026-04-20T23:20:15+08:00][sql] SELECT * FROM `cmf_product_category` WHERE  `parent_id` = 0 ORDER BY `list_order` ASC,`create_time` DESC [ RunTime:0.000456s ]
[2026-04-20T23:20:15+08:00][sql] SELECT * FROM `cmf_product_category` WHERE  `parent_id` IN (18,19,20,21,22,23,24,25,26,27) [ RunTime:0.000302s ]
[2026-04-20T23:20:15+08:00][sql] SHOW FULL COLUMNS FROM `cmf_portal_category` [ RunTime:0.001677s ]
[2026-04-20T23:20:15+08:00][sql] SELECT * FROM `cmf_portal_category` WHERE (  `type` = 8 ) AND `cmf_portal_category`.`delete_time` = '0' ORDER BY `list_order` ASC [ RunTime:0.000409s ]
[2026-04-20T23:20:15+08:00][sql] SHOW FULL COLUMNS FROM `cmf_product` [ RunTime:0.001541s ]
[2026-04-20T23:20:15+08:00][sql] SELECT * FROM `cmf_product` WHERE  `id` = 62 LIMIT 1 [ RunTime:0.000490s ]
[2026-04-20T23:20:15+08:00][sql] SELECT * FROM `cmf_product_category` WHERE  `id` = 18 LIMIT 1 [ RunTime:0.000222s ]
[2026-04-20T23:20:15+08:00][sql] SELECT `id`,`title`,`industry`,`thumbnail` FROM `cmf_product` WHERE  `id` <> 62  AND `is_recommended` = 1  AND `category_id` = 18 ORDER BY RAND() LIMIT 4 [ RunTime:0.000434s ]
[2026-04-20T23:20:15+08:00][sql] SHOW FULL COLUMNS FROM `cmf_slide_item` [ RunTime:0.001357s ]
[2026-04-20T23:20:15+08:00][sql] SELECT `title`,`description`,`image` FROM `cmf_slide_item` WHERE  `slide_id` = 2 ORDER BY `list_order` ASC LIMIT 1 [ RunTime:0.000428s ]
[2026-04-20T23:20:15+08:00][sql] SHOW FULL COLUMNS FROM `cmf_theme_file` [ RunTime:0.001136s ]
[2026-04-20T23:20:15+08:00][sql] SELECT `more`,`file`,`id` FROM `cmf_theme_file` WHERE  `theme` = 'simpleboot3'  AND (  `is_public` = 1 OR `file` = 'portal/product-info' ) ORDER BY `is_public` DESC [ RunTime:0.000455s ]
[2026-04-20T23:20:15+08:00][sql] SELECT `option_value` FROM `cmf_option` WHERE  `option_name` = 'storage' LIMIT 1 [ RunTime:0.000263s ]
[2026-04-20T23:20:28+08:00][sql] CONNECT:[ UseTime:0.000760s ] mysql:host=127.0.0.1;port=3306;dbname=weihua;charset=utf8mb4
[2026-04-20T23:20:28+08:00][sql] SHOW FULL COLUMNS FROM `cmf_option` [ RunTime:0.001585s ]
[2026-04-20T23:20:28+08:00][sql] SELECT `option_value` FROM `cmf_option` WHERE  `option_name` = 'cdn_settings' LIMIT 1 [ RunTime:0.000370s ]
[2026-04-20T23:20:28+08:00][sql] SELECT `option_value` FROM `cmf_option` WHERE  `option_name` = 'cdn_settings' LIMIT 1 [ RunTime:0.000244s ]
[2026-04-20T23:20:28+08:00][sql] SHOW FULL COLUMNS FROM `cmf_product_category` [ RunTime:0.001078s ]
[2026-04-20T23:20:28+08:00][sql] SELECT * FROM `cmf_product_category` WHERE  `parent_id` = 0 ORDER BY `list_order` ASC,`create_time` DESC [ RunTime:0.000298s ]
[2026-04-20T23:20:28+08:00][sql] SELECT * FROM `cmf_product_category` WHERE  `parent_id` IN (18,19,20,21,22,23,24,25,26,27) [ RunTime:0.000217s ]
[2026-04-20T23:20:28+08:00][sql] SHOW FULL COLUMNS FROM `cmf_portal_category` [ RunTime:0.000953s ]
[2026-04-20T23:20:28+08:00][sql] SELECT * FROM `cmf_portal_category` WHERE (  `type` = 8 ) AND `cmf_portal_category`.`delete_time` = '0' ORDER BY `list_order` ASC [ RunTime:0.000273s ]
[2026-04-20T23:20:28+08:00][sql] SHOW FULL COLUMNS FROM `cmf_product` [ RunTime:0.002743s ]
[2026-04-20T23:20:28+08:00][sql] SELECT * FROM `cmf_product` WHERE  `id` = 62 LIMIT 1 [ RunTime:0.000767s ]
[2026-04-20T23:20:28+08:00][sql] SELECT * FROM `cmf_product_category` WHERE  `id` = 18 LIMIT 1 [ RunTime:0.000442s ]
[2026-04-20T23:20:28+08:00][sql] SELECT `id`,`title`,`industry`,`thumbnail` FROM `cmf_product` WHERE  `id` <> 62  AND `is_recommended` = 1  AND `category_id` = 18 ORDER BY RAND() LIMIT 4 [ RunTime:0.000666s ]
[2026-04-20T23:20:28+08:00][sql] SHOW FULL COLUMNS FROM `cmf_slide_item` [ RunTime:0.001502s ]
[2026-04-20T23:20:28+08:00][sql] SELECT `title`,`description`,`image` FROM `cmf_slide_item` WHERE  `slide_id` = 2 ORDER BY `list_order` ASC LIMIT 1 [ RunTime:0.000266s ]
[2026-04-20T23:20:28+08:00][sql] SHOW FULL COLUMNS FROM `cmf_theme_file` [ RunTime:0.000780s ]
[2026-04-20T23:20:28+08:00][sql] SELECT `more`,`file`,`id` FROM `cmf_theme_file` WHERE  `theme` = 'simpleboot3'  AND (  `is_public` = 1 OR `file` = 'portal/product-info' ) ORDER BY `is_public` DESC [ RunTime:0.000277s ]
[2026-04-20T23:20:28+08:00][sql] SELECT `option_value` FROM `cmf_option` WHERE  `option_name` = 'storage' LIMIT 1 [ RunTime:0.000452s ]
[2026-04-20T23:20:59+08:00][sql] CONNECT:[ UseTime:0.001262s ] mysql:host=127.0.0.1;port=3306;dbname=weihua;charset=utf8mb4
[2026-04-20T23:20:59+08:00][sql] SHOW FULL COLUMNS FROM `cmf_option` [ RunTime:0.003244s ]
[2026-04-20T23:20:59+08:00][sql] SELECT `option_value` FROM `cmf_option` WHERE  `option_name` = 'cdn_settings' LIMIT 1 [ RunTime:0.000616s ]
[2026-04-20T23:20:59+08:00][sql] SELECT `option_value` FROM `cmf_option` WHERE  `option_name` = 'cdn_settings' LIMIT 1 [ RunTime:0.000384s ]
[2026-04-20T23:20:59+08:00][sql] SHOW FULL COLUMNS FROM `cmf_product_category` [ RunTime:0.002415s ]
[2026-04-20T23:20:59+08:00][sql] SELECT * FROM `cmf_product_category` WHERE  `parent_id` = 0 ORDER BY `list_order` ASC,`create_time` DESC [ RunTime:0.000756s ]
[2026-04-20T23:20:59+08:00][sql] SELECT * FROM `cmf_product_category` WHERE  `parent_id` IN (18,19,20,21,22,23,24,25,26,27) [ RunTime:0.000613s ]
[2026-04-20T23:20:59+08:00][sql] SHOW FULL COLUMNS FROM `cmf_portal_category` [ RunTime:0.002884s ]
[2026-04-20T23:20:59+08:00][sql] SELECT * FROM `cmf_portal_category` WHERE (  `type` = 8 ) AND `cmf_portal_category`.`delete_time` = '0' ORDER BY `list_order` ASC [ RunTime:0.000823s ]
[2026-04-20T23:20:59+08:00][sql] SHOW FULL COLUMNS FROM `cmf_product` [ RunTime:0.003044s ]
[2026-04-20T23:20:59+08:00][sql] SELECT * FROM `cmf_product` WHERE  `id` = 62 LIMIT 1 [ RunTime:0.000606s ]
[2026-04-20T23:20:59+08:00][sql] SELECT * FROM `cmf_product_category` WHERE  `id` = 18 LIMIT 1 [ RunTime:0.000229s ]
[2026-04-20T23:20:59+08:00][sql] SELECT `id`,`title`,`industry`,`thumbnail` FROM `cmf_product` WHERE  `id` <> 62  AND `is_recommended` = 1  AND `category_id` = 18 ORDER BY RAND() LIMIT 4 [ RunTime:0.000394s ]
[2026-04-20T23:20:59+08:00][sql] SHOW FULL COLUMNS FROM `cmf_slide_item` [ RunTime:0.001184s ]
[2026-04-20T23:20:59+08:00][sql] SELECT `title`,`description`,`image` FROM `cmf_slide_item` WHERE  `slide_id` = 2 ORDER BY `list_order` ASC LIMIT 1 [ RunTime:0.000278s ]
[2026-04-20T23:20:59+08:00][sql] SHOW FULL COLUMNS FROM `cmf_theme_file` [ RunTime:0.001025s ]
[2026-04-20T23:20:59+08:00][sql] SELECT `more`,`file`,`id` FROM `cmf_theme_file` WHERE  `theme` = 'simpleboot3'  AND (  `is_public` = 1 OR `file` = 'portal/product-info' ) ORDER BY `is_public` DESC [ RunTime:0.000390s ]
[2026-04-20T23:20:59+08:00][sql] SELECT `option_value` FROM `cmf_option` WHERE  `option_name` = 'storage' LIMIT 1 [ RunTime:0.000224s ]
[2026-04-20T23:21:27+08:00][sql] CONNECT:[ UseTime:0.000841s ] mysql:host=127.0.0.1;port=3306;dbname=weihua;charset=utf8mb4
[2026-04-20T23:21:27+08:00][sql] SHOW FULL COLUMNS FROM `cmf_option` [ RunTime:0.001517s ]
[2026-04-20T23:21:27+08:00][sql] SELECT `option_value` FROM `cmf_option` WHERE  `option_name` = 'cdn_settings' LIMIT 1 [ RunTime:0.000292s ]
[2026-04-20T23:21:27+08:00][sql] SELECT `option_value` FROM `cmf_option` WHERE  `option_name` = 'cdn_settings' LIMIT 1 [ RunTime:0.000233s ]
[2026-04-20T23:21:27+08:00][sql] SHOW FULL COLUMNS FROM `cmf_product_category` [ RunTime:0.000996s ]
[2026-04-20T23:21:27+08:00][sql] SELECT * FROM `cmf_product_category` WHERE  `parent_id` = 0 ORDER BY `list_order` ASC,`create_time` DESC [ RunTime:0.000337s ]
[2026-04-20T23:21:27+08:00][sql] SELECT * FROM `cmf_product_category` WHERE  `parent_id` IN (18,19,20,21,22,23,24,25,26,27) [ RunTime:0.000234s ]
[2026-04-20T23:21:27+08:00][sql] SHOW FULL COLUMNS FROM `cmf_portal_category` [ RunTime:0.001131s ]
[2026-04-20T23:21:27+08:00][sql] SELECT * FROM `cmf_portal_category` WHERE (  `type` = 8 ) AND `cmf_portal_category`.`delete_time` = '0' ORDER BY `list_order` ASC [ RunTime:0.005973s ]
[2026-04-20T23:21:27+08:00][sql] SHOW FULL COLUMNS FROM `cmf_product` [ RunTime:0.001294s ]
[2026-04-20T23:21:27+08:00][sql] SELECT * FROM `cmf_product` WHERE  `id` = 62 LIMIT 1 [ RunTime:0.000343s ]
[2026-04-20T23:21:27+08:00][sql] SELECT * FROM `cmf_product_category` WHERE  `id` = 18 LIMIT 1 [ RunTime:0.000199s ]
[2026-04-20T23:21:27+08:00][sql] SELECT `id`,`title`,`industry`,`thumbnail` FROM `cmf_product` WHERE  `id` <> 62  AND `is_recommended` = 1  AND `category_id` = 18 ORDER BY RAND() LIMIT 4 [ RunTime:0.000289s ]
[2026-04-20T23:21:27+08:00][sql] SHOW FULL COLUMNS FROM `cmf_slide_item` [ RunTime:0.000912s ]
[2026-04-20T23:21:27+08:00][sql] SELECT `title`,`description`,`image` FROM `cmf_slide_item` WHERE  `slide_id` = 2 ORDER BY `list_order` ASC LIMIT 1 [ RunTime:0.000237s ]
[2026-04-20T23:21:27+08:00][sql] SHOW FULL COLUMNS FROM `cmf_theme_file` [ RunTime:0.000844s ]
[2026-04-20T23:21:27+08:00][sql] SELECT `more`,`file`,`id` FROM `cmf_theme_file` WHERE  `theme` = 'simpleboot3'  AND (  `is_public` = 1 OR `file` = 'portal/product-info' ) ORDER BY `is_public` DESC [ RunTime:0.000266s ]
[2026-04-20T23:21:27+08:00][sql] SELECT `option_value` FROM `cmf_option` WHERE  `option_name` = 'storage' LIMIT 1 [ RunTime:0.000173s ]
[2026-04-20T23:21:28+08:00][sql] CONNECT:[ UseTime:0.001260s ] mysql:host=127.0.0.1;port=3306;dbname=weihua;charset=utf8mb4
[2026-04-20T23:21:28+08:00][sql] SHOW FULL COLUMNS FROM `cmf_option` [ RunTime:0.002834s ]
[2026-04-20T23:21:28+08:00][sql] SELECT `option_value` FROM `cmf_option` WHERE  `option_name` = 'cdn_settings' LIMIT 1 [ RunTime:0.000619s ]
[2026-04-20T23:21:28+08:00][sql] SELECT `option_value` FROM `cmf_option` WHERE  `option_name` = 'cdn_settings' LIMIT 1 [ RunTime:0.000358s ]
[2026-04-20T23:21:28+08:00][sql] SHOW FULL COLUMNS FROM `cmf_product_category` [ RunTime:0.001514s ]
[2026-04-20T23:21:28+08:00][sql] SELECT * FROM `cmf_product_category` WHERE  `parent_id` = 0 ORDER BY `list_order` ASC,`create_time` DESC [ RunTime:0.000600s ]
[2026-04-20T23:21:28+08:00][sql] SELECT * FROM `cmf_product_category` WHERE  `parent_id` IN (18,19,20,21,22,23,24,25,26,27) [ RunTime:0.000473s ]
[2026-04-20T23:21:28+08:00][sql] SHOW FULL COLUMNS FROM `cmf_portal_category` [ RunTime:0.001305s ]
[2026-04-20T23:21:28+08:00][sql] SELECT * FROM `cmf_portal_category` WHERE (  `type` = 8 ) AND `cmf_portal_category`.`delete_time` = '0' ORDER BY `list_order` ASC [ RunTime:0.000381s ]
[2026-04-20T23:21:28+08:00][sql] SHOW FULL COLUMNS FROM `cmf_slide_item` [ RunTime:0.001599s ]
[2026-04-20T23:21:28+08:00][sql] SELECT `title`,`image`,`content` FROM `cmf_slide_item` WHERE  `slide_id` = 1 ORDER BY `list_order` ASC [ RunTime:0.000691s ]
[2026-04-20T23:21:28+08:00][sql] SHOW FULL COLUMNS FROM `cmf_product` [ RunTime:0.001599s ]
[2026-04-20T23:21:28+08:00][sql] SELECT `id`,`title`,`thumbnail`,`industry` FROM `cmf_product` WHERE  `is_recommended` = 1  AND `category_id` = 18 ORDER BY `list_order` ASC LIMIT 6 [ RunTime:0.000447s ]
[2026-04-20T23:21:28+08:00][sql] SELECT `id`,`title`,`thumbnail`,`industry` FROM `cmf_product` WHERE  `is_recommended` = 1  AND `category_id` = 19 ORDER BY `list_order` ASC LIMIT 6 [ RunTime:0.000255s ]
[2026-04-20T23:21:28+08:00][sql] SELECT `id`,`title`,`thumbnail`,`industry` FROM `cmf_product` WHERE  `is_recommended` = 1  AND `category_id` = 20 ORDER BY `list_order` ASC LIMIT 6 [ RunTime:0.000238s ]
[2026-04-20T23:21:28+08:00][sql] SELECT `id`,`title`,`thumbnail`,`industry` FROM `cmf_product` WHERE  `is_recommended` = 1  AND `category_id` = 21 ORDER BY `list_order` ASC LIMIT 6 [ RunTime:0.000199s ]
[2026-04-20T23:21:28+08:00][sql] SELECT `id`,`title`,`thumbnail`,`industry` FROM `cmf_product` WHERE  `is_recommended` = 1  AND `category_id` = 22 ORDER BY `list_order` ASC LIMIT 6 [ RunTime:0.000226s ]
[2026-04-20T23:21:28+08:00][sql] SELECT `id`,`title`,`thumbnail`,`industry` FROM `cmf_product` WHERE  `is_recommended` = 1  AND `category_id` = 23 ORDER BY `list_order` ASC LIMIT 6 [ RunTime:0.000212s ]
[2026-04-20T23:21:28+08:00][sql] SELECT `id`,`title`,`thumbnail`,`industry` FROM `cmf_product` WHERE  `is_recommended` = 1  AND `category_id` = 24 ORDER BY `list_order` ASC LIMIT 6 [ RunTime:0.000166s ]
[2026-04-20T23:21:28+08:00][sql] SELECT `id`,`title`,`thumbnail`,`industry` FROM `cmf_product` WHERE  `is_recommended` = 1  AND `category_id` = 25 ORDER BY `list_order` ASC LIMIT 6 [ RunTime:0.000220s ]
[2026-04-20T23:21:28+08:00][sql] SELECT `id`,`title`,`thumbnail`,`industry` FROM `cmf_product` WHERE  `is_recommended` = 1  AND `category_id` = 26 ORDER BY `list_order` ASC LIMIT 6 [ RunTime:0.000173s ]
[2026-04-20T23:21:28+08:00][sql] SELECT `id`,`title`,`thumbnail`,`industry` FROM `cmf_product` WHERE  `is_recommended` = 1  AND `category_id` = 27 ORDER BY `list_order` ASC LIMIT 6 [ RunTime:0.000213s ]
[2026-04-20T23:21:28+08:00][sql] SHOW FULL COLUMNS FROM `cmf_portal_post` [ RunTime:0.001764s ]
[2026-04-20T23:21:28+08:00][sql] SELECT `p`.`id`,`p`.`post_title`,`p`.`post_excerpt`,`p`.`thumbnail`,`p`.`create_time`,`c`.`category_id` FROM `cmf_portal_post` `p` INNER JOIN `cmf_portal_category_post` `c` ON `p`.`id`=`c`.`post_id` WHERE (  `p`.`post_type` = '8' ) AND `p`.`delete_time` = '0' ORDER BY `c`.`list_order` ASC,`p`.`create_time` DESC LIMIT 4 [ RunTime:0.000792s ]
[2026-04-20T23:21:28+08:00][sql] SHOW FULL COLUMNS FROM `cmf_theme_file` [ RunTime:0.001104s ]
[2026-04-20T23:21:28+08:00][sql] SELECT `more`,`file`,`id` FROM `cmf_theme_file` WHERE  `theme` = 'simpleboot3'  AND (  `is_public` = 1 OR `file` = 'portal/index' ) ORDER BY `is_public` DESC [ RunTime:0.000466s ]
[2026-04-20T23:21:28+08:00][sql] SELECT `option_value` FROM `cmf_option` WHERE  `option_name` = 'storage' LIMIT 1 [ RunTime:0.000479s ]
[2026-04-20T23:22:41+08:00][sql] CONNECT:[ UseTime:0.002653s ] mysql:host=127.0.0.1;port=3306;dbname=weihua;charset=utf8mb4
[2026-04-20T23:22:41+08:00][sql] SHOW FULL COLUMNS FROM `cmf_option` [ RunTime:0.003516s ]
[2026-04-20T23:22:41+08:00][sql] SELECT `option_value` FROM `cmf_option` WHERE  `option_name` = 'cdn_settings' LIMIT 1 [ RunTime:0.000490s ]
[2026-04-20T23:22:41+08:00][sql] SELECT `option_value` FROM `cmf_option` WHERE  `option_name` = 'cdn_settings' LIMIT 1 [ RunTime:0.000329s ]
[2026-04-20T23:22:41+08:00][sql] SHOW FULL COLUMNS FROM `cmf_product_category` [ RunTime:0.001966s ]
[2026-04-20T23:22:41+08:00][sql] SELECT * FROM `cmf_product_category` WHERE  `parent_id` = 0 ORDER BY `list_order` ASC,`create_time` DESC [ RunTime:0.000790s ]
[2026-04-20T23:22:41+08:00][sql] SELECT * FROM `cmf_product_category` WHERE  `parent_id` IN (18,19,20,21,22,23,24,25,26,27) [ RunTime:0.000494s ]
[2026-04-20T23:22:41+08:00][sql] SHOW FULL COLUMNS FROM `cmf_portal_category` [ RunTime:0.001815s ]
[2026-04-20T23:22:41+08:00][sql] SELECT * FROM `cmf_portal_category` WHERE (  `type` = 8 ) AND `cmf_portal_category`.`delete_time` = '0' ORDER BY `list_order` ASC [ RunTime:0.000551s ]
[2026-04-20T23:22:41+08:00][sql] SHOW FULL COLUMNS FROM `cmf_slide_item` [ RunTime:0.001293s ]
[2026-04-20T23:22:41+08:00][sql] SELECT `title`,`image`,`content` FROM `cmf_slide_item` WHERE  `slide_id` = 1 ORDER BY `list_order` ASC [ RunTime:0.000537s ]
[2026-04-20T23:22:41+08:00][sql] SHOW FULL COLUMNS FROM `cmf_product` [ RunTime:0.001351s ]
[2026-04-20T23:22:41+08:00][sql] SELECT `id`,`title`,`thumbnail`,`industry` FROM `cmf_product` WHERE  `is_recommended` = 1  AND `category_id` = 18 ORDER BY `list_order` ASC LIMIT 6 [ RunTime:0.000539s ]
[2026-04-20T23:22:41+08:00][sql] SELECT `id`,`title`,`thumbnail`,`industry` FROM `cmf_product` WHERE  `is_recommended` = 1  AND `category_id` = 19 ORDER BY `list_order` ASC LIMIT 6 [ RunTime:0.000279s ]
[2026-04-20T23:22:41+08:00][sql] SELECT `id`,`title`,`thumbnail`,`industry` FROM `cmf_product` WHERE  `is_recommended` = 1  AND `category_id` = 20 ORDER BY `list_order` ASC LIMIT 6 [ RunTime:0.000211s ]
[2026-04-20T23:22:41+08:00][sql] SELECT `id`,`title`,`thumbnail`,`industry` FROM `cmf_product` WHERE  `is_recommended` = 1  AND `category_id` = 21 ORDER BY `list_order` ASC LIMIT 6 [ RunTime:0.000244s ]
[2026-04-20T23:22:41+08:00][sql] SELECT `id`,`title`,`thumbnail`,`industry` FROM `cmf_product` WHERE  `is_recommended` = 1  AND `category_id` = 22 ORDER BY `list_order` ASC LIMIT 6 [ RunTime:0.000275s ]
[2026-04-20T23:22:41+08:00][sql] SELECT `id`,`title`,`thumbnail`,`industry` FROM `cmf_product` WHERE  `is_recommended` = 1  AND `category_id` = 23 ORDER BY `list_order` ASC LIMIT 6 [ RunTime:0.000236s ]
[2026-04-20T23:22:41+08:00][sql] SELECT `id`,`title`,`thumbnail`,`industry` FROM `cmf_product` WHERE  `is_recommended` = 1  AND `category_id` = 24 ORDER BY `list_order` ASC LIMIT 6 [ RunTime:0.000220s ]
[2026-04-20T23:22:41+08:00][sql] SELECT `id`,`title`,`thumbnail`,`industry` FROM `cmf_product` WHERE  `is_recommended` = 1  AND `category_id` = 25 ORDER BY `list_order` ASC LIMIT 6 [ RunTime:0.000278s ]
[2026-04-20T23:22:41+08:00][sql] SELECT `id`,`title`,`thumbnail`,`industry` FROM `cmf_product` WHERE  `is_recommended` = 1  AND `category_id` = 26 ORDER BY `list_order` ASC LIMIT 6 [ RunTime:0.000238s ]
[2026-04-20T23:22:41+08:00][sql] SELECT `id`,`title`,`thumbnail`,`industry` FROM `cmf_product` WHERE  `is_recommended` = 1  AND `category_id` = 27 ORDER BY `list_order` ASC LIMIT 6 [ RunTime:0.000251s ]
[2026-04-20T23:22:41+08:00][sql] SHOW FULL COLUMNS FROM `cmf_portal_post` [ RunTime:0.001576s ]
[2026-04-20T23:22:41+08:00][sql] SELECT `p`.`id`,`p`.`post_title`,`p`.`post_excerpt`,`p`.`thumbnail`,`p`.`create_time`,`c`.`category_id` FROM `cmf_portal_post` `p` INNER JOIN `cmf_portal_category_post` `c` ON `p`.`id`=`c`.`post_id` WHERE (  `p`.`post_type` = '8' ) AND `p`.`delete_time` = '0' ORDER BY `c`.`list_order` ASC,`p`.`create_time` DESC LIMIT 4 [ RunTime:0.001212s ]
[2026-04-20T23:22:41+08:00][sql] SHOW FULL COLUMNS FROM `cmf_theme_file` [ RunTime:0.001939s ]
[2026-04-20T23:22:41+08:00][sql] SELECT `more`,`file`,`id` FROM `cmf_theme_file` WHERE  `theme` = 'simpleboot3'  AND (  `is_public` = 1 OR `file` = 'portal/index' ) ORDER BY `is_public` DESC [ RunTime:0.000525s ]
[2026-04-20T23:22:41+08:00][sql] SELECT `option_value` FROM `cmf_option` WHERE  `option_name` = 'storage' LIMIT 1 [ RunTime:0.000486s ]
[2026-04-20T23:22:43+08:00][sql] CONNECT:[ UseTime:0.001414s ] mysql:host=127.0.0.1;port=3306;dbname=weihua;charset=utf8mb4
[2026-04-20T23:22:43+08:00][sql] SHOW FULL COLUMNS FROM `cmf_option` [ RunTime:0.002750s ]
[2026-04-20T23:22:43+08:00][sql] SELECT `option_value` FROM `cmf_option` WHERE  `option_name` = 'cdn_settings' LIMIT 1 [ RunTime:0.000405s ]
[2026-04-20T23:22:43+08:00][sql] SELECT `option_value` FROM `cmf_option` WHERE  `option_name` = 'cdn_settings' LIMIT 1 [ RunTime:0.000274s ]
[2026-04-20T23:22:43+08:00][sql] SHOW FULL COLUMNS FROM `cmf_product_category` [ RunTime:0.001360s ]
[2026-04-20T23:22:43+08:00][sql] SELECT * FROM `cmf_product_category` WHERE  `parent_id` = 0 ORDER BY `list_order` ASC,`create_time` DESC [ RunTime:0.000486s ]
[2026-04-20T23:22:43+08:00][sql] SELECT * FROM `cmf_product_category` WHERE  `parent_id` IN (18,19,20,21,22,23,24,25,26,27) [ RunTime:0.000276s ]
[2026-04-20T23:22:43+08:00][sql] SHOW FULL COLUMNS FROM `cmf_portal_category` [ RunTime:0.001467s ]
[2026-04-20T23:22:43+08:00][sql] SELECT * FROM `cmf_portal_category` WHERE (  `type` = 8 ) AND `cmf_portal_category`.`delete_time` = '0' ORDER BY `list_order` ASC [ RunTime:0.000538s ]
[2026-04-20T23:22:43+08:00][sql] SHOW FULL COLUMNS FROM `cmf_slide_item` [ RunTime:0.001371s ]
[2026-04-20T23:22:43+08:00][sql] SELECT `title`,`description`,`image` FROM `cmf_slide_item` WHERE  `slide_id` = 4 ORDER BY `list_order` ASC LIMIT 1 [ RunTime:0.000391s ]
[2026-04-20T23:22:43+08:00][sql] SHOW FULL COLUMNS FROM `cmf_theme_file` [ RunTime:0.001001s ]
[2026-04-20T23:22:43+08:00][sql] SELECT `more`,`file`,`id` FROM `cmf_theme_file` WHERE  `theme` = 'simpleboot3'  AND (  `is_public` = 1 OR `file` = 'portal/about' ) ORDER BY `is_public` DESC [ RunTime:0.000390s ]
[2026-04-20T23:22:43+08:00][sql] SELECT `option_value` FROM `cmf_option` WHERE  `option_name` = 'storage' LIMIT 1 [ RunTime:0.000371s ]
[2026-04-20T23:22:55+08:00][sql] CONNECT:[ UseTime:0.001336s ] mysql:host=127.0.0.1;port=3306;dbname=weihua;charset=utf8mb4
[2026-04-20T23:22:55+08:00][sql] SHOW FULL COLUMNS FROM `cmf_option` [ RunTime:0.002441s ]
[2026-04-20T23:22:55+08:00][sql] SELECT `option_value` FROM `cmf_option` WHERE  `option_name` = 'cdn_settings' LIMIT 1 [ RunTime:0.000424s ]
[2026-04-20T23:22:55+08:00][sql] SELECT `option_value` FROM `cmf_option` WHERE  `option_name` = 'cdn_settings' LIMIT 1 [ RunTime:0.000281s ]
[2026-04-20T23:22:55+08:00][sql] SHOW FULL COLUMNS FROM `cmf_product_category` [ RunTime:0.001100s ]
[2026-04-20T23:22:55+08:00][sql] SELECT * FROM `cmf_product_category` WHERE  `parent_id` = 0 ORDER BY `list_order` ASC,`create_time` DESC [ RunTime:0.000329s ]
[2026-04-20T23:22:55+08:00][sql] SELECT * FROM `cmf_product_category` WHERE  `parent_id` IN (18,19,20,21,22,23,24,25,26,27) [ RunTime:0.000281s ]
[2026-04-20T23:22:55+08:00][sql] SHOW FULL COLUMNS FROM `cmf_portal_category` [ RunTime:0.001106s ]
[2026-04-20T23:22:55+08:00][sql] SELECT * FROM `cmf_portal_category` WHERE (  `type` = 8 ) AND `cmf_portal_category`.`delete_time` = '0' ORDER BY `list_order` ASC [ RunTime:0.000346s ]
[2026-04-20T23:22:55+08:00][sql] SHOW FULL COLUMNS FROM `cmf_product` [ RunTime:0.001491s ]
[2026-04-20T23:22:55+08:00][sql] SELECT COUNT(*) AS think_count FROM `cmf_product` LIMIT 1 [ RunTime:0.000355s ]
[2026-04-20T23:22:55+08:00][sql] SELECT `id`,`category_id`,`title`,`thumbnail`,`industry` FROM `cmf_product` ORDER BY `list_order` ASC,`create_time` DESC LIMIT 0,12 [ RunTime:0.000302s ]
[2026-04-20T23:22:55+08:00][sql] SHOW FULL COLUMNS FROM `cmf_slide_item` [ RunTime:0.001241s ]
[2026-04-20T23:22:55+08:00][sql] SELECT `title`,`description`,`image` FROM `cmf_slide_item` WHERE  `slide_id` = 2 ORDER BY `list_order` ASC LIMIT 1 [ RunTime:0.000417s ]
[2026-04-20T23:22:55+08:00][sql] SHOW FULL COLUMNS FROM `cmf_theme_file` [ RunTime:0.001072s ]
[2026-04-20T23:22:55+08:00][sql] SELECT `more`,`file`,`id` FROM `cmf_theme_file` WHERE  `theme` = 'simpleboot3'  AND (  `is_public` = 1 OR `file` = 'portal/product' ) ORDER BY `is_public` DESC [ RunTime:0.000380s ]
[2026-04-20T23:22:55+08:00][sql] SELECT `option_value` FROM `cmf_option` WHERE  `option_name` = 'storage' LIMIT 1 [ RunTime:0.000278s ]
[2026-04-20T23:23:20+08:00][sql] CONNECT:[ UseTime:0.000620s ] mysql:host=127.0.0.1;port=3306;dbname=weihua;charset=utf8mb4
[2026-04-20T23:23:20+08:00][sql] SHOW FULL COLUMNS FROM `cmf_option` [ RunTime:0.001338s ]
[2026-04-20T23:23:20+08:00][sql] SELECT `option_value` FROM `cmf_option` WHERE  `option_name` = 'cdn_settings' LIMIT 1 [ RunTime:0.000255s ]
[2026-04-20T23:23:20+08:00][sql] SELECT `option_value` FROM `cmf_option` WHERE  `option_name` = 'cdn_settings' LIMIT 1 [ RunTime:0.000199s ]
[2026-04-20T23:23:20+08:00][sql] SHOW FULL COLUMNS FROM `cmf_product_category` [ RunTime:0.000921s ]
[2026-04-20T23:23:20+08:00][sql] SELECT * FROM `cmf_product_category` WHERE  `parent_id` = 0 ORDER BY `list_order` ASC,`create_time` DESC [ RunTime:0.000305s ]
[2026-04-20T23:23:20+08:00][sql] SELECT * FROM `cmf_product_category` WHERE  `parent_id` IN (18,19,20,21,22,23,24,25,26,27) [ RunTime:0.000207s ]
[2026-04-20T23:23:20+08:00][sql] SHOW FULL COLUMNS FROM `cmf_portal_category` [ RunTime:0.000936s ]
[2026-04-20T23:23:20+08:00][sql] SELECT * FROM `cmf_portal_category` WHERE (  `type` = 8 ) AND `cmf_portal_category`.`delete_time` = '0' ORDER BY `list_order` ASC [ RunTime:0.000265s ]
[2026-04-20T23:23:20+08:00][sql] SHOW FULL COLUMNS FROM `cmf_product` [ RunTime:0.001082s ]
[2026-04-20T23:23:20+08:00][sql] SELECT COUNT(*) AS think_count FROM `cmf_product` LIMIT 1 [ RunTime:0.000217s ]
[2026-04-20T23:23:20+08:00][sql] SELECT `id`,`category_id`,`title`,`thumbnail`,`industry` FROM `cmf_product` ORDER BY `list_order` ASC,`create_time` DESC LIMIT 0,12 [ RunTime:0.000187s ]
[2026-04-20T23:23:20+08:00][sql] SHOW FULL COLUMNS FROM `cmf_slide_item` [ RunTime:0.000824s ]
[2026-04-20T23:23:20+08:00][sql] SELECT `title`,`description`,`image` FROM `cmf_slide_item` WHERE  `slide_id` = 2 ORDER BY `list_order` ASC LIMIT 1 [ RunTime:0.000265s ]
[2026-04-20T23:23:20+08:00][sql] SHOW FULL COLUMNS FROM `cmf_theme_file` [ RunTime:0.000843s ]
[2026-04-20T23:23:20+08:00][sql] SELECT `more`,`file`,`id` FROM `cmf_theme_file` WHERE  `theme` = 'simpleboot3'  AND (  `is_public` = 1 OR `file` = 'portal/product' ) ORDER BY `is_public` DESC [ RunTime:0.000258s ]
[2026-04-20T23:23:20+08:00][sql] SELECT `option_value` FROM `cmf_option` WHERE  `option_name` = 'storage' LIMIT 1 [ RunTime:0.000196s ]
[2026-04-20T23:23:23+08:00][sql] CONNECT:[ UseTime:0.001373s ] mysql:host=127.0.0.1;port=3306;dbname=weihua;charset=utf8mb4
[2026-04-20T23:23:23+08:00][sql] SHOW FULL COLUMNS FROM `cmf_option` [ RunTime:0.002442s ]
[2026-04-20T23:23:23+08:00][sql] SELECT `option_value` FROM `cmf_option` WHERE  `option_name` = 'cdn_settings' LIMIT 1 [ RunTime:0.000485s ]
[2026-04-20T23:23:23+08:00][sql] SELECT `option_value` FROM `cmf_option` WHERE  `option_name` = 'cdn_settings' LIMIT 1 [ RunTime:0.000362s ]
[2026-04-20T23:23:23+08:00][sql] SHOW FULL COLUMNS FROM `cmf_product_category` [ RunTime:0.001884s ]
[2026-04-20T23:23:23+08:00][sql] SELECT * FROM `cmf_product_category` WHERE  `parent_id` = 0 ORDER BY `list_order` ASC,`create_time` DESC [ RunTime:0.000881s ]
[2026-04-20T23:23:23+08:00][sql] SELECT * FROM `cmf_product_category` WHERE  `parent_id` IN (18,19,20,21,22,23,24,25,26,27) [ RunTime:0.000605s ]
[2026-04-20T23:23:23+08:00][sql] SHOW FULL COLUMNS FROM `cmf_portal_category` [ RunTime:0.002758s ]
[2026-04-20T23:23:23+08:00][sql] SELECT * FROM `cmf_portal_category` WHERE (  `type` = 8 ) AND `cmf_portal_category`.`delete_time` = '0' ORDER BY `list_order` ASC [ RunTime:0.000411s ]
[2026-04-20T23:23:23+08:00][sql] SHOW FULL COLUMNS FROM `cmf_slide_item` [ RunTime:0.002742s ]
[2026-04-20T23:23:23+08:00][sql] SELECT `title`,`description`,`image` FROM `cmf_slide_item` WHERE  `slide_id` = 3 ORDER BY `list_order` ASC LIMIT 1 [ RunTime:0.000735s ]
[2026-04-20T23:23:23+08:00][sql] SHOW FULL COLUMNS FROM `cmf_portal_post` [ RunTime:0.002819s ]
[2026-04-20T23:23:23+08:00][sql] SELECT COUNT(*) AS think_count FROM `cmf_portal_post` WHERE (  `post_type` = 3 ) AND `cmf_portal_post`.`delete_time` = '0' LIMIT 1 [ RunTime:0.000745s ]
[2026-04-20T23:23:23+08:00][sql] SELECT `id`,`more`,`post_title`,`post_excerpt` FROM `cmf_portal_post` WHERE (  `post_type` = 3 ) AND `cmf_portal_post`.`delete_time` = '0' ORDER BY `create_time` DESC LIMIT 0,9 [ RunTime:0.000603s ]
[2026-04-20T23:23:23+08:00][sql] SHOW FULL COLUMNS FROM `cmf_theme_file` [ RunTime:0.001106s ]
[2026-04-20T23:23:23+08:00][sql] SELECT `more`,`file`,`id` FROM `cmf_theme_file` WHERE  `theme` = 'simpleboot3'  AND (  `is_public` = 1 OR `file` = 'portal/industries' ) ORDER BY `is_public` DESC [ RunTime:0.000394s ]
[2026-04-20T23:23:23+08:00][sql] SELECT `option_value` FROM `cmf_option` WHERE  `option_name` = 'storage' LIMIT 1 [ RunTime:0.000430s ]
[2026-04-20T23:23:26+08:00][sql] CONNECT:[ UseTime:0.001269s ] mysql:host=127.0.0.1;port=3306;dbname=weihua;charset=utf8mb4
[2026-04-20T23:23:26+08:00][sql] SHOW FULL COLUMNS FROM `cmf_option` [ RunTime:0.002343s ]
[2026-04-20T23:23:26+08:00][sql] SELECT `option_value` FROM `cmf_option` WHERE  `option_name` = 'cdn_settings' LIMIT 1 [ RunTime:0.000486s ]
[2026-04-20T23:23:26+08:00][sql] SELECT `option_value` FROM `cmf_option` WHERE  `option_name` = 'cdn_settings' LIMIT 1 [ RunTime:0.000209s ]
[2026-04-20T23:23:26+08:00][sql] SHOW FULL COLUMNS FROM `cmf_product_category` [ RunTime:0.001271s ]
[2026-04-20T23:23:26+08:00][sql] SELECT * FROM `cmf_product_category` WHERE  `parent_id` = 0 ORDER BY `list_order` ASC,`create_time` DESC [ RunTime:0.000354s ]
[2026-04-20T23:23:26+08:00][sql] SELECT * FROM `cmf_product_category` WHERE  `parent_id` IN (18,19,20,21,22,23,24,25,26,27) [ RunTime:0.000302s ]
[2026-04-20T23:23:26+08:00][sql] SHOW FULL COLUMNS FROM `cmf_portal_category` [ RunTime:0.001634s ]
[2026-04-20T23:23:26+08:00][sql] SELECT * FROM `cmf_portal_category` WHERE (  `type` = 8 ) AND `cmf_portal_category`.`delete_time` = '0' ORDER BY `list_order` ASC [ RunTime:0.000339s ]
[2026-04-20T23:23:26+08:00][sql] SHOW FULL COLUMNS FROM `cmf_slide_item` [ RunTime:0.002262s ]
[2026-04-20T23:23:26+08:00][sql] SELECT `title`,`description`,`image` FROM `cmf_slide_item` WHERE  `slide_id` = 12 ORDER BY `list_order` ASC LIMIT 1 [ RunTime:0.000648s ]
[2026-04-20T23:23:26+08:00][sql] SELECT * FROM `cmf_portal_category` WHERE (  `id` = 0  AND `status` = 1 ) AND `cmf_portal_category`.`delete_time` = '0' LIMIT 1 [ RunTime:0.000670s ]
[2026-04-20T23:23:26+08:00][sql] SHOW FULL COLUMNS FROM `cmf_portal_post` [ RunTime:0.002707s ]
[2026-04-20T23:23:26+08:00][sql] SELECT COUNT(*) AS think_count FROM `cmf_portal_post` `p` LEFT JOIN `cmf_portal_category_post` `c` ON `p`.`id`=`c`.`post_id` WHERE (  `post_type` = 8 ) AND `p`.`delete_time` = '0' LIMIT 1 [ RunTime:0.000952s ]
[2026-04-20T23:23:26+08:00][sql] SELECT `p`.`id`,`p`.`post_title`,`p`.`thumbnail`,`p`.`more`,c.category_id as cid,`p`.`post_excerpt`,`p`.`create_time` FROM `cmf_portal_post` `p` LEFT JOIN `cmf_portal_category_post` `c` ON `p`.`id`=`c`.`post_id` WHERE (  `post_type` = 8 ) AND `p`.`delete_time` = '0' ORDER BY `c`.`list_order` ASC,`p`.`create_time` DESC LIMIT 0,6 [ RunTime:0.000888s ]
[2026-04-20T23:23:26+08:00][sql] SHOW FULL COLUMNS FROM `cmf_theme_file` [ RunTime:0.002170s ]
[2026-04-20T23:23:26+08:00][sql] SELECT `more`,`file`,`id` FROM `cmf_theme_file` WHERE  `theme` = 'simpleboot3'  AND (  `is_public` = 1 OR `file` = 'portal/news' ) ORDER BY `is_public` DESC [ RunTime:0.000624s ]
[2026-04-20T23:23:26+08:00][sql] SELECT `option_value` FROM `cmf_option` WHERE  `option_name` = 'storage' LIMIT 1 [ RunTime:0.000536s ]
[2026-04-20T23:23:40+08:00][sql] CONNECT:[ UseTime:0.001400s ] mysql:host=127.0.0.1;port=3306;dbname=weihua;charset=utf8mb4
[2026-04-20T23:23:40+08:00][sql] SHOW FULL COLUMNS FROM `cmf_option` [ RunTime:0.002698s ]
[2026-04-20T23:23:40+08:00][sql] SELECT `option_value` FROM `cmf_option` WHERE  `option_name` = 'cdn_settings' LIMIT 1 [ RunTime:0.000453s ]
[2026-04-20T23:23:40+08:00][sql] SELECT `option_value` FROM `cmf_option` WHERE  `option_name` = 'cdn_settings' LIMIT 1 [ RunTime:0.000337s ]
[2026-04-20T23:23:40+08:00][sql] SHOW FULL COLUMNS FROM `cmf_product_category` [ RunTime:0.001556s ]
[2026-04-20T23:23:40+08:00][sql] SELECT * FROM `cmf_product_category` WHERE  `parent_id` = 0 ORDER BY `list_order` ASC,`create_time` DESC [ RunTime:0.000444s ]
[2026-04-20T23:23:40+08:00][sql] SELECT * FROM `cmf_product_category` WHERE  `parent_id` IN (18,19,20,21,22,23,24,25,26,27) [ RunTime:0.000348s ]
[2026-04-20T23:23:40+08:00][sql] SHOW FULL COLUMNS FROM `cmf_portal_category` [ RunTime:0.001247s ]
[2026-04-20T23:23:40+08:00][sql] SELECT * FROM `cmf_portal_category` WHERE (  `type` = 8 ) AND `cmf_portal_category`.`delete_time` = '0' ORDER BY `list_order` ASC [ RunTime:0.000330s ]
[2026-04-20T23:23:40+08:00][sql] SHOW FULL COLUMNS FROM `cmf_slide_item` [ RunTime:0.001222s ]
[2026-04-20T23:23:40+08:00][sql] SELECT `title`,`description`,`image` FROM `cmf_slide_item` WHERE  `slide_id` = 3 ORDER BY `list_order` ASC LIMIT 1 [ RunTime:0.000325s ]
[2026-04-20T23:23:40+08:00][sql] SHOW FULL COLUMNS FROM `cmf_portal_post` [ RunTime:0.001261s ]
[2026-04-20T23:23:40+08:00][sql] SELECT COUNT(*) AS think_count FROM `cmf_portal_post` WHERE (  `post_type` = 3 ) AND `cmf_portal_post`.`delete_time` = '0' LIMIT 1 [ RunTime:0.000528s ]
[2026-04-20T23:23:40+08:00][sql] SELECT `id`,`more`,`post_title`,`post_excerpt` FROM `cmf_portal_post` WHERE (  `post_type` = 3 ) AND `cmf_portal_post`.`delete_time` = '0' ORDER BY `create_time` DESC LIMIT 0,9 [ RunTime:0.000370s ]
[2026-04-20T23:23:40+08:00][sql] SHOW FULL COLUMNS FROM `cmf_theme_file` [ RunTime:0.001666s ]
[2026-04-20T23:23:40+08:00][sql] SELECT `more`,`file`,`id` FROM `cmf_theme_file` WHERE  `theme` = 'simpleboot3'  AND (  `is_public` = 1 OR `file` = 'portal/industries' ) ORDER BY `is_public` DESC [ RunTime:0.000565s ]
[2026-04-20T23:23:40+08:00][sql] SELECT `option_value` FROM `cmf_option` WHERE  `option_name` = 'storage' LIMIT 1 [ RunTime:0.000261s ]
[2026-04-20T23:23:41+08:00][sql] CONNECT:[ UseTime:0.001334s ] mysql:host=127.0.0.1;port=3306;dbname=weihua;charset=utf8mb4
[2026-04-20T23:23:41+08:00][sql] SHOW FULL COLUMNS FROM `cmf_option` [ RunTime:0.002322s ]
[2026-04-20T23:23:41+08:00][sql] SELECT `option_value` FROM `cmf_option` WHERE  `option_name` = 'cdn_settings' LIMIT 1 [ RunTime:0.000411s ]
[2026-04-20T23:23:41+08:00][sql] SELECT `option_value` FROM `cmf_option` WHERE  `option_name` = 'cdn_settings' LIMIT 1 [ RunTime:0.000209s ]
[2026-04-20T23:23:41+08:00][sql] SHOW FULL COLUMNS FROM `cmf_product_category` [ RunTime:0.001150s ]
[2026-04-20T23:23:41+08:00][sql] SELECT * FROM `cmf_product_category` WHERE  `parent_id` = 0 ORDER BY `list_order` ASC,`create_time` DESC [ RunTime:0.000382s ]
[2026-04-20T23:23:41+08:00][sql] SELECT * FROM `cmf_product_category` WHERE  `parent_id` IN (18,19,20,21,22,23,24,25,26,27) [ RunTime:0.000492s ]
[2026-04-20T23:23:41+08:00][sql] SHOW FULL COLUMNS FROM `cmf_portal_category` [ RunTime:0.002664s ]
[2026-04-20T23:23:41+08:00][sql] SELECT * FROM `cmf_portal_category` WHERE (  `type` = 8 ) AND `cmf_portal_category`.`delete_time` = '0' ORDER BY `list_order` ASC [ RunTime:0.000763s ]
[2026-04-20T23:23:41+08:00][sql] SHOW FULL COLUMNS FROM `cmf_slide_item` [ RunTime:0.002658s ]
[2026-04-20T23:23:41+08:00][sql] SELECT `title`,`description`,`image` FROM `cmf_slide_item` WHERE  `slide_id` = 3 ORDER BY `list_order` ASC LIMIT 1 [ RunTime:0.000700s ]
[2026-04-20T23:23:41+08:00][sql] SHOW FULL COLUMNS FROM `cmf_portal_post` [ RunTime:0.002888s ]
[2026-04-20T23:23:41+08:00][sql] SELECT COUNT(*) AS think_count FROM `cmf_portal_post` WHERE (  `post_type` = 3 ) AND `cmf_portal_post`.`delete_time` = '0' LIMIT 1 [ RunTime:0.000742s ]
[2026-04-20T23:23:41+08:00][sql] SELECT `id`,`more`,`post_title`,`post_excerpt` FROM `cmf_portal_post` WHERE (  `post_type` = 3 ) AND `cmf_portal_post`.`delete_time` = '0' ORDER BY `create_time` DESC LIMIT 0,9 [ RunTime:0.000632s ]
[2026-04-20T23:23:41+08:00][sql] SHOW FULL COLUMNS FROM `cmf_theme_file` [ RunTime:0.001064s ]
[2026-04-20T23:23:41+08:00][sql] SELECT `more`,`file`,`id` FROM `cmf_theme_file` WHERE  `theme` = 'simpleboot3'  AND (  `is_public` = 1 OR `file` = 'portal/industries' ) ORDER BY `is_public` DESC [ RunTime:0.000319s ]
[2026-04-20T23:23:41+08:00][sql] SELECT `option_value` FROM `cmf_option` WHERE  `option_name` = 'storage' LIMIT 1 [ RunTime:0.000239s ]
[2026-04-20T23:23:44+08:00][sql] CONNECT:[ UseTime:0.001497s ] mysql:host=127.0.0.1;port=3306;dbname=weihua;charset=utf8mb4
[2026-04-20T23:23:44+08:00][sql] SHOW FULL COLUMNS FROM `cmf_option` [ RunTime:0.003306s ]
[2026-04-20T23:23:44+08:00][sql] SELECT `option_value` FROM `cmf_option` WHERE  `option_name` = 'cdn_settings' LIMIT 1 [ RunTime:0.000730s ]
[2026-04-20T23:23:44+08:00][sql] SELECT `option_value` FROM `cmf_option` WHERE  `option_name` = 'cdn_settings' LIMIT 1 [ RunTime:0.000234s ]
[2026-04-20T23:23:44+08:00][sql] SHOW FULL COLUMNS FROM `cmf_product_category` [ RunTime:0.001091s ]
[2026-04-20T23:23:44+08:00][sql] SELECT * FROM `cmf_product_category` WHERE  `parent_id` = 0 ORDER BY `list_order` ASC,`create_time` DESC [ RunTime:0.000843s ]
[2026-04-20T23:23:44+08:00][sql] SELECT * FROM `cmf_product_category` WHERE  `parent_id` IN (18,19,20,21,22,23,24,25,26,27) [ RunTime:0.000641s ]
[2026-04-20T23:23:44+08:00][sql] SHOW FULL COLUMNS FROM `cmf_portal_category` [ RunTime:0.002616s ]
[2026-04-20T23:23:44+08:00][sql] SELECT * FROM `cmf_portal_category` WHERE (  `type` = 8 ) AND `cmf_portal_category`.`delete_time` = '0' ORDER BY `list_order` ASC [ RunTime:0.000558s ]
[2026-04-20T23:23:44+08:00][sql] SELECT * FROM `cmf_portal_category` WHERE (  `id` = 0  AND `status` = 1 ) AND `cmf_portal_category`.`delete_time` = '0' LIMIT 1 [ RunTime:0.000571s ]
[2026-04-20T23:23:44+08:00][sql] SHOW FULL COLUMNS FROM `cmf_slide_item` [ RunTime:0.001074s ]
[2026-04-20T23:23:44+08:00][sql] SELECT `title`,`description`,`image` FROM `cmf_slide_item` WHERE  `slide_id` = 3 ORDER BY `list_order` ASC LIMIT 1 [ RunTime:0.000340s ]
[2026-04-20T23:23:44+08:00][sql] SHOW FULL COLUMNS FROM `cmf_portal_post` [ RunTime:0.001138s ]
[2026-04-20T23:23:44+08:00][sql] UPDATE `cmf_portal_post`  SET `post_hits` = `post_hits` + 1  WHERE (  `id` = 3 ) AND `cmf_portal_post`.`delete_time` = '0' [ RunTime:0.008419s ]
[2026-04-20T23:23:44+08:00][sql] SELECT * FROM `cmf_portal_post` WHERE (  `post_type` = 3  AND `delete_time` = 0  AND `id` = 3 ) AND `cmf_portal_post`.`delete_time` = '0' LIMIT 1 [ RunTime:0.000720s ]
[2026-04-20T23:23:44+08:00][sql] SELECT * FROM `cmf_portal_post` WHERE (  `post_type` = 3  AND `delete_time` = 0  AND `id` < 3 ) AND `cmf_portal_post`.`delete_time` = '0' ORDER BY `id` DESC LIMIT 1 [ RunTime:0.000867s ]
[2026-04-20T23:23:44+08:00][sql] SELECT * FROM `cmf_portal_post` WHERE (  `post_type` = 3  AND `delete_time` = 0  AND `id` > 3 ) AND `cmf_portal_post`.`delete_time` = '0' ORDER BY `id` ASC LIMIT 1 [ RunTime:0.000456s ]
[2026-04-20T23:23:44+08:00][sql] SHOW FULL COLUMNS FROM `cmf_theme_file` [ RunTime:0.002486s ]
[2026-04-20T23:23:44+08:00][sql] SELECT `more`,`file`,`id` FROM `cmf_theme_file` WHERE  `theme` = 'simpleboot3'  AND (  `is_public` = 1 OR `file` = 'portal/industries-info' ) ORDER BY `is_public` DESC [ RunTime:0.000374s ]
[2026-04-20T23:23:44+08:00][sql] SELECT `option_value` FROM `cmf_option` WHERE  `option_name` = 'storage' LIMIT 1 [ RunTime:0.000471s ]
[2026-04-20T23:23:46+08:00][sql] CONNECT:[ UseTime:0.001013s ] mysql:host=127.0.0.1;port=3306;dbname=weihua;charset=utf8mb4
[2026-04-20T23:23:46+08:00][sql] SHOW FULL COLUMNS FROM `cmf_option` [ RunTime:0.002321s ]
[2026-04-20T23:23:46+08:00][sql] SELECT `option_value` FROM `cmf_option` WHERE  `option_name` = 'cdn_settings' LIMIT 1 [ RunTime:0.000518s ]
[2026-04-20T23:23:46+08:00][sql] SELECT `option_value` FROM `cmf_option` WHERE  `option_name` = 'cdn_settings' LIMIT 1 [ RunTime:0.000332s ]
[2026-04-20T23:23:46+08:00][sql] SHOW FULL COLUMNS FROM `cmf_product_category` [ RunTime:0.001707s ]
[2026-04-20T23:23:46+08:00][sql] SELECT * FROM `cmf_product_category` WHERE  `parent_id` = 0 ORDER BY `list_order` ASC,`create_time` DESC [ RunTime:0.000448s ]
[2026-04-20T23:23:46+08:00][sql] SELECT * FROM `cmf_product_category` WHERE  `parent_id` IN (18,19,20,21,22,23,24,25,26,27) [ RunTime:0.000318s ]
[2026-04-20T23:23:46+08:00][sql] SHOW FULL COLUMNS FROM `cmf_portal_category` [ RunTime:0.001442s ]
[2026-04-20T23:23:46+08:00][sql] SELECT * FROM `cmf_portal_category` WHERE (  `type` = 8 ) AND `cmf_portal_category`.`delete_time` = '0' ORDER BY `list_order` ASC [ RunTime:0.000349s ]
[2026-04-20T23:23:46+08:00][sql] SHOW FULL COLUMNS FROM `cmf_slide_item` [ RunTime:0.001205s ]
[2026-04-20T23:23:46+08:00][sql] SELECT `title`,`description`,`image` FROM `cmf_slide_item` WHERE  `slide_id` = 12 ORDER BY `list_order` ASC LIMIT 1 [ RunTime:0.000542s ]
[2026-04-20T23:23:46+08:00][sql] SELECT * FROM `cmf_portal_category` WHERE (  `id` = 0  AND `status` = 1 ) AND `cmf_portal_category`.`delete_time` = '0' LIMIT 1 [ RunTime:0.000486s ]
[2026-04-20T23:23:46+08:00][sql] SHOW FULL COLUMNS FROM `cmf_portal_post` [ RunTime:0.001157s ]
[2026-04-20T23:23:46+08:00][sql] SELECT COUNT(*) AS think_count FROM `cmf_portal_post` `p` LEFT JOIN `cmf_portal_category_post` `c` ON `p`.`id`=`c`.`post_id` WHERE (  `post_type` = 8 ) AND `p`.`delete_time` = '0' LIMIT 1 [ RunTime:0.000673s ]
[2026-04-20T23:23:46+08:00][sql] SELECT `p`.`id`,`p`.`post_title`,`p`.`thumbnail`,`p`.`more`,c.category_id as cid,`p`.`post_excerpt`,`p`.`create_time` FROM `cmf_portal_post` `p` LEFT JOIN `cmf_portal_category_post` `c` ON `p`.`id`=`c`.`post_id` WHERE (  `post_type` = 8 ) AND `p`.`delete_time` = '0' ORDER BY `c`.`list_order` ASC,`p`.`create_time` DESC LIMIT 0,6 [ RunTime:0.000453s ]
[2026-04-20T23:23:46+08:00][sql] SHOW FULL COLUMNS FROM `cmf_theme_file` [ RunTime:0.002332s ]
[2026-04-20T23:23:46+08:00][sql] SELECT `more`,`file`,`id` FROM `cmf_theme_file` WHERE  `theme` = 'simpleboot3'  AND (  `is_public` = 1 OR `file` = 'portal/news' ) ORDER BY `is_public` DESC [ RunTime:0.000674s ]
[2026-04-20T23:23:46+08:00][sql] SELECT `option_value` FROM `cmf_option` WHERE  `option_name` = 'storage' LIMIT 1 [ RunTime:0.000214s ]
[2026-04-20T23:23:48+08:00][sql] CONNECT:[ UseTime:0.000997s ] mysql:host=127.0.0.1;port=3306;dbname=weihua;charset=utf8mb4
[2026-04-20T23:23:48+08:00][sql] SHOW FULL COLUMNS FROM `cmf_option` [ RunTime:0.001552s ]
[2026-04-20T23:23:48+08:00][sql] SELECT `option_value` FROM `cmf_option` WHERE  `option_name` = 'cdn_settings' LIMIT 1 [ RunTime:0.000525s ]
[2026-04-20T23:23:48+08:00][sql] SELECT `option_value` FROM `cmf_option` WHERE  `option_name` = 'cdn_settings' LIMIT 1 [ RunTime:0.000185s ]
[2026-04-20T23:23:48+08:00][sql] SHOW FULL COLUMNS FROM `cmf_product_category` [ RunTime:0.001049s ]
[2026-04-20T23:23:48+08:00][sql] SELECT * FROM `cmf_product_category` WHERE  `parent_id` = 0 ORDER BY `list_order` ASC,`create_time` DESC [ RunTime:0.000518s ]
[2026-04-20T23:23:48+08:00][sql] SELECT * FROM `cmf_product_category` WHERE  `parent_id` IN (18,19,20,21,22,23,24,25,26,27) [ RunTime:0.000223s ]
[2026-04-20T23:23:48+08:00][sql] SHOW FULL COLUMNS FROM `cmf_portal_category` [ RunTime:0.000992s ]
[2026-04-20T23:23:48+08:00][sql] SELECT * FROM `cmf_portal_category` WHERE (  `type` = 8 ) AND `cmf_portal_category`.`delete_time` = '0' ORDER BY `list_order` ASC [ RunTime:0.000311s ]
[2026-04-20T23:23:48+08:00][sql] SELECT * FROM `cmf_portal_category` WHERE (  `id` = 1  AND `status` = 1 ) AND `cmf_portal_category`.`delete_time` = '0' LIMIT 1 [ RunTime:0.000276s ]
[2026-04-20T23:23:48+08:00][sql] SHOW FULL COLUMNS FROM `cmf_portal_post` [ RunTime:0.001164s ]
[2026-04-20T23:23:48+08:00][sql] SELECT `post`.* FROM `cmf_portal_post` `post` INNER JOIN `cmf_portal_category_post` `relation` ON `post`.`id`=`relation`.`post_id` WHERE (  `post`.`post_type` = '8'  AND `post`.`delete_time` = '0'  AND `relation`.`category_id` = '1'  AND `relation`.`post_id` = '2' ) AND `post`.`delete_time` = '0' LIMIT 1 [ RunTime:0.000456s ]
[2026-04-20T23:23:48+08:00][sql] SHOW FULL COLUMNS FROM `cmf_slide_item` [ RunTime:0.000885s ]
[2026-04-20T23:23:48+08:00][sql] SELECT `title`,`description`,`image` FROM `cmf_slide_item` WHERE  `slide_id` = 12 ORDER BY `list_order` ASC LIMIT 1 [ RunTime:0.000290s ]
[2026-04-20T23:23:48+08:00][sql] UPDATE `cmf_portal_post`  SET `post_hits` = `post_hits` + 1  WHERE (  `id` = 2 ) AND `cmf_portal_post`.`delete_time` = '0' [ RunTime:0.001052s ]
[2026-04-20T23:23:48+08:00][sql] SELECT `post`.* FROM `cmf_portal_post` `post` INNER JOIN `cmf_portal_category_post` `relation` ON `post`.`id`=`relation`.`post_id` WHERE (  `post`.`post_type` = '8'  AND `post`.`delete_time` = '0'  AND `relation`.`category_id` = '1'  AND `relation`.`post_id` = '2'  AND `relation`.`post_id` = '2' ) AND `post`.`delete_time` = '0' LIMIT 1 [ RunTime:0.000312s ]
[2026-04-20T23:23:48+08:00][sql] SELECT `post`.* FROM `cmf_portal_post` `post` INNER JOIN `cmf_portal_category_post` `relation` ON `post`.`id`=`relation`.`post_id` WHERE (  `post`.`post_type` = '8'  AND `post`.`delete_time` = '0'  AND `relation`.`category_id` = '1'  AND `relation`.`post_id` = '2'  AND `relation`.`post_id` < '2' ) AND `post`.`delete_time` = '0' ORDER BY `id` DESC LIMIT 1 [ RunTime:0.000299s ]
[2026-04-20T23:23:48+08:00][sql] SELECT `post`.* FROM `cmf_portal_post` `post` INNER JOIN `cmf_portal_category_post` `relation` ON `post`.`id`=`relation`.`post_id` WHERE (  `post`.`post_type` = '8'  AND `post`.`delete_time` = '0'  AND `relation`.`category_id` = '1'  AND `relation`.`post_id` = '2'  AND `relation`.`post_id` > '2' ) AND `post`.`delete_time` = '0' ORDER BY `id` DESC LIMIT 1 [ RunTime:0.000248s ]
[2026-04-20T23:23:48+08:00][sql] SHOW FULL COLUMNS FROM `cmf_theme_file` [ RunTime:0.000924s ]
[2026-04-20T23:23:48+08:00][sql] SELECT `more`,`file`,`id` FROM `cmf_theme_file` WHERE  `theme` = 'simpleboot3'  AND (  `is_public` = 1 OR `file` = 'portal/news-info' ) ORDER BY `is_public` DESC [ RunTime:0.000411s ]
[2026-04-20T23:23:48+08:00][sql] SELECT `option_value` FROM `cmf_option` WHERE  `option_name` = 'storage' LIMIT 1 [ RunTime:0.000372s ]
[2026-04-20T23:23:51+08:00][sql] CONNECT:[ UseTime:0.000660s ] mysql:host=127.0.0.1;port=3306;dbname=weihua;charset=utf8mb4
[2026-04-20T23:23:51+08:00][sql] SHOW FULL COLUMNS FROM `cmf_option` [ RunTime:0.001368s ]
[2026-04-20T23:23:51+08:00][sql] SELECT `option_value` FROM `cmf_option` WHERE  `option_name` = 'cdn_settings' LIMIT 1 [ RunTime:0.000272s ]
[2026-04-20T23:23:51+08:00][sql] SELECT `option_value` FROM `cmf_option` WHERE  `option_name` = 'cdn_settings' LIMIT 1 [ RunTime:0.000219s ]
[2026-04-20T23:23:51+08:00][sql] SHOW FULL COLUMNS FROM `cmf_product_category` [ RunTime:0.001073s ]
[2026-04-20T23:23:51+08:00][sql] SELECT * FROM `cmf_product_category` WHERE  `parent_id` = 0 ORDER BY `list_order` ASC,`create_time` DESC [ RunTime:0.000313s ]
[2026-04-20T23:23:51+08:00][sql] SELECT * FROM `cmf_product_category` WHERE  `parent_id` IN (18,19,20,21,22,23,24,25,26,27) [ RunTime:0.000287s ]
[2026-04-20T23:23:51+08:00][sql] SHOW FULL COLUMNS FROM `cmf_portal_category` [ RunTime:0.000963s ]
[2026-04-20T23:23:51+08:00][sql] SELECT * FROM `cmf_portal_category` WHERE (  `type` = 8 ) AND `cmf_portal_category`.`delete_time` = '0' ORDER BY `list_order` ASC [ RunTime:0.000344s ]
[2026-04-20T23:23:51+08:00][sql] SHOW FULL COLUMNS FROM `cmf_slide_item` [ RunTime:0.001098s ]
[2026-04-20T23:23:51+08:00][sql] SELECT `title`,`description`,`image` FROM `cmf_slide_item` WHERE  `slide_id` = 12 ORDER BY `list_order` ASC LIMIT 1 [ RunTime:0.000406s ]
[2026-04-20T23:23:51+08:00][sql] SELECT * FROM `cmf_portal_category` WHERE (  `id` = 0  AND `status` = 1 ) AND `cmf_portal_category`.`delete_time` = '0' LIMIT 1 [ RunTime:0.000289s ]
[2026-04-20T23:23:51+08:00][sql] SHOW FULL COLUMNS FROM `cmf_portal_post` [ RunTime:0.001122s ]
[2026-04-20T23:23:51+08:00][sql] SELECT COUNT(*) AS think_count FROM `cmf_portal_post` `p` LEFT JOIN `cmf_portal_category_post` `c` ON `p`.`id`=`c`.`post_id` WHERE (  `post_type` = 8 ) AND `p`.`delete_time` = '0' LIMIT 1 [ RunTime:0.000425s ]
[2026-04-20T23:23:51+08:00][sql] SELECT `p`.`id`,`p`.`post_title`,`p`.`thumbnail`,`p`.`more`,c.category_id as cid,`p`.`post_excerpt`,`p`.`create_time` FROM `cmf_portal_post` `p` LEFT JOIN `cmf_portal_category_post` `c` ON `p`.`id`=`c`.`post_id` WHERE (  `post_type` = 8 ) AND `p`.`delete_time` = '0' ORDER BY `c`.`list_order` ASC,`p`.`create_time` DESC LIMIT 0,6 [ RunTime:0.000347s ]
[2026-04-20T23:23:51+08:00][sql] SHOW FULL COLUMNS FROM `cmf_theme_file` [ RunTime:0.001013s ]
[2026-04-20T23:23:51+08:00][sql] SELECT `more`,`file`,`id` FROM `cmf_theme_file` WHERE  `theme` = 'simpleboot3'  AND (  `is_public` = 1 OR `file` = 'portal/news' ) ORDER BY `is_public` DESC [ RunTime:0.000296s ]
[2026-04-20T23:23:51+08:00][sql] SELECT `option_value` FROM `cmf_option` WHERE  `option_name` = 'storage' LIMIT 1 [ RunTime:0.000373s ]
[2026-04-20T23:24:16+08:00][sql] CONNECT:[ UseTime:0.000676s ] mysql:host=127.0.0.1;port=3306;dbname=weihua;charset=utf8mb4
[2026-04-20T23:24:16+08:00][sql] SHOW FULL COLUMNS FROM `cmf_option` [ RunTime:0.001487s ]
[2026-04-20T23:24:16+08:00][sql] SELECT `option_value` FROM `cmf_option` WHERE  `option_name` = 'cdn_settings' LIMIT 1 [ RunTime:0.000315s ]
[2026-04-20T23:24:16+08:00][sql] SELECT `option_value` FROM `cmf_option` WHERE  `option_name` = 'cdn_settings' LIMIT 1 [ RunTime:0.000194s ]
[2026-04-20T23:24:16+08:00][sql] SHOW FULL COLUMNS FROM `cmf_product_category` [ RunTime:0.001174s ]
[2026-04-20T23:24:16+08:00][sql] SELECT * FROM `cmf_product_category` WHERE  `parent_id` = 0 ORDER BY `list_order` ASC,`create_time` DESC [ RunTime:0.000326s ]
[2026-04-20T23:24:16+08:00][sql] SELECT * FROM `cmf_product_category` WHERE  `parent_id` IN (18,19,20,21,22,23,24,25,26,27) [ RunTime:0.000207s ]
[2026-04-20T23:24:16+08:00][sql] SHOW FULL COLUMNS FROM `cmf_portal_category` [ RunTime:0.001015s ]
[2026-04-20T23:24:16+08:00][sql] SELECT * FROM `cmf_portal_category` WHERE (  `type` = 8 ) AND `cmf_portal_category`.`delete_time` = '0' ORDER BY `list_order` ASC [ RunTime:0.000256s ]
[2026-04-20T23:24:16+08:00][sql] SHOW FULL COLUMNS FROM `cmf_slide_item` [ RunTime:0.001003s ]
[2026-04-20T23:24:16+08:00][sql] SELECT `title`,`description`,`image` FROM `cmf_slide_item` WHERE  `slide_id` = 12 ORDER BY `list_order` ASC LIMIT 1 [ RunTime:0.000278s ]
[2026-04-20T23:24:16+08:00][sql] SELECT * FROM `cmf_portal_category` WHERE (  `id` = 0  AND `status` = 1 ) AND `cmf_portal_category`.`delete_time` = '0' LIMIT 1 [ RunTime:0.000235s ]
[2026-04-20T23:24:16+08:00][sql] SHOW FULL COLUMNS FROM `cmf_portal_post` [ RunTime:0.001056s ]
[2026-04-20T23:24:16+08:00][sql] SELECT COUNT(*) AS think_count FROM `cmf_portal_post` `p` LEFT JOIN `cmf_portal_category_post` `c` ON `p`.`id`=`c`.`post_id` WHERE (  `post_type` = 8 ) AND `p`.`delete_time` = '0' LIMIT 1 [ RunTime:0.000463s ]
[2026-04-20T23:24:16+08:00][sql] SELECT `p`.`id`,`p`.`post_title`,`p`.`thumbnail`,`p`.`more`,c.category_id as cid,`p`.`post_excerpt`,`p`.`create_time` FROM `cmf_portal_post` `p` LEFT JOIN `cmf_portal_category_post` `c` ON `p`.`id`=`c`.`post_id` WHERE (  `post_type` = 8 ) AND `p`.`delete_time` = '0' ORDER BY `c`.`list_order` ASC,`p`.`create_time` DESC LIMIT 0,6 [ RunTime:0.000468s ]
[2026-04-20T23:24:16+08:00][sql] SHOW FULL COLUMNS FROM `cmf_theme_file` [ RunTime:0.000906s ]
[2026-04-20T23:24:16+08:00][sql] SELECT `more`,`file`,`id` FROM `cmf_theme_file` WHERE  `theme` = 'simpleboot3'  AND (  `is_public` = 1 OR `file` = 'portal/news' ) ORDER BY `is_public` DESC [ RunTime:0.000292s ]
[2026-04-20T23:24:16+08:00][sql] SELECT `option_value` FROM `cmf_option` WHERE  `option_name` = 'storage' LIMIT 1 [ RunTime:0.000215s ]
[2026-04-20T23:24:17+08:00][sql] CONNECT:[ UseTime:0.000840s ] mysql:host=127.0.0.1;port=3306;dbname=weihua;charset=utf8mb4
[2026-04-20T23:24:17+08:00][sql] SHOW FULL COLUMNS FROM `cmf_option` [ RunTime:0.001669s ]
[2026-04-20T23:24:17+08:00][sql] SELECT `option_value` FROM `cmf_option` WHERE  `option_name` = 'cdn_settings' LIMIT 1 [ RunTime:0.000364s ]
[2026-04-20T23:24:17+08:00][sql] SELECT `option_value` FROM `cmf_option` WHERE  `option_name` = 'cdn_settings' LIMIT 1 [ RunTime:0.000325s ]
[2026-04-20T23:24:17+08:00][sql] SHOW FULL COLUMNS FROM `cmf_product_category` [ RunTime:0.001262s ]
[2026-04-20T23:24:17+08:00][sql] SELECT * FROM `cmf_product_category` WHERE  `parent_id` = 0 ORDER BY `list_order` ASC,`create_time` DESC [ RunTime:0.000494s ]
[2026-04-20T23:24:17+08:00][sql] SELECT * FROM `cmf_product_category` WHERE  `parent_id` IN (18,19,20,21,22,23,24,25,26,27) [ RunTime:0.000327s ]
[2026-04-20T23:24:17+08:00][sql] SHOW FULL COLUMNS FROM `cmf_portal_category` [ RunTime:0.001195s ]
[2026-04-20T23:24:17+08:00][sql] SELECT * FROM `cmf_portal_category` WHERE (  `type` = 8 ) AND `cmf_portal_category`.`delete_time` = '0' ORDER BY `list_order` ASC [ RunTime:0.000472s ]
[2026-04-20T23:24:17+08:00][sql] SHOW FULL COLUMNS FROM `cmf_product` [ RunTime:0.001345s ]
[2026-04-20T23:24:17+08:00][sql] SELECT COUNT(*) AS think_count FROM `cmf_product` LIMIT 1 [ RunTime:0.000318s ]
[2026-04-20T23:24:17+08:00][sql] SELECT `id`,`category_id`,`title`,`thumbnail`,`industry` FROM `cmf_product` ORDER BY `list_order` ASC,`create_time` DESC LIMIT 0,12 [ RunTime:0.000263s ]
[2026-04-20T23:24:17+08:00][sql] SHOW FULL COLUMNS FROM `cmf_slide_item` [ RunTime:0.001086s ]
[2026-04-20T23:24:17+08:00][sql] SELECT `title`,`description`,`image` FROM `cmf_slide_item` WHERE  `slide_id` = 2 ORDER BY `list_order` ASC LIMIT 1 [ RunTime:0.000326s ]
[2026-04-20T23:24:17+08:00][sql] SHOW FULL COLUMNS FROM `cmf_theme_file` [ RunTime:0.000904s ]
[2026-04-20T23:24:17+08:00][sql] SELECT `more`,`file`,`id` FROM `cmf_theme_file` WHERE  `theme` = 'simpleboot3'  AND (  `is_public` = 1 OR `file` = 'portal/product' ) ORDER BY `is_public` DESC [ RunTime:0.000349s ]
[2026-04-20T23:24:17+08:00][sql] SELECT `option_value` FROM `cmf_option` WHERE  `option_name` = 'storage' LIMIT 1 [ RunTime:0.000349s ]
[2026-04-20T23:25:16+08:00][sql] CONNECT:[ UseTime:0.001372s ] mysql:host=127.0.0.1;port=3306;dbname=weihua;charset=utf8mb4
[2026-04-20T23:25:16+08:00][sql] SHOW FULL COLUMNS FROM `cmf_option` [ RunTime:0.003029s ]
[2026-04-20T23:25:16+08:00][sql] SELECT `option_value` FROM `cmf_option` WHERE  `option_name` = 'cdn_settings' LIMIT 1 [ RunTime:0.000711s ]
[2026-04-20T23:25:16+08:00][sql] SELECT `option_value` FROM `cmf_option` WHERE  `option_name` = 'cdn_settings' LIMIT 1 [ RunTime:0.000503s ]
[2026-04-20T23:25:16+08:00][sql] SHOW FULL COLUMNS FROM `cmf_product_category` [ RunTime:0.003087s ]
[2026-04-20T23:25:16+08:00][sql] SELECT * FROM `cmf_product_category` WHERE  `parent_id` = 0 ORDER BY `list_order` ASC,`create_time` DESC [ RunTime:0.000950s ]
[2026-04-20T23:25:16+08:00][sql] SELECT * FROM `cmf_product_category` WHERE  `parent_id` IN (18,19,20,21,22,23,24,25,26,27) [ RunTime:0.000683s ]
[2026-04-20T23:25:16+08:00][sql] SHOW FULL COLUMNS FROM `cmf_portal_category` [ RunTime:0.003118s ]
[2026-04-20T23:25:16+08:00][sql] SELECT * FROM `cmf_portal_category` WHERE (  `type` = 8 ) AND `cmf_portal_category`.`delete_time` = '0' ORDER BY `list_order` ASC [ RunTime:0.000822s ]
[2026-04-20T23:25:16+08:00][sql] SHOW FULL COLUMNS FROM `cmf_product` [ RunTime:0.001627s ]
[2026-04-20T23:25:16+08:00][sql] SELECT COUNT(*) AS think_count FROM `cmf_product` LIMIT 1 [ RunTime:0.000302s ]
[2026-04-20T23:25:16+08:00][sql] SELECT `id`,`category_id`,`title`,`thumbnail`,`industry` FROM `cmf_product` ORDER BY `list_order` ASC,`create_time` DESC LIMIT 0,12 [ RunTime:0.000230s ]
[2026-04-20T23:25:16+08:00][sql] SHOW FULL COLUMNS FROM `cmf_slide_item` [ RunTime:0.002405s ]
[2026-04-20T23:25:16+08:00][sql] SELECT `title`,`description`,`image` FROM `cmf_slide_item` WHERE  `slide_id` = 2 ORDER BY `list_order` ASC LIMIT 1 [ RunTime:0.000718s ]
[2026-04-20T23:25:16+08:00][sql] SHOW FULL COLUMNS FROM `cmf_theme_file` [ RunTime:0.002411s ]
[2026-04-20T23:25:16+08:00][sql] SELECT `more`,`file`,`id` FROM `cmf_theme_file` WHERE  `theme` = 'simpleboot3'  AND (  `is_public` = 1 OR `file` = 'portal/product' ) ORDER BY `is_public` DESC [ RunTime:0.000904s ]
[2026-04-20T23:25:16+08:00][sql] SELECT `option_value` FROM `cmf_option` WHERE  `option_name` = 'storage' LIMIT 1 [ RunTime:0.000533s ]
[2026-04-20T23:25:32+08:00][sql] CONNECT:[ UseTime:0.001792s ] mysql:host=127.0.0.1;port=3306;dbname=weihua;charset=utf8mb4
[2026-04-20T23:25:32+08:00][sql] SHOW FULL COLUMNS FROM `cmf_option` [ RunTime:0.002499s ]
[2026-04-20T23:25:32+08:00][sql] SELECT `option_value` FROM `cmf_option` WHERE  `option_name` = 'cdn_settings' LIMIT 1 [ RunTime:0.000413s ]
[2026-04-20T23:25:32+08:00][sql] SELECT `option_value` FROM `cmf_option` WHERE  `option_name` = 'cdn_settings' LIMIT 1 [ RunTime:0.000339s ]
[2026-04-20T23:25:32+08:00][sql] SHOW FULL COLUMNS FROM `cmf_product_category` [ RunTime:0.001734s ]
[2026-04-20T23:25:32+08:00][sql] SELECT * FROM `cmf_product_category` WHERE  `parent_id` = 0 ORDER BY `list_order` ASC,`create_time` DESC [ RunTime:0.000901s ]
[2026-04-20T23:25:32+08:00][sql] SELECT * FROM `cmf_product_category` WHERE  `parent_id` IN (18,19,20,21,22,23,24,25,26,27) [ RunTime:0.001810s ]
[2026-04-20T23:25:32+08:00][sql] SHOW FULL COLUMNS FROM `cmf_portal_category` [ RunTime:0.004232s ]
[2026-04-20T23:25:32+08:00][sql] SELECT * FROM `cmf_portal_category` WHERE (  `type` = 8 ) AND `cmf_portal_category`.`delete_time` = '0' ORDER BY `list_order` ASC [ RunTime:0.000708s ]
[2026-04-20T23:25:32+08:00][sql] SHOW FULL COLUMNS FROM `cmf_product` [ RunTime:0.001912s ]
[2026-04-20T23:25:32+08:00][sql] SELECT COUNT(*) AS think_count FROM `cmf_product` LIMIT 1 [ RunTime:0.000580s ]
[2026-04-20T23:25:32+08:00][sql] SELECT `id`,`category_id`,`title`,`thumbnail`,`industry` FROM `cmf_product` ORDER BY `list_order` ASC,`create_time` DESC LIMIT 0,12 [ RunTime:0.000510s ]
[2026-04-20T23:25:32+08:00][sql] SHOW FULL COLUMNS FROM `cmf_slide_item` [ RunTime:0.000974s ]
[2026-04-20T23:25:32+08:00][sql] SELECT `title`,`description`,`image` FROM `cmf_slide_item` WHERE  `slide_id` = 2 ORDER BY `list_order` ASC LIMIT 1 [ RunTime:0.000553s ]
[2026-04-20T23:25:32+08:00][sql] SHOW FULL COLUMNS FROM `cmf_theme_file` [ RunTime:0.002182s ]
[2026-04-20T23:25:32+08:00][sql] SELECT `more`,`file`,`id` FROM `cmf_theme_file` WHERE  `theme` = 'simpleboot3'  AND (  `is_public` = 1 OR `file` = 'portal/product' ) ORDER BY `is_public` DESC [ RunTime:0.000833s ]
[2026-04-20T23:25:32+08:00][sql] SELECT `option_value` FROM `cmf_option` WHERE  `option_name` = 'storage' LIMIT 1 [ RunTime:0.000402s ]
[2026-04-20T23:25:53+08:00][sql] CONNECT:[ UseTime:0.000769s ] mysql:host=127.0.0.1;port=3306;dbname=weihua;charset=utf8mb4
[2026-04-20T23:25:53+08:00][sql] SHOW FULL COLUMNS FROM `cmf_option` [ RunTime:0.001799s ]
[2026-04-20T23:25:53+08:00][sql] SELECT `option_value` FROM `cmf_option` WHERE  `option_name` = 'cdn_settings' LIMIT 1 [ RunTime:0.000278s ]
[2026-04-20T23:25:53+08:00][sql] SELECT `option_value` FROM `cmf_option` WHERE  `option_name` = 'cdn_settings' LIMIT 1 [ RunTime:0.000192s ]
[2026-04-20T23:25:53+08:00][sql] SHOW FULL COLUMNS FROM `cmf_product_category` [ RunTime:0.001043s ]
[2026-04-20T23:25:53+08:00][sql] SELECT * FROM `cmf_product_category` WHERE  `parent_id` = 0 ORDER BY `list_order` ASC,`create_time` DESC [ RunTime:0.000388s ]
[2026-04-20T23:25:53+08:00][sql] SELECT * FROM `cmf_product_category` WHERE  `parent_id` IN (18,19,20,21,22,23,24,25,26,27) [ RunTime:0.000231s ]
[2026-04-20T23:25:53+08:00][sql] SHOW FULL COLUMNS FROM `cmf_portal_category` [ RunTime:0.001142s ]
[2026-04-20T23:25:53+08:00][sql] SELECT * FROM `cmf_portal_category` WHERE (  `type` = 8 ) AND `cmf_portal_category`.`delete_time` = '0' ORDER BY `list_order` ASC [ RunTime:0.000351s ]
[2026-04-20T23:25:53+08:00][sql] SHOW FULL COLUMNS FROM `cmf_product` [ RunTime:0.001570s ]
[2026-04-20T23:25:53+08:00][sql] SELECT COUNT(*) AS think_count FROM `cmf_product` LIMIT 1 [ RunTime:0.000321s ]
[2026-04-20T23:25:53+08:00][sql] SELECT `id`,`category_id`,`title`,`thumbnail`,`industry` FROM `cmf_product` ORDER BY `list_order` ASC,`create_time` DESC LIMIT 0,12 [ RunTime:0.000228s ]
[2026-04-20T23:25:53+08:00][sql] SHOW FULL COLUMNS FROM `cmf_slide_item` [ RunTime:0.001111s ]
[2026-04-20T23:25:53+08:00][sql] SELECT `title`,`description`,`image` FROM `cmf_slide_item` WHERE  `slide_id` = 2 ORDER BY `list_order` ASC LIMIT 1 [ RunTime:0.000371s ]
[2026-04-20T23:25:53+08:00][sql] SHOW FULL COLUMNS FROM `cmf_theme_file` [ RunTime:0.000984s ]
[2026-04-20T23:25:53+08:00][sql] SELECT `more`,`file`,`id` FROM `cmf_theme_file` WHERE  `theme` = 'simpleboot3'  AND (  `is_public` = 1 OR `file` = 'portal/product' ) ORDER BY `is_public` DESC [ RunTime:0.000348s ]
[2026-04-20T23:25:53+08:00][sql] SELECT `option_value` FROM `cmf_option` WHERE  `option_name` = 'storage' LIMIT 1 [ RunTime:0.000207s ]
[2026-04-20T23:26:00+08:00][sql] CONNECT:[ UseTime:0.000939s ] mysql:host=127.0.0.1;port=3306;dbname=weihua;charset=utf8mb4
[2026-04-20T23:26:00+08:00][sql] SHOW FULL COLUMNS FROM `cmf_option` [ RunTime:0.001503s ]
[2026-04-20T23:26:00+08:00][sql] SELECT `option_value` FROM `cmf_option` WHERE  `option_name` = 'cdn_settings' LIMIT 1 [ RunTime:0.000321s ]
[2026-04-20T23:26:00+08:00][sql] SELECT `option_value` FROM `cmf_option` WHERE  `option_name` = 'cdn_settings' LIMIT 1 [ RunTime:0.000204s ]
[2026-04-20T23:26:00+08:00][sql] SHOW FULL COLUMNS FROM `cmf_product_category` [ RunTime:0.001162s ]
[2026-04-20T23:26:00+08:00][sql] SELECT * FROM `cmf_product_category` WHERE  `parent_id` = 0 ORDER BY `list_order` ASC,`create_time` DESC [ RunTime:0.000399s ]
[2026-04-20T23:26:00+08:00][sql] SELECT * FROM `cmf_product_category` WHERE  `parent_id` IN (18,19,20,21,22,23,24,25,26,27) [ RunTime:0.000237s ]
[2026-04-20T23:26:00+08:00][sql] SHOW FULL COLUMNS FROM `cmf_portal_category` [ RunTime:0.000975s ]
[2026-04-20T23:26:00+08:00][sql] SELECT * FROM `cmf_portal_category` WHERE (  `type` = 8 ) AND `cmf_portal_category`.`delete_time` = '0' ORDER BY `list_order` ASC [ RunTime:0.000262s ]
[2026-04-20T23:26:00+08:00][sql] SHOW FULL COLUMNS FROM `cmf_product` [ RunTime:0.001092s ]
[2026-04-20T23:26:00+08:00][sql] SELECT COUNT(*) AS think_count FROM `cmf_product` LIMIT 1 [ RunTime:0.000259s ]
[2026-04-20T23:26:00+08:00][sql] SELECT `id`,`category_id`,`title`,`thumbnail`,`industry` FROM `cmf_product` ORDER BY `list_order` ASC,`create_time` DESC LIMIT 0,12 [ RunTime:0.000237s ]
[2026-04-20T23:26:00+08:00][sql] SHOW FULL COLUMNS FROM `cmf_slide_item` [ RunTime:0.000887s ]
[2026-04-20T23:26:00+08:00][sql] SELECT `title`,`description`,`image` FROM `cmf_slide_item` WHERE  `slide_id` = 2 ORDER BY `list_order` ASC LIMIT 1 [ RunTime:0.000353s ]
[2026-04-20T23:26:00+08:00][sql] SHOW FULL COLUMNS FROM `cmf_theme_file` [ RunTime:0.000935s ]
[2026-04-20T23:26:00+08:00][sql] SELECT `more`,`file`,`id` FROM `cmf_theme_file` WHERE  `theme` = 'simpleboot3'  AND (  `is_public` = 1 OR `file` = 'portal/product' ) ORDER BY `is_public` DESC [ RunTime:0.000285s ]
[2026-04-20T23:26:00+08:00][sql] SELECT `option_value` FROM `cmf_option` WHERE  `option_name` = 'storage' LIMIT 1 [ RunTime:0.000179s ]
[2026-04-20T23:26:10+08:00][sql] CONNECT:[ UseTime:0.001257s ] mysql:host=127.0.0.1;port=3306;dbname=weihua;charset=utf8mb4
[2026-04-20T23:26:10+08:00][sql] SHOW FULL COLUMNS FROM `cmf_option` [ RunTime:0.002263s ]
[2026-04-20T23:26:10+08:00][sql] SELECT `option_value` FROM `cmf_option` WHERE  `option_name` = 'cdn_settings' LIMIT 1 [ RunTime:0.000354s ]
[2026-04-20T23:26:10+08:00][sql] SELECT `option_value` FROM `cmf_option` WHERE  `option_name` = 'cdn_settings' LIMIT 1 [ RunTime:0.000268s ]
[2026-04-20T23:26:10+08:00][sql] SHOW FULL COLUMNS FROM `cmf_product_category` [ RunTime:0.001143s ]
[2026-04-20T23:26:10+08:00][sql] SELECT * FROM `cmf_product_category` WHERE  `parent_id` = 0 ORDER BY `list_order` ASC,`create_time` DESC [ RunTime:0.000673s ]
[2026-04-20T23:26:10+08:00][sql] SELECT * FROM `cmf_product_category` WHERE  `parent_id` IN (18,19,20,21,22,23,24,25,26,27) [ RunTime:0.000313s ]
[2026-04-20T23:26:10+08:00][sql] SHOW FULL COLUMNS FROM `cmf_portal_category` [ RunTime:0.001392s ]
[2026-04-20T23:26:10+08:00][sql] SELECT * FROM `cmf_portal_category` WHERE (  `type` = 8 ) AND `cmf_portal_category`.`delete_time` = '0' ORDER BY `list_order` ASC [ RunTime:0.000430s ]
[2026-04-20T23:26:10+08:00][sql] SHOW FULL COLUMNS FROM `cmf_product` [ RunTime:0.001125s ]
[2026-04-20T23:26:10+08:00][sql] SELECT COUNT(*) AS think_count FROM `cmf_product` LIMIT 1 [ RunTime:0.000238s ]
[2026-04-20T23:26:10+08:00][sql] SELECT `id`,`category_id`,`title`,`thumbnail`,`industry` FROM `cmf_product` ORDER BY `list_order` ASC,`create_time` DESC LIMIT 0,12 [ RunTime:0.000241s ]
[2026-04-20T23:26:10+08:00][sql] SHOW FULL COLUMNS FROM `cmf_slide_item` [ RunTime:0.000981s ]
[2026-04-20T23:26:10+08:00][sql] SELECT `title`,`description`,`image` FROM `cmf_slide_item` WHERE  `slide_id` = 2 ORDER BY `list_order` ASC LIMIT 1 [ RunTime:0.000418s ]
[2026-04-20T23:26:10+08:00][sql] SHOW FULL COLUMNS FROM `cmf_theme_file` [ RunTime:0.002270s ]
[2026-04-20T23:26:10+08:00][sql] SELECT `more`,`file`,`id` FROM `cmf_theme_file` WHERE  `theme` = 'simpleboot3'  AND (  `is_public` = 1 OR `file` = 'portal/product' ) ORDER BY `is_public` DESC [ RunTime:0.000697s ]
[2026-04-20T23:26:10+08:00][sql] SELECT `option_value` FROM `cmf_option` WHERE  `option_name` = 'storage' LIMIT 1 [ RunTime:0.000550s ]
[2026-04-20T23:26:50+08:00][sql] CONNECT:[ UseTime:0.001409s ] mysql:host=127.0.0.1;port=3306;dbname=weihua;charset=utf8mb4
[2026-04-20T23:26:50+08:00][sql] SHOW FULL COLUMNS FROM `cmf_option` [ RunTime:0.002527s ]
[2026-04-20T23:26:50+08:00][sql] SELECT `option_value` FROM `cmf_option` WHERE  `option_name` = 'cdn_settings' LIMIT 1 [ RunTime:0.000510s ]
[2026-04-20T23:26:50+08:00][sql] SELECT `option_value` FROM `cmf_option` WHERE  `option_name` = 'cdn_settings' LIMIT 1 [ RunTime:0.000284s ]
[2026-04-20T23:26:50+08:00][sql] SHOW FULL COLUMNS FROM `cmf_product_category` [ RunTime:0.001258s ]
[2026-04-20T23:26:50+08:00][sql] SELECT * FROM `cmf_product_category` WHERE  `parent_id` = 0 ORDER BY `list_order` ASC,`create_time` DESC [ RunTime:0.000397s ]
[2026-04-20T23:26:50+08:00][sql] SELECT * FROM `cmf_product_category` WHERE  `parent_id` IN (18,19,20,21,22,23,24,25,26,27) [ RunTime:0.000303s ]
[2026-04-20T23:26:50+08:00][sql] SHOW FULL COLUMNS FROM `cmf_portal_category` [ RunTime:0.003025s ]
[2026-04-20T23:26:50+08:00][sql] SELECT * FROM `cmf_portal_category` WHERE (  `type` = 8 ) AND `cmf_portal_category`.`delete_time` = '0' ORDER BY `list_order` ASC [ RunTime:0.000781s ]
[2026-04-20T23:26:50+08:00][sql] SHOW FULL COLUMNS FROM `cmf_product` [ RunTime:0.001396s ]
[2026-04-20T23:26:50+08:00][sql] SELECT COUNT(*) AS think_count FROM `cmf_product` LIMIT 1 [ RunTime:0.000339s ]
[2026-04-20T23:26:50+08:00][sql] SELECT `id`,`category_id`,`title`,`thumbnail`,`industry` FROM `cmf_product` ORDER BY `list_order` ASC,`create_time` DESC LIMIT 0,12 [ RunTime:0.000261s ]
[2026-04-20T23:26:50+08:00][sql] SHOW FULL COLUMNS FROM `cmf_slide_item` [ RunTime:0.001239s ]
[2026-04-20T23:26:50+08:00][sql] SELECT `title`,`description`,`image` FROM `cmf_slide_item` WHERE  `slide_id` = 2 ORDER BY `list_order` ASC LIMIT 1 [ RunTime:0.000378s ]
[2026-04-20T23:26:50+08:00][sql] SHOW FULL COLUMNS FROM `cmf_theme_file` [ RunTime:0.001267s ]
[2026-04-20T23:26:50+08:00][sql] SELECT `more`,`file`,`id` FROM `cmf_theme_file` WHERE  `theme` = 'simpleboot3'  AND (  `is_public` = 1 OR `file` = 'portal/product' ) ORDER BY `is_public` DESC [ RunTime:0.000640s ]
[2026-04-20T23:26:50+08:00][sql] SELECT `option_value` FROM `cmf_option` WHERE  `option_name` = 'storage' LIMIT 1 [ RunTime:0.000319s ]
[2026-04-20T23:27:05+08:00][sql] CONNECT:[ UseTime:0.001066s ] mysql:host=127.0.0.1;port=3306;dbname=weihua;charset=utf8mb4
[2026-04-20T23:27:05+08:00][sql] SHOW FULL COLUMNS FROM `cmf_option` [ RunTime:0.002193s ]
[2026-04-20T23:27:05+08:00][sql] SELECT `option_value` FROM `cmf_option` WHERE  `option_name` = 'cdn_settings' LIMIT 1 [ RunTime:0.000434s ]
[2026-04-20T23:27:05+08:00][sql] SELECT `option_value` FROM `cmf_option` WHERE  `option_name` = 'cdn_settings' LIMIT 1 [ RunTime:0.000241s ]
[2026-04-20T23:27:05+08:00][sql] SHOW FULL COLUMNS FROM `cmf_product_category` [ RunTime:0.001136s ]
[2026-04-20T23:27:05+08:00][sql] SELECT * FROM `cmf_product_category` WHERE  `parent_id` = 0 ORDER BY `list_order` ASC,`create_time` DESC [ RunTime:0.000427s ]
[2026-04-20T23:27:05+08:00][sql] SELECT * FROM `cmf_product_category` WHERE  `parent_id` IN (18,19,20,21,22,23,24,25,26,27) [ RunTime:0.000324s ]
[2026-04-20T23:27:05+08:00][sql] SHOW FULL COLUMNS FROM `cmf_portal_category` [ RunTime:0.002849s ]
[2026-04-20T23:27:05+08:00][sql] SELECT * FROM `cmf_portal_category` WHERE (  `type` = 8 ) AND `cmf_portal_category`.`delete_time` = '0' ORDER BY `list_order` ASC [ RunTime:0.000333s ]
[2026-04-20T23:27:05+08:00][sql] SHOW FULL COLUMNS FROM `cmf_product` [ RunTime:0.001144s ]
[2026-04-20T23:27:05+08:00][sql] SELECT COUNT(*) AS think_count FROM `cmf_product` LIMIT 1 [ RunTime:0.000240s ]
[2026-04-20T23:27:05+08:00][sql] SELECT `id`,`category_id`,`title`,`thumbnail`,`industry` FROM `cmf_product` ORDER BY `list_order` ASC,`create_time` DESC LIMIT 0,12 [ RunTime:0.000195s ]
[2026-04-20T23:27:05+08:00][sql] SHOW FULL COLUMNS FROM `cmf_slide_item` [ RunTime:0.000967s ]
[2026-04-20T23:27:05+08:00][sql] SELECT `title`,`description`,`image` FROM `cmf_slide_item` WHERE  `slide_id` = 2 ORDER BY `list_order` ASC LIMIT 1 [ RunTime:0.000889s ]
[2026-04-20T23:27:05+08:00][sql] SHOW FULL COLUMNS FROM `cmf_theme_file` [ RunTime:0.001299s ]
[2026-04-20T23:27:05+08:00][sql] SELECT `more`,`file`,`id` FROM `cmf_theme_file` WHERE  `theme` = 'simpleboot3'  AND (  `is_public` = 1 OR `file` = 'portal/product' ) ORDER BY `is_public` DESC [ RunTime:0.000336s ]
[2026-04-20T23:27:05+08:00][sql] SELECT `option_value` FROM `cmf_option` WHERE  `option_name` = 'storage' LIMIT 1 [ RunTime:0.003909s ]
[2026-04-20T23:27:34+08:00][sql] CONNECT:[ UseTime:0.002172s ] mysql:host=127.0.0.1;port=3306;dbname=weihua;charset=utf8mb4
[2026-04-20T23:27:34+08:00][sql] SHOW FULL COLUMNS FROM `cmf_option` [ RunTime:0.004603s ]
[2026-04-20T23:27:34+08:00][sql] SELECT `option_value` FROM `cmf_option` WHERE  `option_name` = 'cdn_settings' LIMIT 1 [ RunTime:0.002538s ]
[2026-04-20T23:27:34+08:00][sql] SELECT `option_value` FROM `cmf_option` WHERE  `option_name` = 'cdn_settings' LIMIT 1 [ RunTime:0.000427s ]
[2026-04-20T23:27:34+08:00][sql] SHOW FULL COLUMNS FROM `cmf_product_category` [ RunTime:0.004846s ]
[2026-04-20T23:27:34+08:00][sql] SELECT * FROM `cmf_product_category` WHERE  `parent_id` = 0 ORDER BY `list_order` ASC,`create_time` DESC [ RunTime:0.002016s ]
[2026-04-20T23:27:34+08:00][sql] SELECT * FROM `cmf_product_category` WHERE  `parent_id` IN (18,19,20,21,22,23,24,25,26,27) [ RunTime:0.000486s ]
[2026-04-20T23:27:34+08:00][sql] SHOW FULL COLUMNS FROM `cmf_portal_category` [ RunTime:0.001364s ]
[2026-04-20T23:27:34+08:00][sql] SELECT * FROM `cmf_portal_category` WHERE (  `type` = 8 ) AND `cmf_portal_category`.`delete_time` = '0' ORDER BY `list_order` ASC [ RunTime:0.000306s ]
[2026-04-20T23:27:34+08:00][sql] SHOW FULL COLUMNS FROM `cmf_product` [ RunTime:0.001289s ]
[2026-04-20T23:27:34+08:00][sql] SELECT COUNT(*) AS think_count FROM `cmf_product` LIMIT 1 [ RunTime:0.000320s ]
[2026-04-20T23:27:34+08:00][sql] SELECT `id`,`category_id`,`title`,`thumbnail`,`industry` FROM `cmf_product` ORDER BY `list_order` ASC,`create_time` DESC LIMIT 0,12 [ RunTime:0.000239s ]
[2026-04-20T23:27:34+08:00][sql] SHOW FULL COLUMNS FROM `cmf_slide_item` [ RunTime:0.000964s ]
[2026-04-20T23:27:34+08:00][sql] SELECT `title`,`description`,`image` FROM `cmf_slide_item` WHERE  `slide_id` = 2 ORDER BY `list_order` ASC LIMIT 1 [ RunTime:0.000314s ]
[2026-04-20T23:27:34+08:00][sql] SHOW FULL COLUMNS FROM `cmf_theme_file` [ RunTime:0.000916s ]
[2026-04-20T23:27:34+08:00][sql] SELECT `more`,`file`,`id` FROM `cmf_theme_file` WHERE  `theme` = 'simpleboot3'  AND (  `is_public` = 1 OR `file` = 'portal/product' ) ORDER BY `is_public` DESC [ RunTime:0.000405s ]
[2026-04-20T23:27:34+08:00][sql] SELECT `option_value` FROM `cmf_option` WHERE  `option_name` = 'storage' LIMIT 1 [ RunTime:0.000186s ]
[2026-04-20T23:27:57+08:00][sql] CONNECT:[ UseTime:0.001528s ] mysql:host=127.0.0.1;port=3306;dbname=weihua;charset=utf8mb4
[2026-04-20T23:27:57+08:00][sql] SHOW FULL COLUMNS FROM `cmf_option` [ RunTime:0.002495s ]
[2026-04-20T23:27:57+08:00][sql] SELECT `option_value` FROM `cmf_option` WHERE  `option_name` = 'cdn_settings' LIMIT 1 [ RunTime:0.000345s ]
[2026-04-20T23:27:57+08:00][sql] SELECT `option_value` FROM `cmf_option` WHERE  `option_name` = 'cdn_settings' LIMIT 1 [ RunTime:0.000263s ]
[2026-04-20T23:27:57+08:00][sql] SHOW FULL COLUMNS FROM `cmf_product_category` [ RunTime:0.001448s ]
[2026-04-20T23:27:57+08:00][sql] SELECT * FROM `cmf_product_category` WHERE  `parent_id` = 0 ORDER BY `list_order` ASC,`create_time` DESC [ RunTime:0.000514s ]
[2026-04-20T23:27:57+08:00][sql] SELECT * FROM `cmf_product_category` WHERE  `parent_id` IN (18,19,20,21,22,23,24,25,26,27) [ RunTime:0.000406s ]
[2026-04-20T23:27:57+08:00][sql] SHOW FULL COLUMNS FROM `cmf_portal_category` [ RunTime:0.014795s ]
[2026-04-20T23:27:57+08:00][sql] SELECT * FROM `cmf_portal_category` WHERE (  `type` = 8 ) AND `cmf_portal_category`.`delete_time` = '0' ORDER BY `list_order` ASC [ RunTime:0.000694s ]
[2026-04-20T23:27:57+08:00][sql] SHOW FULL COLUMNS FROM `cmf_product` [ RunTime:0.001972s ]
[2026-04-20T23:27:57+08:00][sql] SELECT COUNT(*) AS think_count FROM `cmf_product` LIMIT 1 [ RunTime:0.000280s ]
[2026-04-20T23:27:57+08:00][sql] SELECT `id`,`category_id`,`title`,`thumbnail`,`industry` FROM `cmf_product` ORDER BY `list_order` ASC,`create_time` DESC LIMIT 0,12 [ RunTime:0.000245s ]
[2026-04-20T23:27:57+08:00][sql] SHOW FULL COLUMNS FROM `cmf_slide_item` [ RunTime:0.001172s ]
[2026-04-20T23:27:57+08:00][sql] SELECT `title`,`description`,`image` FROM `cmf_slide_item` WHERE  `slide_id` = 2 ORDER BY `list_order` ASC LIMIT 1 [ RunTime:0.000370s ]
[2026-04-20T23:27:57+08:00][sql] SHOW FULL COLUMNS FROM `cmf_theme_file` [ RunTime:0.001177s ]
[2026-04-20T23:27:57+08:00][sql] SELECT `more`,`file`,`id` FROM `cmf_theme_file` WHERE  `theme` = 'simpleboot3'  AND (  `is_public` = 1 OR `file` = 'portal/product' ) ORDER BY `is_public` DESC [ RunTime:0.000348s ]
[2026-04-20T23:27:57+08:00][sql] SELECT `option_value` FROM `cmf_option` WHERE  `option_name` = 'storage' LIMIT 1 [ RunTime:0.000268s ]
[2026-04-20T23:28:02+08:00][sql] CONNECT:[ UseTime:0.001400s ] mysql:host=127.0.0.1;port=3306;dbname=weihua;charset=utf8mb4
[2026-04-20T23:28:02+08:00][sql] SHOW FULL COLUMNS FROM `cmf_option` [ RunTime:0.002985s ]
[2026-04-20T23:28:02+08:00][sql] SELECT `option_value` FROM `cmf_option` WHERE  `option_name` = 'cdn_settings' LIMIT 1 [ RunTime:0.000546s ]
[2026-04-20T23:28:02+08:00][sql] SELECT `option_value` FROM `cmf_option` WHERE  `option_name` = 'cdn_settings' LIMIT 1 [ RunTime:0.000268s ]
[2026-04-20T23:28:02+08:00][sql] SHOW FULL COLUMNS FROM `cmf_product_category` [ RunTime:0.001533s ]
[2026-04-20T23:28:02+08:00][sql] SELECT * FROM `cmf_product_category` WHERE  `parent_id` = 0 ORDER BY `list_order` ASC,`create_time` DESC [ RunTime:0.001188s ]
[2026-04-20T23:28:02+08:00][sql] SELECT * FROM `cmf_product_category` WHERE  `parent_id` IN (18,19,20,21,22,23,24,25,26,27) [ RunTime:0.000253s ]
[2026-04-20T23:28:02+08:00][sql] SHOW FULL COLUMNS FROM `cmf_portal_category` [ RunTime:0.001410s ]
[2026-04-20T23:28:02+08:00][sql] SELECT * FROM `cmf_portal_category` WHERE (  `type` = 8 ) AND `cmf_portal_category`.`delete_time` = '0' ORDER BY `list_order` ASC [ RunTime:0.000506s ]
[2026-04-20T23:28:02+08:00][sql] SHOW FULL COLUMNS FROM `cmf_product` [ RunTime:0.001202s ]
[2026-04-20T23:28:02+08:00][sql] SELECT COUNT(*) AS think_count FROM `cmf_product` LIMIT 1 [ RunTime:0.000666s ]
[2026-04-20T23:28:02+08:00][sql] SELECT `id`,`category_id`,`title`,`thumbnail`,`industry` FROM `cmf_product` ORDER BY `list_order` ASC,`create_time` DESC LIMIT 0,12 [ RunTime:0.000536s ]
[2026-04-20T23:28:02+08:00][sql] SHOW FULL COLUMNS FROM `cmf_slide_item` [ RunTime:0.002186s ]
[2026-04-20T23:28:02+08:00][sql] SELECT `title`,`description`,`image` FROM `cmf_slide_item` WHERE  `slide_id` = 2 ORDER BY `list_order` ASC LIMIT 1 [ RunTime:0.000745s ]
[2026-04-20T23:28:02+08:00][sql] SHOW FULL COLUMNS FROM `cmf_theme_file` [ RunTime:0.002235s ]
[2026-04-20T23:28:02+08:00][sql] SELECT `more`,`file`,`id` FROM `cmf_theme_file` WHERE  `theme` = 'simpleboot3'  AND (  `is_public` = 1 OR `file` = 'portal/product' ) ORDER BY `is_public` DESC [ RunTime:0.000384s ]
[2026-04-20T23:28:02+08:00][sql] SELECT `option_value` FROM `cmf_option` WHERE  `option_name` = 'storage' LIMIT 1 [ RunTime:0.000200s ]
[2026-04-20T23:28:27+08:00][sql] CONNECT:[ UseTime:0.001501s ] mysql:host=127.0.0.1;port=3306;dbname=weihua;charset=utf8mb4
[2026-04-20T23:28:27+08:00][sql] SHOW FULL COLUMNS FROM `cmf_option` [ RunTime:0.003066s ]
[2026-04-20T23:28:27+08:00][sql] SELECT `option_value` FROM `cmf_option` WHERE  `option_name` = 'cdn_settings' LIMIT 1 [ RunTime:0.012549s ]
[2026-04-20T23:28:27+08:00][sql] SELECT `option_value` FROM `cmf_option` WHERE  `option_name` = 'cdn_settings' LIMIT 1 [ RunTime:0.000476s ]
[2026-04-20T23:28:27+08:00][sql] SHOW FULL COLUMNS FROM `cmf_product_category` [ RunTime:0.002012s ]
[2026-04-20T23:28:27+08:00][sql] SELECT * FROM `cmf_product_category` WHERE  `parent_id` = 0 ORDER BY `list_order` ASC,`create_time` DESC [ RunTime:0.000590s ]
[2026-04-20T23:28:27+08:00][sql] SELECT * FROM `cmf_product_category` WHERE  `parent_id` IN (18,19,20,21,22,23,24,25,26,27) [ RunTime:0.000957s ]
[2026-04-20T23:28:27+08:00][sql] SHOW FULL COLUMNS FROM `cmf_portal_category` [ RunTime:0.002248s ]
[2026-04-20T23:28:27+08:00][sql] SELECT * FROM `cmf_portal_category` WHERE (  `type` = 8 ) AND `cmf_portal_category`.`delete_time` = '0' ORDER BY `list_order` ASC [ RunTime:0.000313s ]
[2026-04-20T23:28:27+08:00][sql] SHOW FULL COLUMNS FROM `cmf_product` [ RunTime:0.001103s ]
[2026-04-20T23:28:27+08:00][sql] SELECT COUNT(*) AS think_count FROM `cmf_product` LIMIT 1 [ RunTime:0.000285s ]
[2026-04-20T23:28:27+08:00][sql] SELECT `id`,`category_id`,`title`,`thumbnail`,`industry` FROM `cmf_product` ORDER BY `list_order` ASC,`create_time` DESC LIMIT 0,12 [ RunTime:0.000214s ]
[2026-04-20T23:28:27+08:00][sql] SHOW FULL COLUMNS FROM `cmf_slide_item` [ RunTime:0.000926s ]
[2026-04-20T23:28:27+08:00][sql] SELECT `title`,`description`,`image` FROM `cmf_slide_item` WHERE  `slide_id` = 2 ORDER BY `list_order` ASC LIMIT 1 [ RunTime:0.000289s ]
[2026-04-20T23:28:27+08:00][sql] SHOW FULL COLUMNS FROM `cmf_theme_file` [ RunTime:0.000846s ]
[2026-04-20T23:28:27+08:00][sql] SELECT `more`,`file`,`id` FROM `cmf_theme_file` WHERE  `theme` = 'simpleboot3'  AND (  `is_public` = 1 OR `file` = 'portal/product' ) ORDER BY `is_public` DESC [ RunTime:0.000251s ]
[2026-04-20T23:28:27+08:00][sql] SELECT `option_value` FROM `cmf_option` WHERE  `option_name` = 'storage' LIMIT 1 [ RunTime:0.000171s ]
[2026-04-20T23:28:31+08:00][sql] CONNECT:[ UseTime:0.001028s ] mysql:host=127.0.0.1;port=3306;dbname=weihua;charset=utf8mb4
[2026-04-20T23:28:31+08:00][sql] SHOW FULL COLUMNS FROM `cmf_option` [ RunTime:0.002563s ]
[2026-04-20T23:28:31+08:00][sql] SELECT `option_value` FROM `cmf_option` WHERE  `option_name` = 'cdn_settings' LIMIT 1 [ RunTime:0.000401s ]
[2026-04-20T23:28:31+08:00][sql] SELECT `option_value` FROM `cmf_option` WHERE  `option_name` = 'cdn_settings' LIMIT 1 [ RunTime:0.000216s ]
[2026-04-20T23:28:31+08:00][sql] SHOW FULL COLUMNS FROM `cmf_product_category` [ RunTime:0.001799s ]
[2026-04-20T23:28:31+08:00][sql] SELECT * FROM `cmf_product_category` WHERE  `parent_id` = 0 ORDER BY `list_order` ASC,`create_time` DESC [ RunTime:0.000740s ]
[2026-04-20T23:28:31+08:00][sql] SELECT * FROM `cmf_product_category` WHERE  `parent_id` IN (18,19,20,21,22,23,24,25,26,27) [ RunTime:0.000565s ]
[2026-04-20T23:28:31+08:00][sql] SHOW FULL COLUMNS FROM `cmf_portal_category` [ RunTime:0.001639s ]
[2026-04-20T23:28:31+08:00][sql] SELECT * FROM `cmf_portal_category` WHERE (  `type` = 8 ) AND `cmf_portal_category`.`delete_time` = '0' ORDER BY `list_order` ASC [ RunTime:0.000468s ]
[2026-04-20T23:28:31+08:00][sql] SHOW FULL COLUMNS FROM `cmf_product` [ RunTime:0.001636s ]
[2026-04-20T23:28:31+08:00][sql] SELECT COUNT(*) AS think_count FROM `cmf_product` LIMIT 1 [ RunTime:0.000360s ]
[2026-04-20T23:28:31+08:00][sql] SELECT `id`,`category_id`,`title`,`thumbnail`,`industry` FROM `cmf_product` ORDER BY `list_order` ASC,`create_time` DESC LIMIT 0,12 [ RunTime:0.000311s ]
[2026-04-20T23:28:31+08:00][sql] SHOW FULL COLUMNS FROM `cmf_slide_item` [ RunTime:0.001281s ]
[2026-04-20T23:28:31+08:00][sql] SELECT `title`,`description`,`image` FROM `cmf_slide_item` WHERE  `slide_id` = 2 ORDER BY `list_order` ASC LIMIT 1 [ RunTime:0.000490s ]
[2026-04-20T23:28:31+08:00][sql] SHOW FULL COLUMNS FROM `cmf_theme_file` [ RunTime:0.001722s ]
[2026-04-20T23:28:31+08:00][sql] SELECT `more`,`file`,`id` FROM `cmf_theme_file` WHERE  `theme` = 'simpleboot3'  AND (  `is_public` = 1 OR `file` = 'portal/product' ) ORDER BY `is_public` DESC [ RunTime:0.000553s ]
[2026-04-20T23:28:31+08:00][sql] SELECT `option_value` FROM `cmf_option` WHERE  `option_name` = 'storage' LIMIT 1 [ RunTime:0.000644s ]
[2026-04-20T23:28:34+08:00][sql] CONNECT:[ UseTime:0.001189s ] mysql:host=127.0.0.1;port=3306;dbname=weihua;charset=utf8mb4
[2026-04-20T23:28:34+08:00][sql] SHOW FULL COLUMNS FROM `cmf_option` [ RunTime:0.003801s ]
[2026-04-20T23:28:34+08:00][sql] SELECT `option_value` FROM `cmf_option` WHERE  `option_name` = 'cdn_settings' LIMIT 1 [ RunTime:0.000407s ]
[2026-04-20T23:28:34+08:00][sql] SELECT `option_value` FROM `cmf_option` WHERE  `option_name` = 'cdn_settings' LIMIT 1 [ RunTime:0.000237s ]
[2026-04-20T23:28:34+08:00][sql] SHOW FULL COLUMNS FROM `cmf_product_category` [ RunTime:0.001334s ]
[2026-04-20T23:28:34+08:00][sql] SELECT * FROM `cmf_product_category` WHERE  `parent_id` = 0 ORDER BY `list_order` ASC,`create_time` DESC [ RunTime:0.000551s ]
[2026-04-20T23:28:34+08:00][sql] SELECT * FROM `cmf_product_category` WHERE  `parent_id` IN (18,19,20,21,22,23,24,25,26,27) [ RunTime:0.000243s ]
[2026-04-20T23:28:34+08:00][sql] SHOW FULL COLUMNS FROM `cmf_portal_category` [ RunTime:0.001232s ]
[2026-04-20T23:28:34+08:00][sql] SELECT * FROM `cmf_portal_category` WHERE (  `type` = 8 ) AND `cmf_portal_category`.`delete_time` = '0' ORDER BY `list_order` ASC [ RunTime:0.000388s ]
[2026-04-20T23:28:34+08:00][sql] SHOW FULL COLUMNS FROM `cmf_product` [ RunTime:0.001212s ]
[2026-04-20T23:28:34+08:00][sql] SELECT COUNT(*) AS think_count FROM `cmf_product` WHERE  `category_id` = 18 LIMIT 1 [ RunTime:0.000329s ]
[2026-04-20T23:28:34+08:00][sql] SELECT `id`,`category_id`,`title`,`thumbnail`,`industry` FROM `cmf_product` WHERE  `category_id` = 18 ORDER BY `list_order` ASC,`create_time` DESC LIMIT 0,12 [ RunTime:0.000269s ]
[2026-04-20T23:28:34+08:00][sql] SHOW FULL COLUMNS FROM `cmf_slide_item` [ RunTime:0.000883s ]
[2026-04-20T23:28:34+08:00][sql] SELECT `title`,`description`,`image` FROM `cmf_slide_item` WHERE  `slide_id` = 2 ORDER BY `list_order` ASC LIMIT 1 [ RunTime:0.000305s ]
[2026-04-20T23:28:34+08:00][sql] SHOW FULL COLUMNS FROM `cmf_theme_file` [ RunTime:0.000915s ]
[2026-04-20T23:28:34+08:00][sql] SELECT `more`,`file`,`id` FROM `cmf_theme_file` WHERE  `theme` = 'simpleboot3'  AND (  `is_public` = 1 OR `file` = 'portal/product' ) ORDER BY `is_public` DESC [ RunTime:0.000290s ]
[2026-04-20T23:28:34+08:00][sql] SELECT `option_value` FROM `cmf_option` WHERE  `option_name` = 'storage' LIMIT 1 [ RunTime:0.000220s ]
[2026-04-20T23:28:36+08:00][sql] CONNECT:[ UseTime:0.001196s ] mysql:host=127.0.0.1;port=3306;dbname=weihua;charset=utf8mb4
[2026-04-20T23:28:36+08:00][sql] SHOW FULL COLUMNS FROM `cmf_option` [ RunTime:0.002128s ]
[2026-04-20T23:28:36+08:00][sql] SELECT `option_value` FROM `cmf_option` WHERE  `option_name` = 'cdn_settings' LIMIT 1 [ RunTime:0.000326s ]
[2026-04-20T23:28:36+08:00][sql] SELECT `option_value` FROM `cmf_option` WHERE  `option_name` = 'cdn_settings' LIMIT 1 [ RunTime:0.000338s ]
[2026-04-20T23:28:36+08:00][sql] SHOW FULL COLUMNS FROM `cmf_product_category` [ RunTime:0.001300s ]
[2026-04-20T23:28:36+08:00][sql] SELECT * FROM `cmf_product_category` WHERE  `parent_id` = 0 ORDER BY `list_order` ASC,`create_time` DESC [ RunTime:0.000689s ]
[2026-04-20T23:28:36+08:00][sql] SELECT * FROM `cmf_product_category` WHERE  `parent_id` IN (18,19,20,21,22,23,24,25,26,27) [ RunTime:0.000292s ]
[2026-04-20T23:28:36+08:00][sql] SHOW FULL COLUMNS FROM `cmf_portal_category` [ RunTime:0.001286s ]
[2026-04-20T23:28:36+08:00][sql] SELECT * FROM `cmf_portal_category` WHERE (  `type` = 8 ) AND `cmf_portal_category`.`delete_time` = '0' ORDER BY `list_order` ASC [ RunTime:0.000477s ]
[2026-04-20T23:28:36+08:00][sql] SHOW FULL COLUMNS FROM `cmf_product` [ RunTime:0.001707s ]
[2026-04-20T23:28:36+08:00][sql] SELECT COUNT(*) AS think_count FROM `cmf_product` WHERE  `category_id` = 19 LIMIT 1 [ RunTime:0.000404s ]
[2026-04-20T23:28:36+08:00][sql] SHOW FULL COLUMNS FROM `cmf_slide_item` [ RunTime:0.001183s ]
[2026-04-20T23:28:36+08:00][sql] SELECT `title`,`description`,`image` FROM `cmf_slide_item` WHERE  `slide_id` = 2 ORDER BY `list_order` ASC LIMIT 1 [ RunTime:0.000348s ]
[2026-04-20T23:28:36+08:00][sql] SHOW FULL COLUMNS FROM `cmf_theme_file` [ RunTime:0.001099s ]
[2026-04-20T23:28:36+08:00][sql] SELECT `more`,`file`,`id` FROM `cmf_theme_file` WHERE  `theme` = 'simpleboot3'  AND (  `is_public` = 1 OR `file` = 'portal/product' ) ORDER BY `is_public` DESC [ RunTime:0.000444s ]
[2026-04-20T23:28:36+08:00][sql] SELECT `option_value` FROM `cmf_option` WHERE  `option_name` = 'storage' LIMIT 1 [ RunTime:0.000340s ]
[2026-04-20T23:28:36+08:00][sql] CONNECT:[ UseTime:0.001062s ] mysql:host=127.0.0.1;port=3306;dbname=weihua;charset=utf8mb4
[2026-04-20T23:28:36+08:00][sql] SHOW FULL COLUMNS FROM `cmf_option` [ RunTime:0.001810s ]
[2026-04-20T23:28:36+08:00][sql] SELECT `option_value` FROM `cmf_option` WHERE  `option_name` = 'cdn_settings' LIMIT 1 [ RunTime:0.000363s ]
[2026-04-20T23:28:36+08:00][sql] SELECT `option_value` FROM `cmf_option` WHERE  `option_name` = 'cdn_settings' LIMIT 1 [ RunTime:0.000221s ]
[2026-04-20T23:28:36+08:00][sql] SHOW FULL COLUMNS FROM `cmf_product_category` [ RunTime:0.001269s ]
[2026-04-20T23:28:36+08:00][sql] SELECT * FROM `cmf_product_category` WHERE  `parent_id` = 0 ORDER BY `list_order` ASC,`create_time` DESC [ RunTime:0.000402s ]
[2026-04-20T23:28:36+08:00][sql] SELECT * FROM `cmf_product_category` WHERE  `parent_id` IN (18,19,20,21,22,23,24,25,26,27) [ RunTime:0.000271s ]
[2026-04-20T23:28:36+08:00][sql] SHOW FULL COLUMNS FROM `cmf_portal_category` [ RunTime:0.001412s ]
[2026-04-20T23:28:36+08:00][sql] SELECT * FROM `cmf_portal_category` WHERE (  `type` = 8 ) AND `cmf_portal_category`.`delete_time` = '0' ORDER BY `list_order` ASC [ RunTime:0.000328s ]
[2026-04-20T23:28:36+08:00][sql] SHOW FULL COLUMNS FROM `cmf_product` [ RunTime:0.001426s ]
[2026-04-20T23:28:36+08:00][sql] SELECT COUNT(*) AS think_count FROM `cmf_product` WHERE  `category_id` = 20 LIMIT 1 [ RunTime:0.000375s ]
[2026-04-20T23:28:36+08:00][sql] SHOW FULL COLUMNS FROM `cmf_slide_item` [ RunTime:0.001044s ]
[2026-04-20T23:28:36+08:00][sql] SELECT `title`,`description`,`image` FROM `cmf_slide_item` WHERE  `slide_id` = 2 ORDER BY `list_order` ASC LIMIT 1 [ RunTime:0.000537s ]
[2026-04-20T23:28:36+08:00][sql] SHOW FULL COLUMNS FROM `cmf_theme_file` [ RunTime:0.002116s ]
[2026-04-20T23:28:36+08:00][sql] SELECT `more`,`file`,`id` FROM `cmf_theme_file` WHERE  `theme` = 'simpleboot3'  AND (  `is_public` = 1 OR `file` = 'portal/product' ) ORDER BY `is_public` DESC [ RunTime:0.000752s ]
[2026-04-20T23:28:36+08:00][sql] SELECT `option_value` FROM `cmf_option` WHERE  `option_name` = 'storage' LIMIT 1 [ RunTime:0.000290s ]
[2026-04-20T23:28:37+08:00][sql] CONNECT:[ UseTime:0.001228s ] mysql:host=127.0.0.1;port=3306;dbname=weihua;charset=utf8mb4
[2026-04-20T23:28:37+08:00][sql] SHOW FULL COLUMNS FROM `cmf_option` [ RunTime:0.001996s ]
[2026-04-20T23:28:37+08:00][sql] SELECT `option_value` FROM `cmf_option` WHERE  `option_name` = 'cdn_settings' LIMIT 1 [ RunTime:0.000399s ]
[2026-04-20T23:28:37+08:00][sql] SELECT `option_value` FROM `cmf_option` WHERE  `option_name` = 'cdn_settings' LIMIT 1 [ RunTime:0.000216s ]
[2026-04-20T23:28:37+08:00][sql] SHOW FULL COLUMNS FROM `cmf_product_category` [ RunTime:0.001159s ]
[2026-04-20T23:28:37+08:00][sql] SELECT * FROM `cmf_product_category` WHERE  `parent_id` = 0 ORDER BY `list_order` ASC,`create_time` DESC [ RunTime:0.000420s ]
[2026-04-20T23:28:37+08:00][sql] SELECT * FROM `cmf_product_category` WHERE  `parent_id` IN (18,19,20,21,22,23,24,25,26,27) [ RunTime:0.000266s ]
[2026-04-20T23:28:37+08:00][sql] SHOW FULL COLUMNS FROM `cmf_portal_category` [ RunTime:0.001164s ]
[2026-04-20T23:28:37+08:00][sql] SELECT * FROM `cmf_portal_category` WHERE (  `type` = 8 ) AND `cmf_portal_category`.`delete_time` = '0' ORDER BY `list_order` ASC [ RunTime:0.000385s ]
[2026-04-20T23:28:37+08:00][sql] SHOW FULL COLUMNS FROM `cmf_product` [ RunTime:0.001140s ]
[2026-04-20T23:28:37+08:00][sql] SELECT COUNT(*) AS think_count FROM `cmf_product` WHERE  `category_id` = 21 LIMIT 1 [ RunTime:0.000298s ]
[2026-04-20T23:28:37+08:00][sql] SHOW FULL COLUMNS FROM `cmf_slide_item` [ RunTime:0.000905s ]
[2026-04-20T23:28:37+08:00][sql] SELECT `title`,`description`,`image` FROM `cmf_slide_item` WHERE  `slide_id` = 2 ORDER BY `list_order` ASC LIMIT 1 [ RunTime:0.000349s ]
[2026-04-20T23:28:37+08:00][sql] SHOW FULL COLUMNS FROM `cmf_theme_file` [ RunTime:0.000892s ]
[2026-04-20T23:28:37+08:00][sql] SELECT `more`,`file`,`id` FROM `cmf_theme_file` WHERE  `theme` = 'simpleboot3'  AND (  `is_public` = 1 OR `file` = 'portal/product' ) ORDER BY `is_public` DESC [ RunTime:0.000336s ]
[2026-04-20T23:28:37+08:00][sql] SELECT `option_value` FROM `cmf_option` WHERE  `option_name` = 'storage' LIMIT 1 [ RunTime:0.000223s ]
[2026-04-20T23:28:38+08:00][sql] CONNECT:[ UseTime:0.001027s ] mysql:host=127.0.0.1;port=3306;dbname=weihua;charset=utf8mb4
[2026-04-20T23:28:38+08:00][sql] SHOW FULL COLUMNS FROM `cmf_option` [ RunTime:0.003048s ]
[2026-04-20T23:28:38+08:00][sql] SELECT `option_value` FROM `cmf_option` WHERE  `option_name` = 'cdn_settings' LIMIT 1 [ RunTime:0.000671s ]
[2026-04-20T23:28:38+08:00][sql] SELECT `option_value` FROM `cmf_option` WHERE  `option_name` = 'cdn_settings' LIMIT 1 [ RunTime:0.000536s ]
[2026-04-20T23:28:38+08:00][sql] SHOW FULL COLUMNS FROM `cmf_product_category` [ RunTime:0.002408s ]
[2026-04-20T23:28:38+08:00][sql] SELECT * FROM `cmf_product_category` WHERE  `parent_id` = 0 ORDER BY `list_order` ASC,`create_time` DESC [ RunTime:0.000695s ]
[2026-04-20T23:28:38+08:00][sql] SELECT * FROM `cmf_product_category` WHERE  `parent_id` IN (18,19,20,21,22,23,24,25,26,27) [ RunTime:0.000457s ]
[2026-04-20T23:28:38+08:00][sql] SHOW FULL COLUMNS FROM `cmf_portal_category` [ RunTime:0.001065s ]
[2026-04-20T23:28:38+08:00][sql] SELECT * FROM `cmf_portal_category` WHERE (  `type` = 8 ) AND `cmf_portal_category`.`delete_time` = '0' ORDER BY `list_order` ASC [ RunTime:0.000726s ]
[2026-04-20T23:28:38+08:00][sql] SHOW FULL COLUMNS FROM `cmf_product` [ RunTime:0.002348s ]
[2026-04-20T23:28:38+08:00][sql] SELECT COUNT(*) AS think_count FROM `cmf_product` WHERE  `category_id` = 22 LIMIT 1 [ RunTime:0.000720s ]
[2026-04-20T23:28:38+08:00][sql] SHOW FULL COLUMNS FROM `cmf_slide_item` [ RunTime:0.001511s ]
[2026-04-20T23:28:38+08:00][sql] SELECT `title`,`description`,`image` FROM `cmf_slide_item` WHERE  `slide_id` = 2 ORDER BY `list_order` ASC LIMIT 1 [ RunTime:0.000522s ]
[2026-04-20T23:28:38+08:00][sql] SHOW FULL COLUMNS FROM `cmf_theme_file` [ RunTime:0.002110s ]
[2026-04-20T23:28:38+08:00][sql] SELECT `more`,`file`,`id` FROM `cmf_theme_file` WHERE  `theme` = 'simpleboot3'  AND (  `is_public` = 1 OR `file` = 'portal/product' ) ORDER BY `is_public` DESC [ RunTime:0.000667s ]
[2026-04-20T23:28:38+08:00][sql] SELECT `option_value` FROM `cmf_option` WHERE  `option_name` = 'storage' LIMIT 1 [ RunTime:0.000237s ]
[2026-04-20T23:28:48+08:00][sql] CONNECT:[ UseTime:0.000824s ] mysql:host=127.0.0.1;port=3306;dbname=weihua;charset=utf8mb4
[2026-04-20T23:28:48+08:00][sql] SHOW FULL COLUMNS FROM `cmf_option` [ RunTime:0.002090s ]
[2026-04-20T23:28:48+08:00][sql] SELECT `option_value` FROM `cmf_option` WHERE  `option_name` = 'cdn_settings' LIMIT 1 [ RunTime:0.000307s ]
[2026-04-20T23:28:48+08:00][sql] SELECT `option_value` FROM `cmf_option` WHERE  `option_name` = 'cdn_settings' LIMIT 1 [ RunTime:0.000239s ]
[2026-04-20T23:28:48+08:00][sql] SHOW FULL COLUMNS FROM `cmf_product_category` [ RunTime:0.001183s ]
[2026-04-20T23:28:48+08:00][sql] SELECT * FROM `cmf_product_category` WHERE  `parent_id` = 0 ORDER BY `list_order` ASC,`create_time` DESC [ RunTime:0.000417s ]
[2026-04-20T23:28:48+08:00][sql] SELECT * FROM `cmf_product_category` WHERE  `parent_id` IN (18,19,20,21,22,23,24,25,26,27) [ RunTime:0.000296s ]
[2026-04-20T23:28:48+08:00][sql] SHOW FULL COLUMNS FROM `cmf_portal_category` [ RunTime:0.001323s ]
[2026-04-20T23:28:48+08:00][sql] SELECT * FROM `cmf_portal_category` WHERE (  `type` = 8 ) AND `cmf_portal_category`.`delete_time` = '0' ORDER BY `list_order` ASC [ RunTime:0.000389s ]
[2026-04-20T23:28:48+08:00][sql] SHOW FULL COLUMNS FROM `cmf_product` [ RunTime:0.001243s ]
[2026-04-20T23:28:48+08:00][sql] SELECT COUNT(*) AS think_count FROM `cmf_product` LIMIT 1 [ RunTime:0.000261s ]
[2026-04-20T23:28:48+08:00][sql] SELECT `id`,`category_id`,`title`,`thumbnail`,`industry` FROM `cmf_product` ORDER BY `list_order` ASC,`create_time` DESC LIMIT 0,12 [ RunTime:0.000268s ]
[2026-04-20T23:28:48+08:00][sql] SHOW FULL COLUMNS FROM `cmf_slide_item` [ RunTime:0.001150s ]
[2026-04-20T23:28:48+08:00][sql] SELECT `title`,`description`,`image` FROM `cmf_slide_item` WHERE  `slide_id` = 2 ORDER BY `list_order` ASC LIMIT 1 [ RunTime:0.000393s ]
[2026-04-20T23:28:48+08:00][sql] SHOW FULL COLUMNS FROM `cmf_theme_file` [ RunTime:0.000942s ]
[2026-04-20T23:28:48+08:00][sql] SELECT `more`,`file`,`id` FROM `cmf_theme_file` WHERE  `theme` = 'simpleboot3'  AND (  `is_public` = 1 OR `file` = 'portal/product' ) ORDER BY `is_public` DESC [ RunTime:0.000760s ]
[2026-04-20T23:28:48+08:00][sql] SELECT `option_value` FROM `cmf_option` WHERE  `option_name` = 'storage' LIMIT 1 [ RunTime:0.000495s ]
[2026-04-20T23:29:08+08:00][sql] CONNECT:[ UseTime:0.002413s ] mysql:host=127.0.0.1;port=3306;dbname=weihua;charset=utf8mb4
[2026-04-20T23:29:08+08:00][sql] SHOW FULL COLUMNS FROM `cmf_option` [ RunTime:0.004081s ]
[2026-04-20T23:29:08+08:00][sql] SELECT `option_value` FROM `cmf_option` WHERE  `option_name` = 'cdn_settings' LIMIT 1 [ RunTime:0.000863s ]
[2026-04-20T23:29:08+08:00][sql] SELECT `option_value` FROM `cmf_option` WHERE  `option_name` = 'cdn_settings' LIMIT 1 [ RunTime:0.000515s ]
[2026-04-20T23:29:08+08:00][sql] SHOW FULL COLUMNS FROM `cmf_product_category` [ RunTime:0.002437s ]
[2026-04-20T23:29:08+08:00][sql] SELECT * FROM `cmf_product_category` WHERE  `parent_id` = 0 ORDER BY `list_order` ASC,`create_time` DESC [ RunTime:0.000682s ]
[2026-04-20T23:29:08+08:00][sql] SELECT * FROM `cmf_product_category` WHERE  `parent_id` IN (18,19,20,21,22,23,24,25,26,27) [ RunTime:0.000294s ]
[2026-04-20T23:29:08+08:00][sql] SHOW FULL COLUMNS FROM `cmf_portal_category` [ RunTime:0.001435s ]
[2026-04-20T23:29:08+08:00][sql] SELECT * FROM `cmf_portal_category` WHERE (  `type` = 8 ) AND `cmf_portal_category`.`delete_time` = '0' ORDER BY `list_order` ASC [ RunTime:0.000413s ]
[2026-04-20T23:29:08+08:00][sql] SHOW FULL COLUMNS FROM `cmf_product` [ RunTime:0.001858s ]
[2026-04-20T23:29:08+08:00][sql] SELECT COUNT(*) AS think_count FROM `cmf_product` LIMIT 1 [ RunTime:0.000556s ]
[2026-04-20T23:29:08+08:00][sql] SELECT `id`,`category_id`,`title`,`thumbnail`,`industry` FROM `cmf_product` ORDER BY `list_order` ASC,`create_time` DESC LIMIT 0,12 [ RunTime:0.000407s ]
[2026-04-20T23:29:08+08:00][sql] SHOW FULL COLUMNS FROM `cmf_slide_item` [ RunTime:0.001682s ]
[2026-04-20T23:29:08+08:00][sql] SELECT `title`,`description`,`image` FROM `cmf_slide_item` WHERE  `slide_id` = 2 ORDER BY `list_order` ASC LIMIT 1 [ RunTime:0.000417s ]
[2026-04-20T23:29:08+08:00][sql] SHOW FULL COLUMNS FROM `cmf_theme_file` [ RunTime:0.001016s ]
[2026-04-20T23:29:08+08:00][sql] SELECT `more`,`file`,`id` FROM `cmf_theme_file` WHERE  `theme` = 'simpleboot3'  AND (  `is_public` = 1 OR `file` = 'portal/product' ) ORDER BY `is_public` DESC [ RunTime:0.000393s ]
[2026-04-20T23:29:08+08:00][sql] SELECT `option_value` FROM `cmf_option` WHERE  `option_name` = 'storage' LIMIT 1 [ RunTime:0.000555s ]
[2026-04-20T23:29:21+08:00][sql] CONNECT:[ UseTime:0.001460s ] mysql:host=127.0.0.1;port=3306;dbname=weihua;charset=utf8mb4
[2026-04-20T23:29:21+08:00][sql] SHOW FULL COLUMNS FROM `cmf_option` [ RunTime:0.002594s ]
[2026-04-20T23:29:21+08:00][sql] SELECT `option_value` FROM `cmf_option` WHERE  `option_name` = 'cdn_settings' LIMIT 1 [ RunTime:0.000320s ]
[2026-04-20T23:29:21+08:00][sql] SELECT `option_value` FROM `cmf_option` WHERE  `option_name` = 'cdn_settings' LIMIT 1 [ RunTime:0.000233s ]
[2026-04-20T23:29:21+08:00][sql] SHOW FULL COLUMNS FROM `cmf_product_category` [ RunTime:0.001408s ]
[2026-04-20T23:29:21+08:00][sql] SELECT * FROM `cmf_product_category` WHERE  `parent_id` = 0 ORDER BY `list_order` ASC,`create_time` DESC [ RunTime:0.000702s ]
[2026-04-20T23:29:21+08:00][sql] SELECT * FROM `cmf_product_category` WHERE  `parent_id` IN (18,19,20,21,22,23,24,25,26,27) [ RunTime:0.000298s ]
[2026-04-20T23:29:21+08:00][sql] SHOW FULL COLUMNS FROM `cmf_portal_category` [ RunTime:0.001433s ]
[2026-04-20T23:29:21+08:00][sql] SELECT * FROM `cmf_portal_category` WHERE (  `type` = 8 ) AND `cmf_portal_category`.`delete_time` = '0' ORDER BY `list_order` ASC [ RunTime:0.000438s ]
[2026-04-20T23:29:21+08:00][sql] SHOW FULL COLUMNS FROM `cmf_product` [ RunTime:0.001601s ]
[2026-04-20T23:29:21+08:00][sql] SELECT COUNT(*) AS think_count FROM `cmf_product` LIMIT 1 [ RunTime:0.000319s ]
[2026-04-20T23:29:21+08:00][sql] SELECT `id`,`category_id`,`title`,`thumbnail`,`industry` FROM `cmf_product` ORDER BY `list_order` ASC,`create_time` DESC LIMIT 0,12 [ RunTime:0.000230s ]
[2026-04-20T23:29:21+08:00][sql] SHOW FULL COLUMNS FROM `cmf_slide_item` [ RunTime:0.001293s ]
[2026-04-20T23:29:21+08:00][sql] SELECT `title`,`description`,`image` FROM `cmf_slide_item` WHERE  `slide_id` = 2 ORDER BY `list_order` ASC LIMIT 1 [ RunTime:0.000413s ]
[2026-04-20T23:29:21+08:00][sql] SHOW FULL COLUMNS FROM `cmf_theme_file` [ RunTime:0.000900s ]
[2026-04-20T23:29:21+08:00][sql] SELECT `more`,`file`,`id` FROM `cmf_theme_file` WHERE  `theme` = 'simpleboot3'  AND (  `is_public` = 1 OR `file` = 'portal/product' ) ORDER BY `is_public` DESC [ RunTime:0.000548s ]
[2026-04-20T23:29:21+08:00][sql] SELECT `option_value` FROM `cmf_option` WHERE  `option_name` = 'storage' LIMIT 1 [ RunTime:0.000264s ]
[2026-04-20T23:29:26+08:00][sql] CONNECT:[ UseTime:0.001381s ] mysql:host=127.0.0.1;port=3306;dbname=weihua;charset=utf8mb4
[2026-04-20T23:29:26+08:00][sql] SHOW FULL COLUMNS FROM `cmf_option` [ RunTime:0.002318s ]
[2026-04-20T23:29:26+08:00][sql] SELECT `option_value` FROM `cmf_option` WHERE  `option_name` = 'cdn_settings' LIMIT 1 [ RunTime:0.000514s ]
[2026-04-20T23:29:26+08:00][sql] SELECT `option_value` FROM `cmf_option` WHERE  `option_name` = 'cdn_settings' LIMIT 1 [ RunTime:0.000293s ]
[2026-04-20T23:29:26+08:00][sql] SHOW FULL COLUMNS FROM `cmf_product_category` [ RunTime:0.001430s ]
[2026-04-20T23:29:26+08:00][sql] SELECT * FROM `cmf_product_category` WHERE  `parent_id` = 0 ORDER BY `list_order` ASC,`create_time` DESC [ RunTime:0.000676s ]
[2026-04-20T23:29:26+08:00][sql] SELECT * FROM `cmf_product_category` WHERE  `parent_id` IN (18,19,20,21,22,23,24,25,26,27) [ RunTime:0.000333s ]
[2026-04-20T23:29:26+08:00][sql] SHOW FULL COLUMNS FROM `cmf_portal_category` [ RunTime:0.001305s ]
[2026-04-20T23:29:26+08:00][sql] SELECT * FROM `cmf_portal_category` WHERE (  `type` = 8 ) AND `cmf_portal_category`.`delete_time` = '0' ORDER BY `list_order` ASC [ RunTime:0.000468s ]
[2026-04-20T23:29:26+08:00][sql] SHOW FULL COLUMNS FROM `cmf_product` [ RunTime:0.001609s ]
[2026-04-20T23:29:26+08:00][sql] SELECT * FROM `cmf_product` WHERE  `id` = 62 LIMIT 1 [ RunTime:0.000682s ]
[2026-04-20T23:29:26+08:00][sql] SELECT * FROM `cmf_product_category` WHERE  `id` = 18 LIMIT 1 [ RunTime:0.000256s ]
[2026-04-20T23:29:26+08:00][sql] SELECT `id`,`title`,`industry`,`thumbnail` FROM `cmf_product` WHERE  `id` <> 62  AND `is_recommended` = 1  AND `category_id` = 18 ORDER BY RAND() LIMIT 4 [ RunTime:0.000444s ]
[2026-04-20T23:29:26+08:00][sql] SHOW FULL COLUMNS FROM `cmf_slide_item` [ RunTime:0.001243s ]
[2026-04-20T23:29:26+08:00][sql] SELECT `title`,`description`,`image` FROM `cmf_slide_item` WHERE  `slide_id` = 2 ORDER BY `list_order` ASC LIMIT 1 [ RunTime:0.000377s ]
[2026-04-20T23:29:26+08:00][sql] SHOW FULL COLUMNS FROM `cmf_theme_file` [ RunTime:0.001083s ]
[2026-04-20T23:29:26+08:00][sql] SELECT `more`,`file`,`id` FROM `cmf_theme_file` WHERE  `theme` = 'simpleboot3'  AND (  `is_public` = 1 OR `file` = 'portal/product-info' ) ORDER BY `is_public` DESC [ RunTime:0.000447s ]
[2026-04-20T23:29:26+08:00][sql] SELECT `option_value` FROM `cmf_option` WHERE  `option_name` = 'storage' LIMIT 1 [ RunTime:0.000523s ]
[2026-04-20T23:29:45+08:00][sql] CONNECT:[ UseTime:0.001058s ] mysql:host=127.0.0.1;port=3306;dbname=weihua;charset=utf8mb4
[2026-04-20T23:29:45+08:00][sql] SHOW FULL COLUMNS FROM `cmf_option` [ RunTime:0.002340s ]
[2026-04-20T23:29:45+08:00][sql] SELECT `option_value` FROM `cmf_option` WHERE  `option_name` = 'cdn_settings' LIMIT 1 [ RunTime:0.000303s ]
[2026-04-20T23:29:45+08:00][sql] SELECT `option_value` FROM `cmf_option` WHERE  `option_name` = 'cdn_settings' LIMIT 1 [ RunTime:0.000401s ]
[2026-04-20T23:29:45+08:00][sql] SHOW FULL COLUMNS FROM `cmf_product_category` [ RunTime:0.001746s ]
[2026-04-20T23:29:45+08:00][sql] SELECT * FROM `cmf_product_category` WHERE  `parent_id` = 0 ORDER BY `list_order` ASC,`create_time` DESC [ RunTime:0.000543s ]
[2026-04-20T23:29:45+08:00][sql] SELECT * FROM `cmf_product_category` WHERE  `parent_id` IN (18,19,20,21,22,23,24,25,26,27) [ RunTime:0.000561s ]
[2026-04-20T23:29:45+08:00][sql] SHOW FULL COLUMNS FROM `cmf_portal_category` [ RunTime:0.002567s ]
[2026-04-20T23:29:45+08:00][sql] SELECT * FROM `cmf_portal_category` WHERE (  `type` = 8 ) AND `cmf_portal_category`.`delete_time` = '0' ORDER BY `list_order` ASC [ RunTime:0.000778s ]
[2026-04-20T23:29:45+08:00][sql] SHOW FULL COLUMNS FROM `cmf_product` [ RunTime:0.001760s ]
[2026-04-20T23:29:45+08:00][sql] SELECT * FROM `cmf_product` WHERE  `id` = 62 LIMIT 1 [ RunTime:0.000524s ]
[2026-04-20T23:29:45+08:00][sql] SELECT * FROM `cmf_product_category` WHERE  `id` = 18 LIMIT 1 [ RunTime:0.000277s ]
[2026-04-20T23:29:45+08:00][sql] SELECT `id`,`title`,`industry`,`thumbnail` FROM `cmf_product` WHERE  `id` <> 62  AND `is_recommended` = 1  AND `category_id` = 18 ORDER BY RAND() LIMIT 4 [ RunTime:0.000438s ]
[2026-04-20T23:29:45+08:00][sql] SHOW FULL COLUMNS FROM `cmf_slide_item` [ RunTime:0.000948s ]
[2026-04-20T23:29:45+08:00][sql] SELECT `title`,`description`,`image` FROM `cmf_slide_item` WHERE  `slide_id` = 2 ORDER BY `list_order` ASC LIMIT 1 [ RunTime:0.000268s ]
[2026-04-20T23:29:45+08:00][sql] SHOW FULL COLUMNS FROM `cmf_theme_file` [ RunTime:0.001014s ]
[2026-04-20T23:29:45+08:00][sql] SELECT `more`,`file`,`id` FROM `cmf_theme_file` WHERE  `theme` = 'simpleboot3'  AND (  `is_public` = 1 OR `file` = 'portal/product-info' ) ORDER BY `is_public` DESC [ RunTime:0.000268s ]
[2026-04-20T23:29:45+08:00][sql] SELECT `option_value` FROM `cmf_option` WHERE  `option_name` = 'storage' LIMIT 1 [ RunTime:0.000204s ]
[2026-04-20T23:30:00+08:00][sql] CONNECT:[ UseTime:0.001341s ] mysql:host=127.0.0.1;port=3306;dbname=weihua;charset=utf8mb4
[2026-04-20T23:30:00+08:00][sql] SHOW FULL COLUMNS FROM `cmf_option` [ RunTime:0.002440s ]
[2026-04-20T23:30:00+08:00][sql] SELECT `option_value` FROM `cmf_option` WHERE  `option_name` = 'cdn_settings' LIMIT 1 [ RunTime:0.000491s ]
[2026-04-20T23:30:00+08:00][sql] SELECT `option_value` FROM `cmf_option` WHERE  `option_name` = 'cdn_settings' LIMIT 1 [ RunTime:0.000263s ]
[2026-04-20T23:30:00+08:00][sql] SHOW FULL COLUMNS FROM `cmf_product_category` [ RunTime:0.001276s ]
[2026-04-20T23:30:00+08:00][sql] SELECT * FROM `cmf_product_category` WHERE  `parent_id` = 0 ORDER BY `list_order` ASC,`create_time` DESC [ RunTime:0.000432s ]
[2026-04-20T23:30:00+08:00][sql] SELECT * FROM `cmf_product_category` WHERE  `parent_id` IN (18,19,20,21,22,23,24,25,26,27) [ RunTime:0.000306s ]
[2026-04-20T23:30:00+08:00][sql] SHOW FULL COLUMNS FROM `cmf_portal_category` [ RunTime:0.001048s ]
[2026-04-20T23:30:00+08:00][sql] SELECT * FROM `cmf_portal_category` WHERE (  `type` = 8 ) AND `cmf_portal_category`.`delete_time` = '0' ORDER BY `list_order` ASC [ RunTime:0.000361s ]
[2026-04-20T23:30:00+08:00][sql] SHOW FULL COLUMNS FROM `cmf_product` [ RunTime:0.002806s ]
[2026-04-20T23:30:00+08:00][sql] SELECT * FROM `cmf_product` WHERE  `id` = 62 LIMIT 1 [ RunTime:0.000957s ]
[2026-04-20T23:30:00+08:00][sql] SELECT * FROM `cmf_product_category` WHERE  `id` = 18 LIMIT 1 [ RunTime:0.000505s ]
[2026-04-20T23:30:00+08:00][sql] SELECT `id`,`title`,`industry`,`thumbnail` FROM `cmf_product` WHERE  `id` <> 62  AND `is_recommended` = 1  AND `category_id` = 18 ORDER BY RAND() LIMIT 4 [ RunTime:0.000758s ]
[2026-04-20T23:30:00+08:00][sql] SHOW FULL COLUMNS FROM `cmf_slide_item` [ RunTime:0.002172s ]
[2026-04-20T23:30:00+08:00][sql] SELECT `title`,`description`,`image` FROM `cmf_slide_item` WHERE  `slide_id` = 2 ORDER BY `list_order` ASC LIMIT 1 [ RunTime:0.000633s ]
[2026-04-20T23:30:00+08:00][sql] SHOW FULL COLUMNS FROM `cmf_theme_file` [ RunTime:0.002077s ]
[2026-04-20T23:30:00+08:00][sql] SELECT `more`,`file`,`id` FROM `cmf_theme_file` WHERE  `theme` = 'simpleboot3'  AND (  `is_public` = 1 OR `file` = 'portal/product-info' ) ORDER BY `is_public` DESC [ RunTime:0.000726s ]
[2026-04-20T23:30:00+08:00][sql] SELECT `option_value` FROM `cmf_option` WHERE  `option_name` = 'storage' LIMIT 1 [ RunTime:0.000584s ]
[2026-04-20T23:30:02+08:00][sql] CONNECT:[ UseTime:0.000857s ] mysql:host=127.0.0.1;port=3306;dbname=weihua;charset=utf8mb4
[2026-04-20T23:30:02+08:00][sql] SHOW FULL COLUMNS FROM `cmf_option` [ RunTime:0.002372s ]
[2026-04-20T23:30:02+08:00][sql] SELECT `option_value` FROM `cmf_option` WHERE  `option_name` = 'cdn_settings' LIMIT 1 [ RunTime:0.000602s ]
[2026-04-20T23:30:02+08:00][sql] SELECT `option_value` FROM `cmf_option` WHERE  `option_name` = 'cdn_settings' LIMIT 1 [ RunTime:0.000442s ]
[2026-04-20T23:30:02+08:00][sql] SHOW FULL COLUMNS FROM `cmf_product_category` [ RunTime:0.001457s ]
[2026-04-20T23:30:02+08:00][sql] SELECT * FROM `cmf_product_category` WHERE  `parent_id` = 0 ORDER BY `list_order` ASC,`create_time` DESC [ RunTime:0.000785s ]
[2026-04-20T23:30:02+08:00][sql] SELECT * FROM `cmf_product_category` WHERE  `parent_id` IN (18,19,20,21,22,23,24,25,26,27) [ RunTime:0.011917s ]
[2026-04-20T23:30:02+08:00][sql] SHOW FULL COLUMNS FROM `cmf_portal_category` [ RunTime:0.002620s ]
[2026-04-20T23:30:02+08:00][sql] SELECT * FROM `cmf_portal_category` WHERE (  `type` = 8 ) AND `cmf_portal_category`.`delete_time` = '0' ORDER BY `list_order` ASC [ RunTime:0.000840s ]
[2026-04-20T23:30:02+08:00][sql] SHOW FULL COLUMNS FROM `cmf_slide_item` [ RunTime:0.001921s ]
[2026-04-20T23:30:02+08:00][sql] SELECT `title`,`description`,`image` FROM `cmf_slide_item` WHERE  `slide_id` = 5 ORDER BY `list_order` ASC LIMIT 1 [ RunTime:0.000409s ]
[2026-04-20T23:30:02+08:00][sql] SHOW FULL COLUMNS FROM `cmf_theme_file` [ RunTime:0.001863s ]
[2026-04-20T23:30:02+08:00][sql] SELECT `more`,`file`,`id` FROM `cmf_theme_file` WHERE  `theme` = 'simpleboot3'  AND (  `is_public` = 1 OR `file` = 'portal/quote' ) ORDER BY `is_public` DESC [ RunTime:0.000403s ]
[2026-04-20T23:30:02+08:00][sql] SELECT `option_value` FROM `cmf_option` WHERE  `option_name` = 'storage' LIMIT 1 [ RunTime:0.000665s ]
[2026-04-20T23:30:19+08:00][sql] CONNECT:[ UseTime:0.001743s ] mysql:host=127.0.0.1;port=3306;dbname=weihua;charset=utf8mb4
[2026-04-20T23:30:19+08:00][sql] SHOW FULL COLUMNS FROM `cmf_option` [ RunTime:0.003281s ]
[2026-04-20T23:30:19+08:00][sql] SELECT `option_value` FROM `cmf_option` WHERE  `option_name` = 'cdn_settings' LIMIT 1 [ RunTime:0.000465s ]
[2026-04-20T23:30:19+08:00][sql] SELECT `option_value` FROM `cmf_option` WHERE  `option_name` = 'cdn_settings' LIMIT 1 [ RunTime:0.000304s ]
[2026-04-20T23:30:19+08:00][sql] SHOW FULL COLUMNS FROM `cmf_product_category` [ RunTime:0.001587s ]
[2026-04-20T23:30:19+08:00][sql] SELECT * FROM `cmf_product_category` WHERE  `parent_id` = 0 ORDER BY `list_order` ASC,`create_time` DESC [ RunTime:0.000520s ]
[2026-04-20T23:30:19+08:00][sql] SELECT * FROM `cmf_product_category` WHERE  `parent_id` IN (18,19,20,21,22,23,24,25,26,27) [ RunTime:0.000268s ]
[2026-04-20T23:30:19+08:00][sql] SHOW FULL COLUMNS FROM `cmf_portal_category` [ RunTime:0.001148s ]
[2026-04-20T23:30:19+08:00][sql] SELECT * FROM `cmf_portal_category` WHERE (  `type` = 8 ) AND `cmf_portal_category`.`delete_time` = '0' ORDER BY `list_order` ASC [ RunTime:0.000409s ]
[2026-04-20T23:30:19+08:00][sql] SHOW FULL COLUMNS FROM `cmf_slide_item` [ RunTime:0.001249s ]
[2026-04-20T23:30:19+08:00][sql] SELECT `title`,`description`,`image` FROM `cmf_slide_item` WHERE  `slide_id` = 6 ORDER BY `list_order` ASC LIMIT 1 [ RunTime:0.000447s ]
[2026-04-20T23:30:19+08:00][sql] SHOW FULL COLUMNS FROM `cmf_theme_file` [ RunTime:0.001326s ]
[2026-04-20T23:30:19+08:00][sql] SELECT `more`,`file`,`id` FROM `cmf_theme_file` WHERE  `theme` = 'simpleboot3'  AND (  `is_public` = 1 OR `file` = 'portal/service' ) ORDER BY `is_public` DESC [ RunTime:0.000384s ]
[2026-04-20T23:30:19+08:00][sql] SELECT `option_value` FROM `cmf_option` WHERE  `option_name` = 'storage' LIMIT 1 [ RunTime:0.000294s ]
[2026-04-20T23:30:42+08:00][sql] CONNECT:[ UseTime:0.009153s ] mysql:host=127.0.0.1;port=3306;dbname=weihua;charset=utf8mb4
[2026-04-20T23:30:42+08:00][sql] SHOW FULL COLUMNS FROM `cmf_option` [ RunTime:0.003316s ]
[2026-04-20T23:30:42+08:00][sql] SELECT `option_value` FROM `cmf_option` WHERE  `option_name` = 'cdn_settings' LIMIT 1 [ RunTime:0.000384s ]
[2026-04-20T23:30:42+08:00][sql] SELECT `option_value` FROM `cmf_option` WHERE  `option_name` = 'cdn_settings' LIMIT 1 [ RunTime:0.000340s ]
[2026-04-20T23:30:42+08:00][sql] SHOW FULL COLUMNS FROM `cmf_product_category` [ RunTime:0.001422s ]
[2026-04-20T23:30:42+08:00][sql] SELECT * FROM `cmf_product_category` WHERE  `parent_id` = 0 ORDER BY `list_order` ASC,`create_time` DESC [ RunTime:0.000495s ]
[2026-04-20T23:30:42+08:00][sql] SELECT * FROM `cmf_product_category` WHERE  `parent_id` IN (18,19,20,21,22,23,24,25,26,27) [ RunTime:0.000262s ]
[2026-04-20T23:30:42+08:00][sql] SHOW FULL COLUMNS FROM `cmf_portal_category` [ RunTime:0.001312s ]
[2026-04-20T23:30:42+08:00][sql] SELECT * FROM `cmf_portal_category` WHERE (  `type` = 8 ) AND `cmf_portal_category`.`delete_time` = '0' ORDER BY `list_order` ASC [ RunTime:0.000333s ]
[2026-04-20T23:30:42+08:00][sql] SHOW FULL COLUMNS FROM `cmf_slide_item` [ RunTime:0.001083s ]
[2026-04-20T23:30:42+08:00][sql] SELECT `title`,`description`,`image` FROM `cmf_slide_item` WHERE  `slide_id` = 6 ORDER BY `list_order` ASC LIMIT 1 [ RunTime:0.000326s ]
[2026-04-20T23:30:42+08:00][sql] SHOW FULL COLUMNS FROM `cmf_theme_file` [ RunTime:0.001087s ]
[2026-04-20T23:30:42+08:00][sql] SELECT `more`,`file`,`id` FROM `cmf_theme_file` WHERE  `theme` = 'simpleboot3'  AND (  `is_public` = 1 OR `file` = 'portal/service' ) ORDER BY `is_public` DESC [ RunTime:0.000339s ]
[2026-04-20T23:30:42+08:00][sql] SELECT `option_value` FROM `cmf_option` WHERE  `option_name` = 'storage' LIMIT 1 [ RunTime:0.000219s ]
[2026-04-20T23:31:27+08:00][sql] CONNECT:[ UseTime:0.005043s ] mysql:host=127.0.0.1;port=3306;dbname=weihua;charset=utf8mb4
[2026-04-20T23:31:27+08:00][sql] SHOW FULL COLUMNS FROM `cmf_option` [ RunTime:0.005093s ]
[2026-04-20T23:31:27+08:00][sql] SELECT `option_value` FROM `cmf_option` WHERE  `option_name` = 'cdn_settings' LIMIT 1 [ RunTime:0.000985s ]
[2026-04-20T23:31:27+08:00][sql] SELECT `option_value` FROM `cmf_option` WHERE  `option_name` = 'cdn_settings' LIMIT 1 [ RunTime:0.000580s ]
[2026-04-20T23:31:27+08:00][sql] SHOW FULL COLUMNS FROM `cmf_product_category` [ RunTime:0.002294s ]
[2026-04-20T23:31:27+08:00][sql] SELECT * FROM `cmf_product_category` WHERE  `parent_id` = 0 ORDER BY `list_order` ASC,`create_time` DESC [ RunTime:0.000616s ]
[2026-04-20T23:31:27+08:00][sql] SELECT * FROM `cmf_product_category` WHERE  `parent_id` IN (18,19,20,21,22,23,24,25,26,27) [ RunTime:0.000767s ]
[2026-04-20T23:31:27+08:00][sql] SHOW FULL COLUMNS FROM `cmf_portal_category` [ RunTime:0.002431s ]
[2026-04-20T23:31:27+08:00][sql] SELECT * FROM `cmf_portal_category` WHERE (  `type` = 8 ) AND `cmf_portal_category`.`delete_time` = '0' ORDER BY `list_order` ASC [ RunTime:0.001167s ]
[2026-04-20T23:31:27+08:00][sql] SHOW FULL COLUMNS FROM `cmf_slide_item` [ RunTime:0.002500s ]
[2026-04-20T23:31:27+08:00][sql] SELECT `title`,`description`,`image` FROM `cmf_slide_item` WHERE  `slide_id` = 6 ORDER BY `list_order` ASC LIMIT 1 [ RunTime:0.003357s ]
[2026-04-20T23:31:27+08:00][sql] SHOW FULL COLUMNS FROM `cmf_theme_file` [ RunTime:0.002472s ]
[2026-04-20T23:31:27+08:00][sql] SELECT `more`,`file`,`id` FROM `cmf_theme_file` WHERE  `theme` = 'simpleboot3'  AND (  `is_public` = 1 OR `file` = 'portal/service' ) ORDER BY `is_public` DESC [ RunTime:0.001703s ]
[2026-04-20T23:31:27+08:00][sql] SELECT `option_value` FROM `cmf_option` WHERE  `option_name` = 'storage' LIMIT 1 [ RunTime:0.000627s ]
[2026-04-20T23:34:07+08:00][sql] CONNECT:[ UseTime:0.001967s ] mysql:host=127.0.0.1;port=3306;dbname=weihua;charset=utf8mb4
[2026-04-20T23:34:07+08:00][sql] SHOW FULL COLUMNS FROM `cmf_option` [ RunTime:0.002779s ]
[2026-04-20T23:34:07+08:00][sql] SELECT `option_value` FROM `cmf_option` WHERE  `option_name` = 'cdn_settings' LIMIT 1 [ RunTime:0.000518s ]
[2026-04-20T23:34:07+08:00][sql] SELECT `option_value` FROM `cmf_option` WHERE  `option_name` = 'cdn_settings' LIMIT 1 [ RunTime:0.000279s ]
[2026-04-20T23:34:07+08:00][sql] SHOW FULL COLUMNS FROM `cmf_product_category` [ RunTime:0.001447s ]
[2026-04-20T23:34:07+08:00][sql] SELECT * FROM `cmf_product_category` WHERE  `parent_id` = 0 ORDER BY `list_order` ASC,`create_time` DESC [ RunTime:0.000511s ]
[2026-04-20T23:34:07+08:00][sql] SELECT * FROM `cmf_product_category` WHERE  `parent_id` IN (18,19,20,21,22,23,24,25,26,27) [ RunTime:0.000378s ]
[2026-04-20T23:34:07+08:00][sql] SHOW FULL COLUMNS FROM `cmf_portal_category` [ RunTime:0.001307s ]
[2026-04-20T23:34:07+08:00][sql] SELECT * FROM `cmf_portal_category` WHERE (  `type` = 8 ) AND `cmf_portal_category`.`delete_time` = '0' ORDER BY `list_order` ASC [ RunTime:0.000403s ]
[2026-04-20T23:34:07+08:00][sql] SHOW FULL COLUMNS FROM `cmf_product` [ RunTime:0.001356s ]
[2026-04-20T23:34:07+08:00][sql] SELECT COUNT(*) AS think_count FROM `cmf_product` LIMIT 1 [ RunTime:0.000457s ]
[2026-04-20T23:34:07+08:00][sql] SELECT `id`,`category_id`,`title`,`thumbnail`,`industry` FROM `cmf_product` ORDER BY `list_order` ASC,`create_time` DESC LIMIT 0,12 [ RunTime:0.000338s ]
[2026-04-20T23:34:07+08:00][sql] SHOW FULL COLUMNS FROM `cmf_slide_item` [ RunTime:0.001584s ]
[2026-04-20T23:34:07+08:00][sql] SELECT `title`,`description`,`image` FROM `cmf_slide_item` WHERE  `slide_id` = 2 ORDER BY `list_order` ASC LIMIT 1 [ RunTime:0.000448s ]
[2026-04-20T23:34:07+08:00][sql] SHOW FULL COLUMNS FROM `cmf_theme_file` [ RunTime:0.001183s ]
[2026-04-20T23:34:07+08:00][sql] SELECT `more`,`file`,`id` FROM `cmf_theme_file` WHERE  `theme` = 'simpleboot3'  AND (  `is_public` = 1 OR `file` = 'portal/product' ) ORDER BY `is_public` DESC [ RunTime:0.000454s ]
[2026-04-20T23:34:07+08:00][sql] SELECT `option_value` FROM `cmf_option` WHERE  `option_name` = 'storage' LIMIT 1 [ RunTime:0.000489s ]
[2026-04-20T23:34:13+08:00][sql] CONNECT:[ UseTime:0.001239s ] mysql:host=127.0.0.1;port=3306;dbname=weihua;charset=utf8mb4
[2026-04-20T23:34:13+08:00][sql] SHOW FULL COLUMNS FROM `cmf_option` [ RunTime:0.002049s ]
[2026-04-20T23:34:13+08:00][sql] SELECT `option_value` FROM `cmf_option` WHERE  `option_name` = 'cdn_settings' LIMIT 1 [ RunTime:0.000374s ]
[2026-04-20T23:34:13+08:00][sql] SELECT `option_value` FROM `cmf_option` WHERE  `option_name` = 'cdn_settings' LIMIT 1 [ RunTime:0.000211s ]
[2026-04-20T23:34:13+08:00][sql] SHOW FULL COLUMNS FROM `cmf_product_category` [ RunTime:0.001423s ]
[2026-04-20T23:34:13+08:00][sql] SELECT * FROM `cmf_product_category` WHERE  `parent_id` = 0 ORDER BY `list_order` ASC,`create_time` DESC [ RunTime:0.000460s ]
[2026-04-20T23:34:13+08:00][sql] SELECT * FROM `cmf_product_category` WHERE  `parent_id` IN (18,19,20,21,22,23,24,25,26,27) [ RunTime:0.000273s ]
[2026-04-20T23:34:13+08:00][sql] SHOW FULL COLUMNS FROM `cmf_portal_category` [ RunTime:0.001288s ]
[2026-04-20T23:34:13+08:00][sql] SELECT * FROM `cmf_portal_category` WHERE (  `type` = 8 ) AND `cmf_portal_category`.`delete_time` = '0' ORDER BY `list_order` ASC [ RunTime:0.000449s ]
[2026-04-20T23:34:13+08:00][sql] SHOW FULL COLUMNS FROM `cmf_product` [ RunTime:0.002036s ]
[2026-04-20T23:34:13+08:00][sql] SELECT COUNT(*) AS think_count FROM `cmf_product` LIMIT 1 [ RunTime:0.000378s ]
[2026-04-20T23:34:13+08:00][sql] SELECT `id`,`category_id`,`title`,`thumbnail`,`industry` FROM `cmf_product` ORDER BY `list_order` ASC,`create_time` DESC LIMIT 0,12 [ RunTime:0.000240s ]
[2026-04-20T23:34:13+08:00][sql] SHOW FULL COLUMNS FROM `cmf_slide_item` [ RunTime:0.001122s ]
[2026-04-20T23:34:13+08:00][sql] SELECT `title`,`description`,`image` FROM `cmf_slide_item` WHERE  `slide_id` = 7 ORDER BY `list_order` ASC LIMIT 1 [ RunTime:0.000434s ]
[2026-04-20T23:34:13+08:00][sql] SHOW FULL COLUMNS FROM `cmf_theme_file` [ RunTime:0.001149s ]
[2026-04-20T23:34:13+08:00][sql] SELECT `more`,`file`,`id` FROM `cmf_theme_file` WHERE  `theme` = 'simpleboot3_mobile'  AND (  `is_public` = 1 OR `file` = 'portal/product' ) ORDER BY `is_public` DESC [ RunTime:0.000402s ]
[2026-04-20T23:34:13+08:00][sql] SELECT `option_value` FROM `cmf_option` WHERE  `option_name` = 'storage' LIMIT 1 [ RunTime:0.000326s ]
[2026-04-20T23:34:14+08:00][sql] CONNECT:[ UseTime:0.000748s ] mysql:host=127.0.0.1;port=3306;dbname=weihua;charset=utf8mb4
[2026-04-20T23:34:14+08:00][sql] SHOW FULL COLUMNS FROM `cmf_option` [ RunTime:0.001664s ]
[2026-04-20T23:34:14+08:00][sql] SELECT `option_value` FROM `cmf_option` WHERE  `option_name` = 'cdn_settings' LIMIT 1 [ RunTime:0.000266s ]
[2026-04-20T23:34:14+08:00][sql] SELECT `option_value` FROM `cmf_option` WHERE  `option_name` = 'cdn_settings' LIMIT 1 [ RunTime:0.000180s ]
[2026-04-20T23:34:14+08:00][sql] SHOW FULL COLUMNS FROM `cmf_product_category` [ RunTime:0.001225s ]
[2026-04-20T23:34:14+08:00][sql] SELECT * FROM `cmf_product_category` WHERE  `parent_id` = 0 ORDER BY `list_order` ASC,`create_time` DESC [ RunTime:0.000411s ]
[2026-04-20T23:34:14+08:00][sql] SELECT * FROM `cmf_product_category` WHERE  `parent_id` IN (18,19,20,21,22,23,24,25,26,27) [ RunTime:0.000398s ]
[2026-04-20T23:34:14+08:00][sql] SHOW FULL COLUMNS FROM `cmf_portal_category` [ RunTime:0.001552s ]
[2026-04-20T23:34:14+08:00][sql] SELECT * FROM `cmf_portal_category` WHERE (  `type` = 8 ) AND `cmf_portal_category`.`delete_time` = '0' ORDER BY `list_order` ASC [ RunTime:0.000536s ]
[2026-04-20T23:34:14+08:00][sql] SHOW FULL COLUMNS FROM `cmf_product` [ RunTime:0.001807s ]
[2026-04-20T23:34:14+08:00][sql] SELECT * FROM `cmf_product` WHERE  `id` = 62 LIMIT 1 [ RunTime:0.000977s ]
[2026-04-20T23:34:14+08:00][sql] SELECT * FROM `cmf_product_category` WHERE  `id` = 18 LIMIT 1 [ RunTime:0.000944s ]
[2026-04-20T23:34:14+08:00][sql] SELECT `id`,`title`,`industry`,`thumbnail` FROM `cmf_product` WHERE  `id` <> 62  AND `is_recommended` = 1  AND `category_id` = 18 ORDER BY RAND() LIMIT 4 [ RunTime:0.000701s ]
[2026-04-20T23:34:14+08:00][sql] SHOW FULL COLUMNS FROM `cmf_slide_item` [ RunTime:0.001856s ]
[2026-04-20T23:34:14+08:00][sql] SELECT `title`,`description`,`image` FROM `cmf_slide_item` WHERE  `slide_id` = 7 ORDER BY `list_order` ASC LIMIT 1 [ RunTime:0.000513s ]
[2026-04-20T23:34:14+08:00][sql] SHOW FULL COLUMNS FROM `cmf_theme_file` [ RunTime:0.001891s ]
[2026-04-20T23:34:14+08:00][sql] SELECT `more`,`file`,`id` FROM `cmf_theme_file` WHERE  `theme` = 'simpleboot3_mobile'  AND (  `is_public` = 1 OR `file` = 'portal/product-info' ) ORDER BY `is_public` DESC [ RunTime:0.001315s ]
[2026-04-20T23:34:14+08:00][sql] SELECT `option_value` FROM `cmf_option` WHERE  `option_name` = 'storage' LIMIT 1 [ RunTime:0.001649s ]
[2026-04-20T23:35:37+08:00][sql] CONNECT:[ UseTime:0.001562s ] mysql:host=127.0.0.1;port=3306;dbname=weihua;charset=utf8mb4
[2026-04-20T23:35:37+08:00][sql] SHOW FULL COLUMNS FROM `cmf_option` [ RunTime:0.002559s ]
[2026-04-20T23:35:37+08:00][sql] SELECT `option_value` FROM `cmf_option` WHERE  `option_name` = 'cdn_settings' LIMIT 1 [ RunTime:0.000417s ]
[2026-04-20T23:35:37+08:00][sql] SELECT `option_value` FROM `cmf_option` WHERE  `option_name` = 'cdn_settings' LIMIT 1 [ RunTime:0.000198s ]
[2026-04-20T23:35:37+08:00][sql] SHOW FULL COLUMNS FROM `cmf_product_category` [ RunTime:0.000915s ]
[2026-04-20T23:35:37+08:00][sql] SELECT * FROM `cmf_product_category` WHERE  `parent_id` = 0 ORDER BY `list_order` ASC,`create_time` DESC [ RunTime:0.000382s ]
[2026-04-20T23:35:37+08:00][sql] SELECT * FROM `cmf_product_category` WHERE  `parent_id` IN (18,19,20,21,22,23,24,25,26,27) [ RunTime:0.000230s ]
[2026-04-20T23:35:37+08:00][sql] SHOW FULL COLUMNS FROM `cmf_portal_category` [ RunTime:0.001260s ]
[2026-04-20T23:35:37+08:00][sql] SELECT * FROM `cmf_portal_category` WHERE (  `type` = 8 ) AND `cmf_portal_category`.`delete_time` = '0' ORDER BY `list_order` ASC [ RunTime:0.000336s ]
[2026-04-20T23:35:37+08:00][sql] SHOW FULL COLUMNS FROM `cmf_product` [ RunTime:0.001386s ]
[2026-04-20T23:35:37+08:00][sql] SELECT * FROM `cmf_product` WHERE  `id` = 62 LIMIT 1 [ RunTime:0.000464s ]
[2026-04-20T23:35:37+08:00][sql] SELECT * FROM `cmf_product_category` WHERE  `id` = 18 LIMIT 1 [ RunTime:0.000188s ]
[2026-04-20T23:35:37+08:00][sql] SELECT `id`,`title`,`industry`,`thumbnail` FROM `cmf_product` WHERE  `id` <> 62  AND `is_recommended` = 1  AND `category_id` = 18 ORDER BY RAND() LIMIT 4 [ RunTime:0.000431s ]
[2026-04-20T23:35:37+08:00][sql] SHOW FULL COLUMNS FROM `cmf_slide_item` [ RunTime:0.000950s ]
[2026-04-20T23:35:37+08:00][sql] SELECT `title`,`description`,`image` FROM `cmf_slide_item` WHERE  `slide_id` = 7 ORDER BY `list_order` ASC LIMIT 1 [ RunTime:0.000305s ]
[2026-04-20T23:35:37+08:00][sql] SHOW FULL COLUMNS FROM `cmf_theme_file` [ RunTime:0.000873s ]
[2026-04-20T23:35:37+08:00][sql] SELECT `more`,`file`,`id` FROM `cmf_theme_file` WHERE  `theme` = 'simpleboot3_mobile'  AND (  `is_public` = 1 OR `file` = 'portal/product-info' ) ORDER BY `is_public` DESC [ RunTime:0.000302s ]
[2026-04-20T23:35:37+08:00][sql] SELECT `option_value` FROM `cmf_option` WHERE  `option_name` = 'storage' LIMIT 1 [ RunTime:0.000314s ]
[2026-04-20T23:35:39+08:00][sql] CONNECT:[ UseTime:0.000974s ] mysql:host=127.0.0.1;port=3306;dbname=weihua;charset=utf8mb4
[2026-04-20T23:35:39+08:00][sql] SHOW FULL COLUMNS FROM `cmf_option` [ RunTime:0.001786s ]
[2026-04-20T23:35:39+08:00][sql] SELECT `option_value` FROM `cmf_option` WHERE  `option_name` = 'cdn_settings' LIMIT 1 [ RunTime:0.000266s ]
[2026-04-20T23:35:39+08:00][sql] SELECT `option_value` FROM `cmf_option` WHERE  `option_name` = 'cdn_settings' LIMIT 1 [ RunTime:0.000211s ]
[2026-04-20T23:35:39+08:00][sql] SHOW FULL COLUMNS FROM `cmf_product_category` [ RunTime:0.012584s ]
[2026-04-20T23:35:39+08:00][sql] SELECT * FROM `cmf_product_category` WHERE  `parent_id` = 0 ORDER BY `list_order` ASC,`create_time` DESC [ RunTime:0.000574s ]
[2026-04-20T23:35:39+08:00][sql] SELECT * FROM `cmf_product_category` WHERE  `parent_id` IN (18,19,20,21,22,23,24,25,26,27) [ RunTime:0.000366s ]
[2026-04-20T23:35:39+08:00][sql] SHOW FULL COLUMNS FROM `cmf_portal_category` [ RunTime:0.001419s ]
[2026-04-20T23:35:39+08:00][sql] SELECT * FROM `cmf_portal_category` WHERE (  `type` = 8 ) AND `cmf_portal_category`.`delete_time` = '0' ORDER BY `list_order` ASC [ RunTime:0.000369s ]
[2026-04-20T23:35:39+08:00][sql] SHOW FULL COLUMNS FROM `cmf_product` [ RunTime:0.001330s ]
[2026-04-20T23:35:39+08:00][sql] SELECT * FROM `cmf_product` WHERE  `id` = 62 LIMIT 1 [ RunTime:0.000366s ]
[2026-04-20T23:35:39+08:00][sql] SELECT * FROM `cmf_product_category` WHERE  `id` = 18 LIMIT 1 [ RunTime:0.000213s ]
[2026-04-20T23:35:39+08:00][sql] SELECT `id`,`title`,`industry`,`thumbnail` FROM `cmf_product` WHERE  `id` <> 62  AND `is_recommended` = 1  AND `category_id` = 18 ORDER BY RAND() LIMIT 4 [ RunTime:0.000544s ]
[2026-04-20T23:35:39+08:00][sql] SHOW FULL COLUMNS FROM `cmf_slide_item` [ RunTime:0.001069s ]
[2026-04-20T23:35:39+08:00][sql] SELECT `title`,`description`,`image` FROM `cmf_slide_item` WHERE  `slide_id` = 7 ORDER BY `list_order` ASC LIMIT 1 [ RunTime:0.000278s ]
[2026-04-20T23:35:39+08:00][sql] SHOW FULL COLUMNS FROM `cmf_theme_file` [ RunTime:0.000919s ]
[2026-04-20T23:35:39+08:00][sql] SELECT `more`,`file`,`id` FROM `cmf_theme_file` WHERE  `theme` = 'simpleboot3_mobile'  AND (  `is_public` = 1 OR `file` = 'portal/product-info' ) ORDER BY `is_public` DESC [ RunTime:0.000366s ]
[2026-04-20T23:35:39+08:00][sql] SELECT `option_value` FROM `cmf_option` WHERE  `option_name` = 'storage' LIMIT 1 [ RunTime:0.000416s ]
[2026-04-20T23:37:02+08:00][sql] CONNECT:[ UseTime:0.001527s ] mysql:host=127.0.0.1;port=3306;dbname=weihua;charset=utf8mb4
[2026-04-20T23:37:02+08:00][sql] SHOW FULL COLUMNS FROM `cmf_option` [ RunTime:0.002849s ]
[2026-04-20T23:37:02+08:00][sql] SELECT `option_value` FROM `cmf_option` WHERE  `option_name` = 'cdn_settings' LIMIT 1 [ RunTime:0.000399s ]
[2026-04-20T23:37:02+08:00][sql] SELECT `option_value` FROM `cmf_option` WHERE  `option_name` = 'cdn_settings' LIMIT 1 [ RunTime:0.000330s ]
[2026-04-20T23:37:02+08:00][sql] SHOW FULL COLUMNS FROM `cmf_product_category` [ RunTime:0.001319s ]
[2026-04-20T23:37:02+08:00][sql] SELECT * FROM `cmf_product_category` WHERE  `parent_id` = 0 ORDER BY `list_order` ASC,`create_time` DESC [ RunTime:0.000582s ]
[2026-04-20T23:37:02+08:00][sql] SELECT * FROM `cmf_product_category` WHERE  `parent_id` IN (18,19,20,21,22,23,24,25,26,27) [ RunTime:0.000331s ]
[2026-04-20T23:37:02+08:00][sql] SHOW FULL COLUMNS FROM `cmf_portal_category` [ RunTime:0.001419s ]
[2026-04-20T23:37:02+08:00][sql] SELECT * FROM `cmf_portal_category` WHERE (  `type` = 8 ) AND `cmf_portal_category`.`delete_time` = '0' ORDER BY `list_order` ASC [ RunTime:0.000381s ]
[2026-04-20T23:37:02+08:00][sql] SHOW FULL COLUMNS FROM `cmf_product` [ RunTime:0.001377s ]
[2026-04-20T23:37:02+08:00][sql] SELECT * FROM `cmf_product` WHERE  `id` = 62 LIMIT 1 [ RunTime:0.000584s ]
[2026-04-20T23:37:02+08:00][sql] SELECT * FROM `cmf_product_category` WHERE  `id` = 18 LIMIT 1 [ RunTime:0.000239s ]
[2026-04-20T23:37:02+08:00][sql] SELECT `id`,`title`,`industry`,`thumbnail` FROM `cmf_product` WHERE  `id` <> 62  AND `is_recommended` = 1  AND `category_id` = 18 ORDER BY RAND() LIMIT 4 [ RunTime:0.000452s ]
[2026-04-20T23:37:02+08:00][sql] SHOW FULL COLUMNS FROM `cmf_slide_item` [ RunTime:0.001003s ]
[2026-04-20T23:37:02+08:00][sql] SELECT `title`,`description`,`image` FROM `cmf_slide_item` WHERE  `slide_id` = 7 ORDER BY `list_order` ASC LIMIT 1 [ RunTime:0.000318s ]
[2026-04-20T23:37:02+08:00][sql] SHOW FULL COLUMNS FROM `cmf_theme_file` [ RunTime:0.001167s ]
[2026-04-20T23:37:02+08:00][sql] SELECT `more`,`file`,`id` FROM `cmf_theme_file` WHERE  `theme` = 'simpleboot3_mobile'  AND (  `is_public` = 1 OR `file` = 'portal/product-info' ) ORDER BY `is_public` DESC [ RunTime:0.000391s ]
[2026-04-20T23:37:02+08:00][sql] SELECT `option_value` FROM `cmf_option` WHERE  `option_name` = 'storage' LIMIT 1 [ RunTime:0.000391s ]
[2026-04-20T23:37:12+08:00][sql] CONNECT:[ UseTime:0.016583s ] mysql:host=127.0.0.1;port=3306;dbname=weihua;charset=utf8mb4
[2026-04-20T23:37:12+08:00][sql] SHOW FULL COLUMNS FROM `cmf_option` [ RunTime:0.012617s ]
[2026-04-20T23:37:12+08:00][sql] SELECT `option_value` FROM `cmf_option` WHERE  `option_name` = 'cdn_settings' LIMIT 1 [ RunTime:0.000698s ]
[2026-04-20T23:37:12+08:00][sql] SELECT `option_value` FROM `cmf_option` WHERE  `option_name` = 'cdn_settings' LIMIT 1 [ RunTime:0.000318s ]
[2026-04-20T23:37:12+08:00][sql] SHOW FULL COLUMNS FROM `cmf_product_category` [ RunTime:0.002394s ]
[2026-04-20T23:37:12+08:00][sql] SELECT * FROM `cmf_product_category` WHERE  `parent_id` = 0 ORDER BY `list_order` ASC,`create_time` DESC [ RunTime:0.000914s ]
[2026-04-20T23:37:12+08:00][sql] SELECT * FROM `cmf_product_category` WHERE  `parent_id` IN (18,19,20,21,22,23,24,25,26,27) [ RunTime:0.000512s ]
[2026-04-20T23:37:12+08:00][sql] SHOW FULL COLUMNS FROM `cmf_portal_category` [ RunTime:0.002424s ]
[2026-04-20T23:37:12+08:00][sql] SELECT * FROM `cmf_portal_category` WHERE (  `type` = 8 ) AND `cmf_portal_category`.`delete_time` = '0' ORDER BY `list_order` ASC [ RunTime:0.000855s ]
[2026-04-20T23:37:12+08:00][sql] SHOW FULL COLUMNS FROM `cmf_product` [ RunTime:0.002076s ]
[2026-04-20T23:37:12+08:00][sql] SELECT * FROM `cmf_product` WHERE  `id` = 62 LIMIT 1 [ RunTime:0.001086s ]
[2026-04-20T23:37:12+08:00][sql] SELECT * FROM `cmf_product_category` WHERE  `id` = 18 LIMIT 1 [ RunTime:0.000332s ]
[2026-04-20T23:37:12+08:00][sql] SELECT `id`,`title`,`industry`,`thumbnail` FROM `cmf_product` WHERE  `id` <> 62  AND `is_recommended` = 1  AND `category_id` = 18 ORDER BY RAND() LIMIT 4 [ RunTime:0.000898s ]
[2026-04-20T23:37:12+08:00][sql] SHOW FULL COLUMNS FROM `cmf_slide_item` [ RunTime:0.002288s ]
[2026-04-20T23:37:12+08:00][sql] SELECT `title`,`description`,`image` FROM `cmf_slide_item` WHERE  `slide_id` = 7 ORDER BY `list_order` ASC LIMIT 1 [ RunTime:0.000513s ]
[2026-04-20T23:37:12+08:00][sql] SHOW FULL COLUMNS FROM `cmf_theme_file` [ RunTime:0.001718s ]
[2026-04-20T23:37:12+08:00][sql] SELECT `more`,`file`,`id` FROM `cmf_theme_file` WHERE  `theme` = 'simpleboot3_mobile'  AND (  `is_public` = 1 OR `file` = 'portal/product-info' ) ORDER BY `is_public` DESC [ RunTime:0.000734s ]
[2026-04-20T23:37:12+08:00][sql] SELECT `option_value` FROM `cmf_option` WHERE  `option_name` = 'storage' LIMIT 1 [ RunTime:0.000400s ]
[2026-04-20T23:37:17+08:00][sql] CONNECT:[ UseTime:0.001422s ] mysql:host=127.0.0.1;port=3306;dbname=weihua;charset=utf8mb4
[2026-04-20T23:37:17+08:00][sql] SHOW FULL COLUMNS FROM `cmf_option` [ RunTime:0.003328s ]
[2026-04-20T23:37:17+08:00][sql] SELECT `option_value` FROM `cmf_option` WHERE  `option_name` = 'cdn_settings' LIMIT 1 [ RunTime:0.000406s ]
[2026-04-20T23:37:17+08:00][sql] SELECT `option_value` FROM `cmf_option` WHERE  `option_name` = 'cdn_settings' LIMIT 1 [ RunTime:0.000390s ]
[2026-04-20T23:37:17+08:00][sql] SHOW FULL COLUMNS FROM `cmf_product_category` [ RunTime:0.002425s ]
[2026-04-20T23:37:17+08:00][sql] SELECT * FROM `cmf_product_category` WHERE  `parent_id` = 0 ORDER BY `list_order` ASC,`create_time` DESC [ RunTime:0.000716s ]
[2026-04-20T23:37:17+08:00][sql] SELECT * FROM `cmf_product_category` WHERE  `parent_id` IN (18,19,20,21,22,23,24,25,26,27) [ RunTime:0.000565s ]
[2026-04-20T23:37:17+08:00][sql] SHOW FULL COLUMNS FROM `cmf_portal_category` [ RunTime:0.002333s ]
[2026-04-20T23:37:17+08:00][sql] SELECT * FROM `cmf_portal_category` WHERE (  `type` = 8 ) AND `cmf_portal_category`.`delete_time` = '0' ORDER BY `list_order` ASC [ RunTime:0.000554s ]
[2026-04-20T23:37:17+08:00][sql] SHOW FULL COLUMNS FROM `cmf_product` [ RunTime:0.002725s ]
[2026-04-20T23:37:17+08:00][sql] SELECT * FROM `cmf_product` WHERE  `id` = 62 LIMIT 1 [ RunTime:0.000763s ]
[2026-04-20T23:37:17+08:00][sql] SELECT * FROM `cmf_product_category` WHERE  `id` = 18 LIMIT 1 [ RunTime:0.000322s ]
[2026-04-20T23:37:17+08:00][sql] SELECT `id`,`title`,`industry`,`thumbnail` FROM `cmf_product` WHERE  `id` <> 62  AND `is_recommended` = 1  AND `category_id` = 18 ORDER BY RAND() LIMIT 4 [ RunTime:0.000580s ]
[2026-04-20T23:37:17+08:00][sql] SHOW FULL COLUMNS FROM `cmf_slide_item` [ RunTime:0.001387s ]
[2026-04-20T23:37:17+08:00][sql] SELECT `title`,`description`,`image` FROM `cmf_slide_item` WHERE  `slide_id` = 2 ORDER BY `list_order` ASC LIMIT 1 [ RunTime:0.000514s ]
[2026-04-20T23:37:17+08:00][sql] SHOW FULL COLUMNS FROM `cmf_theme_file` [ RunTime:0.002034s ]
[2026-04-20T23:37:17+08:00][sql] SELECT `more`,`file`,`id` FROM `cmf_theme_file` WHERE  `theme` = 'simpleboot3'  AND (  `is_public` = 1 OR `file` = 'portal/product-info' ) ORDER BY `is_public` DESC [ RunTime:0.000660s ]
[2026-04-20T23:37:17+08:00][sql] SELECT `option_value` FROM `cmf_option` WHERE  `option_name` = 'storage' LIMIT 1 [ RunTime:0.000459s ]
[2026-04-20T23:37:18+08:00][sql] CONNECT:[ UseTime:0.001437s ] mysql:host=127.0.0.1;port=3306;dbname=weihua;charset=utf8mb4
[2026-04-20T23:37:18+08:00][sql] SHOW FULL COLUMNS FROM `cmf_option` [ RunTime:0.002666s ]
[2026-04-20T23:37:18+08:00][sql] SELECT `option_value` FROM `cmf_option` WHERE  `option_name` = 'cdn_settings' LIMIT 1 [ RunTime:0.000431s ]
[2026-04-20T23:37:18+08:00][sql] SELECT `option_value` FROM `cmf_option` WHERE  `option_name` = 'cdn_settings' LIMIT 1 [ RunTime:0.000383s ]
[2026-04-20T23:37:18+08:00][sql] SHOW FULL COLUMNS FROM `cmf_product_category` [ RunTime:0.001867s ]
[2026-04-20T23:37:18+08:00][sql] SELECT * FROM `cmf_product_category` WHERE  `parent_id` = 0 ORDER BY `list_order` ASC,`create_time` DESC [ RunTime:0.000783s ]
[2026-04-20T23:37:18+08:00][sql] SELECT * FROM `cmf_product_category` WHERE  `parent_id` IN (18,19,20,21,22,23,24,25,26,27) [ RunTime:0.000393s ]
[2026-04-20T23:37:18+08:00][sql] SHOW FULL COLUMNS FROM `cmf_portal_category` [ RunTime:0.002198s ]
[2026-04-20T23:37:18+08:00][sql] SELECT * FROM `cmf_portal_category` WHERE (  `type` = 8 ) AND `cmf_portal_category`.`delete_time` = '0' ORDER BY `list_order` ASC [ RunTime:0.000859s ]
[2026-04-20T23:37:18+08:00][sql] SHOW FULL COLUMNS FROM `cmf_product` [ RunTime:0.002038s ]
[2026-04-20T23:37:18+08:00][sql] SELECT * FROM `cmf_product` WHERE  `id` = 62 LIMIT 1 [ RunTime:0.000717s ]
[2026-04-20T23:37:18+08:00][sql] SELECT * FROM `cmf_product_category` WHERE  `id` = 18 LIMIT 1 [ RunTime:0.000298s ]
[2026-04-20T23:37:18+08:00][sql] SELECT `id`,`title`,`industry`,`thumbnail` FROM `cmf_product` WHERE  `id` <> 62  AND `is_recommended` = 1  AND `category_id` = 18 ORDER BY RAND() LIMIT 4 [ RunTime:0.000804s ]
[2026-04-20T23:37:18+08:00][sql] SHOW FULL COLUMNS FROM `cmf_slide_item` [ RunTime:0.001408s ]
[2026-04-20T23:37:18+08:00][sql] SELECT `title`,`description`,`image` FROM `cmf_slide_item` WHERE  `slide_id` = 2 ORDER BY `list_order` ASC LIMIT 1 [ RunTime:0.000451s ]
[2026-04-20T23:37:18+08:00][sql] SHOW FULL COLUMNS FROM `cmf_theme_file` [ RunTime:0.001280s ]
[2026-04-20T23:37:18+08:00][sql] SELECT `more`,`file`,`id` FROM `cmf_theme_file` WHERE  `theme` = 'simpleboot3'  AND (  `is_public` = 1 OR `file` = 'portal/product-info' ) ORDER BY `is_public` DESC [ RunTime:0.000440s ]
[2026-04-20T23:37:18+08:00][sql] SELECT `option_value` FROM `cmf_option` WHERE  `option_name` = 'storage' LIMIT 1 [ RunTime:0.000383s ]
[2026-04-20T23:37:58+08:00][sql] CONNECT:[ UseTime:0.002778s ] mysql:host=127.0.0.1;port=3306;dbname=weihua;charset=utf8mb4
[2026-04-20T23:37:58+08:00][sql] SHOW FULL COLUMNS FROM `cmf_option` [ RunTime:0.002708s ]
[2026-04-20T23:37:58+08:00][sql] SELECT `option_value` FROM `cmf_option` WHERE  `option_name` = 'cdn_settings' LIMIT 1 [ RunTime:0.000324s ]
[2026-04-20T23:37:58+08:00][sql] SELECT `option_value` FROM `cmf_option` WHERE  `option_name` = 'cdn_settings' LIMIT 1 [ RunTime:0.000816s ]
[2026-04-20T23:37:58+08:00][sql] SHOW FULL COLUMNS FROM `cmf_product_category` [ RunTime:0.003280s ]
[2026-04-20T23:37:58+08:00][sql] SELECT * FROM `cmf_product_category` WHERE  `parent_id` = 0 ORDER BY `list_order` ASC,`create_time` DESC [ RunTime:0.002097s ]
[2026-04-20T23:37:58+08:00][sql] SELECT * FROM `cmf_product_category` WHERE  `parent_id` IN (18,19,20,21,22,23,24,25,26,27) [ RunTime:0.000424s ]
[2026-04-20T23:37:58+08:00][sql] SHOW FULL COLUMNS FROM `cmf_portal_category` [ RunTime:0.002195s ]
[2026-04-20T23:37:58+08:00][sql] SELECT * FROM `cmf_portal_category` WHERE (  `type` = 8 ) AND `cmf_portal_category`.`delete_time` = '0' ORDER BY `list_order` ASC [ RunTime:0.000646s ]
[2026-04-20T23:37:58+08:00][sql] SHOW FULL COLUMNS FROM `cmf_product` [ RunTime:0.001540s ]
[2026-04-20T23:37:58+08:00][sql] SELECT * FROM `cmf_product` WHERE  `id` = 62 LIMIT 1 [ RunTime:0.001477s ]
[2026-04-20T23:37:58+08:00][sql] SELECT * FROM `cmf_product_category` WHERE  `id` = 18 LIMIT 1 [ RunTime:0.000304s ]
[2026-04-20T23:37:58+08:00][sql] SELECT `id`,`title`,`industry`,`thumbnail` FROM `cmf_product` WHERE  `id` <> 62  AND `is_recommended` = 1  AND `category_id` = 18 ORDER BY RAND() LIMIT 4 [ RunTime:0.000402s ]
[2026-04-20T23:37:58+08:00][sql] SHOW FULL COLUMNS FROM `cmf_slide_item` [ RunTime:0.001192s ]
[2026-04-20T23:37:58+08:00][sql] SELECT `title`,`description`,`image` FROM `cmf_slide_item` WHERE  `slide_id` = 2 ORDER BY `list_order` ASC LIMIT 1 [ RunTime:0.000381s ]
[2026-04-20T23:37:58+08:00][sql] SHOW FULL COLUMNS FROM `cmf_theme_file` [ RunTime:0.001073s ]
[2026-04-20T23:37:58+08:00][sql] SELECT `more`,`file`,`id` FROM `cmf_theme_file` WHERE  `theme` = 'simpleboot3'  AND (  `is_public` = 1 OR `file` = 'portal/product-info' ) ORDER BY `is_public` DESC [ RunTime:0.000450s ]
[2026-04-20T23:37:58+08:00][sql] SELECT `option_value` FROM `cmf_option` WHERE  `option_name` = 'storage' LIMIT 1 [ RunTime:0.000357s ]
[2026-04-20T23:38:18+08:00][sql] CONNECT:[ UseTime:0.001422s ] mysql:host=127.0.0.1;port=3306;dbname=weihua;charset=utf8mb4
[2026-04-20T23:38:18+08:00][sql] SHOW FULL COLUMNS FROM `cmf_option` [ RunTime:0.002588s ]
[2026-04-20T23:38:18+08:00][sql] SELECT `option_value` FROM `cmf_option` WHERE  `option_name` = 'cdn_settings' LIMIT 1 [ RunTime:0.000357s ]
[2026-04-20T23:38:18+08:00][sql] SELECT `option_value` FROM `cmf_option` WHERE  `option_name` = 'cdn_settings' LIMIT 1 [ RunTime:0.000230s ]
[2026-04-20T23:38:18+08:00][sql] SHOW FULL COLUMNS FROM `cmf_product_category` [ RunTime:0.001053s ]
[2026-04-20T23:38:18+08:00][sql] SELECT * FROM `cmf_product_category` WHERE  `parent_id` = 0 ORDER BY `list_order` ASC,`create_time` DESC [ RunTime:0.000531s ]
[2026-04-20T23:38:18+08:00][sql] SELECT * FROM `cmf_product_category` WHERE  `parent_id` IN (18,19,20,21,22,23,24,25,26,27) [ RunTime:0.000282s ]
[2026-04-20T23:38:18+08:00][sql] SHOW FULL COLUMNS FROM `cmf_portal_category` [ RunTime:0.001145s ]
[2026-04-20T23:38:18+08:00][sql] SELECT * FROM `cmf_portal_category` WHERE (  `type` = 8 ) AND `cmf_portal_category`.`delete_time` = '0' ORDER BY `list_order` ASC [ RunTime:0.000303s ]
[2026-04-20T23:38:18+08:00][sql] SHOW FULL COLUMNS FROM `cmf_product` [ RunTime:0.001285s ]
[2026-04-20T23:38:18+08:00][sql] SELECT * FROM `cmf_product` WHERE  `id` = 62 LIMIT 1 [ RunTime:0.000449s ]
[2026-04-20T23:38:18+08:00][sql] SELECT * FROM `cmf_product_category` WHERE  `id` = 18 LIMIT 1 [ RunTime:0.000198s ]
[2026-04-20T23:38:18+08:00][sql] SELECT `id`,`title`,`industry`,`thumbnail` FROM `cmf_product` WHERE  `id` <> 62  AND `is_recommended` = 1  AND `category_id` = 18 ORDER BY RAND() LIMIT 4 [ RunTime:0.000284s ]
[2026-04-20T23:38:18+08:00][sql] SHOW FULL COLUMNS FROM `cmf_slide_item` [ RunTime:0.000987s ]
[2026-04-20T23:38:18+08:00][sql] SELECT `title`,`description`,`image` FROM `cmf_slide_item` WHERE  `slide_id` = 2 ORDER BY `list_order` ASC LIMIT 1 [ RunTime:0.000254s ]
[2026-04-20T23:38:18+08:00][sql] SHOW FULL COLUMNS FROM `cmf_theme_file` [ RunTime:0.000902s ]
[2026-04-20T23:38:18+08:00][sql] SELECT `more`,`file`,`id` FROM `cmf_theme_file` WHERE  `theme` = 'simpleboot3'  AND (  `is_public` = 1 OR `file` = 'portal/product-info' ) ORDER BY `is_public` DESC [ RunTime:0.000384s ]
[2026-04-20T23:38:18+08:00][sql] SELECT `option_value` FROM `cmf_option` WHERE  `option_name` = 'storage' LIMIT 1 [ RunTime:0.000175s ]
[2026-04-20T23:38:44+08:00][sql] CONNECT:[ UseTime:0.002377s ] mysql:host=127.0.0.1;port=3306;dbname=weihua;charset=utf8mb4
[2026-04-20T23:38:44+08:00][sql] SHOW FULL COLUMNS FROM `cmf_option` [ RunTime:0.004519s ]
[2026-04-20T23:38:44+08:00][sql] SELECT `option_value` FROM `cmf_option` WHERE  `option_name` = 'cdn_settings' LIMIT 1 [ RunTime:0.000610s ]
[2026-04-20T23:38:44+08:00][sql] SELECT `option_value` FROM `cmf_option` WHERE  `option_name` = 'cdn_settings' LIMIT 1 [ RunTime:0.000499s ]
[2026-04-20T23:38:44+08:00][sql] SHOW FULL COLUMNS FROM `cmf_product_category` [ RunTime:0.002232s ]
[2026-04-20T23:38:44+08:00][sql] SELECT * FROM `cmf_product_category` WHERE  `parent_id` = 0 ORDER BY `list_order` ASC,`create_time` DESC [ RunTime:0.000987s ]
[2026-04-20T23:38:44+08:00][sql] SELECT * FROM `cmf_product_category` WHERE  `parent_id` IN (18,19,20,21,22,23,24,25,26,27) [ RunTime:0.000551s ]
[2026-04-20T23:38:44+08:00][sql] SHOW FULL COLUMNS FROM `cmf_portal_category` [ RunTime:0.002262s ]
[2026-04-20T23:38:44+08:00][sql] SELECT * FROM `cmf_portal_category` WHERE (  `type` = 8 ) AND `cmf_portal_category`.`delete_time` = '0' ORDER BY `list_order` ASC [ RunTime:0.000731s ]
[2026-04-20T23:38:44+08:00][sql] SHOW FULL COLUMNS FROM `cmf_product` [ RunTime:0.002241s ]
[2026-04-20T23:38:44+08:00][sql] SELECT * FROM `cmf_product` WHERE  `id` = 62 LIMIT 1 [ RunTime:0.001180s ]
[2026-04-20T23:38:44+08:00][sql] SELECT * FROM `cmf_product_category` WHERE  `id` = 18 LIMIT 1 [ RunTime:0.000533s ]
[2026-04-20T23:38:44+08:00][sql] SELECT `id`,`title`,`industry`,`thumbnail` FROM `cmf_product` WHERE  `id` <> 62  AND `is_recommended` = 1  AND `category_id` = 18 ORDER BY RAND() LIMIT 4 [ RunTime:0.000816s ]
[2026-04-20T23:38:44+08:00][sql] SHOW FULL COLUMNS FROM `cmf_slide_item` [ RunTime:0.001260s ]
[2026-04-20T23:38:44+08:00][sql] SELECT `title`,`description`,`image` FROM `cmf_slide_item` WHERE  `slide_id` = 2 ORDER BY `list_order` ASC LIMIT 1 [ RunTime:0.000319s ]
[2026-04-20T23:38:44+08:00][sql] SHOW FULL COLUMNS FROM `cmf_theme_file` [ RunTime:0.000998s ]
[2026-04-20T23:38:44+08:00][sql] SELECT `more`,`file`,`id` FROM `cmf_theme_file` WHERE  `theme` = 'simpleboot3'  AND (  `is_public` = 1 OR `file` = 'portal/product-info' ) ORDER BY `is_public` DESC [ RunTime:0.000391s ]
[2026-04-20T23:38:44+08:00][sql] SELECT `option_value` FROM `cmf_option` WHERE  `option_name` = 'storage' LIMIT 1 [ RunTime:0.000420s ]
[2026-04-20T23:39:02+08:00][sql] CONNECT:[ UseTime:0.001633s ] mysql:host=127.0.0.1;port=3306;dbname=weihua;charset=utf8mb4
[2026-04-20T23:39:02+08:00][sql] SHOW FULL COLUMNS FROM `cmf_option` [ RunTime:0.014248s ]
[2026-04-20T23:39:02+08:00][sql] SELECT `option_value` FROM `cmf_option` WHERE  `option_name` = 'cdn_settings' LIMIT 1 [ RunTime:0.000496s ]
[2026-04-20T23:39:02+08:00][sql] SELECT `option_value` FROM `cmf_option` WHERE  `option_name` = 'cdn_settings' LIMIT 1 [ RunTime:0.000248s ]
[2026-04-20T23:39:02+08:00][sql] SHOW FULL COLUMNS FROM `cmf_product_category` [ RunTime:0.001798s ]
[2026-04-20T23:39:02+08:00][sql] SELECT * FROM `cmf_product_category` WHERE  `parent_id` = 0 ORDER BY `list_order` ASC,`create_time` DESC [ RunTime:0.000515s ]
[2026-04-20T23:39:02+08:00][sql] SELECT * FROM `cmf_product_category` WHERE  `parent_id` IN (18,19,20,21,22,23,24,25,26,27) [ RunTime:0.000246s ]
[2026-04-20T23:39:02+08:00][sql] SHOW FULL COLUMNS FROM `cmf_portal_category` [ RunTime:0.001258s ]
[2026-04-20T23:39:02+08:00][sql] SELECT * FROM `cmf_portal_category` WHERE (  `type` = 8 ) AND `cmf_portal_category`.`delete_time` = '0' ORDER BY `list_order` ASC [ RunTime:0.000784s ]
[2026-04-20T23:39:02+08:00][sql] SHOW FULL COLUMNS FROM `cmf_product` [ RunTime:0.001230s ]
[2026-04-20T23:39:02+08:00][sql] SELECT * FROM `cmf_product` WHERE  `id` = 62 LIMIT 1 [ RunTime:0.001170s ]
[2026-04-20T23:39:02+08:00][sql] SELECT * FROM `cmf_product_category` WHERE  `id` = 18 LIMIT 1 [ RunTime:0.000639s ]
[2026-04-20T23:39:02+08:00][sql] SELECT `id`,`title`,`industry`,`thumbnail` FROM `cmf_product` WHERE  `id` <> 62  AND `is_recommended` = 1  AND `category_id` = 18 ORDER BY RAND() LIMIT 4 [ RunTime:0.000359s ]
[2026-04-20T23:39:02+08:00][sql] SHOW FULL COLUMNS FROM `cmf_slide_item` [ RunTime:0.001664s ]
[2026-04-20T23:39:02+08:00][sql] SELECT `title`,`description`,`image` FROM `cmf_slide_item` WHERE  `slide_id` = 2 ORDER BY `list_order` ASC LIMIT 1 [ RunTime:0.000578s ]
[2026-04-20T23:39:02+08:00][sql] SHOW FULL COLUMNS FROM `cmf_theme_file` [ RunTime:0.000846s ]
[2026-04-20T23:39:02+08:00][sql] SELECT `more`,`file`,`id` FROM `cmf_theme_file` WHERE  `theme` = 'simpleboot3'  AND (  `is_public` = 1 OR `file` = 'portal/product-info' ) ORDER BY `is_public` DESC [ RunTime:0.000438s ]
[2026-04-20T23:39:02+08:00][sql] SELECT `option_value` FROM `cmf_option` WHERE  `option_name` = 'storage' LIMIT 1 [ RunTime:0.000257s ]
[2026-04-20T23:39:05+08:00][sql] CONNECT:[ UseTime:0.001144s ] mysql:host=127.0.0.1;port=3306;dbname=weihua;charset=utf8mb4
[2026-04-20T23:39:05+08:00][sql] SHOW FULL COLUMNS FROM `cmf_option` [ RunTime:0.001989s ]
[2026-04-20T23:39:05+08:00][sql] SELECT `option_value` FROM `cmf_option` WHERE  `option_name` = 'cdn_settings' LIMIT 1 [ RunTime:0.000379s ]
[2026-04-20T23:39:05+08:00][sql] SELECT `option_value` FROM `cmf_option` WHERE  `option_name` = 'cdn_settings' LIMIT 1 [ RunTime:0.000332s ]
[2026-04-20T23:39:05+08:00][sql] SHOW FULL COLUMNS FROM `cmf_product_category` [ RunTime:0.001365s ]
[2026-04-20T23:39:05+08:00][sql] SELECT * FROM `cmf_product_category` WHERE  `parent_id` = 0 ORDER BY `list_order` ASC,`create_time` DESC [ RunTime:0.000471s ]
[2026-04-20T23:39:05+08:00][sql] SELECT * FROM `cmf_product_category` WHERE  `parent_id` IN (18,19,20,21,22,23,24,25,26,27) [ RunTime:0.000283s ]
[2026-04-20T23:39:05+08:00][sql] SHOW FULL COLUMNS FROM `cmf_portal_category` [ RunTime:0.001668s ]
[2026-04-20T23:39:05+08:00][sql] SELECT * FROM `cmf_portal_category` WHERE (  `type` = 8 ) AND `cmf_portal_category`.`delete_time` = '0' ORDER BY `list_order` ASC [ RunTime:0.000388s ]
[2026-04-20T23:39:05+08:00][sql] SHOW FULL COLUMNS FROM `cmf_product` [ RunTime:0.001384s ]
[2026-04-20T23:39:05+08:00][sql] SELECT * FROM `cmf_product` WHERE  `id` = 62 LIMIT 1 [ RunTime:0.000398s ]
[2026-04-20T23:39:05+08:00][sql] SELECT * FROM `cmf_product_category` WHERE  `id` = 18 LIMIT 1 [ RunTime:0.000195s ]
[2026-04-20T23:39:05+08:00][sql] SELECT `id`,`title`,`industry`,`thumbnail` FROM `cmf_product` WHERE  `id` <> 62  AND `is_recommended` = 1  AND `category_id` = 18 ORDER BY RAND() LIMIT 4 [ RunTime:0.000387s ]
[2026-04-20T23:39:05+08:00][sql] SHOW FULL COLUMNS FROM `cmf_slide_item` [ RunTime:0.001231s ]
[2026-04-20T23:39:05+08:00][sql] SELECT `title`,`description`,`image` FROM `cmf_slide_item` WHERE  `slide_id` = 2 ORDER BY `list_order` ASC LIMIT 1 [ RunTime:0.000484s ]
[2026-04-20T23:39:05+08:00][sql] SHOW FULL COLUMNS FROM `cmf_theme_file` [ RunTime:0.002112s ]
[2026-04-20T23:39:05+08:00][sql] SELECT `more`,`file`,`id` FROM `cmf_theme_file` WHERE  `theme` = 'simpleboot3'  AND (  `is_public` = 1 OR `file` = 'portal/product-info' ) ORDER BY `is_public` DESC [ RunTime:0.000535s ]
[2026-04-20T23:39:05+08:00][sql] SELECT `option_value` FROM `cmf_option` WHERE  `option_name` = 'storage' LIMIT 1 [ RunTime:0.000290s ]
[2026-04-20T23:39:08+08:00][sql] CONNECT:[ UseTime:0.001094s ] mysql:host=127.0.0.1;port=3306;dbname=weihua;charset=utf8mb4
[2026-04-20T23:39:08+08:00][sql] SHOW FULL COLUMNS FROM `cmf_option` [ RunTime:0.002894s ]
[2026-04-20T23:39:08+08:00][sql] SELECT `option_value` FROM `cmf_option` WHERE  `option_name` = 'cdn_settings' LIMIT 1 [ RunTime:0.000557s ]
[2026-04-20T23:39:08+08:00][sql] SELECT `option_value` FROM `cmf_option` WHERE  `option_name` = 'cdn_settings' LIMIT 1 [ RunTime:0.000288s ]
[2026-04-20T23:39:08+08:00][sql] SHOW FULL COLUMNS FROM `cmf_product_category` [ RunTime:0.001297s ]
[2026-04-20T23:39:08+08:00][sql] SELECT * FROM `cmf_product_category` WHERE  `parent_id` = 0 ORDER BY `list_order` ASC,`create_time` DESC [ RunTime:0.000402s ]
[2026-04-20T23:39:08+08:00][sql] SELECT * FROM `cmf_product_category` WHERE  `parent_id` IN (18,19,20,21,22,23,24,25,26,27) [ RunTime:0.000238s ]
[2026-04-20T23:39:08+08:00][sql] SHOW FULL COLUMNS FROM `cmf_portal_category` [ RunTime:0.001212s ]
[2026-04-20T23:39:08+08:00][sql] SELECT * FROM `cmf_portal_category` WHERE (  `type` = 8 ) AND `cmf_portal_category`.`delete_time` = '0' ORDER BY `list_order` ASC [ RunTime:0.000358s ]
[2026-04-20T23:39:08+08:00][sql] SHOW FULL COLUMNS FROM `cmf_product` [ RunTime:0.001299s ]
[2026-04-20T23:39:08+08:00][sql] SELECT * FROM `cmf_product` WHERE  `id` = 62 LIMIT 1 [ RunTime:0.000411s ]
[2026-04-20T23:39:08+08:00][sql] SELECT * FROM `cmf_product_category` WHERE  `id` = 18 LIMIT 1 [ RunTime:0.000245s ]
[2026-04-20T23:39:08+08:00][sql] SELECT `id`,`title`,`industry`,`thumbnail` FROM `cmf_product` WHERE  `id` <> 62  AND `is_recommended` = 1  AND `category_id` = 18 ORDER BY RAND() LIMIT 4 [ RunTime:0.000431s ]
[2026-04-20T23:39:08+08:00][sql] SHOW FULL COLUMNS FROM `cmf_slide_item` [ RunTime:0.001157s ]
[2026-04-20T23:39:08+08:00][sql] SELECT `title`,`description`,`image` FROM `cmf_slide_item` WHERE  `slide_id` = 7 ORDER BY `list_order` ASC LIMIT 1 [ RunTime:0.000333s ]
[2026-04-20T23:39:08+08:00][sql] SHOW FULL COLUMNS FROM `cmf_theme_file` [ RunTime:0.000907s ]
[2026-04-20T23:39:08+08:00][sql] SELECT `more`,`file`,`id` FROM `cmf_theme_file` WHERE  `theme` = 'simpleboot3_mobile'  AND (  `is_public` = 1 OR `file` = 'portal/product-info' ) ORDER BY `is_public` DESC [ RunTime:0.000300s ]
[2026-04-20T23:39:08+08:00][sql] SELECT `option_value` FROM `cmf_option` WHERE  `option_name` = 'storage' LIMIT 1 [ RunTime:0.000314s ]
[2026-04-20T23:39:46+08:00][sql] CONNECT:[ UseTime:0.003227s ] mysql:host=127.0.0.1;port=3306;dbname=weihua;charset=utf8mb4
[2026-04-20T23:39:46+08:00][sql] SHOW FULL COLUMNS FROM `cmf_option` [ RunTime:0.005508s ]
[2026-04-20T23:39:46+08:00][sql] SELECT `option_value` FROM `cmf_option` WHERE  `option_name` = 'cdn_settings' LIMIT 1 [ RunTime:0.000512s ]
[2026-04-20T23:39:46+08:00][sql] SELECT `option_value` FROM `cmf_option` WHERE  `option_name` = 'cdn_settings' LIMIT 1 [ RunTime:0.000264s ]
[2026-04-20T23:39:46+08:00][sql] SHOW FULL COLUMNS FROM `cmf_product_category` [ RunTime:0.001311s ]
[2026-04-20T23:39:46+08:00][sql] SELECT * FROM `cmf_product_category` WHERE  `parent_id` = 0 ORDER BY `list_order` ASC,`create_time` DESC [ RunTime:0.000576s ]
[2026-04-20T23:39:46+08:00][sql] SELECT * FROM `cmf_product_category` WHERE  `parent_id` IN (18,19,20,21,22,23,24,25,26,27) [ RunTime:0.000255s ]
[2026-04-20T23:39:46+08:00][sql] SHOW FULL COLUMNS FROM `cmf_portal_category` [ RunTime:0.001746s ]
[2026-04-20T23:39:46+08:00][sql] SELECT * FROM `cmf_portal_category` WHERE (  `type` = 8 ) AND `cmf_portal_category`.`delete_time` = '0' ORDER BY `list_order` ASC [ RunTime:0.000457s ]
[2026-04-20T23:39:46+08:00][sql] SHOW FULL COLUMNS FROM `cmf_product` [ RunTime:0.003003s ]
[2026-04-20T23:39:46+08:00][sql] SELECT * FROM `cmf_product` WHERE  `id` = 62 LIMIT 1 [ RunTime:0.001226s ]
[2026-04-20T23:39:46+08:00][sql] SELECT * FROM `cmf_product_category` WHERE  `id` = 18 LIMIT 1 [ RunTime:0.000472s ]
[2026-04-20T23:39:46+08:00][sql] SELECT `id`,`title`,`industry`,`thumbnail` FROM `cmf_product` WHERE  `id` <> 62  AND `is_recommended` = 1  AND `category_id` = 18 ORDER BY RAND() LIMIT 4 [ RunTime:0.000701s ]
[2026-04-20T23:39:46+08:00][sql] SHOW FULL COLUMNS FROM `cmf_slide_item` [ RunTime:0.002257s ]
[2026-04-20T23:39:46+08:00][sql] SELECT `title`,`description`,`image` FROM `cmf_slide_item` WHERE  `slide_id` = 7 ORDER BY `list_order` ASC LIMIT 1 [ RunTime:0.000666s ]
[2026-04-20T23:39:46+08:00][sql] SHOW FULL COLUMNS FROM `cmf_theme_file` [ RunTime:0.002211s ]
[2026-04-20T23:39:46+08:00][sql] SELECT `more`,`file`,`id` FROM `cmf_theme_file` WHERE  `theme` = 'simpleboot3_mobile'  AND (  `is_public` = 1 OR `file` = 'portal/product-info' ) ORDER BY `is_public` DESC [ RunTime:0.000740s ]
[2026-04-20T23:39:46+08:00][sql] SELECT `option_value` FROM `cmf_option` WHERE  `option_name` = 'storage' LIMIT 1 [ RunTime:0.000291s ]
[2026-04-20T23:40:00+08:00][sql] CONNECT:[ UseTime:0.001112s ] mysql:host=127.0.0.1;port=3306;dbname=weihua;charset=utf8mb4
[2026-04-20T23:40:00+08:00][sql] SHOW FULL COLUMNS FROM `cmf_option` [ RunTime:0.002273s ]
[2026-04-20T23:40:00+08:00][sql] SELECT `option_value` FROM `cmf_option` WHERE  `option_name` = 'cdn_settings' LIMIT 1 [ RunTime:0.000465s ]
[2026-04-20T23:40:00+08:00][sql] SELECT `option_value` FROM `cmf_option` WHERE  `option_name` = 'cdn_settings' LIMIT 1 [ RunTime:0.000290s ]
[2026-04-20T23:40:00+08:00][sql] SHOW FULL COLUMNS FROM `cmf_product_category` [ RunTime:0.001379s ]
[2026-04-20T23:40:00+08:00][sql] SELECT * FROM `cmf_product_category` WHERE  `parent_id` = 0 ORDER BY `list_order` ASC,`create_time` DESC [ RunTime:0.000473s ]
[2026-04-20T23:40:00+08:00][sql] SELECT * FROM `cmf_product_category` WHERE  `parent_id` IN (18,19,20,21,22,23,24,25,26,27) [ RunTime:0.000326s ]
[2026-04-20T23:40:00+08:00][sql] SHOW FULL COLUMNS FROM `cmf_portal_category` [ RunTime:0.001425s ]
[2026-04-20T23:40:00+08:00][sql] SELECT * FROM `cmf_portal_category` WHERE (  `type` = 8 ) AND `cmf_portal_category`.`delete_time` = '0' ORDER BY `list_order` ASC [ RunTime:0.000314s ]
[2026-04-20T23:40:00+08:00][sql] SHOW FULL COLUMNS FROM `cmf_product` [ RunTime:0.001456s ]
[2026-04-20T23:40:00+08:00][sql] SELECT * FROM `cmf_product` WHERE  `id` = 62 LIMIT 1 [ RunTime:0.000395s ]
[2026-04-20T23:40:00+08:00][sql] SELECT * FROM `cmf_product_category` WHERE  `id` = 18 LIMIT 1 [ RunTime:0.000227s ]
[2026-04-20T23:40:00+08:00][sql] SELECT `id`,`title`,`industry`,`thumbnail` FROM `cmf_product` WHERE  `id` <> 62  AND `is_recommended` = 1  AND `category_id` = 18 ORDER BY RAND() LIMIT 4 [ RunTime:0.000489s ]
[2026-04-20T23:40:00+08:00][sql] SHOW FULL COLUMNS FROM `cmf_slide_item` [ RunTime:0.001070s ]
[2026-04-20T23:40:00+08:00][sql] SELECT `title`,`description`,`image` FROM `cmf_slide_item` WHERE  `slide_id` = 7 ORDER BY `list_order` ASC LIMIT 1 [ RunTime:0.000338s ]
[2026-04-20T23:40:00+08:00][sql] SHOW FULL COLUMNS FROM `cmf_theme_file` [ RunTime:0.000954s ]
[2026-04-20T23:40:00+08:00][sql] SELECT `more`,`file`,`id` FROM `cmf_theme_file` WHERE  `theme` = 'simpleboot3_mobile'  AND (  `is_public` = 1 OR `file` = 'portal/product-info' ) ORDER BY `is_public` DESC [ RunTime:0.000341s ]
[2026-04-20T23:40:00+08:00][sql] SELECT `option_value` FROM `cmf_option` WHERE  `option_name` = 'storage' LIMIT 1 [ RunTime:0.000545s ]
[2026-04-20T23:41:20+08:00][sql] CONNECT:[ UseTime:0.002337s ] mysql:host=127.0.0.1;port=3306;dbname=weihua;charset=utf8mb4
[2026-04-20T23:41:20+08:00][sql] SHOW FULL COLUMNS FROM `cmf_option` [ RunTime:0.003386s ]
[2026-04-20T23:41:20+08:00][sql] SELECT `option_value` FROM `cmf_option` WHERE  `option_name` = 'cdn_settings' LIMIT 1 [ RunTime:0.000440s ]
[2026-04-20T23:41:20+08:00][sql] SELECT `option_value` FROM `cmf_option` WHERE  `option_name` = 'cdn_settings' LIMIT 1 [ RunTime:0.000241s ]
[2026-04-20T23:41:20+08:00][sql] SHOW FULL COLUMNS FROM `cmf_product_category` [ RunTime:0.001496s ]
[2026-04-20T23:41:20+08:00][sql] SELECT * FROM `cmf_product_category` WHERE  `parent_id` = 0 ORDER BY `list_order` ASC,`create_time` DESC [ RunTime:0.000682s ]
[2026-04-20T23:41:20+08:00][sql] SELECT * FROM `cmf_product_category` WHERE  `parent_id` IN (18,19,20,21,22,23,24,25,26,27) [ RunTime:0.000350s ]
[2026-04-20T23:41:20+08:00][sql] SHOW FULL COLUMNS FROM `cmf_portal_category` [ RunTime:0.001582s ]
[2026-04-20T23:41:20+08:00][sql] SELECT * FROM `cmf_portal_category` WHERE (  `type` = 8 ) AND `cmf_portal_category`.`delete_time` = '0' ORDER BY `list_order` ASC [ RunTime:0.000591s ]
[2026-04-20T23:41:20+08:00][sql] SHOW FULL COLUMNS FROM `cmf_product` [ RunTime:0.002030s ]
[2026-04-20T23:41:20+08:00][sql] SELECT * FROM `cmf_product` WHERE  `id` = 62 LIMIT 1 [ RunTime:0.000920s ]
[2026-04-20T23:41:20+08:00][sql] SELECT * FROM `cmf_product_category` WHERE  `id` = 18 LIMIT 1 [ RunTime:0.000229s ]
[2026-04-20T23:41:20+08:00][sql] SELECT `id`,`title`,`industry`,`thumbnail` FROM `cmf_product` WHERE  `id` <> 62  AND `is_recommended` = 1  AND `category_id` = 18 ORDER BY RAND() LIMIT 4 [ RunTime:0.000356s ]
[2026-04-20T23:41:20+08:00][sql] SHOW FULL COLUMNS FROM `cmf_slide_item` [ RunTime:0.001554s ]
[2026-04-20T23:41:20+08:00][sql] SELECT `title`,`description`,`image` FROM `cmf_slide_item` WHERE  `slide_id` = 7 ORDER BY `list_order` ASC LIMIT 1 [ RunTime:0.000667s ]
[2026-04-20T23:41:20+08:00][sql] SHOW FULL COLUMNS FROM `cmf_theme_file` [ RunTime:0.001688s ]
[2026-04-20T23:41:20+08:00][sql] SELECT `more`,`file`,`id` FROM `cmf_theme_file` WHERE  `theme` = 'simpleboot3_mobile'  AND (  `is_public` = 1 OR `file` = 'portal/product-info' ) ORDER BY `is_public` DESC [ RunTime:0.000687s ]
[2026-04-20T23:41:20+08:00][sql] SELECT `option_value` FROM `cmf_option` WHERE  `option_name` = 'storage' LIMIT 1 [ RunTime:0.000385s ]
[2026-04-20T23:41:52+08:00][sql] CONNECT:[ UseTime:0.002646s ] mysql:host=127.0.0.1;port=3306;dbname=weihua;charset=utf8mb4
[2026-04-20T23:41:52+08:00][sql] SHOW FULL COLUMNS FROM `cmf_option` [ RunTime:0.003831s ]
[2026-04-20T23:41:52+08:00][sql] SELECT `option_value` FROM `cmf_option` WHERE  `option_name` = 'cdn_settings' LIMIT 1 [ RunTime:0.000426s ]
[2026-04-20T23:41:52+08:00][sql] SELECT `option_value` FROM `cmf_option` WHERE  `option_name` = 'cdn_settings' LIMIT 1 [ RunTime:0.000265s ]
[2026-04-20T23:41:52+08:00][sql] SHOW FULL COLUMNS FROM `cmf_product_category` [ RunTime:0.001439s ]
[2026-04-20T23:41:52+08:00][sql] SELECT * FROM `cmf_product_category` WHERE  `parent_id` = 0 ORDER BY `list_order` ASC,`create_time` DESC [ RunTime:0.000415s ]
[2026-04-20T23:41:52+08:00][sql] SELECT * FROM `cmf_product_category` WHERE  `parent_id` IN (18,19,20,21,22,23,24,25,26,27) [ RunTime:0.000263s ]
[2026-04-20T23:41:52+08:00][sql] SHOW FULL COLUMNS FROM `cmf_portal_category` [ RunTime:0.001125s ]
[2026-04-20T23:41:52+08:00][sql] SELECT * FROM `cmf_portal_category` WHERE (  `type` = 8 ) AND `cmf_portal_category`.`delete_time` = '0' ORDER BY `list_order` ASC [ RunTime:0.000356s ]
[2026-04-20T23:41:52+08:00][sql] SHOW FULL COLUMNS FROM `cmf_product` [ RunTime:0.001170s ]
[2026-04-20T23:41:52+08:00][sql] SELECT * FROM `cmf_product` WHERE  `id` = 62 LIMIT 1 [ RunTime:0.000445s ]
[2026-04-20T23:41:52+08:00][sql] SELECT * FROM `cmf_product_category` WHERE  `id` = 18 LIMIT 1 [ RunTime:0.000194s ]
[2026-04-20T23:41:52+08:00][sql] SELECT `id`,`title`,`industry`,`thumbnail` FROM `cmf_product` WHERE  `id` <> 62  AND `is_recommended` = 1  AND `category_id` = 18 ORDER BY RAND() LIMIT 4 [ RunTime:0.000308s ]
[2026-04-20T23:41:52+08:00][sql] SHOW FULL COLUMNS FROM `cmf_slide_item` [ RunTime:0.000897s ]
[2026-04-20T23:41:52+08:00][sql] SELECT `title`,`description`,`image` FROM `cmf_slide_item` WHERE  `slide_id` = 7 ORDER BY `list_order` ASC LIMIT 1 [ RunTime:0.000248s ]
[2026-04-20T23:41:52+08:00][sql] SHOW FULL COLUMNS FROM `cmf_theme_file` [ RunTime:0.000855s ]
[2026-04-20T23:41:52+08:00][sql] SELECT `more`,`file`,`id` FROM `cmf_theme_file` WHERE  `theme` = 'simpleboot3_mobile'  AND (  `is_public` = 1 OR `file` = 'portal/product-info' ) ORDER BY `is_public` DESC [ RunTime:0.000313s ]
[2026-04-20T23:41:52+08:00][sql] SELECT `option_value` FROM `cmf_option` WHERE  `option_name` = 'storage' LIMIT 1 [ RunTime:0.000192s ]
[2026-04-20T23:42:09+08:00][sql] CONNECT:[ UseTime:0.000976s ] mysql:host=127.0.0.1;port=3306;dbname=weihua;charset=utf8mb4
[2026-04-20T23:42:09+08:00][sql] SHOW FULL COLUMNS FROM `cmf_option` [ RunTime:0.002000s ]
[2026-04-20T23:42:09+08:00][sql] SELECT `option_value` FROM `cmf_option` WHERE  `option_name` = 'cdn_settings' LIMIT 1 [ RunTime:0.000418s ]
[2026-04-20T23:42:09+08:00][sql] SELECT `option_value` FROM `cmf_option` WHERE  `option_name` = 'cdn_settings' LIMIT 1 [ RunTime:0.000293s ]
[2026-04-20T23:42:09+08:00][sql] SHOW FULL COLUMNS FROM `cmf_product_category` [ RunTime:0.001326s ]
[2026-04-20T23:42:09+08:00][sql] SELECT * FROM `cmf_product_category` WHERE  `parent_id` = 0 ORDER BY `list_order` ASC,`create_time` DESC [ RunTime:0.000424s ]
[2026-04-20T23:42:09+08:00][sql] SELECT * FROM `cmf_product_category` WHERE  `parent_id` IN (18,19,20,21,22,23,24,25,26,27) [ RunTime:0.000301s ]
[2026-04-20T23:42:09+08:00][sql] SHOW FULL COLUMNS FROM `cmf_portal_category` [ RunTime:0.001977s ]
[2026-04-20T23:42:09+08:00][sql] SELECT * FROM `cmf_portal_category` WHERE (  `type` = 8 ) AND `cmf_portal_category`.`delete_time` = '0' ORDER BY `list_order` ASC [ RunTime:0.000844s ]
[2026-04-20T23:42:09+08:00][sql] SHOW FULL COLUMNS FROM `cmf_product` [ RunTime:0.003525s ]
[2026-04-20T23:42:09+08:00][sql] SELECT * FROM `cmf_product` WHERE  `id` = 62 LIMIT 1 [ RunTime:0.000913s ]
[2026-04-20T23:42:09+08:00][sql] SELECT * FROM `cmf_product_category` WHERE  `id` = 18 LIMIT 1 [ RunTime:0.000470s ]
[2026-04-20T23:42:09+08:00][sql] SELECT `id`,`title`,`industry`,`thumbnail` FROM `cmf_product` WHERE  `id` <> 62  AND `is_recommended` = 1  AND `category_id` = 18 ORDER BY RAND() LIMIT 4 [ RunTime:0.000873s ]
[2026-04-20T23:42:09+08:00][sql] SHOW FULL COLUMNS FROM `cmf_slide_item` [ RunTime:0.002463s ]
[2026-04-20T23:42:09+08:00][sql] SELECT `title`,`description`,`image` FROM `cmf_slide_item` WHERE  `slide_id` = 7 ORDER BY `list_order` ASC LIMIT 1 [ RunTime:0.000847s ]
[2026-04-20T23:42:09+08:00][sql] SHOW FULL COLUMNS FROM `cmf_theme_file` [ RunTime:0.002610s ]
[2026-04-20T23:42:09+08:00][sql] SELECT `more`,`file`,`id` FROM `cmf_theme_file` WHERE  `theme` = 'simpleboot3_mobile'  AND (  `is_public` = 1 OR `file` = 'portal/product-info' ) ORDER BY `is_public` DESC [ RunTime:0.000810s ]
[2026-04-20T23:42:09+08:00][sql] SELECT `option_value` FROM `cmf_option` WHERE  `option_name` = 'storage' LIMIT 1 [ RunTime:0.000657s ]
[2026-04-20T23:42:28+08:00][sql] CONNECT:[ UseTime:0.012496s ] mysql:host=127.0.0.1;port=3306;dbname=weihua;charset=utf8mb4
[2026-04-20T23:42:28+08:00][sql] SHOW FULL COLUMNS FROM `cmf_option` [ RunTime:0.003053s ]
[2026-04-20T23:42:28+08:00][sql] SELECT `option_value` FROM `cmf_option` WHERE  `option_name` = 'cdn_settings' LIMIT 1 [ RunTime:0.000660s ]
[2026-04-20T23:42:28+08:00][sql] SELECT `option_value` FROM `cmf_option` WHERE  `option_name` = 'cdn_settings' LIMIT 1 [ RunTime:0.000455s ]
[2026-04-20T23:42:28+08:00][sql] SHOW FULL COLUMNS FROM `cmf_product_category` [ RunTime:0.002172s ]
[2026-04-20T23:42:28+08:00][sql] SELECT * FROM `cmf_product_category` WHERE  `parent_id` = 0 ORDER BY `list_order` ASC,`create_time` DESC [ RunTime:0.001137s ]
[2026-04-20T23:42:28+08:00][sql] SELECT * FROM `cmf_product_category` WHERE  `parent_id` IN (18,19,20,21,22,23,24,25,26,27) [ RunTime:0.000372s ]
[2026-04-20T23:42:28+08:00][sql] SHOW FULL COLUMNS FROM `cmf_portal_category` [ RunTime:0.001405s ]
[2026-04-20T23:42:28+08:00][sql] SELECT * FROM `cmf_portal_category` WHERE (  `type` = 8 ) AND `cmf_portal_category`.`delete_time` = '0' ORDER BY `list_order` ASC [ RunTime:0.000386s ]
[2026-04-20T23:42:28+08:00][sql] SHOW FULL COLUMNS FROM `cmf_product` [ RunTime:0.002800s ]
[2026-04-20T23:42:28+08:00][sql] SELECT * FROM `cmf_product` WHERE  `id` = 62 LIMIT 1 [ RunTime:0.000775s ]
[2026-04-20T23:42:28+08:00][sql] SELECT * FROM `cmf_product_category` WHERE  `id` = 18 LIMIT 1 [ RunTime:0.000243s ]
[2026-04-20T23:42:28+08:00][sql] SELECT `id`,`title`,`industry`,`thumbnail` FROM `cmf_product` WHERE  `id` <> 62  AND `is_recommended` = 1  AND `category_id` = 18 ORDER BY RAND() LIMIT 4 [ RunTime:0.000357s ]
[2026-04-20T23:42:28+08:00][sql] SHOW FULL COLUMNS FROM `cmf_slide_item` [ RunTime:0.001089s ]
[2026-04-20T23:42:28+08:00][sql] SELECT `title`,`description`,`image` FROM `cmf_slide_item` WHERE  `slide_id` = 7 ORDER BY `list_order` ASC LIMIT 1 [ RunTime:0.000311s ]
[2026-04-20T23:42:28+08:00][sql] SHOW FULL COLUMNS FROM `cmf_theme_file` [ RunTime:0.000877s ]
[2026-04-20T23:42:28+08:00][sql] SELECT `more`,`file`,`id` FROM `cmf_theme_file` WHERE  `theme` = 'simpleboot3_mobile'  AND (  `is_public` = 1 OR `file` = 'portal/product-info' ) ORDER BY `is_public` DESC [ RunTime:0.000312s ]
[2026-04-20T23:42:28+08:00][sql] SELECT `option_value` FROM `cmf_option` WHERE  `option_name` = 'storage' LIMIT 1 [ RunTime:0.000173s ]
[2026-04-20T23:42:53+08:00][sql] CONNECT:[ UseTime:0.011928s ] mysql:host=127.0.0.1;port=3306;dbname=weihua;charset=utf8mb4
[2026-04-20T23:42:53+08:00][sql] SHOW FULL COLUMNS FROM `cmf_option` [ RunTime:0.001777s ]
[2026-04-20T23:42:53+08:00][sql] SELECT `option_value` FROM `cmf_option` WHERE  `option_name` = 'cdn_settings' LIMIT 1 [ RunTime:0.000302s ]
[2026-04-20T23:42:53+08:00][sql] SELECT `option_value` FROM `cmf_option` WHERE  `option_name` = 'cdn_settings' LIMIT 1 [ RunTime:0.000173s ]
[2026-04-20T23:42:53+08:00][sql] SHOW FULL COLUMNS FROM `cmf_product_category` [ RunTime:0.000914s ]
[2026-04-20T23:42:53+08:00][sql] SELECT * FROM `cmf_product_category` WHERE  `parent_id` = 0 ORDER BY `list_order` ASC,`create_time` DESC [ RunTime:0.000283s ]
[2026-04-20T23:42:53+08:00][sql] SELECT * FROM `cmf_product_category` WHERE  `parent_id` IN (18,19,20,21,22,23,24,25,26,27) [ RunTime:0.000231s ]
[2026-04-20T23:42:53+08:00][sql] SHOW FULL COLUMNS FROM `cmf_portal_category` [ RunTime:0.001477s ]
[2026-04-20T23:42:53+08:00][sql] SELECT * FROM `cmf_portal_category` WHERE (  `type` = 8 ) AND `cmf_portal_category`.`delete_time` = '0' ORDER BY `list_order` ASC [ RunTime:0.000694s ]
[2026-04-20T23:42:53+08:00][sql] SHOW FULL COLUMNS FROM `cmf_product` [ RunTime:0.001378s ]
[2026-04-20T23:42:53+08:00][sql] SELECT * FROM `cmf_product` WHERE  `id` = 62 LIMIT 1 [ RunTime:0.000395s ]
[2026-04-20T23:42:53+08:00][sql] SELECT * FROM `cmf_product_category` WHERE  `id` = 18 LIMIT 1 [ RunTime:0.000220s ]
[2026-04-20T23:42:53+08:00][sql] SELECT `id`,`title`,`industry`,`thumbnail` FROM `cmf_product` WHERE  `id` <> 62  AND `is_recommended` = 1  AND `category_id` = 18 ORDER BY RAND() LIMIT 4 [ RunTime:0.000305s ]
[2026-04-20T23:42:53+08:00][sql] SHOW FULL COLUMNS FROM `cmf_slide_item` [ RunTime:0.000893s ]
[2026-04-20T23:42:53+08:00][sql] SELECT `title`,`description`,`image` FROM `cmf_slide_item` WHERE  `slide_id` = 7 ORDER BY `list_order` ASC LIMIT 1 [ RunTime:0.000267s ]
[2026-04-20T23:42:53+08:00][sql] SHOW FULL COLUMNS FROM `cmf_theme_file` [ RunTime:0.001410s ]
[2026-04-20T23:42:53+08:00][sql] SELECT `more`,`file`,`id` FROM `cmf_theme_file` WHERE  `theme` = 'simpleboot3_mobile'  AND (  `is_public` = 1 OR `file` = 'portal/product-info' ) ORDER BY `is_public` DESC [ RunTime:0.000461s ]
[2026-04-20T23:42:53+08:00][sql] SELECT `option_value` FROM `cmf_option` WHERE  `option_name` = 'storage' LIMIT 1 [ RunTime:0.000359s ]
[2026-04-20T23:43:20+08:00][sql] CONNECT:[ UseTime:0.009233s ] mysql:host=127.0.0.1;port=3306;dbname=weihua;charset=utf8mb4
[2026-04-20T23:43:20+08:00][sql] SHOW FULL COLUMNS FROM `cmf_option` [ RunTime:0.005564s ]
[2026-04-20T23:43:20+08:00][sql] SELECT `option_value` FROM `cmf_option` WHERE  `option_name` = 'cdn_settings' LIMIT 1 [ RunTime:0.000841s ]
[2026-04-20T23:43:20+08:00][sql] SELECT `option_value` FROM `cmf_option` WHERE  `option_name` = 'cdn_settings' LIMIT 1 [ RunTime:0.000563s ]
[2026-04-20T23:43:20+08:00][sql] SHOW FULL COLUMNS FROM `cmf_product_category` [ RunTime:0.002395s ]
[2026-04-20T23:43:20+08:00][sql] SELECT * FROM `cmf_product_category` WHERE  `parent_id` = 0 ORDER BY `list_order` ASC,`create_time` DESC [ RunTime:0.000915s ]
[2026-04-20T23:43:20+08:00][sql] SELECT * FROM `cmf_product_category` WHERE  `parent_id` IN (18,19,20,21,22,23,24,25,26,27) [ RunTime:0.000456s ]
[2026-04-20T23:43:20+08:00][sql] SHOW FULL COLUMNS FROM `cmf_portal_category` [ RunTime:0.002263s ]
[2026-04-20T23:43:20+08:00][sql] SELECT * FROM `cmf_portal_category` WHERE (  `type` = 8 ) AND `cmf_portal_category`.`delete_time` = '0' ORDER BY `list_order` ASC [ RunTime:0.000714s ]
[2026-04-20T23:43:20+08:00][sql] SHOW FULL COLUMNS FROM `cmf_product` [ RunTime:0.002516s ]
[2026-04-20T23:43:20+08:00][sql] SELECT * FROM `cmf_product` WHERE  `id` = 62 LIMIT 1 [ RunTime:0.001016s ]
[2026-04-20T23:43:20+08:00][sql] SELECT * FROM `cmf_product_category` WHERE  `id` = 18 LIMIT 1 [ RunTime:0.000542s ]
[2026-04-20T23:43:20+08:00][sql] SELECT `id`,`title`,`industry`,`thumbnail` FROM `cmf_product` WHERE  `id` <> 62  AND `is_recommended` = 1  AND `category_id` = 18 ORDER BY RAND() LIMIT 4 [ RunTime:0.000896s ]
[2026-04-20T23:43:20+08:00][sql] SHOW FULL COLUMNS FROM `cmf_slide_item` [ RunTime:0.002540s ]
[2026-04-20T23:43:20+08:00][sql] SELECT `title`,`description`,`image` FROM `cmf_slide_item` WHERE  `slide_id` = 7 ORDER BY `list_order` ASC LIMIT 1 [ RunTime:0.000810s ]
[2026-04-20T23:43:20+08:00][sql] SHOW FULL COLUMNS FROM `cmf_theme_file` [ RunTime:0.002495s ]
[2026-04-20T23:43:20+08:00][sql] SELECT `more`,`file`,`id` FROM `cmf_theme_file` WHERE  `theme` = 'simpleboot3_mobile'  AND (  `is_public` = 1 OR `file` = 'portal/product-info' ) ORDER BY `is_public` DESC [ RunTime:0.000875s ]
[2026-04-20T23:43:20+08:00][sql] SELECT `option_value` FROM `cmf_option` WHERE  `option_name` = 'storage' LIMIT 1 [ RunTime:0.000785s ]
[2026-04-20T23:44:41+08:00][sql] CONNECT:[ UseTime:0.002189s ] mysql:host=127.0.0.1;port=3306;dbname=weihua;charset=utf8mb4
[2026-04-20T23:44:41+08:00][sql] SHOW FULL COLUMNS FROM `cmf_option` [ RunTime:0.010647s ]
[2026-04-20T23:44:41+08:00][sql] SELECT `option_value` FROM `cmf_option` WHERE  `option_name` = 'cdn_settings' LIMIT 1 [ RunTime:0.000829s ]
[2026-04-20T23:44:41+08:00][sql] SELECT `option_value` FROM `cmf_option` WHERE  `option_name` = 'cdn_settings' LIMIT 1 [ RunTime:0.000561s ]
[2026-04-20T23:44:41+08:00][sql] SHOW FULL COLUMNS FROM `cmf_product_category` [ RunTime:0.001965s ]
[2026-04-20T23:44:41+08:00][sql] SELECT * FROM `cmf_product_category` WHERE  `parent_id` = 0 ORDER BY `list_order` ASC,`create_time` DESC [ RunTime:0.000539s ]
[2026-04-20T23:44:41+08:00][sql] SELECT * FROM `cmf_product_category` WHERE  `parent_id` IN (18,19,20,21,22,23,24,25,26,27) [ RunTime:0.000390s ]
[2026-04-20T23:44:41+08:00][sql] SHOW FULL COLUMNS FROM `cmf_portal_category` [ RunTime:0.001424s ]
[2026-04-20T23:44:41+08:00][sql] SELECT * FROM `cmf_portal_category` WHERE (  `type` = 8 ) AND `cmf_portal_category`.`delete_time` = '0' ORDER BY `list_order` ASC [ RunTime:0.000728s ]
[2026-04-20T23:44:41+08:00][sql] SHOW FULL COLUMNS FROM `cmf_product` [ RunTime:0.001943s ]
[2026-04-20T23:44:41+08:00][sql] SELECT * FROM `cmf_product` WHERE  `id` = 62 LIMIT 1 [ RunTime:0.000727s ]
[2026-04-20T23:44:41+08:00][sql] SELECT * FROM `cmf_product_category` WHERE  `id` = 18 LIMIT 1 [ RunTime:0.000274s ]
[2026-04-20T23:44:41+08:00][sql] SELECT `id`,`title`,`industry`,`thumbnail` FROM `cmf_product` WHERE  `id` <> 62  AND `is_recommended` = 1  AND `category_id` = 18 ORDER BY RAND() LIMIT 4 [ RunTime:0.000589s ]
[2026-04-20T23:44:41+08:00][sql] SHOW FULL COLUMNS FROM `cmf_slide_item` [ RunTime:0.001639s ]
[2026-04-20T23:44:41+08:00][sql] SELECT `title`,`description`,`image` FROM `cmf_slide_item` WHERE  `slide_id` = 7 ORDER BY `list_order` ASC LIMIT 1 [ RunTime:0.000730s ]
[2026-04-20T23:44:41+08:00][sql] SHOW FULL COLUMNS FROM `cmf_theme_file` [ RunTime:0.001249s ]
[2026-04-20T23:44:41+08:00][sql] SELECT `more`,`file`,`id` FROM `cmf_theme_file` WHERE  `theme` = 'simpleboot3_mobile'  AND (  `is_public` = 1 OR `file` = 'portal/product-info' ) ORDER BY `is_public` DESC [ RunTime:0.000504s ]
[2026-04-20T23:44:41+08:00][sql] SELECT `option_value` FROM `cmf_option` WHERE  `option_name` = 'storage' LIMIT 1 [ RunTime:0.000631s ]
[2026-04-20T23:44:50+08:00][sql] CONNECT:[ UseTime:0.001433s ] mysql:host=127.0.0.1;port=3306;dbname=weihua;charset=utf8mb4
[2026-04-20T23:44:50+08:00][sql] SHOW FULL COLUMNS FROM `cmf_option` [ RunTime:0.016925s ]
[2026-04-20T23:44:50+08:00][sql] SELECT `option_value` FROM `cmf_option` WHERE  `option_name` = 'cdn_settings' LIMIT 1 [ RunTime:0.000903s ]
[2026-04-20T23:44:50+08:00][sql] SELECT `option_value` FROM `cmf_option` WHERE  `option_name` = 'cdn_settings' LIMIT 1 [ RunTime:0.001303s ]
[2026-04-20T23:44:50+08:00][sql] SHOW FULL COLUMNS FROM `cmf_product_category` [ RunTime:0.002760s ]
[2026-04-20T23:44:50+08:00][sql] SELECT * FROM `cmf_product_category` WHERE  `parent_id` = 0 ORDER BY `list_order` ASC,`create_time` DESC [ RunTime:0.000388s ]
[2026-04-20T23:44:50+08:00][sql] SELECT * FROM `cmf_product_category` WHERE  `parent_id` IN (18,19,20,21,22,23,24,25,26,27) [ RunTime:0.000239s ]
[2026-04-20T23:44:50+08:00][sql] SHOW FULL COLUMNS FROM `cmf_portal_category` [ RunTime:0.002883s ]
[2026-04-20T23:44:50+08:00][sql] SELECT * FROM `cmf_portal_category` WHERE (  `type` = 8 ) AND `cmf_portal_category`.`delete_time` = '0' ORDER BY `list_order` ASC [ RunTime:0.000279s ]
[2026-04-20T23:44:50+08:00][sql] SHOW FULL COLUMNS FROM `cmf_product` [ RunTime:0.001115s ]
[2026-04-20T23:44:50+08:00][sql] SELECT * FROM `cmf_product` WHERE  `id` = 62 LIMIT 1 [ RunTime:0.000299s ]
[2026-04-20T23:44:50+08:00][sql] SELECT * FROM `cmf_product_category` WHERE  `id` = 18 LIMIT 1 [ RunTime:0.000161s ]
[2026-04-20T23:44:50+08:00][sql] SELECT `id`,`title`,`industry`,`thumbnail` FROM `cmf_product` WHERE  `id` <> 62  AND `is_recommended` = 1  AND `category_id` = 18 ORDER BY RAND() LIMIT 4 [ RunTime:0.000277s ]
[2026-04-20T23:44:50+08:00][sql] SHOW FULL COLUMNS FROM `cmf_slide_item` [ RunTime:0.000940s ]
[2026-04-20T23:44:50+08:00][sql] SELECT `title`,`description`,`image` FROM `cmf_slide_item` WHERE  `slide_id` = 7 ORDER BY `list_order` ASC LIMIT 1 [ RunTime:0.000238s ]
[2026-04-20T23:44:50+08:00][sql] SHOW FULL COLUMNS FROM `cmf_theme_file` [ RunTime:0.000863s ]
[2026-04-20T23:44:50+08:00][sql] SELECT `more`,`file`,`id` FROM `cmf_theme_file` WHERE  `theme` = 'simpleboot3_mobile'  AND (  `is_public` = 1 OR `file` = 'portal/product-info' ) ORDER BY `is_public` DESC [ RunTime:0.000298s ]
[2026-04-20T23:44:50+08:00][sql] SELECT `option_value` FROM `cmf_option` WHERE  `option_name` = 'storage' LIMIT 1 [ RunTime:0.000176s ]
[2026-04-20T23:45:02+08:00][sql] CONNECT:[ UseTime:0.002394s ] mysql:host=127.0.0.1;port=3306;dbname=weihua;charset=utf8mb4
[2026-04-20T23:45:02+08:00][sql] SHOW FULL COLUMNS FROM `cmf_option` [ RunTime:0.002935s ]
[2026-04-20T23:45:02+08:00][sql] SELECT `option_value` FROM `cmf_option` WHERE  `option_name` = 'cdn_settings' LIMIT 1 [ RunTime:0.000392s ]
[2026-04-20T23:45:02+08:00][sql] SELECT `option_value` FROM `cmf_option` WHERE  `option_name` = 'cdn_settings' LIMIT 1 [ RunTime:0.000236s ]
[2026-04-20T23:45:02+08:00][sql] SHOW FULL COLUMNS FROM `cmf_product_category` [ RunTime:0.001336s ]
[2026-04-20T23:45:02+08:00][sql] SELECT * FROM `cmf_product_category` WHERE  `parent_id` = 0 ORDER BY `list_order` ASC,`create_time` DESC [ RunTime:0.000447s ]
[2026-04-20T23:45:02+08:00][sql] SELECT * FROM `cmf_product_category` WHERE  `parent_id` IN (18,19,20,21,22,23,24,25,26,27) [ RunTime:0.000328s ]
[2026-04-20T23:45:02+08:00][sql] SHOW FULL COLUMNS FROM `cmf_portal_category` [ RunTime:0.001950s ]
[2026-04-20T23:45:02+08:00][sql] SELECT * FROM `cmf_portal_category` WHERE (  `type` = 8 ) AND `cmf_portal_category`.`delete_time` = '0' ORDER BY `list_order` ASC [ RunTime:0.000438s ]
[2026-04-20T23:45:02+08:00][sql] SHOW FULL COLUMNS FROM `cmf_product` [ RunTime:0.001463s ]
[2026-04-20T23:45:02+08:00][sql] SELECT * FROM `cmf_product` WHERE  `id` = 62 LIMIT 1 [ RunTime:0.000499s ]
[2026-04-20T23:45:02+08:00][sql] SELECT * FROM `cmf_product_category` WHERE  `id` = 18 LIMIT 1 [ RunTime:0.000210s ]
[2026-04-20T23:45:02+08:00][sql] SELECT `id`,`title`,`industry`,`thumbnail` FROM `cmf_product` WHERE  `id` <> 62  AND `is_recommended` = 1  AND `category_id` = 18 ORDER BY RAND() LIMIT 4 [ RunTime:0.000456s ]
[2026-04-20T23:45:02+08:00][sql] SHOW FULL COLUMNS FROM `cmf_slide_item` [ RunTime:0.001547s ]
[2026-04-20T23:45:02+08:00][sql] SELECT `title`,`description`,`image` FROM `cmf_slide_item` WHERE  `slide_id` = 7 ORDER BY `list_order` ASC LIMIT 1 [ RunTime:0.000404s ]
[2026-04-20T23:45:02+08:00][sql] SHOW FULL COLUMNS FROM `cmf_theme_file` [ RunTime:0.001495s ]
[2026-04-20T23:45:02+08:00][sql] SELECT `more`,`file`,`id` FROM `cmf_theme_file` WHERE  `theme` = 'simpleboot3_mobile'  AND (  `is_public` = 1 OR `file` = 'portal/product-info' ) ORDER BY `is_public` DESC [ RunTime:0.000551s ]
[2026-04-20T23:45:02+08:00][sql] SELECT `option_value` FROM `cmf_option` WHERE  `option_name` = 'storage' LIMIT 1 [ RunTime:0.000513s ]
[2026-04-20T23:45:07+08:00][sql] CONNECT:[ UseTime:0.000744s ] mysql:host=127.0.0.1;port=3306;dbname=weihua;charset=utf8mb4
[2026-04-20T23:45:07+08:00][sql] SHOW FULL COLUMNS FROM `cmf_option` [ RunTime:0.001575s ]
[2026-04-20T23:45:07+08:00][sql] SELECT `option_value` FROM `cmf_option` WHERE  `option_name` = 'cdn_settings' LIMIT 1 [ RunTime:0.000275s ]
[2026-04-20T23:45:07+08:00][sql] SELECT `option_value` FROM `cmf_option` WHERE  `option_name` = 'cdn_settings' LIMIT 1 [ RunTime:0.000193s ]
[2026-04-20T23:45:07+08:00][sql] SHOW FULL COLUMNS FROM `cmf_product_category` [ RunTime:0.001014s ]
[2026-04-20T23:45:07+08:00][sql] SELECT * FROM `cmf_product_category` WHERE  `parent_id` = 0 ORDER BY `list_order` ASC,`create_time` DESC [ RunTime:0.000530s ]
[2026-04-20T23:45:07+08:00][sql] SELECT * FROM `cmf_product_category` WHERE  `parent_id` IN (18,19,20,21,22,23,24,25,26,27) [ RunTime:0.000230s ]
[2026-04-20T23:45:07+08:00][sql] SHOW FULL COLUMNS FROM `cmf_portal_category` [ RunTime:0.001134s ]
[2026-04-20T23:45:07+08:00][sql] SELECT * FROM `cmf_portal_category` WHERE (  `type` = 8 ) AND `cmf_portal_category`.`delete_time` = '0' ORDER BY `list_order` ASC [ RunTime:0.000286s ]
[2026-04-20T23:45:07+08:00][sql] SHOW FULL COLUMNS FROM `cmf_product` [ RunTime:0.001791s ]
[2026-04-20T23:45:07+08:00][sql] SELECT * FROM `cmf_product` WHERE  `id` = 62 LIMIT 1 [ RunTime:0.000361s ]
[2026-04-20T23:45:07+08:00][sql] SELECT * FROM `cmf_product_category` WHERE  `id` = 18 LIMIT 1 [ RunTime:0.000215s ]
[2026-04-20T23:45:07+08:00][sql] SELECT `id`,`title`,`industry`,`thumbnail` FROM `cmf_product` WHERE  `id` <> 62  AND `is_recommended` = 1  AND `category_id` = 18 ORDER BY RAND() LIMIT 4 [ RunTime:0.000288s ]
[2026-04-20T23:45:07+08:00][sql] SHOW FULL COLUMNS FROM `cmf_slide_item` [ RunTime:0.001070s ]
[2026-04-20T23:45:07+08:00][sql] SELECT `title`,`description`,`image` FROM `cmf_slide_item` WHERE  `slide_id` = 7 ORDER BY `list_order` ASC LIMIT 1 [ RunTime:0.000321s ]
[2026-04-20T23:45:07+08:00][sql] SHOW FULL COLUMNS FROM `cmf_theme_file` [ RunTime:0.001020s ]
[2026-04-20T23:45:07+08:00][sql] SELECT `more`,`file`,`id` FROM `cmf_theme_file` WHERE  `theme` = 'simpleboot3_mobile'  AND (  `is_public` = 1 OR `file` = 'portal/product-info' ) ORDER BY `is_public` DESC [ RunTime:0.000285s ]
[2026-04-20T23:45:07+08:00][sql] SELECT `option_value` FROM `cmf_option` WHERE  `option_name` = 'storage' LIMIT 1 [ RunTime:0.000304s ]
[2026-04-20T23:45:49+08:00][sql] CONNECT:[ UseTime:0.002010s ] mysql:host=127.0.0.1;port=3306;dbname=weihua;charset=utf8mb4
[2026-04-20T23:45:49+08:00][sql] SHOW FULL COLUMNS FROM `cmf_option` [ RunTime:0.003305s ]
[2026-04-20T23:45:49+08:00][sql] SELECT `option_value` FROM `cmf_option` WHERE  `option_name` = 'cdn_settings' LIMIT 1 [ RunTime:0.000434s ]
[2026-04-20T23:45:49+08:00][sql] SELECT `option_value` FROM `cmf_option` WHERE  `option_name` = 'cdn_settings' LIMIT 1 [ RunTime:0.000222s ]
[2026-04-20T23:45:49+08:00][sql] SHOW FULL COLUMNS FROM `cmf_product_category` [ RunTime:0.001835s ]
[2026-04-20T23:45:49+08:00][sql] SELECT * FROM `cmf_product_category` WHERE  `parent_id` = 0 ORDER BY `list_order` ASC,`create_time` DESC [ RunTime:0.000731s ]
[2026-04-20T23:45:49+08:00][sql] SELECT * FROM `cmf_product_category` WHERE  `parent_id` IN (18,19,20,21,22,23,24,25,26,27) [ RunTime:0.000492s ]
[2026-04-20T23:45:49+08:00][sql] SHOW FULL COLUMNS FROM `cmf_portal_category` [ RunTime:0.002522s ]
[2026-04-20T23:45:49+08:00][sql] SELECT * FROM `cmf_portal_category` WHERE (  `type` = 8 ) AND `cmf_portal_category`.`delete_time` = '0' ORDER BY `list_order` ASC [ RunTime:0.000353s ]
[2026-04-20T23:45:49+08:00][sql] SHOW FULL COLUMNS FROM `cmf_product` [ RunTime:0.001907s ]
[2026-04-20T23:45:49+08:00][sql] SELECT * FROM `cmf_product` WHERE  `id` = 62 LIMIT 1 [ RunTime:0.000519s ]
[2026-04-20T23:45:49+08:00][sql] SELECT * FROM `cmf_product_category` WHERE  `id` = 18 LIMIT 1 [ RunTime:0.000351s ]
[2026-04-20T23:45:49+08:00][sql] SELECT `id`,`title`,`industry`,`thumbnail` FROM `cmf_product` WHERE  `id` <> 62  AND `is_recommended` = 1  AND `category_id` = 18 ORDER BY RAND() LIMIT 4 [ RunTime:0.000685s ]
[2026-04-20T23:45:49+08:00][sql] SHOW FULL COLUMNS FROM `cmf_slide_item` [ RunTime:0.001462s ]
[2026-04-20T23:45:49+08:00][sql] SELECT `title`,`description`,`image` FROM `cmf_slide_item` WHERE  `slide_id` = 7 ORDER BY `list_order` ASC LIMIT 1 [ RunTime:0.000576s ]
[2026-04-20T23:45:49+08:00][sql] SHOW FULL COLUMNS FROM `cmf_theme_file` [ RunTime:0.001564s ]
[2026-04-20T23:45:49+08:00][sql] SELECT `more`,`file`,`id` FROM `cmf_theme_file` WHERE  `theme` = 'simpleboot3_mobile'  AND (  `is_public` = 1 OR `file` = 'portal/product-info' ) ORDER BY `is_public` DESC [ RunTime:0.000536s ]
[2026-04-20T23:45:49+08:00][sql] SELECT `option_value` FROM `cmf_option` WHERE  `option_name` = 'storage' LIMIT 1 [ RunTime:0.001130s ]
[2026-04-20T23:46:06+08:00][sql] CONNECT:[ UseTime:0.001858s ] mysql:host=127.0.0.1;port=3306;dbname=weihua;charset=utf8mb4
[2026-04-20T23:46:06+08:00][sql] SHOW FULL COLUMNS FROM `cmf_option` [ RunTime:0.004598s ]
[2026-04-20T23:46:06+08:00][sql] SELECT `option_value` FROM `cmf_option` WHERE  `option_name` = 'cdn_settings' LIMIT 1 [ RunTime:0.000779s ]
[2026-04-20T23:46:06+08:00][sql] SELECT `option_value` FROM `cmf_option` WHERE  `option_name` = 'cdn_settings' LIMIT 1 [ RunTime:0.000292s ]
[2026-04-20T23:46:06+08:00][sql] SHOW FULL COLUMNS FROM `cmf_product_category` [ RunTime:0.002781s ]
[2026-04-20T23:46:06+08:00][sql] SELECT * FROM `cmf_product_category` WHERE  `parent_id` = 0 ORDER BY `list_order` ASC,`create_time` DESC [ RunTime:0.001068s ]
[2026-04-20T23:46:06+08:00][sql] SELECT * FROM `cmf_product_category` WHERE  `parent_id` IN (18,19,20,21,22,23,24,25,26,27) [ RunTime:0.000673s ]
[2026-04-20T23:46:06+08:00][sql] SHOW FULL COLUMNS FROM `cmf_portal_category` [ RunTime:0.002734s ]
[2026-04-20T23:46:06+08:00][sql] SELECT * FROM `cmf_portal_category` WHERE (  `type` = 8 ) AND `cmf_portal_category`.`delete_time` = '0' ORDER BY `list_order` ASC [ RunTime:0.000830s ]
[2026-04-20T23:46:06+08:00][sql] SHOW FULL COLUMNS FROM `cmf_product` [ RunTime:0.003220s ]
[2026-04-20T23:46:06+08:00][sql] SELECT * FROM `cmf_product` WHERE  `id` = 62 LIMIT 1 [ RunTime:0.000897s ]
[2026-04-20T23:46:06+08:00][sql] SELECT * FROM `cmf_product_category` WHERE  `id` = 18 LIMIT 1 [ RunTime:0.000483s ]
[2026-04-20T23:46:06+08:00][sql] SELECT `id`,`title`,`industry`,`thumbnail` FROM `cmf_product` WHERE  `id` <> 62  AND `is_recommended` = 1  AND `category_id` = 18 ORDER BY RAND() LIMIT 4 [ RunTime:0.000769s ]
[2026-04-20T23:46:06+08:00][sql] SHOW FULL COLUMNS FROM `cmf_slide_item` [ RunTime:0.002545s ]
[2026-04-20T23:46:06+08:00][sql] SELECT `title`,`description`,`image` FROM `cmf_slide_item` WHERE  `slide_id` = 7 ORDER BY `list_order` ASC LIMIT 1 [ RunTime:0.000657s ]
[2026-04-20T23:46:06+08:00][sql] SHOW FULL COLUMNS FROM `cmf_theme_file` [ RunTime:0.002294s ]
[2026-04-20T23:46:06+08:00][sql] SELECT `more`,`file`,`id` FROM `cmf_theme_file` WHERE  `theme` = 'simpleboot3_mobile'  AND (  `is_public` = 1 OR `file` = 'portal/product-info' ) ORDER BY `is_public` DESC [ RunTime:0.000812s ]
[2026-04-20T23:46:06+08:00][sql] SELECT `option_value` FROM `cmf_option` WHERE  `option_name` = 'storage' LIMIT 1 [ RunTime:0.000319s ]
[2026-04-20T23:46:13+08:00][sql] CONNECT:[ UseTime:0.001320s ] mysql:host=127.0.0.1;port=3306;dbname=weihua;charset=utf8mb4
[2026-04-20T23:46:13+08:00][sql] SHOW FULL COLUMNS FROM `cmf_option` [ RunTime:0.003239s ]
[2026-04-20T23:46:13+08:00][sql] SELECT `option_value` FROM `cmf_option` WHERE  `option_name` = 'cdn_settings' LIMIT 1 [ RunTime:0.000650s ]
[2026-04-20T23:46:13+08:00][sql] SELECT `option_value` FROM `cmf_option` WHERE  `option_name` = 'cdn_settings' LIMIT 1 [ RunTime:0.000486s ]
[2026-04-20T23:46:13+08:00][sql] SHOW FULL COLUMNS FROM `cmf_product_category` [ RunTime:0.002752s ]
[2026-04-20T23:46:13+08:00][sql] SELECT * FROM `cmf_product_category` WHERE  `parent_id` = 0 ORDER BY `list_order` ASC,`create_time` DESC [ RunTime:0.000750s ]
[2026-04-20T23:46:13+08:00][sql] SELECT * FROM `cmf_product_category` WHERE  `parent_id` IN (18,19,20,21,22,23,24,25,26,27) [ RunTime:0.000581s ]
[2026-04-20T23:46:13+08:00][sql] SHOW FULL COLUMNS FROM `cmf_portal_category` [ RunTime:0.001373s ]
[2026-04-20T23:46:13+08:00][sql] SELECT * FROM `cmf_portal_category` WHERE (  `type` = 8 ) AND `cmf_portal_category`.`delete_time` = '0' ORDER BY `list_order` ASC [ RunTime:0.000339s ]
[2026-04-20T23:46:13+08:00][sql] SHOW FULL COLUMNS FROM `cmf_product` [ RunTime:0.001231s ]
[2026-04-20T23:46:13+08:00][sql] SELECT * FROM `cmf_product` WHERE  `id` = 62 LIMIT 1 [ RunTime:0.000336s ]
[2026-04-20T23:46:13+08:00][sql] SELECT * FROM `cmf_product_category` WHERE  `id` = 18 LIMIT 1 [ RunTime:0.000174s ]
[2026-04-20T23:46:13+08:00][sql] SELECT `id`,`title`,`industry`,`thumbnail` FROM `cmf_product` WHERE  `id` <> 62  AND `is_recommended` = 1  AND `category_id` = 18 ORDER BY RAND() LIMIT 4 [ RunTime:0.000373s ]
[2026-04-20T23:46:13+08:00][sql] SHOW FULL COLUMNS FROM `cmf_slide_item` [ RunTime:0.001970s ]
[2026-04-20T23:46:13+08:00][sql] SELECT `title`,`description`,`image` FROM `cmf_slide_item` WHERE  `slide_id` = 7 ORDER BY `list_order` ASC LIMIT 1 [ RunTime:0.000563s ]
[2026-04-20T23:46:13+08:00][sql] SHOW FULL COLUMNS FROM `cmf_theme_file` [ RunTime:0.002212s ]
[2026-04-20T23:46:13+08:00][sql] SELECT `more`,`file`,`id` FROM `cmf_theme_file` WHERE  `theme` = 'simpleboot3_mobile'  AND (  `is_public` = 1 OR `file` = 'portal/product-info' ) ORDER BY `is_public` DESC [ RunTime:0.000613s ]
[2026-04-20T23:46:13+08:00][sql] SELECT `option_value` FROM `cmf_option` WHERE  `option_name` = 'storage' LIMIT 1 [ RunTime:0.000200s ]
[2026-04-20T23:47:15+08:00][sql] CONNECT:[ UseTime:0.000900s ] mysql:host=127.0.0.1;port=3306;dbname=weihua;charset=utf8mb4
[2026-04-20T23:47:15+08:00][sql] SHOW FULL COLUMNS FROM `cmf_option` [ RunTime:0.001914s ]
[2026-04-20T23:47:15+08:00][sql] SELECT `option_value` FROM `cmf_option` WHERE  `option_name` = 'cdn_settings' LIMIT 1 [ RunTime:0.000461s ]
[2026-04-20T23:47:15+08:00][sql] SELECT `option_value` FROM `cmf_option` WHERE  `option_name` = 'cdn_settings' LIMIT 1 [ RunTime:0.000259s ]
[2026-04-20T23:47:15+08:00][sql] SHOW FULL COLUMNS FROM `cmf_product_category` [ RunTime:0.001546s ]
[2026-04-20T23:47:15+08:00][sql] SELECT * FROM `cmf_product_category` WHERE  `parent_id` = 0 ORDER BY `list_order` ASC,`create_time` DESC [ RunTime:0.000412s ]
[2026-04-20T23:47:15+08:00][sql] SELECT * FROM `cmf_product_category` WHERE  `parent_id` IN (18,19,20,21,22,23,24,25,26,27) [ RunTime:0.000270s ]
[2026-04-20T23:47:15+08:00][sql] SHOW FULL COLUMNS FROM `cmf_portal_category` [ RunTime:0.001185s ]
[2026-04-20T23:47:15+08:00][sql] SELECT * FROM `cmf_portal_category` WHERE (  `type` = 8 ) AND `cmf_portal_category`.`delete_time` = '0' ORDER BY `list_order` ASC [ RunTime:0.000339s ]
[2026-04-20T23:47:15+08:00][sql] SHOW FULL COLUMNS FROM `cmf_product` [ RunTime:0.001313s ]
[2026-04-20T23:47:15+08:00][sql] SELECT * FROM `cmf_product` WHERE  `id` = 62 LIMIT 1 [ RunTime:0.000363s ]
[2026-04-20T23:47:15+08:00][sql] SELECT * FROM `cmf_product_category` WHERE  `id` = 18 LIMIT 1 [ RunTime:0.000198s ]
[2026-04-20T23:47:15+08:00][sql] SELECT `id`,`title`,`industry`,`thumbnail` FROM `cmf_product` WHERE  `id` <> 62  AND `is_recommended` = 1  AND `category_id` = 18 ORDER BY RAND() LIMIT 4 [ RunTime:0.000366s ]
[2026-04-20T23:47:15+08:00][sql] SHOW FULL COLUMNS FROM `cmf_slide_item` [ RunTime:0.000966s ]
[2026-04-20T23:47:15+08:00][sql] SELECT `title`,`description`,`image` FROM `cmf_slide_item` WHERE  `slide_id` = 7 ORDER BY `list_order` ASC LIMIT 1 [ RunTime:0.000265s ]
[2026-04-20T23:47:15+08:00][sql] SHOW FULL COLUMNS FROM `cmf_theme_file` [ RunTime:0.000830s ]
[2026-04-20T23:47:15+08:00][sql] SELECT `more`,`file`,`id` FROM `cmf_theme_file` WHERE  `theme` = 'simpleboot3_mobile'  AND (  `is_public` = 1 OR `file` = 'portal/product-info' ) ORDER BY `is_public` DESC [ RunTime:0.000270s ]
[2026-04-20T23:47:15+08:00][sql] SELECT `option_value` FROM `cmf_option` WHERE  `option_name` = 'storage' LIMIT 1 [ RunTime:0.000206s ]
[2026-04-20T23:47:22+08:00][sql] CONNECT:[ UseTime:0.000860s ] mysql:host=127.0.0.1;port=3306;dbname=weihua;charset=utf8mb4
[2026-04-20T23:47:22+08:00][sql] SHOW FULL COLUMNS FROM `cmf_option` [ RunTime:0.001641s ]
[2026-04-20T23:47:22+08:00][sql] SELECT `option_value` FROM `cmf_option` WHERE  `option_name` = 'cdn_settings' LIMIT 1 [ RunTime:0.000307s ]
[2026-04-20T23:47:22+08:00][sql] SELECT `option_value` FROM `cmf_option` WHERE  `option_name` = 'cdn_settings' LIMIT 1 [ RunTime:0.000198s ]
[2026-04-20T23:47:22+08:00][sql] SHOW FULL COLUMNS FROM `cmf_product_category` [ RunTime:0.001036s ]
[2026-04-20T23:47:22+08:00][sql] SELECT * FROM `cmf_product_category` WHERE  `parent_id` = 0 ORDER BY `list_order` ASC,`create_time` DESC [ RunTime:0.000302s ]
[2026-04-20T23:47:22+08:00][sql] SELECT * FROM `cmf_product_category` WHERE  `parent_id` IN (18,19,20,21,22,23,24,25,26,27) [ RunTime:0.000222s ]
[2026-04-20T23:47:22+08:00][sql] SHOW FULL COLUMNS FROM `cmf_portal_category` [ RunTime:0.000947s ]
[2026-04-20T23:47:22+08:00][sql] SELECT * FROM `cmf_portal_category` WHERE (  `type` = 8 ) AND `cmf_portal_category`.`delete_time` = '0' ORDER BY `list_order` ASC [ RunTime:0.000272s ]
[2026-04-20T23:47:22+08:00][sql] SHOW FULL COLUMNS FROM `cmf_product` [ RunTime:0.001235s ]
[2026-04-20T23:47:22+08:00][sql] SELECT * FROM `cmf_product` WHERE  `id` = 62 LIMIT 1 [ RunTime:0.000420s ]
[2026-04-20T23:47:22+08:00][sql] SELECT * FROM `cmf_product_category` WHERE  `id` = 18 LIMIT 1 [ RunTime:0.000208s ]
[2026-04-20T23:47:22+08:00][sql] SELECT `id`,`title`,`industry`,`thumbnail` FROM `cmf_product` WHERE  `id` <> 62  AND `is_recommended` = 1  AND `category_id` = 18 ORDER BY RAND() LIMIT 4 [ RunTime:0.000421s ]
[2026-04-20T23:47:22+08:00][sql] SHOW FULL COLUMNS FROM `cmf_slide_item` [ RunTime:0.001028s ]
[2026-04-20T23:47:22+08:00][sql] SELECT `title`,`description`,`image` FROM `cmf_slide_item` WHERE  `slide_id` = 7 ORDER BY `list_order` ASC LIMIT 1 [ RunTime:0.000418s ]
[2026-04-20T23:47:22+08:00][sql] SHOW FULL COLUMNS FROM `cmf_theme_file` [ RunTime:0.001056s ]
[2026-04-20T23:47:22+08:00][sql] SELECT `more`,`file`,`id` FROM `cmf_theme_file` WHERE  `theme` = 'simpleboot3_mobile'  AND (  `is_public` = 1 OR `file` = 'portal/product-info' ) ORDER BY `is_public` DESC [ RunTime:0.000281s ]
[2026-04-20T23:47:22+08:00][sql] SELECT `option_value` FROM `cmf_option` WHERE  `option_name` = 'storage' LIMIT 1 [ RunTime:0.000204s ]
