[2026-04-21T21:11:00+08:00][sql] CONNECT:[ UseTime:0.030197s ] mysql:host=127.0.0.1;port=3306;dbname=weihua;charset=utf8mb4
[2026-04-21T21:11:00+08:00][sql] SHOW FULL COLUMNS FROM `cmf_plugin` [ RunTime:0.031288s ]
[2026-04-21T21:11:00+08:00][sql] SELECT `config` FROM `cmf_plugin` WHERE  `name` = 'SwitchTheme' LIMIT 1 [ RunTime:0.001191s ]
[2026-04-21T21:11:00+08:00][sql] SHOW FULL COLUMNS FROM `cmf_option` [ RunTime:0.001904s ]
[2026-04-21T21:11:00+08:00][sql] SELECT `option_value` FROM `cmf_option` WHERE  `option_name` = 'cdn_settings' LIMIT 1 [ RunTime:0.000337s ]
[2026-04-21T21:11:00+08:00][sql] SELECT `option_value` FROM `cmf_option` WHERE  `option_name` = 'cdn_settings' LIMIT 1 [ RunTime:0.000230s ]
[2026-04-21T21:11:00+08:00][sql] SHOW FULL COLUMNS FROM `cmf_product_category` [ RunTime:0.001107s ]
[2026-04-21T21:11:00+08:00][sql] SELECT * FROM `cmf_product_category` WHERE  `parent_id` = 0 ORDER BY `list_order` ASC,`create_time` DESC [ RunTime:0.000608s ]
[2026-04-21T21:11:00+08:00][sql] SELECT * FROM `cmf_product_category` WHERE  `parent_id` IN (18,19,20,21,22,23,24,25,26,27) [ RunTime:0.000410s ]
[2026-04-21T21:11:00+08:00][sql] SHOW FULL COLUMNS FROM `cmf_portal_category` [ RunTime:0.001641s ]
[2026-04-21T21:11:00+08:00][sql] SELECT * FROM `cmf_portal_category` WHERE (  `type` = 8 ) AND `cmf_portal_category`.`delete_time` = '0' ORDER BY `list_order` ASC [ RunTime:0.000633s ]
[2026-04-21T21:11:00+08:00][sql] SHOW FULL COLUMNS FROM `cmf_slide_item` [ RunTime:0.001331s ]
[2026-04-21T21:11:00+08:00][sql] SELECT `title`,`image`,`content` FROM `cmf_slide_item` WHERE  `slide_id` = 1 ORDER BY `list_order` ASC [ RunTime:0.000521s ]
[2026-04-21T21:11:00+08:00][sql] SHOW FULL COLUMNS FROM `cmf_product` [ RunTime:0.001322s ]
[2026-04-21T21:11:00+08:00][sql] SELECT `id`,`title`,`thumbnail`,`industry` FROM `cmf_product` WHERE  `is_recommended` = 1  AND `category_id` = 18 ORDER BY `list_order` ASC LIMIT 6 [ RunTime:0.001394s ]
[2026-04-21T21:11:00+08:00][sql] SELECT `id`,`title`,`thumbnail`,`industry` FROM `cmf_product` WHERE  `is_recommended` = 1  AND `category_id` = 19 ORDER BY `list_order` ASC LIMIT 6 [ RunTime:0.000372s ]
[2026-04-21T21:11:00+08:00][sql] SELECT `id`,`title`,`thumbnail`,`industry` FROM `cmf_product` WHERE  `is_recommended` = 1  AND `category_id` = 20 ORDER BY `list_order` ASC LIMIT 6 [ RunTime:0.000423s ]
[2026-04-21T21:11:00+08:00][sql] SELECT `id`,`title`,`thumbnail`,`industry` FROM `cmf_product` WHERE  `is_recommended` = 1  AND `category_id` = 21 ORDER BY `list_order` ASC LIMIT 6 [ RunTime:0.000359s ]
[2026-04-21T21:11:00+08:00][sql] SELECT `id`,`title`,`thumbnail`,`industry` FROM `cmf_product` WHERE  `is_recommended` = 1  AND `category_id` = 22 ORDER BY `list_order` ASC LIMIT 6 [ RunTime:0.000339s ]
[2026-04-21T21:11:00+08:00][sql] SELECT `id`,`title`,`thumbnail`,`industry` FROM `cmf_product` WHERE  `is_recommended` = 1  AND `category_id` = 23 ORDER BY `list_order` ASC LIMIT 6 [ RunTime:0.000207s ]
[2026-04-21T21:11:00+08:00][sql] SELECT `id`,`title`,`thumbnail`,`industry` FROM `cmf_product` WHERE  `is_recommended` = 1  AND `category_id` = 24 ORDER BY `list_order` ASC LIMIT 6 [ RunTime:0.000192s ]
[2026-04-21T21:11:00+08:00][sql] SELECT `id`,`title`,`thumbnail`,`industry` FROM `cmf_product` WHERE  `is_recommended` = 1  AND `category_id` = 25 ORDER BY `list_order` ASC LIMIT 6 [ RunTime:0.000161s ]
[2026-04-21T21:11:00+08:00][sql] SELECT `id`,`title`,`thumbnail`,`industry` FROM `cmf_product` WHERE  `is_recommended` = 1  AND `category_id` = 26 ORDER BY `list_order` ASC LIMIT 6 [ RunTime:0.000156s ]
[2026-04-21T21:11:00+08:00][sql] SELECT `id`,`title`,`thumbnail`,`industry` FROM `cmf_product` WHERE  `is_recommended` = 1  AND `category_id` = 27 ORDER BY `list_order` ASC LIMIT 6 [ RunTime:0.000161s ]
[2026-04-21T21:11:00+08:00][sql] SHOW FULL COLUMNS FROM `cmf_portal_post` [ RunTime:0.001543s ]
[2026-04-21T21:11:00+08:00][sql] SELECT `p`.`id`,`p`.`post_title`,`p`.`post_excerpt`,`p`.`thumbnail`,`p`.`create_time`,`c`.`category_id` FROM `cmf_portal_post` `p` INNER JOIN `cmf_portal_category_post` `c` ON `p`.`id`=`c`.`post_id` WHERE (  `p`.`post_type` = '8' ) AND `p`.`delete_time` = '0' ORDER BY `c`.`list_order` ASC,`p`.`create_time` DESC LIMIT 4 [ RunTime:0.001012s ]
[2026-04-21T21:11:00+08:00][sql] SHOW FULL COLUMNS FROM `cmf_theme_file` [ RunTime:0.001595s ]
[2026-04-21T21:11:00+08:00][sql] SELECT `more`,`file`,`id` FROM `cmf_theme_file` WHERE  `theme` = 'simpleboot3'  AND (  `is_public` = 1 OR `file` = 'portal/index' ) ORDER BY `is_public` DESC [ RunTime:0.000780s ]
[2026-04-21T21:11:00+08:00][sql] SELECT `option_value` FROM `cmf_option` WHERE  `option_name` = 'storage' LIMIT 1 [ RunTime:0.000353s ]
[2026-04-21T21:11:04+08:00][sql] CONNECT:[ UseTime:0.001418s ] mysql:host=127.0.0.1;port=3306;dbname=weihua;charset=utf8mb4
[2026-04-21T21:11:04+08:00][sql] SHOW FULL COLUMNS FROM `cmf_option` [ RunTime:0.002567s ]
[2026-04-21T21:11:04+08:00][sql] SELECT `option_value` FROM `cmf_option` WHERE  `option_name` = 'cdn_settings' LIMIT 1 [ RunTime:0.000485s ]
[2026-04-21T21:11:04+08:00][sql] SELECT `option_value` FROM `cmf_option` WHERE  `option_name` = 'cdn_settings' LIMIT 1 [ RunTime:0.000299s ]
[2026-04-21T21:11:04+08:00][sql] SHOW FULL COLUMNS FROM `cmf_product_category` [ RunTime:0.001621s ]
[2026-04-21T21:11:04+08:00][sql] SELECT * FROM `cmf_product_category` WHERE  `parent_id` = 0 ORDER BY `list_order` ASC,`create_time` DESC [ RunTime:0.000553s ]
[2026-04-21T21:11:04+08:00][sql] SELECT * FROM `cmf_product_category` WHERE  `parent_id` IN (18,19,20,21,22,23,24,25,26,27) [ RunTime:0.000417s ]
[2026-04-21T21:11:04+08:00][sql] SHOW FULL COLUMNS FROM `cmf_portal_category` [ RunTime:0.002074s ]
[2026-04-21T21:11:04+08:00][sql] SELECT * FROM `cmf_portal_category` WHERE (  `type` = 8 ) AND `cmf_portal_category`.`delete_time` = '0' ORDER BY `list_order` ASC [ RunTime:0.000454s ]
[2026-04-21T21:11:04+08:00][sql] SHOW FULL COLUMNS FROM `cmf_slide_item` [ RunTime:0.001485s ]
[2026-04-21T21:11:04+08:00][sql] SELECT `title`,`description`,`image` FROM `cmf_slide_item` WHERE  `slide_id` = 12 ORDER BY `list_order` ASC LIMIT 1 [ RunTime:0.000507s ]
[2026-04-21T21:11:04+08:00][sql] SELECT * FROM `cmf_portal_category` WHERE (  `id` = 0  AND `status` = 1 ) AND `cmf_portal_category`.`delete_time` = '0' LIMIT 1 [ RunTime:0.000298s ]
[2026-04-21T21:11:04+08:00][sql] SHOW FULL COLUMNS FROM `cmf_portal_post` [ RunTime:0.001517s ]
[2026-04-21T21:11:04+08:00][sql] SELECT COUNT(*) AS think_count FROM `cmf_portal_post` `p` LEFT JOIN `cmf_portal_category_post` `c` ON `p`.`id`=`c`.`post_id` WHERE (  `post_type` = 8 ) AND `p`.`delete_time` = '0' LIMIT 1 [ RunTime:0.001228s ]
[2026-04-21T21:11:04+08:00][sql] SELECT `p`.`id`,`p`.`post_title`,`p`.`thumbnail`,`p`.`more`,c.category_id as cid,`p`.`post_excerpt`,`p`.`create_time` FROM `cmf_portal_post` `p` LEFT JOIN `cmf_portal_category_post` `c` ON `p`.`id`=`c`.`post_id` WHERE (  `post_type` = 8 ) AND `p`.`delete_time` = '0' ORDER BY `c`.`list_order` ASC,`p`.`create_time` DESC LIMIT 0,6 [ RunTime:0.000468s ]
[2026-04-21T21:11:04+08:00][sql] SHOW FULL COLUMNS FROM `cmf_theme_file` [ RunTime:0.001320s ]
[2026-04-21T21:11:04+08:00][sql] SELECT `more`,`file`,`id` FROM `cmf_theme_file` WHERE  `theme` = 'simpleboot3'  AND (  `is_public` = 1 OR `file` = 'portal/news' ) ORDER BY `is_public` DESC [ RunTime:0.000460s ]
[2026-04-21T21:11:04+08:00][sql] SELECT `option_value` FROM `cmf_option` WHERE  `option_name` = 'storage' LIMIT 1 [ RunTime:0.000347s ]
[2026-04-21T21:12:02+08:00][sql] CONNECT:[ UseTime:0.003203s ] mysql:host=127.0.0.1;port=3306;dbname=weihua;charset=utf8mb4
[2026-04-21T21:12:02+08:00][sql] SHOW FULL COLUMNS FROM `cmf_option` [ RunTime:0.004545s ]
[2026-04-21T21:12:02+08:00][sql] SELECT `option_value` FROM `cmf_option` WHERE  `option_name` = 'cdn_settings' LIMIT 1 [ RunTime:0.000657s ]
[2026-04-21T21:12:02+08:00][sql] CONNECT:[ UseTime:0.001336s ] mysql:host=127.0.0.1;port=3306;dbname=weihua;charset=utf8mb4
[2026-04-21T21:12:02+08:00][sql] SHOW FULL COLUMNS FROM `cmf_option` [ RunTime:0.003002s ]
[2026-04-21T21:12:02+08:00][sql] SELECT `option_value` FROM `cmf_option` WHERE  `option_name` = 'cdn_settings' LIMIT 1 [ RunTime:0.000472s ]
[2026-04-21T21:12:11+08:00][sql] CONNECT:[ UseTime:0.001358s ] mysql:host=127.0.0.1;port=3306;dbname=weihua;charset=utf8mb4
[2026-04-21T21:12:11+08:00][sql] SHOW FULL COLUMNS FROM `cmf_option` [ RunTime:0.003595s ]
[2026-04-21T21:12:11+08:00][sql] SELECT `option_value` FROM `cmf_option` WHERE  `option_name` = 'cdn_settings' LIMIT 1 [ RunTime:0.000675s ]
[2026-04-21T21:12:11+08:00][sql] SHOW FULL COLUMNS FROM `cmf_user` [ RunTime:0.004339s ]
[2026-04-21T21:12:11+08:00][sql] SELECT * FROM `cmf_user` WHERE  `user_login` = 'admin' LIMIT 1 [ RunTime:0.003403s ]
[2026-04-21T21:12:11+08:00][sql] SHOW FULL COLUMNS FROM `cmf_role_user` [ RunTime:0.001830s ]
[2026-04-21T21:12:11+08:00][sql] SELECT `role_id` FROM `cmf_role_user` `a` INNER JOIN `cmf_role` `b` ON `a`.`role_id`=`b`.`id` WHERE  `user_id` = 1  AND `status` = '1' LIMIT 1 [ RunTime:0.003831s ]
[2026-04-21T21:12:11+08:00][sql] SHOW FULL COLUMNS FROM `cmf_user_token` [ RunTime:0.001843s ]
[2026-04-21T21:12:11+08:00][sql] SELECT * FROM `cmf_user_token` WHERE  `user_id` = 1  AND `device_type` = 'web' LIMIT 1 [ RunTime:0.000605s ]
[2026-04-21T21:12:11+08:00][sql] UPDATE `cmf_user`  SET `last_login_ip` = '127.0.0.1' , `last_login_time` = 1776777131  WHERE  `id` = 1 [ RunTime:0.010368s ]
[2026-04-21T21:12:12+08:00][sql] CONNECT:[ UseTime:0.000975s ] mysql:host=127.0.0.1;port=3306;dbname=weihua;charset=utf8mb4
[2026-04-21T21:12:12+08:00][sql] SHOW FULL COLUMNS FROM `cmf_option` [ RunTime:0.002285s ]
[2026-04-21T21:12:12+08:00][sql] SELECT `option_value` FROM `cmf_option` WHERE  `option_name` = 'cdn_settings' LIMIT 1 [ RunTime:0.000358s ]
[2026-04-21T21:12:12+08:00][sql] SHOW FULL COLUMNS FROM `cmf_user` [ RunTime:0.001520s ]
[2026-04-21T21:12:12+08:00][sql] SELECT * FROM `cmf_user` WHERE  `id` = 1 LIMIT 1 [ RunTime:0.000558s ]
[2026-04-21T21:12:12+08:00][sql] SHOW FULL COLUMNS FROM `cmf_admin_menu` [ RunTime:0.001544s ]
[2026-04-21T21:12:12+08:00][sql] SELECT * FROM `cmf_admin_menu` ORDER BY `app` ASC,`controller` ASC,`action` ASC [ RunTime:0.001053s ]
[2026-04-21T21:12:13+08:00][sql] CONNECT:[ UseTime:0.000657s ] mysql:host=127.0.0.1;port=3306;dbname=weihua;charset=utf8mb4
[2026-04-21T21:12:13+08:00][sql] SHOW FULL COLUMNS FROM `cmf_option` [ RunTime:0.001591s ]
[2026-04-21T21:12:13+08:00][sql] SELECT `option_value` FROM `cmf_option` WHERE  `option_name` = 'cdn_settings' LIMIT 1 [ RunTime:0.000278s ]
[2026-04-21T21:12:13+08:00][sql] SHOW FULL COLUMNS FROM `cmf_user` [ RunTime:0.001268s ]
[2026-04-21T21:12:13+08:00][sql] SELECT * FROM `cmf_user` WHERE  `id` = 1 LIMIT 1 [ RunTime:0.000281s ]
[2026-04-21T21:12:13+08:00][sql] SELECT `option_value` FROM `cmf_option` WHERE  `option_name` = 'cdn_settings' LIMIT 1 [ RunTime:0.000160s ]
[2026-04-21T21:12:13+08:00][sql] SELECT `option_value` FROM `cmf_option` WHERE  `option_name` = 'cmf_settings' LIMIT 1 [ RunTime:0.000217s ]
[2026-04-21T21:12:13+08:00][sql] SELECT `option_value` FROM `cmf_option` WHERE  `option_name` = 'storage' LIMIT 1 [ RunTime:0.000463s ]
[2026-04-21T21:12:16+08:00][sql] CONNECT:[ UseTime:0.001027s ] mysql:host=127.0.0.1;port=3306;dbname=weihua;charset=utf8mb4
[2026-04-21T21:12:16+08:00][sql] SHOW FULL COLUMNS FROM `cmf_option` [ RunTime:0.002972s ]
[2026-04-21T21:12:16+08:00][sql] SELECT `option_value` FROM `cmf_option` WHERE  `option_name` = 'cdn_settings' LIMIT 1 [ RunTime:0.000526s ]
[2026-04-21T21:12:16+08:00][sql] SHOW FULL COLUMNS FROM `cmf_user` [ RunTime:0.001683s ]
[2026-04-21T21:12:16+08:00][sql] SELECT * FROM `cmf_user` WHERE  `id` = 1 LIMIT 1 [ RunTime:0.000531s ]
[2026-04-21T21:12:16+08:00][sql] SHOW FULL COLUMNS FROM `cmf_portal_post` [ RunTime:0.001486s ]
[2026-04-21T21:12:16+08:00][sql] SELECT COUNT(*) AS think_count FROM `cmf_portal_post` `a` INNER JOIN `cmf_user` `u` ON `a`.`user_id`=`u`.`id` WHERE (  `a`.`create_time` >= '0'  AND `a`.`delete_time` = '0'  AND (  `a`.`post_type` = '8' ) ) AND `a`.`delete_time` = '0' LIMIT 1 [ RunTime:0.000549s ]
[2026-04-21T21:12:16+08:00][sql] SELECT `a`.*,`u`.`user_login`,`u`.`user_nickname`,`u`.`user_email` FROM `cmf_portal_post` `a` INNER JOIN `cmf_user` `u` ON `a`.`user_id`=`u`.`id` WHERE (  `a`.`create_time` >= '0'  AND `a`.`delete_time` = '0'  AND (  `a`.`post_type` = '8' ) ) AND `a`.`delete_time` = '0' ORDER BY `update_time` DESC LIMIT 0,10 [ RunTime:0.000419s ]
[2026-04-21T21:12:16+08:00][sql] SHOW FULL COLUMNS FROM `cmf_portal_category` [ RunTime:0.001412s ]
[2026-04-21T21:12:16+08:00][sql] SELECT * FROM `cmf_portal_category` WHERE (  `delete_time` = 0  AND `type` = 8 ) AND `cmf_portal_category`.`delete_time` = '0' ORDER BY `list_order` ASC [ RunTime:0.000923s ]
[2026-04-21T21:12:16+08:00][sql] SHOW FULL COLUMNS FROM `cmf_portal_category_post` [ RunTime:0.001785s ]
[2026-04-21T21:12:16+08:00][sql] SELECT `cmf_portal_category`.*,`pivot`.`id` AS `pivot__id`,`pivot`.`post_id` AS `pivot__post_id`,`pivot`.`category_id` AS `pivot__category_id`,`pivot`.`list_order` AS `pivot__list_order`,`pivot`.`status` AS `pivot__status` FROM `cmf_portal_category` INNER JOIN `cmf_portal_category_post` `pivot` ON `pivot`.`category_id`=`cmf_portal_category`.`id` WHERE (  `pivot`.`post_id` = '2' ) AND `cmf_portal_category`.`delete_time` = '0' [ RunTime:0.000836s ]
[2026-04-21T21:12:16+08:00][sql] SELECT `option_value` FROM `cmf_option` WHERE  `option_name` = 'storage' LIMIT 1 [ RunTime:0.000508s ]
[2026-04-21T21:12:18+08:00][sql] CONNECT:[ UseTime:0.001270s ] mysql:host=127.0.0.1;port=3306;dbname=weihua;charset=utf8mb4
[2026-04-21T21:12:18+08:00][sql] SHOW FULL COLUMNS FROM `cmf_option` [ RunTime:0.002574s ]
[2026-04-21T21:12:18+08:00][sql] SELECT `option_value` FROM `cmf_option` WHERE  `option_name` = 'cdn_settings' LIMIT 1 [ RunTime:0.000425s ]
[2026-04-21T21:12:18+08:00][sql] SHOW FULL COLUMNS FROM `cmf_user` [ RunTime:0.001754s ]
[2026-04-21T21:12:18+08:00][sql] SELECT * FROM `cmf_user` WHERE  `id` = 1 LIMIT 1 [ RunTime:0.000678s ]
[2026-04-21T21:12:18+08:00][sql] SHOW FULL COLUMNS FROM `cmf_portal_category` [ RunTime:0.001464s ]
[2026-04-21T21:12:18+08:00][sql] SELECT * FROM `cmf_portal_category` WHERE (  `delete_time` = 0  AND `type` = 8 ) AND `cmf_portal_category`.`delete_time` = '0' ORDER BY `list_order` ASC [ RunTime:0.000497s ]
[2026-04-21T21:12:19+08:00][sql] CONNECT:[ UseTime:0.000612s ] mysql:host=127.0.0.1;port=3306;dbname=weihua;charset=utf8mb4
[2026-04-21T21:12:19+08:00][sql] SHOW FULL COLUMNS FROM `cmf_option` [ RunTime:0.001490s ]
[2026-04-21T21:12:19+08:00][sql] SELECT `option_value` FROM `cmf_option` WHERE  `option_name` = 'cdn_settings' LIMIT 1 [ RunTime:0.000252s ]
[2026-04-21T21:12:19+08:00][sql] SHOW FULL COLUMNS FROM `cmf_user` [ RunTime:0.001137s ]
[2026-04-21T21:12:19+08:00][sql] SELECT * FROM `cmf_user` WHERE  `id` = 1 LIMIT 1 [ RunTime:0.000359s ]
[2026-04-21T21:12:19+08:00][sql] SHOW FULL COLUMNS FROM `cmf_portal_post` [ RunTime:0.001218s ]
[2026-04-21T21:12:19+08:00][sql] SELECT COUNT(*) AS think_count FROM `cmf_portal_post` `a` INNER JOIN `cmf_user` `u` ON `a`.`user_id`=`u`.`id` WHERE (  `a`.`create_time` >= '0'  AND `a`.`delete_time` = '0'  AND (  `a`.`post_type` = '8' ) ) AND `a`.`delete_time` = '0' LIMIT 1 [ RunTime:0.000459s ]
[2026-04-21T21:12:19+08:00][sql] SELECT `a`.*,`u`.`user_login`,`u`.`user_nickname`,`u`.`user_email` FROM `cmf_portal_post` `a` INNER JOIN `cmf_user` `u` ON `a`.`user_id`=`u`.`id` WHERE (  `a`.`create_time` >= '0'  AND `a`.`delete_time` = '0'  AND (  `a`.`post_type` = '8' ) ) AND `a`.`delete_time` = '0' ORDER BY `update_time` DESC LIMIT 0,10 [ RunTime:0.000375s ]
[2026-04-21T21:12:19+08:00][sql] SHOW FULL COLUMNS FROM `cmf_portal_category` [ RunTime:0.001077s ]
[2026-04-21T21:12:19+08:00][sql] SELECT * FROM `cmf_portal_category` WHERE (  `delete_time` = 0  AND `type` = 8 ) AND `cmf_portal_category`.`delete_time` = '0' ORDER BY `list_order` ASC [ RunTime:0.000429s ]
[2026-04-21T21:12:19+08:00][sql] SHOW FULL COLUMNS FROM `cmf_portal_category_post` [ RunTime:0.001236s ]
[2026-04-21T21:12:19+08:00][sql] SELECT `cmf_portal_category`.*,`pivot`.`id` AS `pivot__id`,`pivot`.`post_id` AS `pivot__post_id`,`pivot`.`category_id` AS `pivot__category_id`,`pivot`.`list_order` AS `pivot__list_order`,`pivot`.`status` AS `pivot__status` FROM `cmf_portal_category` INNER JOIN `cmf_portal_category_post` `pivot` ON `pivot`.`category_id`=`cmf_portal_category`.`id` WHERE (  `pivot`.`post_id` = '2' ) AND `cmf_portal_category`.`delete_time` = '0' [ RunTime:0.000799s ]
[2026-04-21T21:12:19+08:00][sql] SELECT `option_value` FROM `cmf_option` WHERE  `option_name` = 'storage' LIMIT 1 [ RunTime:0.000223s ]
[2026-04-21T21:12:20+08:00][sql] CONNECT:[ UseTime:0.000953s ] mysql:host=127.0.0.1;port=3306;dbname=weihua;charset=utf8mb4
[2026-04-21T21:12:20+08:00][sql] SHOW FULL COLUMNS FROM `cmf_option` [ RunTime:0.024121s ]
[2026-04-21T21:12:20+08:00][sql] SELECT `option_value` FROM `cmf_option` WHERE  `option_name` = 'cdn_settings' LIMIT 1 [ RunTime:0.000724s ]
[2026-04-21T21:12:20+08:00][sql] SHOW FULL COLUMNS FROM `cmf_user` [ RunTime:0.001359s ]
[2026-04-21T21:12:20+08:00][sql] SELECT * FROM `cmf_user` WHERE  `id` = 1 LIMIT 1 [ RunTime:0.000806s ]
[2026-04-21T21:12:20+08:00][sql] SHOW FULL COLUMNS FROM `cmf_portal_post` [ RunTime:0.001206s ]
[2026-04-21T21:12:20+08:00][sql] SELECT * FROM `cmf_portal_post` WHERE (  `id` = 2 ) AND `cmf_portal_post`.`delete_time` = '0' LIMIT 1 [ RunTime:0.000368s ]
[2026-04-21T21:12:20+08:00][sql] SHOW FULL COLUMNS FROM `cmf_portal_category_post` [ RunTime:0.001362s ]
[2026-04-21T21:12:20+08:00][sql] SHOW FULL COLUMNS FROM `cmf_portal_category` [ RunTime:0.001674s ]
[2026-04-21T21:12:20+08:00][sql] SELECT `a`.`name`,`a`.`id` FROM `cmf_portal_category` `a` INNER JOIN `cmf_portal_category_post` `pivot` ON `pivot`.`category_id`=`a`.`id` WHERE (  `pivot`.`post_id` = '2' ) AND `a`.`delete_time` = '0' [ RunTime:0.000306s ]
[2026-04-21T21:12:20+08:00][sql] SHOW FULL COLUMNS FROM `cmf_route` [ RunTime:0.001249s ]
[2026-04-21T21:12:20+08:00][sql] SELECT `url` FROM `cmf_route` WHERE  `full_url` = 'portal/index/news_info?cid=1&id=2' LIMIT 1 [ RunTime:0.000587s ]
[2026-04-21T21:12:20+08:00][sql] SHOW FULL COLUMNS FROM `cmf_theme_file` [ RunTime:0.002338s ]
[2026-04-21T21:12:20+08:00][sql] SELECT * FROM `cmf_theme_file` WHERE  `theme` = 'default'  AND `action` = 'portal/Article/index' [ RunTime:0.000688s ]
[2026-04-21T21:12:20+08:00][sql] SELECT `option_value` FROM `cmf_option` WHERE  `option_name` = 'storage' LIMIT 1 [ RunTime:0.000535s ]
[2026-04-21T21:12:21+08:00][sql] CONNECT:[ UseTime:0.000693s ] mysql:host=127.0.0.1;port=3306;dbname=weihua;charset=utf8mb4
[2026-04-21T21:12:21+08:00][sql] SHOW FULL COLUMNS FROM `cmf_option` [ RunTime:0.001930s ]
[2026-04-21T21:12:21+08:00][sql] SELECT `option_value` FROM `cmf_option` WHERE  `option_name` = 'cdn_settings' LIMIT 1 [ RunTime:0.000365s ]
[2026-04-21T21:12:21+08:00][sql] SELECT `option_value` FROM `cmf_option` WHERE  `option_name` = 'cdn_settings' LIMIT 1 [ RunTime:0.000246s ]
[2026-04-21T21:12:28+08:00][sql] CONNECT:[ UseTime:0.001251s ] mysql:host=127.0.0.1;port=3306;dbname=weihua;charset=utf8mb4
[2026-04-21T21:12:28+08:00][sql] SHOW FULL COLUMNS FROM `cmf_option` [ RunTime:0.002306s ]
[2026-04-21T21:12:28+08:00][sql] SELECT `option_value` FROM `cmf_option` WHERE  `option_name` = 'cdn_settings' LIMIT 1 [ RunTime:0.000409s ]
[2026-04-21T21:12:28+08:00][sql] SHOW FULL COLUMNS FROM `cmf_user` [ RunTime:0.001416s ]
[2026-04-21T21:12:28+08:00][sql] SELECT * FROM `cmf_user` WHERE  `id` = 1 LIMIT 1 [ RunTime:0.000388s ]
[2026-04-21T21:12:28+08:00][sql] SHOW FULL COLUMNS FROM `cmf_theme_file` [ RunTime:0.001482s ]
[2026-04-21T21:12:28+08:00][sql] SELECT * FROM `cmf_theme_file` WHERE  `theme` = 'default'  AND `action` = 'portal/Article/index' [ RunTime:0.000576s ]
[2026-04-21T21:12:28+08:00][sql] CONNECT:[ UseTime:0.000608s ] mysql:host=127.0.0.1;port=3306;dbname=weihua;charset=utf8mb4
[2026-04-21T21:12:28+08:00][sql] SHOW FULL COLUMNS FROM `cmf_option` [ RunTime:0.001505s ]
[2026-04-21T21:12:28+08:00][sql] SELECT `option_value` FROM `cmf_option` WHERE  `option_name` = 'cdn_settings' LIMIT 1 [ RunTime:0.000313s ]
[2026-04-21T21:12:28+08:00][sql] SELECT `option_value` FROM `cmf_option` WHERE  `option_name` = 'cdn_settings' LIMIT 1 [ RunTime:0.000167s ]
[2026-04-21T21:12:30+08:00][sql] CONNECT:[ UseTime:0.001119s ] mysql:host=127.0.0.1;port=3306;dbname=weihua;charset=utf8mb4
[2026-04-21T21:12:30+08:00][sql] SHOW FULL COLUMNS FROM `cmf_option` [ RunTime:0.004507s ]
[2026-04-21T21:12:30+08:00][sql] SELECT `option_value` FROM `cmf_option` WHERE  `option_name` = 'cdn_settings' LIMIT 1 [ RunTime:0.000622s ]
[2026-04-21T21:12:30+08:00][sql] SHOW FULL COLUMNS FROM `cmf_user` [ RunTime:0.002677s ]
[2026-04-21T21:12:30+08:00][sql] SELECT * FROM `cmf_user` WHERE  `id` = 1 LIMIT 1 [ RunTime:0.000453s ]
[2026-04-21T21:12:30+08:00][sql] SHOW FULL COLUMNS FROM `cmf_portal_category` [ RunTime:0.001187s ]
[2026-04-21T21:12:30+08:00][sql] SELECT * FROM `cmf_portal_category` WHERE (  `delete_time` = 0  AND `type` = 8 ) AND `cmf_portal_category`.`delete_time` = '0' ORDER BY `list_order` ASC [ RunTime:0.000393s ]
[2026-04-21T21:12:30+08:00][sql] SELECT * FROM `cmf_portal_category` WHERE (  `delete_time` = 0 ) AND `cmf_portal_category`.`delete_time` = '0' [ RunTime:0.000621s ]
[2026-04-21T21:12:40+08:00][sql] CONNECT:[ UseTime:0.000966s ] mysql:host=127.0.0.1;port=3306;dbname=weihua;charset=utf8mb4
[2026-04-21T21:12:40+08:00][sql] SHOW FULL COLUMNS FROM `cmf_option` [ RunTime:0.001740s ]
[2026-04-21T21:12:40+08:00][sql] SELECT `option_value` FROM `cmf_option` WHERE  `option_name` = 'cdn_settings' LIMIT 1 [ RunTime:0.000272s ]
[2026-04-21T21:12:40+08:00][sql] SHOW FULL COLUMNS FROM `cmf_user` [ RunTime:0.001535s ]
[2026-04-21T21:12:40+08:00][sql] SELECT * FROM `cmf_user` WHERE  `id` = 1 LIMIT 1 [ RunTime:0.000373s ]
[2026-04-21T21:12:40+08:00][sql] SHOW FULL COLUMNS FROM `cmf_portal_post` [ RunTime:0.001470s ]
[2026-04-21T21:12:40+08:00][sql] INSERT INTO `cmf_portal_post` SET `post_title` = 'company1' , `post_excerpt` = 'company1company1' , `more` = '{\"thumbnail\":\"\"}' , `post_content` = '' , `post_status` = 1 , `is_top` = 0 , `recommended` = 0 , `post_type` = 8 , `user_id` = 1 , `create_time` = 1776777160 , `update_time` = 1776777160 [ RunTime:0.002113s ]
[2026-04-21T21:12:40+08:00][sql] SHOW FULL COLUMNS FROM `cmf_portal_category_post` [ RunTime:0.001438s ]
[2026-04-21T21:12:40+08:00][sql] REPLACE INTO `cmf_portal_category_post` SET `post_id` = 5 , `category_id` = 1 [ RunTime:0.000517s ]
[2026-04-21T21:12:41+08:00][sql] CONNECT:[ UseTime:0.001262s ] mysql:host=127.0.0.1;port=3306;dbname=weihua;charset=utf8mb4
[2026-04-21T21:12:41+08:00][sql] SHOW FULL COLUMNS FROM `cmf_option` [ RunTime:0.002585s ]
[2026-04-21T21:12:41+08:00][sql] SELECT `option_value` FROM `cmf_option` WHERE  `option_name` = 'cdn_settings' LIMIT 1 [ RunTime:0.000413s ]
[2026-04-21T21:12:41+08:00][sql] SHOW FULL COLUMNS FROM `cmf_user` [ RunTime:0.001968s ]
[2026-04-21T21:12:41+08:00][sql] SELECT * FROM `cmf_user` WHERE  `id` = 1 LIMIT 1 [ RunTime:0.000817s ]
[2026-04-21T21:12:41+08:00][sql] SHOW FULL COLUMNS FROM `cmf_portal_post` [ RunTime:0.001573s ]
[2026-04-21T21:12:41+08:00][sql] SELECT COUNT(*) AS think_count FROM `cmf_portal_post` `a` INNER JOIN `cmf_user` `u` ON `a`.`user_id`=`u`.`id` WHERE (  `a`.`create_time` >= '0'  AND `a`.`delete_time` = '0'  AND (  `a`.`post_type` = '8' ) ) AND `a`.`delete_time` = '0' LIMIT 1 [ RunTime:0.000785s ]
[2026-04-21T21:12:41+08:00][sql] SELECT `a`.*,`u`.`user_login`,`u`.`user_nickname`,`u`.`user_email` FROM `cmf_portal_post` `a` INNER JOIN `cmf_user` `u` ON `a`.`user_id`=`u`.`id` WHERE (  `a`.`create_time` >= '0'  AND `a`.`delete_time` = '0'  AND (  `a`.`post_type` = '8' ) ) AND `a`.`delete_time` = '0' ORDER BY `update_time` DESC LIMIT 0,10 [ RunTime:0.000489s ]
[2026-04-21T21:12:41+08:00][sql] SHOW FULL COLUMNS FROM `cmf_portal_category` [ RunTime:0.001189s ]
[2026-04-21T21:12:41+08:00][sql] SELECT * FROM `cmf_portal_category` WHERE (  `delete_time` = 0  AND `type` = 8 ) AND `cmf_portal_category`.`delete_time` = '0' ORDER BY `list_order` ASC [ RunTime:0.000393s ]
[2026-04-21T21:12:41+08:00][sql] SHOW FULL COLUMNS FROM `cmf_portal_category_post` [ RunTime:0.001070s ]
[2026-04-21T21:12:41+08:00][sql] SELECT `cmf_portal_category`.*,`pivot`.`id` AS `pivot__id`,`pivot`.`post_id` AS `pivot__post_id`,`pivot`.`category_id` AS `pivot__category_id`,`pivot`.`list_order` AS `pivot__list_order`,`pivot`.`status` AS `pivot__status` FROM `cmf_portal_category` INNER JOIN `cmf_portal_category_post` `pivot` ON `pivot`.`category_id`=`cmf_portal_category`.`id` WHERE (  `pivot`.`post_id` = '5' ) AND `cmf_portal_category`.`delete_time` = '0' [ RunTime:0.000417s ]
[2026-04-21T21:12:41+08:00][sql] SELECT `cmf_portal_category`.*,`pivot`.`id` AS `pivot__id`,`pivot`.`post_id` AS `pivot__post_id`,`pivot`.`category_id` AS `pivot__category_id`,`pivot`.`list_order` AS `pivot__list_order`,`pivot`.`status` AS `pivot__status` FROM `cmf_portal_category` INNER JOIN `cmf_portal_category_post` `pivot` ON `pivot`.`category_id`=`cmf_portal_category`.`id` WHERE (  `pivot`.`post_id` = '2' ) AND `cmf_portal_category`.`delete_time` = '0' [ RunTime:0.000284s ]
[2026-04-21T21:12:41+08:00][sql] SELECT `option_value` FROM `cmf_option` WHERE  `option_name` = 'storage' LIMIT 1 [ RunTime:0.000192s ]
[2026-04-21T21:12:45+08:00][sql] CONNECT:[ UseTime:0.000987s ] mysql:host=127.0.0.1;port=3306;dbname=weihua;charset=utf8mb4
[2026-04-21T21:12:45+08:00][sql] SHOW FULL COLUMNS FROM `cmf_option` [ RunTime:0.002140s ]
[2026-04-21T21:12:45+08:00][sql] SELECT `option_value` FROM `cmf_option` WHERE  `option_name` = 'cdn_settings' LIMIT 1 [ RunTime:0.000743s ]
[2026-04-21T21:12:45+08:00][sql] SELECT `option_value` FROM `cmf_option` WHERE  `option_name` = 'cdn_settings' LIMIT 1 [ RunTime:0.000320s ]
[2026-04-21T21:12:45+08:00][sql] SHOW FULL COLUMNS FROM `cmf_product_category` [ RunTime:0.001261s ]
[2026-04-21T21:12:45+08:00][sql] SELECT * FROM `cmf_product_category` WHERE  `parent_id` = 0 ORDER BY `list_order` ASC,`create_time` DESC [ RunTime:0.000366s ]
[2026-04-21T21:12:45+08:00][sql] SELECT * FROM `cmf_product_category` WHERE  `parent_id` IN (18,19,20,21,22,23,24,25,26,27) [ RunTime:0.000282s ]
[2026-04-21T21:12:45+08:00][sql] SHOW FULL COLUMNS FROM `cmf_portal_category` [ RunTime:0.002098s ]
[2026-04-21T21:12:45+08:00][sql] SELECT * FROM `cmf_portal_category` WHERE (  `type` = 8 ) AND `cmf_portal_category`.`delete_time` = '0' ORDER BY `list_order` ASC [ RunTime:0.000801s ]
[2026-04-21T21:12:45+08:00][sql] SHOW FULL COLUMNS FROM `cmf_slide_item` [ RunTime:0.002887s ]
[2026-04-21T21:12:45+08:00][sql] SELECT `title`,`description`,`image` FROM `cmf_slide_item` WHERE  `slide_id` = 12 ORDER BY `list_order` ASC LIMIT 1 [ RunTime:0.000934s ]
[2026-04-21T21:12:45+08:00][sql] SELECT * FROM `cmf_portal_category` WHERE (  `id` = 0  AND `status` = 1 ) AND `cmf_portal_category`.`delete_time` = '0' LIMIT 1 [ RunTime:0.000616s ]
[2026-04-21T21:12:45+08:00][sql] SHOW FULL COLUMNS FROM `cmf_portal_post` [ RunTime:0.001221s ]
[2026-04-21T21:12:45+08:00][sql] SELECT COUNT(*) AS think_count FROM `cmf_portal_post` `p` LEFT JOIN `cmf_portal_category_post` `c` ON `p`.`id`=`c`.`post_id` WHERE (  `post_type` = 8 ) AND `p`.`delete_time` = '0' LIMIT 1 [ RunTime:0.000544s ]
[2026-04-21T21:12:45+08:00][sql] SELECT `p`.`id`,`p`.`post_title`,`p`.`thumbnail`,`p`.`more`,c.category_id as cid,`p`.`post_excerpt`,`p`.`create_time` FROM `cmf_portal_post` `p` LEFT JOIN `cmf_portal_category_post` `c` ON `p`.`id`=`c`.`post_id` WHERE (  `post_type` = 8 ) AND `p`.`delete_time` = '0' ORDER BY `c`.`list_order` ASC,`p`.`create_time` DESC LIMIT 0,6 [ RunTime:0.001031s ]
[2026-04-21T21:12:45+08:00][sql] SHOW FULL COLUMNS FROM `cmf_theme_file` [ RunTime:0.002584s ]
[2026-04-21T21:12:45+08:00][sql] SELECT `more`,`file`,`id` FROM `cmf_theme_file` WHERE  `theme` = 'simpleboot3'  AND (  `is_public` = 1 OR `file` = 'portal/news' ) ORDER BY `is_public` DESC [ RunTime:0.000817s ]
[2026-04-21T21:12:45+08:00][sql] SELECT `option_value` FROM `cmf_option` WHERE  `option_name` = 'storage' LIMIT 1 [ RunTime:0.000453s ]
[2026-04-21T21:12:52+08:00][sql] CONNECT:[ UseTime:0.001203s ] mysql:host=127.0.0.1;port=3306;dbname=weihua;charset=utf8mb4
[2026-04-21T21:12:52+08:00][sql] SHOW FULL COLUMNS FROM `cmf_option` [ RunTime:0.002518s ]
[2026-04-21T21:12:52+08:00][sql] SELECT `option_value` FROM `cmf_option` WHERE  `option_name` = 'cdn_settings' LIMIT 1 [ RunTime:0.000352s ]
[2026-04-21T21:12:52+08:00][sql] SELECT `option_value` FROM `cmf_option` WHERE  `option_name` = 'cdn_settings' LIMIT 1 [ RunTime:0.000224s ]
[2026-04-21T21:12:52+08:00][sql] SHOW FULL COLUMNS FROM `cmf_product_category` [ RunTime:0.001299s ]
[2026-04-21T21:12:52+08:00][sql] SELECT * FROM `cmf_product_category` WHERE  `parent_id` = 0 ORDER BY `list_order` ASC,`create_time` DESC [ RunTime:0.000390s ]
[2026-04-21T21:12:52+08:00][sql] SELECT * FROM `cmf_product_category` WHERE  `parent_id` IN (18,19,20,21,22,23,24,25,26,27) [ RunTime:0.000297s ]
[2026-04-21T21:12:52+08:00][sql] SHOW FULL COLUMNS FROM `cmf_portal_category` [ RunTime:0.001267s ]
[2026-04-21T21:12:52+08:00][sql] SELECT * FROM `cmf_portal_category` WHERE (  `type` = 8 ) AND `cmf_portal_category`.`delete_time` = '0' ORDER BY `list_order` ASC [ RunTime:0.000478s ]
[2026-04-21T21:12:52+08:00][sql] SHOW FULL COLUMNS FROM `cmf_slide_item` [ RunTime:0.001418s ]
[2026-04-21T21:12:52+08:00][sql] SELECT `title`,`description`,`image` FROM `cmf_slide_item` WHERE  `slide_id` = 12 ORDER BY `list_order` ASC LIMIT 1 [ RunTime:0.000364s ]
[2026-04-21T21:12:52+08:00][sql] SELECT * FROM `cmf_portal_category` WHERE (  `id` = 0  AND `status` = 1 ) AND `cmf_portal_category`.`delete_time` = '0' LIMIT 1 [ RunTime:0.000251s ]
[2026-04-21T21:12:52+08:00][sql] SHOW FULL COLUMNS FROM `cmf_portal_post` [ RunTime:0.001236s ]
[2026-04-21T21:12:52+08:00][sql] SELECT COUNT(*) AS think_count FROM `cmf_portal_post` `p` LEFT JOIN `cmf_portal_category_post` `c` ON `p`.`id`=`c`.`post_id` WHERE (  `post_type` = 8 ) AND `p`.`delete_time` = '0' LIMIT 1 [ RunTime:0.000633s ]
[2026-04-21T21:12:52+08:00][sql] SELECT `p`.`id`,`p`.`post_title`,`p`.`thumbnail`,`p`.`more`,c.category_id as cid,`p`.`post_excerpt`,`p`.`create_time` FROM `cmf_portal_post` `p` LEFT JOIN `cmf_portal_category_post` `c` ON `p`.`id`=`c`.`post_id` WHERE (  `post_type` = 8 ) AND `p`.`delete_time` = '0' ORDER BY `c`.`list_order` ASC,`p`.`create_time` DESC LIMIT 0,6 [ RunTime:0.000378s ]
[2026-04-21T21:12:52+08:00][sql] SHOW FULL COLUMNS FROM `cmf_theme_file` [ RunTime:0.001268s ]
[2026-04-21T21:12:52+08:00][sql] SELECT `more`,`file`,`id` FROM `cmf_theme_file` WHERE  `theme` = 'simpleboot3'  AND (  `is_public` = 1 OR `file` = 'portal/news' ) ORDER BY `is_public` DESC [ RunTime:0.000337s ]
[2026-04-21T21:12:52+08:00][sql] SELECT `option_value` FROM `cmf_option` WHERE  `option_name` = 'storage' LIMIT 1 [ RunTime:0.000254s ]
[2026-04-21T21:12:55+08:00][sql] CONNECT:[ UseTime:0.000732s ] mysql:host=127.0.0.1;port=3306;dbname=weihua;charset=utf8mb4
[2026-04-21T21:12:55+08:00][sql] SHOW FULL COLUMNS FROM `cmf_option` [ RunTime:0.001325s ]
[2026-04-21T21:12:55+08:00][sql] SELECT `option_value` FROM `cmf_option` WHERE  `option_name` = 'cdn_settings' LIMIT 1 [ RunTime:0.000306s ]
[2026-04-21T21:12:55+08:00][sql] SELECT `option_value` FROM `cmf_option` WHERE  `option_name` = 'cdn_settings' LIMIT 1 [ RunTime:0.000282s ]
[2026-04-21T21:12:55+08:00][sql] SHOW FULL COLUMNS FROM `cmf_product_category` [ RunTime:0.001253s ]
[2026-04-21T21:12:55+08:00][sql] SELECT * FROM `cmf_product_category` WHERE  `parent_id` = 0 ORDER BY `list_order` ASC,`create_time` DESC [ RunTime:0.000340s ]
[2026-04-21T21:12:55+08:00][sql] SELECT * FROM `cmf_product_category` WHERE  `parent_id` IN (18,19,20,21,22,23,24,25,26,27) [ RunTime:0.000242s ]
[2026-04-21T21:12:55+08:00][sql] SHOW FULL COLUMNS FROM `cmf_portal_category` [ RunTime:0.001051s ]
[2026-04-21T21:12:55+08:00][sql] SELECT * FROM `cmf_portal_category` WHERE (  `type` = 8 ) AND `cmf_portal_category`.`delete_time` = '0' ORDER BY `list_order` ASC [ RunTime:0.000511s ]
[2026-04-21T21:12:55+08:00][sql] SELECT * FROM `cmf_portal_category` WHERE (  `id` = 1  AND `status` = 1 ) AND `cmf_portal_category`.`delete_time` = '0' LIMIT 1 [ RunTime:0.000369s ]
[2026-04-21T21:12:55+08:00][sql] SHOW FULL COLUMNS FROM `cmf_portal_post` [ RunTime:0.001337s ]
[2026-04-21T21:12:55+08:00][sql] SELECT `post`.* FROM `cmf_portal_post` `post` INNER JOIN `cmf_portal_category_post` `relation` ON `post`.`id`=`relation`.`post_id` WHERE (  `post`.`post_type` = '8'  AND `post`.`delete_time` = '0'  AND `relation`.`category_id` = '1'  AND `relation`.`post_id` = '2' ) AND `post`.`delete_time` = '0' LIMIT 1 [ RunTime:0.000491s ]
[2026-04-21T21:12:55+08:00][sql] SHOW FULL COLUMNS FROM `cmf_slide_item` [ RunTime:0.001124s ]
[2026-04-21T21:12:55+08:00][sql] SELECT `title`,`description`,`image` FROM `cmf_slide_item` WHERE  `slide_id` = 12 ORDER BY `list_order` ASC LIMIT 1 [ RunTime:0.000256s ]
[2026-04-21T21:12:55+08:00][sql] UPDATE `cmf_portal_post`  SET `post_hits` = `post_hits` + 1  WHERE (  `id` = 2 ) AND `cmf_portal_post`.`delete_time` = '0' [ RunTime:0.001678s ]
[2026-04-21T21:12:55+08:00][sql] SELECT `post`.* FROM `cmf_portal_post` `post` INNER JOIN `cmf_portal_category_post` `relation` ON `post`.`id`=`relation`.`post_id` WHERE (  `post`.`post_type` = '8'  AND `post`.`delete_time` = '0'  AND `relation`.`category_id` = '1'  AND `relation`.`post_id` = '2'  AND `relation`.`post_id` = '2' ) AND `post`.`delete_time` = '0' LIMIT 1 [ RunTime:0.000299s ]
[2026-04-21T21:12:55+08:00][sql] SELECT `post`.* FROM `cmf_portal_post` `post` INNER JOIN `cmf_portal_category_post` `relation` ON `post`.`id`=`relation`.`post_id` WHERE (  `post`.`post_type` = '8'  AND `post`.`delete_time` = '0'  AND `relation`.`category_id` = '1'  AND `relation`.`post_id` = '2'  AND `relation`.`post_id` < '2' ) AND `post`.`delete_time` = '0' ORDER BY `id` DESC LIMIT 1 [ RunTime:0.000315s ]
[2026-04-21T21:12:55+08:00][sql] SELECT `post`.* FROM `cmf_portal_post` `post` INNER JOIN `cmf_portal_category_post` `relation` ON `post`.`id`=`relation`.`post_id` WHERE (  `post`.`post_type` = '8'  AND `post`.`delete_time` = '0'  AND `relation`.`category_id` = '1'  AND `relation`.`post_id` = '2'  AND `relation`.`post_id` > '2' ) AND `post`.`delete_time` = '0' ORDER BY `id` DESC LIMIT 1 [ RunTime:0.000282s ]
[2026-04-21T21:12:55+08:00][sql] SHOW FULL COLUMNS FROM `cmf_theme_file` [ RunTime:0.000979s ]
[2026-04-21T21:12:55+08:00][sql] SELECT `more`,`file`,`id` FROM `cmf_theme_file` WHERE  `theme` = 'simpleboot3'  AND (  `is_public` = 1 OR `file` = 'portal/news-info' ) ORDER BY `is_public` DESC [ RunTime:0.000401s ]
[2026-04-21T21:12:55+08:00][sql] SELECT `option_value` FROM `cmf_option` WHERE  `option_name` = 'storage' LIMIT 1 [ RunTime:0.000349s ]
[2026-04-21T21:13:02+08:00][sql] CONNECT:[ UseTime:0.001280s ] mysql:host=127.0.0.1;port=3306;dbname=weihua;charset=utf8mb4
[2026-04-21T21:13:02+08:00][sql] SHOW FULL COLUMNS FROM `cmf_option` [ RunTime:0.001994s ]
[2026-04-21T21:13:02+08:00][sql] SELECT `option_value` FROM `cmf_option` WHERE  `option_name` = 'cdn_settings' LIMIT 1 [ RunTime:0.000306s ]
[2026-04-21T21:13:02+08:00][sql] SHOW FULL COLUMNS FROM `cmf_user` [ RunTime:0.001543s ]
[2026-04-21T21:13:02+08:00][sql] SELECT * FROM `cmf_user` WHERE  `id` = 1 LIMIT 1 [ RunTime:0.000478s ]
[2026-04-21T21:13:02+08:00][sql] SHOW FULL COLUMNS FROM `cmf_portal_post` [ RunTime:0.001220s ]
[2026-04-21T21:13:02+08:00][sql] SELECT * FROM `cmf_portal_post` WHERE (  `id` = 2 ) AND `cmf_portal_post`.`delete_time` = '0' LIMIT 1 [ RunTime:0.000376s ]
[2026-04-21T21:13:02+08:00][sql] SHOW FULL COLUMNS FROM `cmf_portal_category_post` [ RunTime:0.000872s ]
[2026-04-21T21:13:02+08:00][sql] SHOW FULL COLUMNS FROM `cmf_portal_category` [ RunTime:0.001114s ]
[2026-04-21T21:13:02+08:00][sql] SELECT `a`.`name`,`a`.`id` FROM `cmf_portal_category` `a` INNER JOIN `cmf_portal_category_post` `pivot` ON `pivot`.`category_id`=`a`.`id` WHERE (  `pivot`.`post_id` = '2' ) AND `a`.`delete_time` = '0' [ RunTime:0.011942s ]
[2026-04-21T21:13:02+08:00][sql] SHOW FULL COLUMNS FROM `cmf_route` [ RunTime:0.001691s ]
[2026-04-21T21:13:02+08:00][sql] SELECT `url` FROM `cmf_route` WHERE  `full_url` = 'portal/index/news_info?cid=1&id=2' LIMIT 1 [ RunTime:0.000365s ]
[2026-04-21T21:13:02+08:00][sql] SHOW FULL COLUMNS FROM `cmf_theme_file` [ RunTime:0.001139s ]
[2026-04-21T21:13:02+08:00][sql] SELECT * FROM `cmf_theme_file` WHERE  `theme` = 'default'  AND `action` = 'portal/Article/index' [ RunTime:0.000373s ]
[2026-04-21T21:13:02+08:00][sql] SELECT `option_value` FROM `cmf_option` WHERE  `option_name` = 'storage' LIMIT 1 [ RunTime:0.000274s ]
[2026-04-21T21:13:02+08:00][sql] CONNECT:[ UseTime:0.000717s ] mysql:host=127.0.0.1;port=3306;dbname=weihua;charset=utf8mb4
[2026-04-21T21:13:02+08:00][sql] SHOW FULL COLUMNS FROM `cmf_option` [ RunTime:0.013804s ]
[2026-04-21T21:13:02+08:00][sql] SELECT `option_value` FROM `cmf_option` WHERE  `option_name` = 'cdn_settings' LIMIT 1 [ RunTime:0.001179s ]
[2026-04-21T21:13:02+08:00][sql] SELECT `option_value` FROM `cmf_option` WHERE  `option_name` = 'cdn_settings' LIMIT 1 [ RunTime:0.001283s ]
[2026-04-21T21:13:09+08:00][sql] CONNECT:[ UseTime:0.001356s ] mysql:host=127.0.0.1;port=3306;dbname=weihua;charset=utf8mb4
[2026-04-21T21:13:09+08:00][sql] SHOW FULL COLUMNS FROM `cmf_option` [ RunTime:0.003513s ]
[2026-04-21T21:13:09+08:00][sql] SELECT `option_value` FROM `cmf_option` WHERE  `option_name` = 'cdn_settings' LIMIT 1 [ RunTime:0.000376s ]
[2026-04-21T21:13:09+08:00][sql] SHOW FULL COLUMNS FROM `cmf_user` [ RunTime:0.001495s ]
[2026-04-21T21:13:09+08:00][sql] SELECT * FROM `cmf_user` WHERE  `id` = 1 LIMIT 1 [ RunTime:0.000409s ]
[2026-04-21T21:13:09+08:00][sql] SHOW FULL COLUMNS FROM `cmf_portal_post` [ RunTime:0.002091s ]
[2026-04-21T21:13:09+08:00][sql] SELECT * FROM `cmf_portal_post` WHERE (  `id` = 2 ) AND `cmf_portal_post`.`delete_time` = '0' LIMIT 1 [ RunTime:0.000888s ]
[2026-04-21T21:13:09+08:00][sql] SELECT `option_value` FROM `cmf_option` WHERE  `option_name` = 'storage' LIMIT 1 [ RunTime:0.000469s ]
[2026-04-21T21:13:09+08:00][sql] UPDATE `cmf_portal_post`  SET `update_time` = 1776777189  WHERE (  `id` = 2 ) AND `cmf_portal_post`.`delete_time` = '0' [ RunTime:0.000914s ]
[2026-04-21T21:13:09+08:00][sql] SHOW FULL COLUMNS FROM `cmf_portal_category_post` [ RunTime:0.002387s ]
[2026-04-21T21:13:09+08:00][sql] SHOW FULL COLUMNS FROM `cmf_portal_category` [ RunTime:0.002663s ]
[2026-04-21T21:13:09+08:00][sql] SELECT `category_id` FROM `cmf_portal_category` INNER JOIN `cmf_portal_category_post` `pivot` ON `pivot`.`category_id`=`cmf_portal_category`.`id` WHERE (  `pivot`.`post_id` = '2' ) AND `cmf_portal_category`.`delete_time` = '0' [ RunTime:0.000853s ]
[2026-04-21T21:13:09+08:00][sql] SHOW FULL COLUMNS FROM `cmf_route` [ RunTime:0.001773s ]
[2026-04-21T21:13:09+08:00][sql] SELECT * FROM `cmf_route` WHERE  `full_url` = 'portal/index/news_info?cid=1&id=2' LIMIT 1 [ RunTime:0.000327s ]
[2026-04-21T21:13:09+08:00][sql] INSERT INTO `cmf_route` SET `full_url` = 'portal/index/news_info?cid=1&id=2' , `url` = 'company1' , `list_order` = '5000' , `type` = 2 [ RunTime:0.001411s ]
[2026-04-21T21:13:09+08:00][sql] SELECT * FROM `cmf_route` WHERE  `status` = 1 ORDER BY `list_order` ASC [ RunTime:0.000374s ]
[2026-04-21T21:13:11+08:00][sql] CONNECT:[ UseTime:0.001570s ] mysql:host=127.0.0.1;port=3306;dbname=weihua;charset=utf8mb4
[2026-04-21T21:13:11+08:00][sql] SHOW FULL COLUMNS FROM `cmf_option` [ RunTime:0.002885s ]
[2026-04-21T21:13:11+08:00][sql] SELECT `option_value` FROM `cmf_option` WHERE  `option_name` = 'cdn_settings' LIMIT 1 [ RunTime:0.000469s ]
[2026-04-21T21:13:11+08:00][sql] SHOW FULL COLUMNS FROM `cmf_user` [ RunTime:0.001795s ]
[2026-04-21T21:13:11+08:00][sql] SELECT * FROM `cmf_user` WHERE  `id` = 1 LIMIT 1 [ RunTime:0.000491s ]
[2026-04-21T21:13:11+08:00][sql] SHOW FULL COLUMNS FROM `cmf_portal_post` [ RunTime:0.001542s ]
[2026-04-21T21:13:11+08:00][sql] SELECT * FROM `cmf_portal_post` WHERE (  `id` = 2 ) AND `cmf_portal_post`.`delete_time` = '0' LIMIT 1 [ RunTime:0.000768s ]
[2026-04-21T21:13:11+08:00][sql] SHOW FULL COLUMNS FROM `cmf_portal_category_post` [ RunTime:0.001814s ]
[2026-04-21T21:13:11+08:00][sql] SHOW FULL COLUMNS FROM `cmf_portal_category` [ RunTime:0.001422s ]
[2026-04-21T21:13:11+08:00][sql] SELECT `a`.`name`,`a`.`id` FROM `cmf_portal_category` `a` INNER JOIN `cmf_portal_category_post` `pivot` ON `pivot`.`category_id`=`a`.`id` WHERE (  `pivot`.`post_id` = '2' ) AND `a`.`delete_time` = '0' [ RunTime:0.000417s ]
[2026-04-21T21:13:11+08:00][sql] SHOW FULL COLUMNS FROM `cmf_route` [ RunTime:0.001235s ]
[2026-04-21T21:13:11+08:00][sql] SELECT `url` FROM `cmf_route` WHERE  `full_url` = 'portal/index/news_info?cid=1&id=2' LIMIT 1 [ RunTime:0.000519s ]
[2026-04-21T21:13:11+08:00][sql] SHOW FULL COLUMNS FROM `cmf_theme_file` [ RunTime:0.001230s ]
[2026-04-21T21:13:11+08:00][sql] SELECT * FROM `cmf_theme_file` WHERE  `theme` = 'default'  AND `action` = 'portal/Article/index' [ RunTime:0.000546s ]
[2026-04-21T21:13:11+08:00][sql] SELECT `option_value` FROM `cmf_option` WHERE  `option_name` = 'storage' LIMIT 1 [ RunTime:0.000261s ]
[2026-04-21T21:13:11+08:00][sql] CONNECT:[ UseTime:0.001435s ] mysql:host=127.0.0.1;port=3306;dbname=weihua;charset=utf8mb4
[2026-04-21T21:13:11+08:00][sql] SHOW FULL COLUMNS FROM `cmf_option` [ RunTime:0.003255s ]
[2026-04-21T21:13:11+08:00][sql] SELECT `option_value` FROM `cmf_option` WHERE  `option_name` = 'cdn_settings' LIMIT 1 [ RunTime:0.000591s ]
[2026-04-21T21:13:11+08:00][sql] SELECT `option_value` FROM `cmf_option` WHERE  `option_name` = 'cdn_settings' LIMIT 1 [ RunTime:0.000523s ]
[2026-04-21T21:13:12+08:00][sql] CONNECT:[ UseTime:0.000693s ] mysql:host=127.0.0.1;port=3306;dbname=weihua;charset=utf8mb4
[2026-04-21T21:13:12+08:00][sql] SHOW FULL COLUMNS FROM `cmf_option` [ RunTime:0.001994s ]
[2026-04-21T21:13:12+08:00][sql] SELECT `option_value` FROM `cmf_option` WHERE  `option_name` = 'cdn_settings' LIMIT 1 [ RunTime:0.000633s ]
[2026-04-21T21:13:12+08:00][sql] SELECT `option_value` FROM `cmf_option` WHERE  `option_name` = 'cdn_settings' LIMIT 1 [ RunTime:0.001169s ]
[2026-04-21T21:13:12+08:00][sql] SHOW FULL COLUMNS FROM `cmf_product_category` [ RunTime:0.002885s ]
[2026-04-21T21:13:12+08:00][sql] SELECT * FROM `cmf_product_category` WHERE  `parent_id` = 0 ORDER BY `list_order` ASC,`create_time` DESC [ RunTime:0.000842s ]
[2026-04-21T21:13:12+08:00][sql] SELECT * FROM `cmf_product_category` WHERE  `parent_id` IN (18,19,20,21,22,23,24,25,26,27) [ RunTime:0.000670s ]
[2026-04-21T21:13:12+08:00][sql] SHOW FULL COLUMNS FROM `cmf_portal_category` [ RunTime:0.002374s ]
[2026-04-21T21:13:12+08:00][sql] SELECT * FROM `cmf_portal_category` WHERE (  `type` = 8 ) AND `cmf_portal_category`.`delete_time` = '0' ORDER BY `list_order` ASC [ RunTime:0.000305s ]
[2026-04-21T21:13:12+08:00][sql] SHOW FULL COLUMNS FROM `cmf_slide_item` [ RunTime:0.003018s ]
[2026-04-21T21:13:12+08:00][sql] SELECT `title`,`description`,`image` FROM `cmf_slide_item` WHERE  `slide_id` = 12 ORDER BY `list_order` ASC LIMIT 1 [ RunTime:0.000729s ]
[2026-04-21T21:13:12+08:00][sql] SELECT * FROM `cmf_portal_category` WHERE (  `id` = 0  AND `status` = 1 ) AND `cmf_portal_category`.`delete_time` = '0' LIMIT 1 [ RunTime:0.000630s ]
[2026-04-21T21:13:12+08:00][sql] SHOW FULL COLUMNS FROM `cmf_portal_post` [ RunTime:0.001265s ]
[2026-04-21T21:13:12+08:00][sql] SELECT COUNT(*) AS think_count FROM `cmf_portal_post` `p` LEFT JOIN `cmf_portal_category_post` `c` ON `p`.`id`=`c`.`post_id` WHERE (  `post_type` = 8 ) AND `p`.`delete_time` = '0' LIMIT 1 [ RunTime:0.000359s ]
[2026-04-21T21:13:12+08:00][sql] SELECT `p`.`id`,`p`.`post_title`,`p`.`thumbnail`,`p`.`more`,c.category_id as cid,`p`.`post_excerpt`,`p`.`create_time` FROM `cmf_portal_post` `p` LEFT JOIN `cmf_portal_category_post` `c` ON `p`.`id`=`c`.`post_id` WHERE (  `post_type` = 8 ) AND `p`.`delete_time` = '0' ORDER BY `c`.`list_order` ASC,`p`.`create_time` DESC LIMIT 0,6 [ RunTime:0.000383s ]
[2026-04-21T21:13:12+08:00][sql] SHOW FULL COLUMNS FROM `cmf_theme_file` [ RunTime:0.001083s ]
[2026-04-21T21:13:12+08:00][sql] SELECT `more`,`file`,`id` FROM `cmf_theme_file` WHERE  `theme` = 'simpleboot3'  AND (  `is_public` = 1 OR `file` = 'portal/news' ) ORDER BY `is_public` DESC [ RunTime:0.000297s ]
[2026-04-21T21:13:12+08:00][sql] SELECT `option_value` FROM `cmf_option` WHERE  `option_name` = 'storage' LIMIT 1 [ RunTime:0.000329s ]
[2026-04-21T21:13:13+08:00][sql] CONNECT:[ UseTime:0.001046s ] mysql:host=127.0.0.1;port=3306;dbname=weihua;charset=utf8mb4
[2026-04-21T21:13:13+08:00][sql] SHOW FULL COLUMNS FROM `cmf_option` [ RunTime:0.001842s ]
[2026-04-21T21:13:13+08:00][sql] SELECT `option_value` FROM `cmf_option` WHERE  `option_name` = 'cdn_settings' LIMIT 1 [ RunTime:0.000399s ]
[2026-04-21T21:13:13+08:00][sql] SELECT `option_value` FROM `cmf_option` WHERE  `option_name` = 'cdn_settings' LIMIT 1 [ RunTime:0.000194s ]
[2026-04-21T21:13:13+08:00][sql] SHOW FULL COLUMNS FROM `cmf_product_category` [ RunTime:0.001116s ]
[2026-04-21T21:13:13+08:00][sql] SELECT * FROM `cmf_product_category` WHERE  `parent_id` = 0 ORDER BY `list_order` ASC,`create_time` DESC [ RunTime:0.000333s ]
[2026-04-21T21:13:13+08:00][sql] SELECT * FROM `cmf_product_category` WHERE  `parent_id` IN (18,19,20,21,22,23,24,25,26,27) [ RunTime:0.000221s ]
[2026-04-21T21:13:13+08:00][sql] SHOW FULL COLUMNS FROM `cmf_portal_category` [ RunTime:0.001105s ]
[2026-04-21T21:13:13+08:00][sql] SELECT * FROM `cmf_portal_category` WHERE (  `type` = 8 ) AND `cmf_portal_category`.`delete_time` = '0' ORDER BY `list_order` ASC [ RunTime:0.000384s ]
[2026-04-21T21:13:13+08:00][sql] SELECT * FROM `cmf_portal_category` WHERE (  `id` = 1  AND `status` = 1 ) AND `cmf_portal_category`.`delete_time` = '0' LIMIT 1 [ RunTime:0.000328s ]
[2026-04-21T21:13:13+08:00][sql] SHOW FULL COLUMNS FROM `cmf_portal_post` [ RunTime:0.001411s ]
[2026-04-21T21:13:13+08:00][sql] SELECT `post`.* FROM `cmf_portal_post` `post` INNER JOIN `cmf_portal_category_post` `relation` ON `post`.`id`=`relation`.`post_id` WHERE (  `post`.`post_type` = '8'  AND `post`.`delete_time` = '0'  AND `relation`.`category_id` = '1'  AND `relation`.`post_id` = '2' ) AND `post`.`delete_time` = '0' LIMIT 1 [ RunTime:0.000351s ]
[2026-04-21T21:13:13+08:00][sql] SHOW FULL COLUMNS FROM `cmf_slide_item` [ RunTime:0.001008s ]
[2026-04-21T21:13:13+08:00][sql] SELECT `title`,`description`,`image` FROM `cmf_slide_item` WHERE  `slide_id` = 12 ORDER BY `list_order` ASC LIMIT 1 [ RunTime:0.000306s ]
[2026-04-21T21:13:13+08:00][sql] UPDATE `cmf_portal_post`  SET `post_hits` = `post_hits` + 1  WHERE (  `id` = 2 ) AND `cmf_portal_post`.`delete_time` = '0' [ RunTime:0.001987s ]
[2026-04-21T21:13:13+08:00][sql] SELECT `post`.* FROM `cmf_portal_post` `post` INNER JOIN `cmf_portal_category_post` `relation` ON `post`.`id`=`relation`.`post_id` WHERE (  `post`.`post_type` = '8'  AND `post`.`delete_time` = '0'  AND `relation`.`category_id` = '1'  AND `relation`.`post_id` = '2'  AND `relation`.`post_id` = '2' ) AND `post`.`delete_time` = '0' LIMIT 1 [ RunTime:0.000801s ]
[2026-04-21T21:13:13+08:00][sql] SELECT `post`.* FROM `cmf_portal_post` `post` INNER JOIN `cmf_portal_category_post` `relation` ON `post`.`id`=`relation`.`post_id` WHERE (  `post`.`post_type` = '8'  AND `post`.`delete_time` = '0'  AND `relation`.`category_id` = '1'  AND `relation`.`post_id` = '2'  AND `relation`.`post_id` < '2' ) AND `post`.`delete_time` = '0' ORDER BY `id` DESC LIMIT 1 [ RunTime:0.000532s ]
[2026-04-21T21:13:13+08:00][sql] SELECT `post`.* FROM `cmf_portal_post` `post` INNER JOIN `cmf_portal_category_post` `relation` ON `post`.`id`=`relation`.`post_id` WHERE (  `post`.`post_type` = '8'  AND `post`.`delete_time` = '0'  AND `relation`.`category_id` = '1'  AND `relation`.`post_id` = '2'  AND `relation`.`post_id` > '2' ) AND `post`.`delete_time` = '0' ORDER BY `id` DESC LIMIT 1 [ RunTime:0.000246s ]
[2026-04-21T21:13:13+08:00][sql] SHOW FULL COLUMNS FROM `cmf_theme_file` [ RunTime:0.001117s ]
[2026-04-21T21:13:13+08:00][sql] SELECT `more`,`file`,`id` FROM `cmf_theme_file` WHERE  `theme` = 'simpleboot3'  AND (  `is_public` = 1 OR `file` = 'portal/news-info' ) ORDER BY `is_public` DESC [ RunTime:0.000276s ]
[2026-04-21T21:13:13+08:00][sql] SELECT `option_value` FROM `cmf_option` WHERE  `option_name` = 'storage' LIMIT 1 [ RunTime:0.000398s ]
[2026-04-21T21:13:17+08:00][sql] CONNECT:[ UseTime:0.001217s ] mysql:host=127.0.0.1;port=3306;dbname=weihua;charset=utf8mb4
[2026-04-21T21:13:17+08:00][sql] SHOW FULL COLUMNS FROM `cmf_option` [ RunTime:0.001998s ]
[2026-04-21T21:13:17+08:00][sql] SELECT `option_value` FROM `cmf_option` WHERE  `option_name` = 'cdn_settings' LIMIT 1 [ RunTime:0.000330s ]
[2026-04-21T21:13:17+08:00][sql] SELECT `option_value` FROM `cmf_option` WHERE  `option_name` = 'cdn_settings' LIMIT 1 [ RunTime:0.000317s ]
[2026-04-21T21:13:17+08:00][sql] SHOW FULL COLUMNS FROM `cmf_product_category` [ RunTime:0.001433s ]
[2026-04-21T21:13:17+08:00][sql] SELECT * FROM `cmf_product_category` WHERE  `parent_id` = 0 ORDER BY `list_order` ASC,`create_time` DESC [ RunTime:0.000397s ]
[2026-04-21T21:13:17+08:00][sql] SELECT * FROM `cmf_product_category` WHERE  `parent_id` IN (18,19,20,21,22,23,24,25,26,27) [ RunTime:0.000284s ]
[2026-04-21T21:13:17+08:00][sql] SHOW FULL COLUMNS FROM `cmf_portal_category` [ RunTime:0.001387s ]
[2026-04-21T21:13:17+08:00][sql] SELECT * FROM `cmf_portal_category` WHERE (  `type` = 8 ) AND `cmf_portal_category`.`delete_time` = '0' ORDER BY `list_order` ASC [ RunTime:0.000433s ]
[2026-04-21T21:13:17+08:00][sql] SELECT * FROM `cmf_portal_category` WHERE (  `id` = 1  AND `status` = 1 ) AND `cmf_portal_category`.`delete_time` = '0' LIMIT 1 [ RunTime:0.000418s ]
[2026-04-21T21:13:17+08:00][sql] SHOW FULL COLUMNS FROM `cmf_portal_post` [ RunTime:0.001388s ]
[2026-04-21T21:13:17+08:00][sql] SELECT `post`.* FROM `cmf_portal_post` `post` INNER JOIN `cmf_portal_category_post` `relation` ON `post`.`id`=`relation`.`post_id` WHERE (  `post`.`post_type` = '8'  AND `post`.`delete_time` = '0'  AND `relation`.`category_id` = '1'  AND `relation`.`post_id` = '2' ) AND `post`.`delete_time` = '0' LIMIT 1 [ RunTime:0.000430s ]
[2026-04-21T21:13:17+08:00][sql] SHOW FULL COLUMNS FROM `cmf_slide_item` [ RunTime:0.000948s ]
[2026-04-21T21:13:17+08:00][sql] SELECT `title`,`description`,`image` FROM `cmf_slide_item` WHERE  `slide_id` = 12 ORDER BY `list_order` ASC LIMIT 1 [ RunTime:0.000281s ]
[2026-04-21T21:13:17+08:00][sql] UPDATE `cmf_portal_post`  SET `post_hits` = `post_hits` + 1  WHERE (  `id` = 2 ) AND `cmf_portal_post`.`delete_time` = '0' [ RunTime:0.002155s ]
[2026-04-21T21:13:17+08:00][sql] SELECT `post`.* FROM `cmf_portal_post` `post` INNER JOIN `cmf_portal_category_post` `relation` ON `post`.`id`=`relation`.`post_id` WHERE (  `post`.`post_type` = '8'  AND `post`.`delete_time` = '0'  AND `relation`.`category_id` = '1'  AND `relation`.`post_id` = '2'  AND `relation`.`post_id` = '2' ) AND `post`.`delete_time` = '0' LIMIT 1 [ RunTime:0.000335s ]
[2026-04-21T21:13:17+08:00][sql] SELECT `post`.* FROM `cmf_portal_post` `post` INNER JOIN `cmf_portal_category_post` `relation` ON `post`.`id`=`relation`.`post_id` WHERE (  `post`.`post_type` = '8'  AND `post`.`delete_time` = '0'  AND `relation`.`category_id` = '1'  AND `relation`.`post_id` = '2'  AND `relation`.`post_id` < '2' ) AND `post`.`delete_time` = '0' ORDER BY `id` DESC LIMIT 1 [ RunTime:0.000309s ]
[2026-04-21T21:13:17+08:00][sql] SELECT `post`.* FROM `cmf_portal_post` `post` INNER JOIN `cmf_portal_category_post` `relation` ON `post`.`id`=`relation`.`post_id` WHERE (  `post`.`post_type` = '8'  AND `post`.`delete_time` = '0'  AND `relation`.`category_id` = '1'  AND `relation`.`post_id` = '2'  AND `relation`.`post_id` > '2' ) AND `post`.`delete_time` = '0' ORDER BY `id` DESC LIMIT 1 [ RunTime:0.000248s ]
[2026-04-21T21:13:17+08:00][sql] SHOW FULL COLUMNS FROM `cmf_theme_file` [ RunTime:0.002310s ]
[2026-04-21T21:13:17+08:00][sql] SELECT `more`,`file`,`id` FROM `cmf_theme_file` WHERE  `theme` = 'simpleboot3'  AND (  `is_public` = 1 OR `file` = 'portal/news-info' ) ORDER BY `is_public` DESC [ RunTime:0.000685s ]
[2026-04-21T21:13:17+08:00][sql] SELECT `option_value` FROM `cmf_option` WHERE  `option_name` = 'storage' LIMIT 1 [ RunTime:0.000489s ]
[2026-04-21T21:13:20+08:00][sql] CONNECT:[ UseTime:0.001219s ] mysql:host=127.0.0.1;port=3306;dbname=weihua;charset=utf8mb4
[2026-04-21T21:13:20+08:00][sql] SHOW FULL COLUMNS FROM `cmf_option` [ RunTime:0.002559s ]
[2026-04-21T21:13:20+08:00][sql] SELECT `option_value` FROM `cmf_option` WHERE  `option_name` = 'cdn_settings' LIMIT 1 [ RunTime:0.000403s ]
[2026-04-21T21:13:20+08:00][sql] SELECT `option_value` FROM `cmf_option` WHERE  `option_name` = 'cdn_settings' LIMIT 1 [ RunTime:0.000307s ]
[2026-04-21T21:13:20+08:00][sql] SHOW FULL COLUMNS FROM `cmf_product_category` [ RunTime:0.001627s ]
[2026-04-21T21:13:20+08:00][sql] SELECT * FROM `cmf_product_category` WHERE  `parent_id` = 0 ORDER BY `list_order` ASC,`create_time` DESC [ RunTime:0.000557s ]
[2026-04-21T21:13:20+08:00][sql] SELECT * FROM `cmf_product_category` WHERE  `parent_id` IN (18,19,20,21,22,23,24,25,26,27) [ RunTime:0.000350s ]
[2026-04-21T21:13:20+08:00][sql] SHOW FULL COLUMNS FROM `cmf_portal_category` [ RunTime:0.001456s ]
[2026-04-21T21:13:20+08:00][sql] SELECT * FROM `cmf_portal_category` WHERE (  `type` = 8 ) AND `cmf_portal_category`.`delete_time` = '0' ORDER BY `list_order` ASC [ RunTime:0.000474s ]
[2026-04-21T21:13:20+08:00][sql] SELECT * FROM `cmf_portal_category` WHERE (  `id` = 1  AND `status` = 1 ) AND `cmf_portal_category`.`delete_time` = '0' LIMIT 1 [ RunTime:0.000538s ]
[2026-04-21T21:13:20+08:00][sql] SHOW FULL COLUMNS FROM `cmf_portal_post` [ RunTime:0.001430s ]
[2026-04-21T21:13:20+08:00][sql] SELECT `post`.* FROM `cmf_portal_post` `post` INNER JOIN `cmf_portal_category_post` `relation` ON `post`.`id`=`relation`.`post_id` WHERE (  `post`.`post_type` = '8'  AND `post`.`delete_time` = '0'  AND `relation`.`category_id` = '1'  AND `relation`.`post_id` = '5' ) AND `post`.`delete_time` = '0' LIMIT 1 [ RunTime:0.000567s ]
[2026-04-21T21:13:20+08:00][sql] SHOW FULL COLUMNS FROM `cmf_slide_item` [ RunTime:0.001118s ]
[2026-04-21T21:13:20+08:00][sql] SELECT `title`,`description`,`image` FROM `cmf_slide_item` WHERE  `slide_id` = 12 ORDER BY `list_order` ASC LIMIT 1 [ RunTime:0.000357s ]
[2026-04-21T21:13:20+08:00][sql] UPDATE `cmf_portal_post`  SET `post_hits` = `post_hits` + 1  WHERE (  `id` = 5 ) AND `cmf_portal_post`.`delete_time` = '0' [ RunTime:0.002435s ]
[2026-04-21T21:13:20+08:00][sql] SELECT `post`.* FROM `cmf_portal_post` `post` INNER JOIN `cmf_portal_category_post` `relation` ON `post`.`id`=`relation`.`post_id` WHERE (  `post`.`post_type` = '8'  AND `post`.`delete_time` = '0'  AND `relation`.`category_id` = '1'  AND `relation`.`post_id` = '5'  AND `relation`.`post_id` = '5' ) AND `post`.`delete_time` = '0' LIMIT 1 [ RunTime:0.000535s ]
[2026-04-21T21:13:20+08:00][sql] SELECT `post`.* FROM `cmf_portal_post` `post` INNER JOIN `cmf_portal_category_post` `relation` ON `post`.`id`=`relation`.`post_id` WHERE (  `post`.`post_type` = '8'  AND `post`.`delete_time` = '0'  AND `relation`.`category_id` = '1'  AND `relation`.`post_id` = '5'  AND `relation`.`post_id` < '5' ) AND `post`.`delete_time` = '0' ORDER BY `id` DESC LIMIT 1 [ RunTime:0.000348s ]
[2026-04-21T21:13:20+08:00][sql] SELECT `post`.* FROM `cmf_portal_post` `post` INNER JOIN `cmf_portal_category_post` `relation` ON `post`.`id`=`relation`.`post_id` WHERE (  `post`.`post_type` = '8'  AND `post`.`delete_time` = '0'  AND `relation`.`category_id` = '1'  AND `relation`.`post_id` = '5'  AND `relation`.`post_id` > '5' ) AND `post`.`delete_time` = '0' ORDER BY `id` DESC LIMIT 1 [ RunTime:0.000255s ]
[2026-04-21T21:13:20+08:00][sql] SHOW FULL COLUMNS FROM `cmf_theme_file` [ RunTime:0.001132s ]
[2026-04-21T21:13:20+08:00][sql] SELECT `more`,`file`,`id` FROM `cmf_theme_file` WHERE  `theme` = 'simpleboot3'  AND (  `is_public` = 1 OR `file` = 'portal/news-info' ) ORDER BY `is_public` DESC [ RunTime:0.000285s ]
[2026-04-21T21:13:20+08:00][sql] SELECT `option_value` FROM `cmf_option` WHERE  `option_name` = 'storage' LIMIT 1 [ RunTime:0.000321s ]
[2026-04-21T21:13:22+08:00][sql] CONNECT:[ UseTime:0.001553s ] mysql:host=127.0.0.1;port=3306;dbname=weihua;charset=utf8mb4
[2026-04-21T21:13:22+08:00][sql] SHOW FULL COLUMNS FROM `cmf_option` [ RunTime:0.002169s ]
[2026-04-21T21:13:22+08:00][sql] SELECT `option_value` FROM `cmf_option` WHERE  `option_name` = 'cdn_settings' LIMIT 1 [ RunTime:0.000393s ]
[2026-04-21T21:13:22+08:00][sql] SELECT `option_value` FROM `cmf_option` WHERE  `option_name` = 'cdn_settings' LIMIT 1 [ RunTime:0.000410s ]
[2026-04-21T21:13:22+08:00][sql] SHOW FULL COLUMNS FROM `cmf_product_category` [ RunTime:0.001381s ]
[2026-04-21T21:13:22+08:00][sql] SELECT * FROM `cmf_product_category` WHERE  `parent_id` = 0 ORDER BY `list_order` ASC,`create_time` DESC [ RunTime:0.000906s ]
[2026-04-21T21:13:22+08:00][sql] SELECT * FROM `cmf_product_category` WHERE  `parent_id` IN (18,19,20,21,22,23,24,25,26,27) [ RunTime:0.000334s ]
[2026-04-21T21:13:22+08:00][sql] SHOW FULL COLUMNS FROM `cmf_portal_category` [ RunTime:0.001892s ]
[2026-04-21T21:13:22+08:00][sql] SELECT * FROM `cmf_portal_category` WHERE (  `type` = 8 ) AND `cmf_portal_category`.`delete_time` = '0' ORDER BY `list_order` ASC [ RunTime:0.000507s ]
[2026-04-21T21:13:22+08:00][sql] SELECT * FROM `cmf_portal_category` WHERE (  `id` = 1  AND `status` = 1 ) AND `cmf_portal_category`.`delete_time` = '0' LIMIT 1 [ RunTime:0.000399s ]
[2026-04-21T21:13:22+08:00][sql] SHOW FULL COLUMNS FROM `cmf_portal_post` [ RunTime:0.002652s ]
[2026-04-21T21:13:22+08:00][sql] SELECT `post`.* FROM `cmf_portal_post` `post` INNER JOIN `cmf_portal_category_post` `relation` ON `post`.`id`=`relation`.`post_id` WHERE (  `post`.`post_type` = '8'  AND `post`.`delete_time` = '0'  AND `relation`.`category_id` = '1'  AND `relation`.`post_id` = '2' ) AND `post`.`delete_time` = '0' LIMIT 1 [ RunTime:0.000763s ]
[2026-04-21T21:13:22+08:00][sql] SHOW FULL COLUMNS FROM `cmf_slide_item` [ RunTime:0.001429s ]
[2026-04-21T21:13:22+08:00][sql] SELECT `title`,`description`,`image` FROM `cmf_slide_item` WHERE  `slide_id` = 12 ORDER BY `list_order` ASC LIMIT 1 [ RunTime:0.000579s ]
[2026-04-21T21:13:22+08:00][sql] UPDATE `cmf_portal_post`  SET `post_hits` = `post_hits` + 1  WHERE (  `id` = 2 ) AND `cmf_portal_post`.`delete_time` = '0' [ RunTime:0.001976s ]
[2026-04-21T21:13:22+08:00][sql] SELECT `post`.* FROM `cmf_portal_post` `post` INNER JOIN `cmf_portal_category_post` `relation` ON `post`.`id`=`relation`.`post_id` WHERE (  `post`.`post_type` = '8'  AND `post`.`delete_time` = '0'  AND `relation`.`category_id` = '1'  AND `relation`.`post_id` = '2'  AND `relation`.`post_id` = '2' ) AND `post`.`delete_time` = '0' LIMIT 1 [ RunTime:0.001212s ]
[2026-04-21T21:13:22+08:00][sql] SELECT `post`.* FROM `cmf_portal_post` `post` INNER JOIN `cmf_portal_category_post` `relation` ON `post`.`id`=`relation`.`post_id` WHERE (  `post`.`post_type` = '8'  AND `post`.`delete_time` = '0'  AND `relation`.`category_id` = '1'  AND `relation`.`post_id` = '2'  AND `relation`.`post_id` < '2' ) AND `post`.`delete_time` = '0' ORDER BY `id` DESC LIMIT 1 [ RunTime:0.001266s ]
[2026-04-21T21:13:22+08:00][sql] SELECT `post`.* FROM `cmf_portal_post` `post` INNER JOIN `cmf_portal_category_post` `relation` ON `post`.`id`=`relation`.`post_id` WHERE (  `post`.`post_type` = '8'  AND `post`.`delete_time` = '0'  AND `relation`.`category_id` = '1'  AND `relation`.`post_id` = '2'  AND `relation`.`post_id` > '2' ) AND `post`.`delete_time` = '0' ORDER BY `id` DESC LIMIT 1 [ RunTime:0.000552s ]
[2026-04-21T21:13:22+08:00][sql] SHOW FULL COLUMNS FROM `cmf_theme_file` [ RunTime:0.002683s ]
[2026-04-21T21:13:22+08:00][sql] SELECT `more`,`file`,`id` FROM `cmf_theme_file` WHERE  `theme` = 'simpleboot3'  AND (  `is_public` = 1 OR `file` = 'portal/news-info' ) ORDER BY `is_public` DESC [ RunTime:0.000625s ]
[2026-04-21T21:13:22+08:00][sql] SELECT `option_value` FROM `cmf_option` WHERE  `option_name` = 'storage' LIMIT 1 [ RunTime:0.000272s ]
[2026-04-21T21:14:04+08:00][sql] CONNECT:[ UseTime:0.002452s ] mysql:host=127.0.0.1;port=3306;dbname=weihua;charset=utf8mb4
[2026-04-21T21:14:04+08:00][sql] SHOW FULL COLUMNS FROM `cmf_option` [ RunTime:0.004681s ]
[2026-04-21T21:14:04+08:00][sql] SELECT `option_value` FROM `cmf_option` WHERE  `option_name` = 'cdn_settings' LIMIT 1 [ RunTime:0.000630s ]
[2026-04-21T21:14:04+08:00][sql] SELECT `option_value` FROM `cmf_option` WHERE  `option_name` = 'cdn_settings' LIMIT 1 [ RunTime:0.000420s ]
[2026-04-21T21:14:04+08:00][sql] SHOW FULL COLUMNS FROM `cmf_product_category` [ RunTime:0.001735s ]
[2026-04-21T21:14:04+08:00][sql] SELECT * FROM `cmf_product_category` WHERE  `parent_id` = 0 ORDER BY `list_order` ASC,`create_time` DESC [ RunTime:0.000396s ]
[2026-04-21T21:14:04+08:00][sql] SELECT * FROM `cmf_product_category` WHERE  `parent_id` IN (18,19,20,21,22,23,24,25,26,27) [ RunTime:0.000259s ]
[2026-04-21T21:14:04+08:00][sql] SHOW FULL COLUMNS FROM `cmf_portal_category` [ RunTime:0.001121s ]
[2026-04-21T21:14:04+08:00][sql] SELECT * FROM `cmf_portal_category` WHERE (  `type` = 8 ) AND `cmf_portal_category`.`delete_time` = '0' ORDER BY `list_order` ASC [ RunTime:0.000587s ]
[2026-04-21T21:14:04+08:00][sql] SHOW FULL COLUMNS FROM `cmf_slide_item` [ RunTime:0.002131s ]
[2026-04-21T21:14:04+08:00][sql] SELECT `title`,`description`,`image` FROM `cmf_slide_item` WHERE  `slide_id` = 12 ORDER BY `list_order` ASC LIMIT 1 [ RunTime:0.000570s ]
[2026-04-21T21:14:04+08:00][sql] SELECT * FROM `cmf_portal_category` WHERE (  `id` = 0  AND `status` = 1 ) AND `cmf_portal_category`.`delete_time` = '0' LIMIT 1 [ RunTime:0.000262s ]
[2026-04-21T21:14:04+08:00][sql] SHOW FULL COLUMNS FROM `cmf_portal_post` [ RunTime:0.001248s ]
[2026-04-21T21:14:04+08:00][sql] SELECT COUNT(*) AS think_count FROM `cmf_portal_post` `p` LEFT JOIN `cmf_portal_category_post` `c` ON `p`.`id`=`c`.`post_id` WHERE (  `post_type` = 8 ) AND `p`.`delete_time` = '0' LIMIT 1 [ RunTime:0.000530s ]
[2026-04-21T21:14:04+08:00][sql] SELECT `p`.`id`,`p`.`post_title`,`p`.`thumbnail`,`p`.`more`,c.category_id as cid,`p`.`post_excerpt`,`p`.`create_time` FROM `cmf_portal_post` `p` LEFT JOIN `cmf_portal_category_post` `c` ON `p`.`id`=`c`.`post_id` WHERE (  `post_type` = 8 ) AND `p`.`delete_time` = '0' ORDER BY `c`.`list_order` ASC,`p`.`create_time` DESC LIMIT 0,1 [ RunTime:0.000345s ]
[2026-04-21T21:14:04+08:00][sql] SHOW FULL COLUMNS FROM `cmf_theme_file` [ RunTime:0.001611s ]
[2026-04-21T21:14:04+08:00][sql] SELECT `more`,`file`,`id` FROM `cmf_theme_file` WHERE  `theme` = 'simpleboot3'  AND (  `is_public` = 1 OR `file` = 'portal/news' ) ORDER BY `is_public` DESC [ RunTime:0.000837s ]
[2026-04-21T21:14:04+08:00][sql] SELECT `option_value` FROM `cmf_option` WHERE  `option_name` = 'storage' LIMIT 1 [ RunTime:0.000490s ]
[2026-04-21T21:14:06+08:00][sql] CONNECT:[ UseTime:0.000924s ] mysql:host=127.0.0.1;port=3306;dbname=weihua;charset=utf8mb4
[2026-04-21T21:14:06+08:00][sql] SHOW FULL COLUMNS FROM `cmf_option` [ RunTime:0.002299s ]
[2026-04-21T21:14:06+08:00][sql] SELECT `option_value` FROM `cmf_option` WHERE  `option_name` = 'cdn_settings' LIMIT 1 [ RunTime:0.000448s ]
[2026-04-21T21:14:06+08:00][sql] SELECT `option_value` FROM `cmf_option` WHERE  `option_name` = 'cdn_settings' LIMIT 1 [ RunTime:0.000289s ]
[2026-04-21T21:14:06+08:00][sql] SHOW FULL COLUMNS FROM `cmf_product_category` [ RunTime:0.001526s ]
[2026-04-21T21:14:06+08:00][sql] SELECT * FROM `cmf_product_category` WHERE  `parent_id` = 0 ORDER BY `list_order` ASC,`create_time` DESC [ RunTime:0.000528s ]
[2026-04-21T21:14:06+08:00][sql] SELECT * FROM `cmf_product_category` WHERE  `parent_id` IN (18,19,20,21,22,23,24,25,26,27) [ RunTime:0.000247s ]
[2026-04-21T21:14:06+08:00][sql] SHOW FULL COLUMNS FROM `cmf_portal_category` [ RunTime:0.001455s ]
[2026-04-21T21:14:06+08:00][sql] SELECT * FROM `cmf_portal_category` WHERE (  `type` = 8 ) AND `cmf_portal_category`.`delete_time` = '0' ORDER BY `list_order` ASC [ RunTime:0.000391s ]
[2026-04-21T21:14:06+08:00][sql] SHOW FULL COLUMNS FROM `cmf_slide_item` [ RunTime:0.001401s ]
[2026-04-21T21:14:06+08:00][sql] SELECT `title`,`description`,`image` FROM `cmf_slide_item` WHERE  `slide_id` = 12 ORDER BY `list_order` ASC LIMIT 1 [ RunTime:0.000299s ]
[2026-04-21T21:14:06+08:00][sql] SELECT * FROM `cmf_portal_category` WHERE (  `id` = 0  AND `status` = 1 ) AND `cmf_portal_category`.`delete_time` = '0' LIMIT 1 [ RunTime:0.000233s ]
[2026-04-21T21:14:06+08:00][sql] SHOW FULL COLUMNS FROM `cmf_portal_post` [ RunTime:0.001460s ]
[2026-04-21T21:14:06+08:00][sql] SELECT COUNT(*) AS think_count FROM `cmf_portal_post` `p` LEFT JOIN `cmf_portal_category_post` `c` ON `p`.`id`=`c`.`post_id` WHERE (  `post_type` = 8 ) AND `p`.`delete_time` = '0' LIMIT 1 [ RunTime:0.000521s ]
[2026-04-21T21:14:06+08:00][sql] SELECT `p`.`id`,`p`.`post_title`,`p`.`thumbnail`,`p`.`more`,c.category_id as cid,`p`.`post_excerpt`,`p`.`create_time` FROM `cmf_portal_post` `p` LEFT JOIN `cmf_portal_category_post` `c` ON `p`.`id`=`c`.`post_id` WHERE (  `post_type` = 8 ) AND `p`.`delete_time` = '0' ORDER BY `c`.`list_order` ASC,`p`.`create_time` DESC LIMIT 1,1 [ RunTime:0.000439s ]
[2026-04-21T21:14:06+08:00][sql] SHOW FULL COLUMNS FROM `cmf_theme_file` [ RunTime:0.001306s ]
[2026-04-21T21:14:06+08:00][sql] SELECT `more`,`file`,`id` FROM `cmf_theme_file` WHERE  `theme` = 'simpleboot3'  AND (  `is_public` = 1 OR `file` = 'portal/news' ) ORDER BY `is_public` DESC [ RunTime:0.000344s ]
[2026-04-21T21:14:06+08:00][sql] SELECT `option_value` FROM `cmf_option` WHERE  `option_name` = 'storage' LIMIT 1 [ RunTime:0.000288s ]
[2026-04-21T21:14:14+08:00][sql] CONNECT:[ UseTime:0.001175s ] mysql:host=127.0.0.1;port=3306;dbname=weihua;charset=utf8mb4
[2026-04-21T21:14:14+08:00][sql] SHOW FULL COLUMNS FROM `cmf_option` [ RunTime:0.001943s ]
[2026-04-21T21:14:14+08:00][sql] SELECT `option_value` FROM `cmf_option` WHERE  `option_name` = 'cdn_settings' LIMIT 1 [ RunTime:0.000364s ]
[2026-04-21T21:14:14+08:00][sql] SELECT `option_value` FROM `cmf_option` WHERE  `option_name` = 'cdn_settings' LIMIT 1 [ RunTime:0.000144s ]
[2026-04-21T21:14:14+08:00][sql] SHOW FULL COLUMNS FROM `cmf_product_category` [ RunTime:0.001020s ]
[2026-04-21T21:14:14+08:00][sql] SELECT * FROM `cmf_product_category` WHERE  `parent_id` = 0 ORDER BY `list_order` ASC,`create_time` DESC [ RunTime:0.000368s ]
[2026-04-21T21:14:14+08:00][sql] SELECT * FROM `cmf_product_category` WHERE  `parent_id` IN (18,19,20,21,22,23,24,25,26,27) [ RunTime:0.000232s ]
[2026-04-21T21:14:14+08:00][sql] SHOW FULL COLUMNS FROM `cmf_portal_category` [ RunTime:0.001205s ]
[2026-04-21T21:14:14+08:00][sql] SELECT * FROM `cmf_portal_category` WHERE (  `type` = 8 ) AND `cmf_portal_category`.`delete_time` = '0' ORDER BY `list_order` ASC [ RunTime:0.000307s ]
[2026-04-21T21:14:14+08:00][sql] SHOW FULL COLUMNS FROM `cmf_slide_item` [ RunTime:0.000955s ]
[2026-04-21T21:14:14+08:00][sql] SELECT `title`,`description`,`image` FROM `cmf_slide_item` WHERE  `slide_id` = 12 ORDER BY `list_order` ASC LIMIT 1 [ RunTime:0.000266s ]
[2026-04-21T21:14:14+08:00][sql] SELECT * FROM `cmf_portal_category` WHERE (  `id` = 0  AND `status` = 1 ) AND `cmf_portal_category`.`delete_time` = '0' LIMIT 1 [ RunTime:0.000227s ]
[2026-04-21T21:14:14+08:00][sql] SHOW FULL COLUMNS FROM `cmf_portal_post` [ RunTime:0.001068s ]
[2026-04-21T21:14:14+08:00][sql] SELECT COUNT(*) AS think_count FROM `cmf_portal_post` `p` LEFT JOIN `cmf_portal_category_post` `c` ON `p`.`id`=`c`.`post_id` WHERE (  `post_type` = 8 ) AND `p`.`delete_time` = '0' LIMIT 1 [ RunTime:0.000370s ]
[2026-04-21T21:14:14+08:00][sql] SELECT `p`.`id`,`p`.`post_title`,`p`.`thumbnail`,`p`.`more`,c.category_id as cid,`p`.`post_excerpt`,`p`.`create_time` FROM `cmf_portal_post` `p` LEFT JOIN `cmf_portal_category_post` `c` ON `p`.`id`=`c`.`post_id` WHERE (  `post_type` = 8 ) AND `p`.`delete_time` = '0' ORDER BY `c`.`list_order` ASC,`p`.`create_time` DESC LIMIT 0,1 [ RunTime:0.000315s ]
[2026-04-21T21:14:14+08:00][sql] SHOW FULL COLUMNS FROM `cmf_theme_file` [ RunTime:0.001121s ]
[2026-04-21T21:14:14+08:00][sql] SELECT `more`,`file`,`id` FROM `cmf_theme_file` WHERE  `theme` = 'simpleboot3'  AND (  `is_public` = 1 OR `file` = 'portal/news' ) ORDER BY `is_public` DESC [ RunTime:0.000687s ]
[2026-04-21T21:14:14+08:00][sql] SELECT `option_value` FROM `cmf_option` WHERE  `option_name` = 'storage' LIMIT 1 [ RunTime:0.000498s ]
[2026-04-21T21:17:28+08:00][sql] CONNECT:[ UseTime:0.001654s ] mysql:host=127.0.0.1;port=3306;dbname=weihua;charset=utf8mb4
[2026-04-21T21:17:28+08:00][sql] SHOW FULL COLUMNS FROM `cmf_option` [ RunTime:0.003026s ]
[2026-04-21T21:17:28+08:00][sql] SELECT `option_value` FROM `cmf_option` WHERE  `option_name` = 'cdn_settings' LIMIT 1 [ RunTime:0.000634s ]
[2026-04-21T21:17:28+08:00][sql] SELECT `option_value` FROM `cmf_option` WHERE  `option_name` = 'cdn_settings' LIMIT 1 [ RunTime:0.000308s ]
[2026-04-21T21:17:28+08:00][sql] SHOW FULL COLUMNS FROM `cmf_product_category` [ RunTime:0.001474s ]
[2026-04-21T21:17:28+08:00][sql] SELECT * FROM `cmf_product_category` WHERE  `parent_id` = 0 ORDER BY `list_order` ASC,`create_time` DESC [ RunTime:0.000490s ]
[2026-04-21T21:17:28+08:00][sql] SELECT * FROM `cmf_product_category` WHERE  `parent_id` IN (18,19,20,21,22,23,24,25,26,27) [ RunTime:0.000272s ]
[2026-04-21T21:17:28+08:00][sql] SHOW FULL COLUMNS FROM `cmf_portal_category` [ RunTime:0.001676s ]
[2026-04-21T21:17:28+08:00][sql] SELECT * FROM `cmf_portal_category` WHERE (  `type` = 8 ) AND `cmf_portal_category`.`delete_time` = '0' ORDER BY `list_order` ASC [ RunTime:0.000437s ]
[2026-04-21T21:17:28+08:00][sql] SHOW FULL COLUMNS FROM `cmf_slide_item` [ RunTime:0.001443s ]
[2026-04-21T21:17:28+08:00][sql] SELECT `title`,`image`,`content` FROM `cmf_slide_item` WHERE  `slide_id` = 1 ORDER BY `list_order` ASC [ RunTime:0.000527s ]
[2026-04-21T21:17:28+08:00][sql] SHOW FULL COLUMNS FROM `cmf_product` [ RunTime:0.001502s ]
[2026-04-21T21:17:28+08:00][sql] SELECT `id`,`title`,`thumbnail`,`industry` FROM `cmf_product` WHERE  `is_recommended` = 1  AND `category_id` = 18 ORDER BY `list_order` ASC LIMIT 6 [ RunTime:0.000591s ]
[2026-04-21T21:17:28+08:00][sql] SELECT `id`,`title`,`thumbnail`,`industry` FROM `cmf_product` WHERE  `is_recommended` = 1  AND `category_id` = 19 ORDER BY `list_order` ASC LIMIT 6 [ RunTime:0.000237s ]
[2026-04-21T21:17:28+08:00][sql] SELECT `id`,`title`,`thumbnail`,`industry` FROM `cmf_product` WHERE  `is_recommended` = 1  AND `category_id` = 20 ORDER BY `list_order` ASC LIMIT 6 [ RunTime:0.000252s ]
[2026-04-21T21:17:28+08:00][sql] SELECT `id`,`title`,`thumbnail`,`industry` FROM `cmf_product` WHERE  `is_recommended` = 1  AND `category_id` = 21 ORDER BY `list_order` ASC LIMIT 6 [ RunTime:0.000256s ]
[2026-04-21T21:17:28+08:00][sql] SELECT `id`,`title`,`thumbnail`,`industry` FROM `cmf_product` WHERE  `is_recommended` = 1  AND `category_id` = 22 ORDER BY `list_order` ASC LIMIT 6 [ RunTime:0.000230s ]
[2026-04-21T21:17:28+08:00][sql] SELECT `id`,`title`,`thumbnail`,`industry` FROM `cmf_product` WHERE  `is_recommended` = 1  AND `category_id` = 23 ORDER BY `list_order` ASC LIMIT 6 [ RunTime:0.000210s ]
[2026-04-21T21:17:28+08:00][sql] SELECT `id`,`title`,`thumbnail`,`industry` FROM `cmf_product` WHERE  `is_recommended` = 1  AND `category_id` = 24 ORDER BY `list_order` ASC LIMIT 6 [ RunTime:0.000186s ]
[2026-04-21T21:17:28+08:00][sql] SELECT `id`,`title`,`thumbnail`,`industry` FROM `cmf_product` WHERE  `is_recommended` = 1  AND `category_id` = 25 ORDER BY `list_order` ASC LIMIT 6 [ RunTime:0.000194s ]
[2026-04-21T21:17:28+08:00][sql] SELECT `id`,`title`,`thumbnail`,`industry` FROM `cmf_product` WHERE  `is_recommended` = 1  AND `category_id` = 26 ORDER BY `list_order` ASC LIMIT 6 [ RunTime:0.000200s ]
[2026-04-21T21:17:28+08:00][sql] SELECT `id`,`title`,`thumbnail`,`industry` FROM `cmf_product` WHERE  `is_recommended` = 1  AND `category_id` = 27 ORDER BY `list_order` ASC LIMIT 6 [ RunTime:0.000194s ]
[2026-04-21T21:17:28+08:00][sql] SHOW FULL COLUMNS FROM `cmf_portal_post` [ RunTime:0.001480s ]
[2026-04-21T21:17:28+08:00][sql] SELECT `p`.`id`,`p`.`post_title`,`p`.`post_excerpt`,`p`.`thumbnail`,`p`.`create_time`,`c`.`category_id` FROM `cmf_portal_post` `p` INNER JOIN `cmf_portal_category_post` `c` ON `p`.`id`=`c`.`post_id` WHERE (  `p`.`post_type` = '8' ) AND `p`.`delete_time` = '0' ORDER BY `c`.`list_order` ASC,`p`.`create_time` DESC LIMIT 4 [ RunTime:0.000733s ]
[2026-04-21T21:17:28+08:00][sql] SHOW FULL COLUMNS FROM `cmf_theme_file` [ RunTime:0.001335s ]
[2026-04-21T21:17:28+08:00][sql] SELECT `more`,`file`,`id` FROM `cmf_theme_file` WHERE  `theme` = 'simpleboot3'  AND (  `is_public` = 1 OR `file` = 'portal/index' ) ORDER BY `is_public` DESC [ RunTime:0.000593s ]
[2026-04-21T21:17:28+08:00][sql] SELECT `option_value` FROM `cmf_option` WHERE  `option_name` = 'storage' LIMIT 1 [ RunTime:0.000289s ]
[2026-04-21T21:17:41+08:00][sql] CONNECT:[ UseTime:0.001611s ] mysql:host=127.0.0.1;port=3306;dbname=weihua;charset=utf8mb4
[2026-04-21T21:17:41+08:00][sql] SHOW FULL COLUMNS FROM `cmf_option` [ RunTime:0.003780s ]
[2026-04-21T21:17:41+08:00][sql] SELECT `option_value` FROM `cmf_option` WHERE  `option_name` = 'cdn_settings' LIMIT 1 [ RunTime:0.000616s ]
[2026-04-21T21:17:41+08:00][sql] SELECT `option_value` FROM `cmf_option` WHERE  `option_name` = 'cdn_settings' LIMIT 1 [ RunTime:0.000394s ]
[2026-04-21T21:17:41+08:00][sql] SHOW FULL COLUMNS FROM `cmf_product_category` [ RunTime:0.001981s ]
[2026-04-21T21:17:41+08:00][sql] SELECT * FROM `cmf_product_category` WHERE  `parent_id` = 0 ORDER BY `list_order` ASC,`create_time` DESC [ RunTime:0.000541s ]
[2026-04-21T21:17:41+08:00][sql] SELECT * FROM `cmf_product_category` WHERE  `parent_id` IN (18,19,20,21,22,23,24,25,26,27) [ RunTime:0.000330s ]
[2026-04-21T21:17:41+08:00][sql] SHOW FULL COLUMNS FROM `cmf_portal_category` [ RunTime:0.001191s ]
[2026-04-21T21:17:41+08:00][sql] SELECT * FROM `cmf_portal_category` WHERE (  `type` = 8 ) AND `cmf_portal_category`.`delete_time` = '0' ORDER BY `list_order` ASC [ RunTime:0.000424s ]
[2026-04-21T21:17:41+08:00][sql] SHOW FULL COLUMNS FROM `cmf_slide_item` [ RunTime:0.000979s ]
[2026-04-21T21:17:41+08:00][sql] SELECT `title`,`image`,`content` FROM `cmf_slide_item` WHERE  `slide_id` = 1 ORDER BY `list_order` ASC [ RunTime:0.000504s ]
[2026-04-21T21:17:41+08:00][sql] SHOW FULL COLUMNS FROM `cmf_product` [ RunTime:0.002225s ]
[2026-04-21T21:17:41+08:00][sql] SELECT `id`,`title`,`thumbnail`,`industry` FROM `cmf_product` WHERE  `is_recommended` = 1  AND `category_id` = 18 ORDER BY `list_order` ASC LIMIT 6 [ RunTime:0.001000s ]
[2026-04-21T21:17:41+08:00][sql] SELECT `id`,`title`,`thumbnail`,`industry` FROM `cmf_product` WHERE  `is_recommended` = 1  AND `category_id` = 19 ORDER BY `list_order` ASC LIMIT 6 [ RunTime:0.000499s ]
[2026-04-21T21:17:41+08:00][sql] SELECT `id`,`title`,`thumbnail`,`industry` FROM `cmf_product` WHERE  `is_recommended` = 1  AND `category_id` = 20 ORDER BY `list_order` ASC LIMIT 6 [ RunTime:0.000498s ]
[2026-04-21T21:17:41+08:00][sql] SELECT `id`,`title`,`thumbnail`,`industry` FROM `cmf_product` WHERE  `is_recommended` = 1  AND `category_id` = 21 ORDER BY `list_order` ASC LIMIT 6 [ RunTime:0.000522s ]
[2026-04-21T21:17:41+08:00][sql] SELECT `id`,`title`,`thumbnail`,`industry` FROM `cmf_product` WHERE  `is_recommended` = 1  AND `category_id` = 22 ORDER BY `list_order` ASC LIMIT 6 [ RunTime:0.000457s ]
[2026-04-21T21:17:41+08:00][sql] SELECT `id`,`title`,`thumbnail`,`industry` FROM `cmf_product` WHERE  `is_recommended` = 1  AND `category_id` = 23 ORDER BY `list_order` ASC LIMIT 6 [ RunTime:0.000455s ]
[2026-04-21T21:17:41+08:00][sql] SELECT `id`,`title`,`thumbnail`,`industry` FROM `cmf_product` WHERE  `is_recommended` = 1  AND `category_id` = 24 ORDER BY `list_order` ASC LIMIT 6 [ RunTime:0.000467s ]
[2026-04-21T21:17:41+08:00][sql] SELECT `id`,`title`,`thumbnail`,`industry` FROM `cmf_product` WHERE  `is_recommended` = 1  AND `category_id` = 25 ORDER BY `list_order` ASC LIMIT 6 [ RunTime:0.000471s ]
[2026-04-21T21:17:41+08:00][sql] SELECT `id`,`title`,`thumbnail`,`industry` FROM `cmf_product` WHERE  `is_recommended` = 1  AND `category_id` = 26 ORDER BY `list_order` ASC LIMIT 6 [ RunTime:0.000468s ]
[2026-04-21T21:17:41+08:00][sql] SELECT `id`,`title`,`thumbnail`,`industry` FROM `cmf_product` WHERE  `is_recommended` = 1  AND `category_id` = 27 ORDER BY `list_order` ASC LIMIT 6 [ RunTime:0.000390s ]
[2026-04-21T21:17:41+08:00][sql] SHOW FULL COLUMNS FROM `cmf_portal_post` [ RunTime:0.001231s ]
[2026-04-21T21:17:41+08:00][sql] SELECT `p`.`id`,`p`.`post_title`,`p`.`post_excerpt`,`p`.`thumbnail`,`p`.`create_time`,`c`.`category_id` FROM `cmf_portal_post` `p` INNER JOIN `cmf_portal_category_post` `c` ON `p`.`id`=`c`.`post_id` WHERE (  `p`.`post_type` = '8' ) AND `p`.`delete_time` = '0' ORDER BY `c`.`list_order` ASC,`p`.`create_time` DESC LIMIT 4 [ RunTime:0.000894s ]
[2026-04-21T21:17:41+08:00][sql] SHOW FULL COLUMNS FROM `cmf_theme_file` [ RunTime:0.002185s ]
[2026-04-21T21:17:41+08:00][sql] SELECT `more`,`file`,`id` FROM `cmf_theme_file` WHERE  `theme` = 'simpleboot3'  AND (  `is_public` = 1 OR `file` = 'portal/index' ) ORDER BY `is_public` DESC [ RunTime:0.000768s ]
[2026-04-21T21:17:41+08:00][sql] SELECT `option_value` FROM `cmf_option` WHERE  `option_name` = 'storage' LIMIT 1 [ RunTime:0.000579s ]
[2026-04-21T21:17:45+08:00][sql] CONNECT:[ UseTime:0.002603s ] mysql:host=127.0.0.1;port=3306;dbname=weihua;charset=utf8mb4
[2026-04-21T21:17:45+08:00][sql] SHOW FULL COLUMNS FROM `cmf_option` [ RunTime:0.004514s ]
[2026-04-21T21:17:45+08:00][sql] SELECT `option_value` FROM `cmf_option` WHERE  `option_name` = 'cdn_settings' LIMIT 1 [ RunTime:0.000718s ]
[2026-04-21T21:17:45+08:00][sql] SELECT `option_value` FROM `cmf_option` WHERE  `option_name` = 'cdn_settings' LIMIT 1 [ RunTime:0.000330s ]
[2026-04-21T21:17:45+08:00][sql] SHOW FULL COLUMNS FROM `cmf_product_category` [ RunTime:0.002133s ]
[2026-04-21T21:17:45+08:00][sql] SELECT * FROM `cmf_product_category` WHERE  `parent_id` = 0 ORDER BY `list_order` ASC,`create_time` DESC [ RunTime:0.000602s ]
[2026-04-21T21:17:45+08:00][sql] SELECT * FROM `cmf_product_category` WHERE  `parent_id` IN (18,19,20,21,22,23,24,25,26,27) [ RunTime:0.000281s ]
[2026-04-21T21:17:45+08:00][sql] SHOW FULL COLUMNS FROM `cmf_portal_category` [ RunTime:0.001447s ]
[2026-04-21T21:17:45+08:00][sql] SELECT * FROM `cmf_portal_category` WHERE (  `type` = 8 ) AND `cmf_portal_category`.`delete_time` = '0' ORDER BY `list_order` ASC [ RunTime:0.000369s ]
[2026-04-21T21:17:45+08:00][sql] SHOW FULL COLUMNS FROM `cmf_slide_item` [ RunTime:0.001519s ]
[2026-04-21T21:17:45+08:00][sql] SELECT `title`,`image`,`content` FROM `cmf_slide_item` WHERE  `slide_id` = 1 ORDER BY `list_order` ASC [ RunTime:0.000499s ]
[2026-04-21T21:17:45+08:00][sql] SHOW FULL COLUMNS FROM `cmf_product` [ RunTime:0.015729s ]
[2026-04-21T21:17:45+08:00][sql] SELECT `id`,`title`,`thumbnail`,`industry` FROM `cmf_product` WHERE  `is_recommended` = 1  AND `category_id` = 18 ORDER BY `list_order` ASC LIMIT 6 [ RunTime:0.004016s ]
[2026-04-21T21:17:45+08:00][sql] SELECT `id`,`title`,`thumbnail`,`industry` FROM `cmf_product` WHERE  `is_recommended` = 1  AND `category_id` = 19 ORDER BY `list_order` ASC LIMIT 6 [ RunTime:0.001537s ]
[2026-04-21T21:17:45+08:00][sql] SELECT `id`,`title`,`thumbnail`,`industry` FROM `cmf_product` WHERE  `is_recommended` = 1  AND `category_id` = 20 ORDER BY `list_order` ASC LIMIT 6 [ RunTime:0.000819s ]
[2026-04-21T21:17:45+08:00][sql] SELECT `id`,`title`,`thumbnail`,`industry` FROM `cmf_product` WHERE  `is_recommended` = 1  AND `category_id` = 21 ORDER BY `list_order` ASC LIMIT 6 [ RunTime:0.000434s ]
[2026-04-21T21:17:45+08:00][sql] SELECT `id`,`title`,`thumbnail`,`industry` FROM `cmf_product` WHERE  `is_recommended` = 1  AND `category_id` = 22 ORDER BY `list_order` ASC LIMIT 6 [ RunTime:0.000496s ]
[2026-04-21T21:17:45+08:00][sql] SELECT `id`,`title`,`thumbnail`,`industry` FROM `cmf_product` WHERE  `is_recommended` = 1  AND `category_id` = 23 ORDER BY `list_order` ASC LIMIT 6 [ RunTime:0.000268s ]
[2026-04-21T21:17:45+08:00][sql] SELECT `id`,`title`,`thumbnail`,`industry` FROM `cmf_product` WHERE  `is_recommended` = 1  AND `category_id` = 24 ORDER BY `list_order` ASC LIMIT 6 [ RunTime:0.000377s ]
[2026-04-21T21:17:45+08:00][sql] SELECT `id`,`title`,`thumbnail`,`industry` FROM `cmf_product` WHERE  `is_recommended` = 1  AND `category_id` = 25 ORDER BY `list_order` ASC LIMIT 6 [ RunTime:0.000268s ]
[2026-04-21T21:17:45+08:00][sql] SELECT `id`,`title`,`thumbnail`,`industry` FROM `cmf_product` WHERE  `is_recommended` = 1  AND `category_id` = 26 ORDER BY `list_order` ASC LIMIT 6 [ RunTime:0.000202s ]
[2026-04-21T21:17:45+08:00][sql] SELECT `id`,`title`,`thumbnail`,`industry` FROM `cmf_product` WHERE  `is_recommended` = 1  AND `category_id` = 27 ORDER BY `list_order` ASC LIMIT 6 [ RunTime:0.000252s ]
[2026-04-21T21:17:45+08:00][sql] SHOW FULL COLUMNS FROM `cmf_portal_post` [ RunTime:0.002511s ]
[2026-04-21T21:17:45+08:00][sql] SELECT `p`.`id`,`p`.`post_title`,`p`.`post_excerpt`,`p`.`thumbnail`,`p`.`create_time`,`c`.`category_id` FROM `cmf_portal_post` `p` INNER JOIN `cmf_portal_category_post` `c` ON `p`.`id`=`c`.`post_id` WHERE (  `p`.`post_type` = '8' ) AND `p`.`delete_time` = '0' ORDER BY `c`.`list_order` ASC,`p`.`create_time` DESC LIMIT 4 [ RunTime:0.001032s ]
[2026-04-21T21:17:45+08:00][sql] SHOW FULL COLUMNS FROM `cmf_theme_file` [ RunTime:0.001196s ]
[2026-04-21T21:17:45+08:00][sql] SELECT `more`,`file`,`id` FROM `cmf_theme_file` WHERE  `theme` = 'simpleboot3'  AND (  `is_public` = 1 OR `file` = 'portal/index' ) ORDER BY `is_public` DESC [ RunTime:0.000452s ]
[2026-04-21T21:17:45+08:00][sql] SELECT `option_value` FROM `cmf_option` WHERE  `option_name` = 'storage' LIMIT 1 [ RunTime:0.000782s ]
[2026-04-21T21:17:56+08:00][sql] CONNECT:[ UseTime:0.000939s ] mysql:host=127.0.0.1;port=3306;dbname=weihua;charset=utf8mb4
[2026-04-21T21:17:56+08:00][sql] SHOW FULL COLUMNS FROM `cmf_option` [ RunTime:0.001733s ]
[2026-04-21T21:17:56+08:00][sql] SELECT `option_value` FROM `cmf_option` WHERE  `option_name` = 'cdn_settings' LIMIT 1 [ RunTime:0.000475s ]
[2026-04-21T21:17:56+08:00][sql] SELECT `option_value` FROM `cmf_option` WHERE  `option_name` = 'cdn_settings' LIMIT 1 [ RunTime:0.000364s ]
[2026-04-21T21:17:56+08:00][sql] SHOW FULL COLUMNS FROM `cmf_product_category` [ RunTime:0.001643s ]
[2026-04-21T21:17:56+08:00][sql] SELECT * FROM `cmf_product_category` WHERE  `parent_id` = 0 ORDER BY `list_order` ASC,`create_time` DESC [ RunTime:0.000564s ]
[2026-04-21T21:17:56+08:00][sql] SELECT * FROM `cmf_product_category` WHERE  `parent_id` IN (18,19,20,21,22,23,24,25,26,27) [ RunTime:0.000407s ]
[2026-04-21T21:17:56+08:00][sql] SHOW FULL COLUMNS FROM `cmf_portal_category` [ RunTime:0.001621s ]
[2026-04-21T21:17:56+08:00][sql] SELECT * FROM `cmf_portal_category` WHERE (  `type` = 8 ) AND `cmf_portal_category`.`delete_time` = '0' ORDER BY `list_order` ASC [ RunTime:0.000519s ]
[2026-04-21T21:17:56+08:00][sql] SHOW FULL COLUMNS FROM `cmf_slide_item` [ RunTime:0.002131s ]
[2026-04-21T21:17:56+08:00][sql] SELECT `title`,`image`,`content` FROM `cmf_slide_item` WHERE  `slide_id` = 1 ORDER BY `list_order` ASC [ RunTime:0.000699s ]
[2026-04-21T21:17:56+08:00][sql] SHOW FULL COLUMNS FROM `cmf_product` [ RunTime:0.002864s ]
[2026-04-21T21:17:56+08:00][sql] SELECT `id`,`title`,`thumbnail`,`industry` FROM `cmf_product` WHERE  `is_recommended` = 1  AND `category_id` = 18 ORDER BY `list_order` ASC LIMIT 6 [ RunTime:0.000325s ]
[2026-04-21T21:17:56+08:00][sql] SELECT `id`,`title`,`thumbnail`,`industry` FROM `cmf_product` WHERE  `is_recommended` = 1  AND `category_id` = 19 ORDER BY `list_order` ASC LIMIT 6 [ RunTime:0.000221s ]
[2026-04-21T21:17:56+08:00][sql] SELECT `id`,`title`,`thumbnail`,`industry` FROM `cmf_product` WHERE  `is_recommended` = 1  AND `category_id` = 20 ORDER BY `list_order` ASC LIMIT 6 [ RunTime:0.000201s ]
[2026-04-21T21:17:56+08:00][sql] SELECT `id`,`title`,`thumbnail`,`industry` FROM `cmf_product` WHERE  `is_recommended` = 1  AND `category_id` = 21 ORDER BY `list_order` ASC LIMIT 6 [ RunTime:0.000188s ]
[2026-04-21T21:17:56+08:00][sql] SELECT `id`,`title`,`thumbnail`,`industry` FROM `cmf_product` WHERE  `is_recommended` = 1  AND `category_id` = 22 ORDER BY `list_order` ASC LIMIT 6 [ RunTime:0.000179s ]
[2026-04-21T21:17:56+08:00][sql] SELECT `id`,`title`,`thumbnail`,`industry` FROM `cmf_product` WHERE  `is_recommended` = 1  AND `category_id` = 23 ORDER BY `list_order` ASC LIMIT 6 [ RunTime:0.000161s ]
[2026-04-21T21:17:56+08:00][sql] SELECT `id`,`title`,`thumbnail`,`industry` FROM `cmf_product` WHERE  `is_recommended` = 1  AND `category_id` = 24 ORDER BY `list_order` ASC LIMIT 6 [ RunTime:0.000172s ]
[2026-04-21T21:17:56+08:00][sql] SELECT `id`,`title`,`thumbnail`,`industry` FROM `cmf_product` WHERE  `is_recommended` = 1  AND `category_id` = 25 ORDER BY `list_order` ASC LIMIT 6 [ RunTime:0.000162s ]
[2026-04-21T21:17:56+08:00][sql] SELECT `id`,`title`,`thumbnail`,`industry` FROM `cmf_product` WHERE  `is_recommended` = 1  AND `category_id` = 26 ORDER BY `list_order` ASC LIMIT 6 [ RunTime:0.000189s ]
[2026-04-21T21:17:56+08:00][sql] SELECT `id`,`title`,`thumbnail`,`industry` FROM `cmf_product` WHERE  `is_recommended` = 1  AND `category_id` = 27 ORDER BY `list_order` ASC LIMIT 6 [ RunTime:0.000177s ]
[2026-04-21T21:17:56+08:00][sql] SHOW FULL COLUMNS FROM `cmf_portal_post` [ RunTime:0.002176s ]
[2026-04-21T21:17:56+08:00][sql] SELECT `p`.`id`,`p`.`post_title`,`p`.`post_excerpt`,`p`.`thumbnail`,`p`.`create_time`,`c`.`category_id` FROM `cmf_portal_post` `p` INNER JOIN `cmf_portal_category_post` `c` ON `p`.`id`=`c`.`post_id` WHERE (  `p`.`post_type` = '8' ) AND `p`.`delete_time` = '0' ORDER BY `c`.`list_order` ASC,`p`.`create_time` DESC LIMIT 4 [ RunTime:0.000915s ]
[2026-04-21T21:17:56+08:00][sql] SHOW FULL COLUMNS FROM `cmf_theme_file` [ RunTime:0.002208s ]
[2026-04-21T21:17:56+08:00][sql] SELECT `more`,`file`,`id` FROM `cmf_theme_file` WHERE  `theme` = 'simpleboot3'  AND (  `is_public` = 1 OR `file` = 'portal/index' ) ORDER BY `is_public` DESC [ RunTime:0.000754s ]
[2026-04-21T21:17:56+08:00][sql] SELECT `option_value` FROM `cmf_option` WHERE  `option_name` = 'storage' LIMIT 1 [ RunTime:0.000454s ]
[2026-04-21T21:18:01+08:00][sql] CONNECT:[ UseTime:0.002250s ] mysql:host=127.0.0.1;port=3306;dbname=weihua;charset=utf8mb4
[2026-04-21T21:18:01+08:00][sql] SHOW FULL COLUMNS FROM `cmf_option` [ RunTime:0.003830s ]
[2026-04-21T21:18:01+08:00][sql] SELECT `option_value` FROM `cmf_option` WHERE  `option_name` = 'cdn_settings' LIMIT 1 [ RunTime:0.000679s ]
[2026-04-21T21:18:01+08:00][sql] SELECT `option_value` FROM `cmf_option` WHERE  `option_name` = 'cdn_settings' LIMIT 1 [ RunTime:0.000371s ]
[2026-04-21T21:18:01+08:00][sql] SHOW FULL COLUMNS FROM `cmf_product_category` [ RunTime:0.002004s ]
[2026-04-21T21:18:01+08:00][sql] SELECT * FROM `cmf_product_category` WHERE  `parent_id` = 0 ORDER BY `list_order` ASC,`create_time` DESC [ RunTime:0.000482s ]
[2026-04-21T21:18:01+08:00][sql] SELECT * FROM `cmf_product_category` WHERE  `parent_id` IN (18,19,20,21,22,23,24,25,26,27) [ RunTime:0.000288s ]
[2026-04-21T21:18:01+08:00][sql] SHOW FULL COLUMNS FROM `cmf_portal_category` [ RunTime:0.001034s ]
[2026-04-21T21:18:01+08:00][sql] SELECT * FROM `cmf_portal_category` WHERE (  `type` = 8 ) AND `cmf_portal_category`.`delete_time` = '0' ORDER BY `list_order` ASC [ RunTime:0.000349s ]
[2026-04-21T21:18:01+08:00][sql] SHOW FULL COLUMNS FROM `cmf_slide_item` [ RunTime:0.001164s ]
[2026-04-21T21:18:01+08:00][sql] SELECT `title`,`image`,`content` FROM `cmf_slide_item` WHERE  `slide_id` = 1 ORDER BY `list_order` ASC [ RunTime:0.000359s ]
[2026-04-21T21:18:01+08:00][sql] SHOW FULL COLUMNS FROM `cmf_product` [ RunTime:0.002027s ]
[2026-04-21T21:18:01+08:00][sql] SELECT `id`,`title`,`thumbnail`,`industry` FROM `cmf_product` WHERE  `is_recommended` = 1  AND `category_id` = 18 ORDER BY `list_order` ASC LIMIT 6 [ RunTime:0.000876s ]
[2026-04-21T21:18:01+08:00][sql] SELECT `id`,`title`,`thumbnail`,`industry` FROM `cmf_product` WHERE  `is_recommended` = 1  AND `category_id` = 19 ORDER BY `list_order` ASC LIMIT 6 [ RunTime:0.000207s ]
[2026-04-21T21:18:01+08:00][sql] SELECT `id`,`title`,`thumbnail`,`industry` FROM `cmf_product` WHERE  `is_recommended` = 1  AND `category_id` = 20 ORDER BY `list_order` ASC LIMIT 6 [ RunTime:0.000178s ]
[2026-04-21T21:18:01+08:00][sql] SELECT `id`,`title`,`thumbnail`,`industry` FROM `cmf_product` WHERE  `is_recommended` = 1  AND `category_id` = 21 ORDER BY `list_order` ASC LIMIT 6 [ RunTime:0.000181s ]
[2026-04-21T21:18:01+08:00][sql] SELECT `id`,`title`,`thumbnail`,`industry` FROM `cmf_product` WHERE  `is_recommended` = 1  AND `category_id` = 22 ORDER BY `list_order` ASC LIMIT 6 [ RunTime:0.000181s ]
[2026-04-21T21:18:01+08:00][sql] SELECT `id`,`title`,`thumbnail`,`industry` FROM `cmf_product` WHERE  `is_recommended` = 1  AND `category_id` = 23 ORDER BY `list_order` ASC LIMIT 6 [ RunTime:0.000170s ]
[2026-04-21T21:18:01+08:00][sql] SELECT `id`,`title`,`thumbnail`,`industry` FROM `cmf_product` WHERE  `is_recommended` = 1  AND `category_id` = 24 ORDER BY `list_order` ASC LIMIT 6 [ RunTime:0.000171s ]
[2026-04-21T21:18:01+08:00][sql] SELECT `id`,`title`,`thumbnail`,`industry` FROM `cmf_product` WHERE  `is_recommended` = 1  AND `category_id` = 25 ORDER BY `list_order` ASC LIMIT 6 [ RunTime:0.000174s ]
[2026-04-21T21:18:01+08:00][sql] SELECT `id`,`title`,`thumbnail`,`industry` FROM `cmf_product` WHERE  `is_recommended` = 1  AND `category_id` = 26 ORDER BY `list_order` ASC LIMIT 6 [ RunTime:0.000179s ]
[2026-04-21T21:18:01+08:00][sql] SELECT `id`,`title`,`thumbnail`,`industry` FROM `cmf_product` WHERE  `is_recommended` = 1  AND `category_id` = 27 ORDER BY `list_order` ASC LIMIT 6 [ RunTime:0.000172s ]
[2026-04-21T21:18:01+08:00][sql] SHOW FULL COLUMNS FROM `cmf_portal_post` [ RunTime:0.002388s ]
[2026-04-21T21:18:01+08:00][sql] SELECT `p`.`id`,`p`.`post_title`,`p`.`post_excerpt`,`p`.`thumbnail`,`p`.`create_time`,`c`.`category_id` FROM `cmf_portal_post` `p` INNER JOIN `cmf_portal_category_post` `c` ON `p`.`id`=`c`.`post_id` WHERE (  `p`.`post_type` = '8' ) AND `p`.`delete_time` = '0' ORDER BY `c`.`list_order` ASC,`p`.`create_time` DESC LIMIT 4 [ RunTime:0.000999s ]
[2026-04-21T21:18:01+08:00][sql] SHOW FULL COLUMNS FROM `cmf_theme_file` [ RunTime:0.000986s ]
[2026-04-21T21:18:01+08:00][sql] SELECT `more`,`file`,`id` FROM `cmf_theme_file` WHERE  `theme` = 'simpleboot3'  AND (  `is_public` = 1 OR `file` = 'portal/index' ) ORDER BY `is_public` DESC [ RunTime:0.000343s ]
[2026-04-21T21:18:01+08:00][sql] SELECT `option_value` FROM `cmf_option` WHERE  `option_name` = 'storage' LIMIT 1 [ RunTime:0.000647s ]
[2026-04-21T21:20:26+08:00][sql] CONNECT:[ UseTime:0.012654s ] mysql:host=127.0.0.1;port=3306;dbname=weihua;charset=utf8mb4
[2026-04-21T21:20:26+08:00][sql] SHOW FULL COLUMNS FROM `cmf_option` [ RunTime:0.002744s ]
[2026-04-21T21:20:26+08:00][sql] SELECT `option_value` FROM `cmf_option` WHERE  `option_name` = 'cdn_settings' LIMIT 1 [ RunTime:0.000461s ]
[2026-04-21T21:20:26+08:00][sql] SELECT `option_value` FROM `cmf_option` WHERE  `option_name` = 'cdn_settings' LIMIT 1 [ RunTime:0.000290s ]
[2026-04-21T21:20:26+08:00][sql] SHOW FULL COLUMNS FROM `cmf_product_category` [ RunTime:0.001131s ]
[2026-04-21T21:20:26+08:00][sql] SELECT * FROM `cmf_product_category` WHERE  `parent_id` = 0 ORDER BY `list_order` ASC,`create_time` DESC [ RunTime:0.000394s ]
[2026-04-21T21:20:26+08:00][sql] SELECT * FROM `cmf_product_category` WHERE  `parent_id` IN (18,19,20,21,22,23,24,25,26,27) [ RunTime:0.000262s ]
[2026-04-21T21:20:26+08:00][sql] SHOW FULL COLUMNS FROM `cmf_portal_category` [ RunTime:0.001219s ]
[2026-04-21T21:20:26+08:00][sql] SELECT * FROM `cmf_portal_category` WHERE (  `type` = 8 ) AND `cmf_portal_category`.`delete_time` = '0' ORDER BY `list_order` ASC [ RunTime:0.000359s ]
[2026-04-21T21:20:26+08:00][sql] SHOW FULL COLUMNS FROM `cmf_slide_item` [ RunTime:0.001366s ]
[2026-04-21T21:20:26+08:00][sql] SELECT `title`,`image`,`content` FROM `cmf_slide_item` WHERE  `slide_id` = 1 ORDER BY `list_order` ASC [ RunTime:0.000396s ]
[2026-04-21T21:20:26+08:00][sql] SHOW FULL COLUMNS FROM `cmf_product` [ RunTime:0.001675s ]
[2026-04-21T21:20:26+08:00][sql] SELECT `id`,`title`,`thumbnail`,`industry` FROM `cmf_product` WHERE  `is_recommended` = 1  AND `category_id` = 18 ORDER BY `list_order` ASC LIMIT 6 [ RunTime:0.000366s ]
[2026-04-21T21:20:26+08:00][sql] SELECT `id`,`title`,`thumbnail`,`industry` FROM `cmf_product` WHERE  `is_recommended` = 1  AND `category_id` = 19 ORDER BY `list_order` ASC LIMIT 6 [ RunTime:0.000222s ]
[2026-04-21T21:20:26+08:00][sql] SELECT `id`,`title`,`thumbnail`,`industry` FROM `cmf_product` WHERE  `is_recommended` = 1  AND `category_id` = 20 ORDER BY `list_order` ASC LIMIT 6 [ RunTime:0.000187s ]
[2026-04-21T21:20:26+08:00][sql] SELECT `id`,`title`,`thumbnail`,`industry` FROM `cmf_product` WHERE  `is_recommended` = 1  AND `category_id` = 21 ORDER BY `list_order` ASC LIMIT 6 [ RunTime:0.000190s ]
[2026-04-21T21:20:26+08:00][sql] SELECT `id`,`title`,`thumbnail`,`industry` FROM `cmf_product` WHERE  `is_recommended` = 1  AND `category_id` = 22 ORDER BY `list_order` ASC LIMIT 6 [ RunTime:0.000173s ]
[2026-04-21T21:20:26+08:00][sql] SELECT `id`,`title`,`thumbnail`,`industry` FROM `cmf_product` WHERE  `is_recommended` = 1  AND `category_id` = 23 ORDER BY `list_order` ASC LIMIT 6 [ RunTime:0.000206s ]
[2026-04-21T21:20:26+08:00][sql] SELECT `id`,`title`,`thumbnail`,`industry` FROM `cmf_product` WHERE  `is_recommended` = 1  AND `category_id` = 24 ORDER BY `list_order` ASC LIMIT 6 [ RunTime:0.000227s ]
[2026-04-21T21:20:26+08:00][sql] SELECT `id`,`title`,`thumbnail`,`industry` FROM `cmf_product` WHERE  `is_recommended` = 1  AND `category_id` = 25 ORDER BY `list_order` ASC LIMIT 6 [ RunTime:0.000184s ]
[2026-04-21T21:20:26+08:00][sql] SELECT `id`,`title`,`thumbnail`,`industry` FROM `cmf_product` WHERE  `is_recommended` = 1  AND `category_id` = 26 ORDER BY `list_order` ASC LIMIT 6 [ RunTime:0.000170s ]
[2026-04-21T21:20:26+08:00][sql] SELECT `id`,`title`,`thumbnail`,`industry` FROM `cmf_product` WHERE  `is_recommended` = 1  AND `category_id` = 27 ORDER BY `list_order` ASC LIMIT 6 [ RunTime:0.000194s ]
[2026-04-21T21:20:26+08:00][sql] SHOW FULL COLUMNS FROM `cmf_portal_post` [ RunTime:0.001375s ]
[2026-04-21T21:20:26+08:00][sql] SELECT `p`.`id`,`p`.`post_title`,`p`.`post_excerpt`,`p`.`thumbnail`,`p`.`create_time`,`c`.`category_id` FROM `cmf_portal_post` `p` INNER JOIN `cmf_portal_category_post` `c` ON `p`.`id`=`c`.`post_id` WHERE (  `p`.`post_type` = '8' ) AND `p`.`delete_time` = '0' ORDER BY `c`.`list_order` ASC,`p`.`create_time` DESC LIMIT 4 [ RunTime:0.000642s ]
[2026-04-21T21:20:26+08:00][sql] SHOW FULL COLUMNS FROM `cmf_theme_file` [ RunTime:0.001017s ]
[2026-04-21T21:20:26+08:00][sql] SELECT `more`,`file`,`id` FROM `cmf_theme_file` WHERE  `theme` = 'simpleboot3'  AND (  `is_public` = 1 OR `file` = 'portal/index' ) ORDER BY `is_public` DESC [ RunTime:0.000425s ]
[2026-04-21T21:20:26+08:00][sql] SELECT `option_value` FROM `cmf_option` WHERE  `option_name` = 'storage' LIMIT 1 [ RunTime:0.000494s ]
[2026-04-21T21:20:38+08:00][sql] CONNECT:[ UseTime:0.001410s ] mysql:host=127.0.0.1;port=3306;dbname=weihua;charset=utf8mb4
[2026-04-21T21:20:38+08:00][sql] SHOW FULL COLUMNS FROM `cmf_option` [ RunTime:0.002342s ]
[2026-04-21T21:20:38+08:00][sql] SELECT `option_value` FROM `cmf_option` WHERE  `option_name` = 'cdn_settings' LIMIT 1 [ RunTime:0.000360s ]
[2026-04-21T21:20:38+08:00][sql] SELECT `option_value` FROM `cmf_option` WHERE  `option_name` = 'cdn_settings' LIMIT 1 [ RunTime:0.000245s ]
[2026-04-21T21:20:38+08:00][sql] SHOW FULL COLUMNS FROM `cmf_product_category` [ RunTime:0.001071s ]
[2026-04-21T21:20:38+08:00][sql] SELECT * FROM `cmf_product_category` WHERE  `parent_id` = 0 ORDER BY `list_order` ASC,`create_time` DESC [ RunTime:0.000356s ]
[2026-04-21T21:20:38+08:00][sql] SELECT * FROM `cmf_product_category` WHERE  `parent_id` IN (18,19,20,21,22,23,24,25,26,27) [ RunTime:0.000212s ]
[2026-04-21T21:20:38+08:00][sql] SHOW FULL COLUMNS FROM `cmf_portal_category` [ RunTime:0.001128s ]
[2026-04-21T21:20:38+08:00][sql] SELECT * FROM `cmf_portal_category` WHERE (  `type` = 8 ) AND `cmf_portal_category`.`delete_time` = '0' ORDER BY `list_order` ASC [ RunTime:0.000312s ]
[2026-04-21T21:20:38+08:00][sql] SHOW FULL COLUMNS FROM `cmf_slide_item` [ RunTime:0.001013s ]
[2026-04-21T21:20:38+08:00][sql] SELECT `title`,`image`,`content` FROM `cmf_slide_item` WHERE  `slide_id` = 1 ORDER BY `list_order` ASC [ RunTime:0.000339s ]
[2026-04-21T21:20:38+08:00][sql] SHOW FULL COLUMNS FROM `cmf_product` [ RunTime:0.001207s ]
[2026-04-21T21:20:38+08:00][sql] SELECT `id`,`title`,`thumbnail`,`industry` FROM `cmf_product` WHERE  `is_recommended` = 1  AND `category_id` = 18 ORDER BY `list_order` ASC LIMIT 6 [ RunTime:0.000345s ]
[2026-04-21T21:20:38+08:00][sql] SELECT `id`,`title`,`thumbnail`,`industry` FROM `cmf_product` WHERE  `is_recommended` = 1  AND `category_id` = 19 ORDER BY `list_order` ASC LIMIT 6 [ RunTime:0.000187s ]
[2026-04-21T21:20:38+08:00][sql] SELECT `id`,`title`,`thumbnail`,`industry` FROM `cmf_product` WHERE  `is_recommended` = 1  AND `category_id` = 20 ORDER BY `list_order` ASC LIMIT 6 [ RunTime:0.000199s ]
[2026-04-21T21:20:38+08:00][sql] SELECT `id`,`title`,`thumbnail`,`industry` FROM `cmf_product` WHERE  `is_recommended` = 1  AND `category_id` = 21 ORDER BY `list_order` ASC LIMIT 6 [ RunTime:0.000184s ]
[2026-04-21T21:20:38+08:00][sql] SELECT `id`,`title`,`thumbnail`,`industry` FROM `cmf_product` WHERE  `is_recommended` = 1  AND `category_id` = 22 ORDER BY `list_order` ASC LIMIT 6 [ RunTime:0.000160s ]
[2026-04-21T21:20:38+08:00][sql] SELECT `id`,`title`,`thumbnail`,`industry` FROM `cmf_product` WHERE  `is_recommended` = 1  AND `category_id` = 23 ORDER BY `list_order` ASC LIMIT 6 [ RunTime:0.000155s ]
[2026-04-21T21:20:38+08:00][sql] SELECT `id`,`title`,`thumbnail`,`industry` FROM `cmf_product` WHERE  `is_recommended` = 1  AND `category_id` = 24 ORDER BY `list_order` ASC LIMIT 6 [ RunTime:0.000253s ]
[2026-04-21T21:20:38+08:00][sql] SELECT `id`,`title`,`thumbnail`,`industry` FROM `cmf_product` WHERE  `is_recommended` = 1  AND `category_id` = 25 ORDER BY `list_order` ASC LIMIT 6 [ RunTime:0.000210s ]
[2026-04-21T21:20:38+08:00][sql] SELECT `id`,`title`,`thumbnail`,`industry` FROM `cmf_product` WHERE  `is_recommended` = 1  AND `category_id` = 26 ORDER BY `list_order` ASC LIMIT 6 [ RunTime:0.000180s ]
[2026-04-21T21:20:38+08:00][sql] SELECT `id`,`title`,`thumbnail`,`industry` FROM `cmf_product` WHERE  `is_recommended` = 1  AND `category_id` = 27 ORDER BY `list_order` ASC LIMIT 6 [ RunTime:0.000820s ]
[2026-04-21T21:20:38+08:00][sql] SHOW FULL COLUMNS FROM `cmf_portal_post` [ RunTime:0.001345s ]
[2026-04-21T21:20:38+08:00][sql] SELECT `p`.`id`,`p`.`post_title`,`p`.`post_excerpt`,`p`.`thumbnail`,`p`.`create_time`,`c`.`category_id` FROM `cmf_portal_post` `p` INNER JOIN `cmf_portal_category_post` `c` ON `p`.`id`=`c`.`post_id` WHERE (  `p`.`post_type` = '8' ) AND `p`.`delete_time` = '0' ORDER BY `c`.`list_order` ASC,`p`.`create_time` DESC LIMIT 4 [ RunTime:0.000540s ]
[2026-04-21T21:20:38+08:00][sql] SHOW FULL COLUMNS FROM `cmf_theme_file` [ RunTime:0.001043s ]
[2026-04-21T21:20:38+08:00][sql] SELECT `more`,`file`,`id` FROM `cmf_theme_file` WHERE  `theme` = 'simpleboot3'  AND (  `is_public` = 1 OR `file` = 'portal/index' ) ORDER BY `is_public` DESC [ RunTime:0.000357s ]
[2026-04-21T21:20:38+08:00][sql] SELECT `option_value` FROM `cmf_option` WHERE  `option_name` = 'storage' LIMIT 1 [ RunTime:0.000332s ]
[2026-04-21T21:20:54+08:00][sql] CONNECT:[ UseTime:0.001879s ] mysql:host=127.0.0.1;port=3306;dbname=weihua;charset=utf8mb4
[2026-04-21T21:20:54+08:00][sql] SHOW FULL COLUMNS FROM `cmf_option` [ RunTime:0.003768s ]
[2026-04-21T21:20:54+08:00][sql] SELECT `option_value` FROM `cmf_option` WHERE  `option_name` = 'cdn_settings' LIMIT 1 [ RunTime:0.000901s ]
[2026-04-21T21:20:54+08:00][sql] SELECT `option_value` FROM `cmf_option` WHERE  `option_name` = 'cdn_settings' LIMIT 1 [ RunTime:0.000244s ]
[2026-04-21T21:20:54+08:00][sql] SHOW FULL COLUMNS FROM `cmf_product_category` [ RunTime:0.002277s ]
[2026-04-21T21:20:54+08:00][sql] SELECT * FROM `cmf_product_category` WHERE  `parent_id` = 0 ORDER BY `list_order` ASC,`create_time` DESC [ RunTime:0.000610s ]
[2026-04-21T21:20:54+08:00][sql] SELECT * FROM `cmf_product_category` WHERE  `parent_id` IN (18,19,20,21,22,23,24,25,26,27) [ RunTime:0.000335s ]
[2026-04-21T21:20:54+08:00][sql] SHOW FULL COLUMNS FROM `cmf_portal_category` [ RunTime:0.002841s ]
[2026-04-21T21:20:54+08:00][sql] SELECT * FROM `cmf_portal_category` WHERE (  `type` = 8 ) AND `cmf_portal_category`.`delete_time` = '0' ORDER BY `list_order` ASC [ RunTime:0.001070s ]
[2026-04-21T21:20:54+08:00][sql] SHOW FULL COLUMNS FROM `cmf_slide_item` [ RunTime:0.002707s ]
[2026-04-21T21:20:54+08:00][sql] SELECT `title`,`image`,`content` FROM `cmf_slide_item` WHERE  `slide_id` = 1 ORDER BY `list_order` ASC [ RunTime:0.000901s ]
[2026-04-21T21:20:54+08:00][sql] SHOW FULL COLUMNS FROM `cmf_product` [ RunTime:0.016001s ]
[2026-04-21T21:20:54+08:00][sql] SELECT `id`,`title`,`thumbnail`,`industry` FROM `cmf_product` WHERE  `is_recommended` = 1  AND `category_id` = 18 ORDER BY `list_order` ASC LIMIT 6 [ RunTime:0.011821s ]
[2026-04-21T21:20:54+08:00][sql] SELECT `id`,`title`,`thumbnail`,`industry` FROM `cmf_product` WHERE  `is_recommended` = 1  AND `category_id` = 19 ORDER BY `list_order` ASC LIMIT 6 [ RunTime:0.000334s ]
[2026-04-21T21:20:54+08:00][sql] SELECT `id`,`title`,`thumbnail`,`industry` FROM `cmf_product` WHERE  `is_recommended` = 1  AND `category_id` = 20 ORDER BY `list_order` ASC LIMIT 6 [ RunTime:0.000226s ]
[2026-04-21T21:20:54+08:00][sql] SELECT `id`,`title`,`thumbnail`,`industry` FROM `cmf_product` WHERE  `is_recommended` = 1  AND `category_id` = 21 ORDER BY `list_order` ASC LIMIT 6 [ RunTime:0.000189s ]
[2026-04-21T21:20:54+08:00][sql] SELECT `id`,`title`,`thumbnail`,`industry` FROM `cmf_product` WHERE  `is_recommended` = 1  AND `category_id` = 22 ORDER BY `list_order` ASC LIMIT 6 [ RunTime:0.000223s ]
[2026-04-21T21:20:54+08:00][sql] SELECT `id`,`title`,`thumbnail`,`industry` FROM `cmf_product` WHERE  `is_recommended` = 1  AND `category_id` = 23 ORDER BY `list_order` ASC LIMIT 6 [ RunTime:0.000170s ]
[2026-04-21T21:20:54+08:00][sql] SELECT `id`,`title`,`thumbnail`,`industry` FROM `cmf_product` WHERE  `is_recommended` = 1  AND `category_id` = 24 ORDER BY `list_order` ASC LIMIT 6 [ RunTime:0.000251s ]
[2026-04-21T21:20:54+08:00][sql] SELECT `id`,`title`,`thumbnail`,`industry` FROM `cmf_product` WHERE  `is_recommended` = 1  AND `category_id` = 25 ORDER BY `list_order` ASC LIMIT 6 [ RunTime:0.000550s ]
[2026-04-21T21:20:54+08:00][sql] SELECT `id`,`title`,`thumbnail`,`industry` FROM `cmf_product` WHERE  `is_recommended` = 1  AND `category_id` = 26 ORDER BY `list_order` ASC LIMIT 6 [ RunTime:0.000235s ]
[2026-04-21T21:20:54+08:00][sql] SELECT `id`,`title`,`thumbnail`,`industry` FROM `cmf_product` WHERE  `is_recommended` = 1  AND `category_id` = 27 ORDER BY `list_order` ASC LIMIT 6 [ RunTime:0.000846s ]
[2026-04-21T21:20:54+08:00][sql] SHOW FULL COLUMNS FROM `cmf_portal_post` [ RunTime:0.001563s ]
[2026-04-21T21:20:54+08:00][sql] SELECT `p`.`id`,`p`.`post_title`,`p`.`post_excerpt`,`p`.`thumbnail`,`p`.`create_time`,`c`.`category_id` FROM `cmf_portal_post` `p` INNER JOIN `cmf_portal_category_post` `c` ON `p`.`id`=`c`.`post_id` WHERE (  `p`.`post_type` = '8' ) AND `p`.`delete_time` = '0' ORDER BY `c`.`list_order` ASC,`p`.`create_time` DESC LIMIT 4 [ RunTime:0.000539s ]
[2026-04-21T21:20:54+08:00][sql] SHOW FULL COLUMNS FROM `cmf_theme_file` [ RunTime:0.000957s ]
[2026-04-21T21:20:54+08:00][sql] SELECT `more`,`file`,`id` FROM `cmf_theme_file` WHERE  `theme` = 'simpleboot3'  AND (  `is_public` = 1 OR `file` = 'portal/index' ) ORDER BY `is_public` DESC [ RunTime:0.000366s ]
[2026-04-21T21:20:54+08:00][sql] SELECT `option_value` FROM `cmf_option` WHERE  `option_name` = 'storage' LIMIT 1 [ RunTime:0.000194s ]
[2026-04-21T21:21:02+08:00][sql] CONNECT:[ UseTime:0.000890s ] mysql:host=127.0.0.1;port=3306;dbname=weihua;charset=utf8mb4
[2026-04-21T21:21:02+08:00][sql] SHOW FULL COLUMNS FROM `cmf_option` [ RunTime:0.001546s ]
[2026-04-21T21:21:02+08:00][sql] SELECT `option_value` FROM `cmf_option` WHERE  `option_name` = 'cdn_settings' LIMIT 1 [ RunTime:0.000399s ]
[2026-04-21T21:21:02+08:00][sql] SELECT `option_value` FROM `cmf_option` WHERE  `option_name` = 'cdn_settings' LIMIT 1 [ RunTime:0.000179s ]
[2026-04-21T21:21:02+08:00][sql] SHOW FULL COLUMNS FROM `cmf_product_category` [ RunTime:0.001122s ]
[2026-04-21T21:21:02+08:00][sql] SELECT * FROM `cmf_product_category` WHERE  `parent_id` = 0 ORDER BY `list_order` ASC,`create_time` DESC [ RunTime:0.000332s ]
[2026-04-21T21:21:02+08:00][sql] SELECT * FROM `cmf_product_category` WHERE  `parent_id` IN (18,19,20,21,22,23,24,25,26,27) [ RunTime:0.000237s ]
[2026-04-21T21:21:02+08:00][sql] SHOW FULL COLUMNS FROM `cmf_portal_category` [ RunTime:0.001054s ]
[2026-04-21T21:21:02+08:00][sql] SELECT * FROM `cmf_portal_category` WHERE (  `type` = 8 ) AND `cmf_portal_category`.`delete_time` = '0' ORDER BY `list_order` ASC [ RunTime:0.000274s ]
[2026-04-21T21:21:02+08:00][sql] SHOW FULL COLUMNS FROM `cmf_slide_item` [ RunTime:0.000984s ]
[2026-04-21T21:21:02+08:00][sql] SELECT `title`,`image`,`content` FROM `cmf_slide_item` WHERE  `slide_id` = 1 ORDER BY `list_order` ASC [ RunTime:0.000279s ]
[2026-04-21T21:21:02+08:00][sql] SHOW FULL COLUMNS FROM `cmf_product` [ RunTime:0.001221s ]
[2026-04-21T21:21:02+08:00][sql] SELECT `id`,`title`,`thumbnail`,`industry` FROM `cmf_product` WHERE  `is_recommended` = 1  AND `category_id` = 18 ORDER BY `list_order` ASC LIMIT 6 [ RunTime:0.000337s ]
[2026-04-21T21:21:02+08:00][sql] SELECT `id`,`title`,`thumbnail`,`industry` FROM `cmf_product` WHERE  `is_recommended` = 1  AND `category_id` = 19 ORDER BY `list_order` ASC LIMIT 6 [ RunTime:0.000267s ]
[2026-04-21T21:21:02+08:00][sql] SELECT `id`,`title`,`thumbnail`,`industry` FROM `cmf_product` WHERE  `is_recommended` = 1  AND `category_id` = 20 ORDER BY `list_order` ASC LIMIT 6 [ RunTime:0.000217s ]
[2026-04-21T21:21:02+08:00][sql] SELECT `id`,`title`,`thumbnail`,`industry` FROM `cmf_product` WHERE  `is_recommended` = 1  AND `category_id` = 21 ORDER BY `list_order` ASC LIMIT 6 [ RunTime:0.000199s ]
[2026-04-21T21:21:02+08:00][sql] SELECT `id`,`title`,`thumbnail`,`industry` FROM `cmf_product` WHERE  `is_recommended` = 1  AND `category_id` = 22 ORDER BY `list_order` ASC LIMIT 6 [ RunTime:0.000185s ]
[2026-04-21T21:21:02+08:00][sql] SELECT `id`,`title`,`thumbnail`,`industry` FROM `cmf_product` WHERE  `is_recommended` = 1  AND `category_id` = 23 ORDER BY `list_order` ASC LIMIT 6 [ RunTime:0.000285s ]
[2026-04-21T21:21:02+08:00][sql] SELECT `id`,`title`,`thumbnail`,`industry` FROM `cmf_product` WHERE  `is_recommended` = 1  AND `category_id` = 24 ORDER BY `list_order` ASC LIMIT 6 [ RunTime:0.000214s ]
[2026-04-21T21:21:02+08:00][sql] SELECT `id`,`title`,`thumbnail`,`industry` FROM `cmf_product` WHERE  `is_recommended` = 1  AND `category_id` = 25 ORDER BY `list_order` ASC LIMIT 6 [ RunTime:0.000209s ]
[2026-04-21T21:21:02+08:00][sql] SELECT `id`,`title`,`thumbnail`,`industry` FROM `cmf_product` WHERE  `is_recommended` = 1  AND `category_id` = 26 ORDER BY `list_order` ASC LIMIT 6 [ RunTime:0.000187s ]
[2026-04-21T21:21:02+08:00][sql] SELECT `id`,`title`,`thumbnail`,`industry` FROM `cmf_product` WHERE  `is_recommended` = 1  AND `category_id` = 27 ORDER BY `list_order` ASC LIMIT 6 [ RunTime:0.000174s ]
[2026-04-21T21:21:02+08:00][sql] SHOW FULL COLUMNS FROM `cmf_portal_post` [ RunTime:0.001190s ]
[2026-04-21T21:21:02+08:00][sql] SELECT `p`.`id`,`p`.`post_title`,`p`.`post_excerpt`,`p`.`thumbnail`,`p`.`create_time`,`c`.`category_id` FROM `cmf_portal_post` `p` INNER JOIN `cmf_portal_category_post` `c` ON `p`.`id`=`c`.`post_id` WHERE (  `p`.`post_type` = '8' ) AND `p`.`delete_time` = '0' ORDER BY `c`.`list_order` ASC,`p`.`create_time` DESC LIMIT 4 [ RunTime:0.000551s ]
[2026-04-21T21:21:02+08:00][sql] SHOW FULL COLUMNS FROM `cmf_theme_file` [ RunTime:0.000865s ]
[2026-04-21T21:21:02+08:00][sql] SELECT `more`,`file`,`id` FROM `cmf_theme_file` WHERE  `theme` = 'simpleboot3'  AND (  `is_public` = 1 OR `file` = 'portal/index' ) ORDER BY `is_public` DESC [ RunTime:0.000265s ]
[2026-04-21T21:21:02+08:00][sql] SELECT `option_value` FROM `cmf_option` WHERE  `option_name` = 'storage' LIMIT 1 [ RunTime:0.000268s ]
[2026-04-21T21:21:28+08:00][sql] CONNECT:[ UseTime:0.002096s ] mysql:host=127.0.0.1;port=3306;dbname=weihua;charset=utf8mb4
[2026-04-21T21:21:28+08:00][sql] SHOW FULL COLUMNS FROM `cmf_option` [ RunTime:0.003943s ]
[2026-04-21T21:21:28+08:00][sql] SELECT `option_value` FROM `cmf_option` WHERE  `option_name` = 'cdn_settings' LIMIT 1 [ RunTime:0.000796s ]
[2026-04-21T21:21:28+08:00][sql] SELECT `option_value` FROM `cmf_option` WHERE  `option_name` = 'cdn_settings' LIMIT 1 [ RunTime:0.000513s ]
[2026-04-21T21:21:28+08:00][sql] SHOW FULL COLUMNS FROM `cmf_product_category` [ RunTime:0.002211s ]
[2026-04-21T21:21:28+08:00][sql] SELECT * FROM `cmf_product_category` WHERE  `parent_id` = 0 ORDER BY `list_order` ASC,`create_time` DESC [ RunTime:0.000569s ]
[2026-04-21T21:21:28+08:00][sql] SELECT * FROM `cmf_product_category` WHERE  `parent_id` IN (18,19,20,21,22,23,24,25,26,27) [ RunTime:0.000389s ]
[2026-04-21T21:21:28+08:00][sql] SHOW FULL COLUMNS FROM `cmf_portal_category` [ RunTime:0.001790s ]
[2026-04-21T21:21:28+08:00][sql] SELECT * FROM `cmf_portal_category` WHERE (  `type` = 8 ) AND `cmf_portal_category`.`delete_time` = '0' ORDER BY `list_order` ASC [ RunTime:0.000625s ]
[2026-04-21T21:21:28+08:00][sql] SHOW FULL COLUMNS FROM `cmf_slide_item` [ RunTime:0.001921s ]
[2026-04-21T21:21:28+08:00][sql] SELECT `title`,`image`,`content` FROM `cmf_slide_item` WHERE  `slide_id` = 1 ORDER BY `list_order` ASC [ RunTime:0.000432s ]
[2026-04-21T21:21:28+08:00][sql] SHOW FULL COLUMNS FROM `cmf_product` [ RunTime:0.001315s ]
[2026-04-21T21:21:28+08:00][sql] SELECT `id`,`title`,`thumbnail`,`industry` FROM `cmf_product` WHERE  `is_recommended` = 1  AND `category_id` = 18 ORDER BY `list_order` ASC LIMIT 6 [ RunTime:0.000650s ]
[2026-04-21T21:21:28+08:00][sql] SELECT `id`,`title`,`thumbnail`,`industry` FROM `cmf_product` WHERE  `is_recommended` = 1  AND `category_id` = 19 ORDER BY `list_order` ASC LIMIT 6 [ RunTime:0.000269s ]
[2026-04-21T21:21:28+08:00][sql] SELECT `id`,`title`,`thumbnail`,`industry` FROM `cmf_product` WHERE  `is_recommended` = 1  AND `category_id` = 20 ORDER BY `list_order` ASC LIMIT 6 [ RunTime:0.000194s ]
[2026-04-21T21:21:28+08:00][sql] SELECT `id`,`title`,`thumbnail`,`industry` FROM `cmf_product` WHERE  `is_recommended` = 1  AND `category_id` = 21 ORDER BY `list_order` ASC LIMIT 6 [ RunTime:0.000190s ]
[2026-04-21T21:21:28+08:00][sql] SELECT `id`,`title`,`thumbnail`,`industry` FROM `cmf_product` WHERE  `is_recommended` = 1  AND `category_id` = 22 ORDER BY `list_order` ASC LIMIT 6 [ RunTime:0.000182s ]
[2026-04-21T21:21:28+08:00][sql] SELECT `id`,`title`,`thumbnail`,`industry` FROM `cmf_product` WHERE  `is_recommended` = 1  AND `category_id` = 23 ORDER BY `list_order` ASC LIMIT 6 [ RunTime:0.000196s ]
[2026-04-21T21:21:28+08:00][sql] SELECT `id`,`title`,`thumbnail`,`industry` FROM `cmf_product` WHERE  `is_recommended` = 1  AND `category_id` = 24 ORDER BY `list_order` ASC LIMIT 6 [ RunTime:0.000174s ]
[2026-04-21T21:21:28+08:00][sql] SELECT `id`,`title`,`thumbnail`,`industry` FROM `cmf_product` WHERE  `is_recommended` = 1  AND `category_id` = 25 ORDER BY `list_order` ASC LIMIT 6 [ RunTime:0.000190s ]
[2026-04-21T21:21:28+08:00][sql] SELECT `id`,`title`,`thumbnail`,`industry` FROM `cmf_product` WHERE  `is_recommended` = 1  AND `category_id` = 26 ORDER BY `list_order` ASC LIMIT 6 [ RunTime:0.000175s ]
[2026-04-21T21:21:28+08:00][sql] SELECT `id`,`title`,`thumbnail`,`industry` FROM `cmf_product` WHERE  `is_recommended` = 1  AND `category_id` = 27 ORDER BY `list_order` ASC LIMIT 6 [ RunTime:0.000187s ]
[2026-04-21T21:21:28+08:00][sql] SHOW FULL COLUMNS FROM `cmf_portal_post` [ RunTime:0.001543s ]
[2026-04-21T21:21:28+08:00][sql] SELECT `p`.`id`,`p`.`post_title`,`p`.`post_excerpt`,`p`.`thumbnail`,`p`.`create_time`,`c`.`category_id` FROM `cmf_portal_post` `p` INNER JOIN `cmf_portal_category_post` `c` ON `p`.`id`=`c`.`post_id` WHERE (  `p`.`post_type` = '8' ) AND `p`.`delete_time` = '0' ORDER BY `c`.`list_order` ASC,`p`.`create_time` DESC LIMIT 4 [ RunTime:0.000597s ]
[2026-04-21T21:21:28+08:00][sql] SHOW FULL COLUMNS FROM `cmf_theme_file` [ RunTime:0.001043s ]
[2026-04-21T21:21:28+08:00][sql] SELECT `more`,`file`,`id` FROM `cmf_theme_file` WHERE  `theme` = 'simpleboot3'  AND (  `is_public` = 1 OR `file` = 'portal/index' ) ORDER BY `is_public` DESC [ RunTime:0.000471s ]
[2026-04-21T21:21:28+08:00][sql] SELECT `option_value` FROM `cmf_option` WHERE  `option_name` = 'storage' LIMIT 1 [ RunTime:0.000504s ]
[2026-04-21T21:30:15+08:00][sql] CONNECT:[ UseTime:0.002057s ] mysql:host=127.0.0.1;port=3306;dbname=weihua;charset=utf8mb4
[2026-04-21T21:30:15+08:00][sql] SHOW FULL COLUMNS FROM `cmf_option` [ RunTime:0.004743s ]
[2026-04-21T21:30:15+08:00][sql] SELECT `option_value` FROM `cmf_option` WHERE  `option_name` = 'cdn_settings' LIMIT 1 [ RunTime:0.000420s ]
[2026-04-21T21:30:15+08:00][sql] SHOW FULL COLUMNS FROM `cmf_user` [ RunTime:0.004046s ]
[2026-04-21T21:30:15+08:00][sql] SELECT * FROM `cmf_user` WHERE  `id` = 1 LIMIT 1 [ RunTime:0.001126s ]
[2026-04-21T21:30:15+08:00][sql] SHOW FULL COLUMNS FROM `cmf_admin_menu` [ RunTime:0.003338s ]
[2026-04-21T21:30:15+08:00][sql] SELECT * FROM `cmf_admin_menu` ORDER BY `app` ASC,`controller` ASC,`action` ASC [ RunTime:0.002344s ]
[2026-04-21T21:30:15+08:00][sql] CONNECT:[ UseTime:0.000581s ] mysql:host=127.0.0.1;port=3306;dbname=weihua;charset=utf8mb4
[2026-04-21T21:30:15+08:00][sql] SHOW FULL COLUMNS FROM `cmf_option` [ RunTime:0.001422s ]
[2026-04-21T21:30:15+08:00][sql] SELECT `option_value` FROM `cmf_option` WHERE  `option_name` = 'cdn_settings' LIMIT 1 [ RunTime:0.000359s ]
[2026-04-21T21:30:15+08:00][sql] SHOW FULL COLUMNS FROM `cmf_user` [ RunTime:0.001278s ]
[2026-04-21T21:30:15+08:00][sql] SELECT * FROM `cmf_user` WHERE  `id` = 1 LIMIT 1 [ RunTime:0.000321s ]
[2026-04-21T21:30:15+08:00][sql] SELECT `option_value` FROM `cmf_option` WHERE  `option_name` = 'cdn_settings' LIMIT 1 [ RunTime:0.000161s ]
[2026-04-21T21:30:15+08:00][sql] SELECT `option_value` FROM `cmf_option` WHERE  `option_name` = 'cmf_settings' LIMIT 1 [ RunTime:0.000172s ]
[2026-04-21T21:30:15+08:00][sql] SELECT `option_value` FROM `cmf_option` WHERE  `option_name` = 'storage' LIMIT 1 [ RunTime:0.000232s ]
[2026-04-21T21:30:15+08:00][sql] CONNECT:[ UseTime:0.000659s ] mysql:host=127.0.0.1;port=3306;dbname=weihua;charset=utf8mb4
[2026-04-21T21:30:15+08:00][sql] SHOW FULL COLUMNS FROM `cmf_option` [ RunTime:0.001585s ]
[2026-04-21T21:30:15+08:00][sql] SELECT `option_value` FROM `cmf_option` WHERE  `option_name` = 'cdn_settings' LIMIT 1 [ RunTime:0.000256s ]
[2026-04-21T21:30:15+08:00][sql] SHOW FULL COLUMNS FROM `cmf_user` [ RunTime:0.001115s ]
[2026-04-21T21:30:15+08:00][sql] SELECT * FROM `cmf_user` WHERE  `id` = 1 LIMIT 1 [ RunTime:0.000305s ]
[2026-04-21T21:30:15+08:00][sql] SHOW FULL COLUMNS FROM `cmf_portal_post` [ RunTime:0.001057s ]
[2026-04-21T21:30:15+08:00][sql] SELECT COUNT(*) AS think_count FROM `cmf_portal_post` `a` INNER JOIN `cmf_user` `u` ON `a`.`user_id`=`u`.`id` WHERE (  `a`.`create_time` >= '0'  AND `a`.`delete_time` = '0'  AND (  `a`.`post_type` = '8' ) ) AND `a`.`delete_time` = '0' LIMIT 1 [ RunTime:0.000400s ]
[2026-04-21T21:30:15+08:00][sql] SELECT `a`.*,`u`.`user_login`,`u`.`user_nickname`,`u`.`user_email` FROM `cmf_portal_post` `a` INNER JOIN `cmf_user` `u` ON `a`.`user_id`=`u`.`id` WHERE (  `a`.`create_time` >= '0'  AND `a`.`delete_time` = '0'  AND (  `a`.`post_type` = '8' ) ) AND `a`.`delete_time` = '0' ORDER BY `update_time` DESC LIMIT 0,10 [ RunTime:0.000327s ]
[2026-04-21T21:30:15+08:00][sql] SHOW FULL COLUMNS FROM `cmf_portal_category` [ RunTime:0.000977s ]
[2026-04-21T21:30:15+08:00][sql] SELECT * FROM `cmf_portal_category` WHERE (  `delete_time` = 0  AND `type` = 8 ) AND `cmf_portal_category`.`delete_time` = '0' ORDER BY `list_order` ASC [ RunTime:0.000352s ]
[2026-04-21T21:30:15+08:00][sql] SHOW FULL COLUMNS FROM `cmf_portal_category_post` [ RunTime:0.001090s ]
[2026-04-21T21:30:15+08:00][sql] SELECT `cmf_portal_category`.*,`pivot`.`id` AS `pivot__id`,`pivot`.`post_id` AS `pivot__post_id`,`pivot`.`category_id` AS `pivot__category_id`,`pivot`.`list_order` AS `pivot__list_order`,`pivot`.`status` AS `pivot__status` FROM `cmf_portal_category` INNER JOIN `cmf_portal_category_post` `pivot` ON `pivot`.`category_id`=`cmf_portal_category`.`id` WHERE (  `pivot`.`post_id` = '2' ) AND `cmf_portal_category`.`delete_time` = '0' [ RunTime:0.000402s ]
[2026-04-21T21:30:15+08:00][sql] SELECT `option_value` FROM `cmf_option` WHERE  `option_name` = 'storage' LIMIT 1 [ RunTime:0.000174s ]
[2026-04-21T21:30:15+08:00][sql] SELECT `cmf_portal_category`.*,`pivot`.`id` AS `pivot__id`,`pivot`.`post_id` AS `pivot__post_id`,`pivot`.`category_id` AS `pivot__category_id`,`pivot`.`list_order` AS `pivot__list_order`,`pivot`.`status` AS `pivot__status` FROM `cmf_portal_category` INNER JOIN `cmf_portal_category_post` `pivot` ON `pivot`.`category_id`=`cmf_portal_category`.`id` WHERE (  `pivot`.`post_id` = '5' ) AND `cmf_portal_category`.`delete_time` = '0' [ RunTime:0.000500s ]
[2026-04-21T21:30:18+08:00][sql] CONNECT:[ UseTime:0.001363s ] mysql:host=127.0.0.1;port=3306;dbname=weihua;charset=utf8mb4
[2026-04-21T21:30:18+08:00][sql] SHOW FULL COLUMNS FROM `cmf_option` [ RunTime:0.002628s ]
[2026-04-21T21:30:18+08:00][sql] SELECT `option_value` FROM `cmf_option` WHERE  `option_name` = 'cdn_settings' LIMIT 1 [ RunTime:0.000366s ]
[2026-04-21T21:30:18+08:00][sql] SHOW FULL COLUMNS FROM `cmf_user` [ RunTime:0.001254s ]
[2026-04-21T21:30:18+08:00][sql] SELECT * FROM `cmf_user` WHERE  `id` = 1 LIMIT 1 [ RunTime:0.000437s ]
[2026-04-21T21:30:18+08:00][sql] SHOW FULL COLUMNS FROM `cmf_portal_category` [ RunTime:0.001105s ]
[2026-04-21T21:30:18+08:00][sql] SELECT * FROM `cmf_portal_category` WHERE (  `delete_time` = 0  AND `type` = 8 ) AND `cmf_portal_category`.`delete_time` = '0' ORDER BY `list_order` ASC [ RunTime:0.000467s ]
[2026-04-21T21:30:22+08:00][sql] CONNECT:[ UseTime:0.001110s ] mysql:host=127.0.0.1;port=3306;dbname=weihua;charset=utf8mb4
[2026-04-21T21:30:22+08:00][sql] SHOW FULL COLUMNS FROM `cmf_option` [ RunTime:0.004104s ]
[2026-04-21T21:30:22+08:00][sql] SELECT `option_value` FROM `cmf_option` WHERE  `option_name` = 'cdn_settings' LIMIT 1 [ RunTime:0.000813s ]
[2026-04-21T21:30:22+08:00][sql] SHOW FULL COLUMNS FROM `cmf_user` [ RunTime:0.003183s ]
[2026-04-21T21:30:22+08:00][sql] SELECT * FROM `cmf_user` WHERE  `id` = 1 LIMIT 1 [ RunTime:0.000826s ]
[2026-04-21T21:30:22+08:00][sql] SHOW FULL COLUMNS FROM `cmf_product_category` [ RunTime:0.001526s ]
[2026-04-21T21:30:22+08:00][sql] SELECT * FROM `cmf_product_category` ORDER BY `list_order` ASC [ RunTime:0.001148s ]
[2026-04-21T21:30:22+08:00][sql] SELECT `option_value` FROM `cmf_option` WHERE  `option_name` = 'storage' LIMIT 1 [ RunTime:0.000469s ]
[2026-04-21T21:30:25+08:00][sql] CONNECT:[ UseTime:0.001513s ] mysql:host=127.0.0.1;port=3306;dbname=weihua;charset=utf8mb4
[2026-04-21T21:30:25+08:00][sql] SHOW FULL COLUMNS FROM `cmf_option` [ RunTime:0.003693s ]
[2026-04-21T21:30:25+08:00][sql] SELECT `option_value` FROM `cmf_option` WHERE  `option_name` = 'cdn_settings' LIMIT 1 [ RunTime:0.000795s ]
[2026-04-21T21:30:25+08:00][sql] SHOW FULL COLUMNS FROM `cmf_user` [ RunTime:0.002217s ]
[2026-04-21T21:30:25+08:00][sql] SELECT * FROM `cmf_user` WHERE  `id` = 1 LIMIT 1 [ RunTime:0.000489s ]
[2026-04-21T21:30:25+08:00][sql] SHOW FULL COLUMNS FROM `cmf_product_category` [ RunTime:0.002490s ]
[2026-04-21T21:30:25+08:00][sql] SELECT * FROM `cmf_product_category` WHERE  `parent_id` = 0 [ RunTime:0.000834s ]
[2026-04-21T21:30:25+08:00][sql] SELECT * FROM `cmf_product_category` WHERE  `id` = 18 LIMIT 1 [ RunTime:0.000470s ]
[2026-04-21T21:30:29+08:00][sql] CONNECT:[ UseTime:0.001446s ] mysql:host=127.0.0.1;port=3306;dbname=weihua;charset=utf8mb4
[2026-04-21T21:30:29+08:00][sql] SHOW FULL COLUMNS FROM `cmf_option` [ RunTime:0.002825s ]
[2026-04-21T21:30:29+08:00][sql] SELECT `option_value` FROM `cmf_option` WHERE  `option_name` = 'cdn_settings' LIMIT 1 [ RunTime:0.000572s ]
[2026-04-21T21:30:29+08:00][sql] SHOW FULL COLUMNS FROM `cmf_user` [ RunTime:0.001633s ]
[2026-04-21T21:30:29+08:00][sql] SELECT * FROM `cmf_user` WHERE  `id` = 1 LIMIT 1 [ RunTime:0.000469s ]
[2026-04-21T21:30:29+08:00][sql] SHOW FULL COLUMNS FROM `cmf_product_category` [ RunTime:0.001193s ]
[2026-04-21T21:30:29+08:00][sql] SELECT * FROM `cmf_product_category` ORDER BY `list_order` ASC [ RunTime:0.000489s ]
[2026-04-21T21:30:29+08:00][sql] SELECT `option_value` FROM `cmf_option` WHERE  `option_name` = 'storage' LIMIT 1 [ RunTime:0.000379s ]
[2026-04-21T21:30:31+08:00][sql] CONNECT:[ UseTime:0.001495s ] mysql:host=127.0.0.1;port=3306;dbname=weihua;charset=utf8mb4
[2026-04-21T21:30:31+08:00][sql] SHOW FULL COLUMNS FROM `cmf_option` [ RunTime:0.003229s ]
[2026-04-21T21:30:31+08:00][sql] SELECT `option_value` FROM `cmf_option` WHERE  `option_name` = 'cdn_settings' LIMIT 1 [ RunTime:0.000637s ]
[2026-04-21T21:30:31+08:00][sql] SHOW FULL COLUMNS FROM `cmf_user` [ RunTime:0.002798s ]
[2026-04-21T21:30:31+08:00][sql] SELECT * FROM `cmf_user` WHERE  `id` = 1 LIMIT 1 [ RunTime:0.000847s ]
[2026-04-21T21:30:31+08:00][sql] SHOW FULL COLUMNS FROM `cmf_product_category` [ RunTime:0.001260s ]
[2026-04-21T21:30:31+08:00][sql] SELECT * FROM `cmf_product_category` WHERE  `parent_id` = 0 [ RunTime:0.000791s ]
[2026-04-21T21:30:32+08:00][sql] CONNECT:[ UseTime:0.001610s ] mysql:host=127.0.0.1;port=3306;dbname=weihua;charset=utf8mb4
[2026-04-21T21:30:32+08:00][sql] SHOW FULL COLUMNS FROM `cmf_option` [ RunTime:0.002783s ]
[2026-04-21T21:30:32+08:00][sql] SELECT `option_value` FROM `cmf_option` WHERE  `option_name` = 'cdn_settings' LIMIT 1 [ RunTime:0.000668s ]
[2026-04-21T21:30:32+08:00][sql] SHOW FULL COLUMNS FROM `cmf_user` [ RunTime:0.001418s ]
[2026-04-21T21:30:32+08:00][sql] SELECT * FROM `cmf_user` WHERE  `id` = 1 LIMIT 1 [ RunTime:0.000519s ]
[2026-04-21T21:30:32+08:00][sql] SHOW FULL COLUMNS FROM `cmf_product_category` [ RunTime:0.001218s ]
[2026-04-21T21:30:32+08:00][sql] SELECT * FROM `cmf_product_category` ORDER BY `list_order` ASC [ RunTime:0.000417s ]
[2026-04-21T21:30:32+08:00][sql] SELECT `option_value` FROM `cmf_option` WHERE  `option_name` = 'storage' LIMIT 1 [ RunTime:0.000329s ]
[2026-04-21T21:30:34+08:00][sql] CONNECT:[ UseTime:0.001431s ] mysql:host=127.0.0.1;port=3306;dbname=weihua;charset=utf8mb4
[2026-04-21T21:30:34+08:00][sql] SHOW FULL COLUMNS FROM `cmf_option` [ RunTime:0.003895s ]
[2026-04-21T21:30:34+08:00][sql] SELECT `option_value` FROM `cmf_option` WHERE  `option_name` = 'cdn_settings' LIMIT 1 [ RunTime:0.000709s ]
[2026-04-21T21:30:34+08:00][sql] SHOW FULL COLUMNS FROM `cmf_user` [ RunTime:0.002823s ]
[2026-04-21T21:30:34+08:00][sql] SELECT * FROM `cmf_user` WHERE  `id` = 1 LIMIT 1 [ RunTime:0.000822s ]
[2026-04-21T21:30:34+08:00][sql] SHOW FULL COLUMNS FROM `cmf_product_category` [ RunTime:0.002457s ]
[2026-04-21T21:30:34+08:00][sql] SELECT * FROM `cmf_product_category` WHERE  `parent_id` = 0 [ RunTime:0.000807s ]
[2026-04-21T21:30:34+08:00][sql] SELECT * FROM `cmf_product_category` WHERE  `id` = 18 LIMIT 1 [ RunTime:0.000382s ]
[2026-04-21T21:31:31+08:00][sql] CONNECT:[ UseTime:0.002077s ] mysql:host=127.0.0.1;port=3306;dbname=weihua;charset=utf8mb4
[2026-04-21T21:31:31+08:00][sql] SHOW FULL COLUMNS FROM `cmf_option` [ RunTime:0.003319s ]
[2026-04-21T21:31:31+08:00][sql] SELECT `option_value` FROM `cmf_option` WHERE  `option_name` = 'cdn_settings' LIMIT 1 [ RunTime:0.000432s ]
[2026-04-21T21:31:31+08:00][sql] SHOW FULL COLUMNS FROM `cmf_user` [ RunTime:0.001600s ]
[2026-04-21T21:31:31+08:00][sql] SELECT * FROM `cmf_user` WHERE  `id` = 1 LIMIT 1 [ RunTime:0.000673s ]
[2026-04-21T21:31:31+08:00][sql] SHOW FULL COLUMNS FROM `cmf_admin_menu` [ RunTime:0.001629s ]
[2026-04-21T21:31:31+08:00][sql] SELECT * FROM `cmf_admin_menu` ORDER BY `app` ASC,`controller` ASC,`action` ASC [ RunTime:0.001031s ]
[2026-04-21T21:31:31+08:00][sql] CONNECT:[ UseTime:0.012344s ] mysql:host=127.0.0.1;port=3306;dbname=weihua;charset=utf8mb4
[2026-04-21T21:31:31+08:00][sql] SHOW FULL COLUMNS FROM `cmf_option` [ RunTime:0.025112s ]
[2026-04-21T21:31:31+08:00][sql] SELECT `option_value` FROM `cmf_option` WHERE  `option_name` = 'cdn_settings' LIMIT 1 [ RunTime:0.000588s ]
[2026-04-21T21:31:31+08:00][sql] SHOW FULL COLUMNS FROM `cmf_user` [ RunTime:0.002532s ]
[2026-04-21T21:31:31+08:00][sql] SELECT * FROM `cmf_user` WHERE  `id` = 1 LIMIT 1 [ RunTime:0.000738s ]
[2026-04-21T21:31:31+08:00][sql] SELECT `option_value` FROM `cmf_option` WHERE  `option_name` = 'cdn_settings' LIMIT 1 [ RunTime:0.000253s ]
[2026-04-21T21:31:31+08:00][sql] SELECT `option_value` FROM `cmf_option` WHERE  `option_name` = 'cmf_settings' LIMIT 1 [ RunTime:0.000199s ]
[2026-04-21T21:31:31+08:00][sql] SELECT `option_value` FROM `cmf_option` WHERE  `option_name` = 'storage' LIMIT 1 [ RunTime:0.000284s ]
[2026-04-21T21:31:31+08:00][sql] CONNECT:[ UseTime:0.001144s ] mysql:host=127.0.0.1;port=3306;dbname=weihua;charset=utf8mb4
[2026-04-21T21:31:31+08:00][sql] SHOW FULL COLUMNS FROM `cmf_option` [ RunTime:0.002710s ]
[2026-04-21T21:31:31+08:00][sql] SELECT `option_value` FROM `cmf_option` WHERE  `option_name` = 'cdn_settings' LIMIT 1 [ RunTime:0.000617s ]
[2026-04-21T21:31:31+08:00][sql] SHOW FULL COLUMNS FROM `cmf_user` [ RunTime:0.001549s ]
[2026-04-21T21:31:31+08:00][sql] SELECT * FROM `cmf_user` WHERE  `id` = 1 LIMIT 1 [ RunTime:0.000584s ]
[2026-04-21T21:31:31+08:00][sql] SHOW FULL COLUMNS FROM `cmf_product_category` [ RunTime:0.001200s ]
[2026-04-21T21:31:31+08:00][sql] SELECT * FROM `cmf_product_category` ORDER BY `list_order` ASC [ RunTime:0.000539s ]
[2026-04-21T21:31:31+08:00][sql] SELECT `option_value` FROM `cmf_option` WHERE  `option_name` = 'storage' LIMIT 1 [ RunTime:0.000270s ]
[2026-04-21T21:31:34+08:00][sql] CONNECT:[ UseTime:0.001313s ] mysql:host=127.0.0.1;port=3306;dbname=weihua;charset=utf8mb4
[2026-04-21T21:31:34+08:00][sql] SHOW FULL COLUMNS FROM `cmf_option` [ RunTime:0.003014s ]
[2026-04-21T21:31:34+08:00][sql] SELECT `option_value` FROM `cmf_option` WHERE  `option_name` = 'cdn_settings' LIMIT 1 [ RunTime:0.000405s ]
[2026-04-21T21:31:34+08:00][sql] SHOW FULL COLUMNS FROM `cmf_user` [ RunTime:0.001387s ]
[2026-04-21T21:31:34+08:00][sql] SELECT * FROM `cmf_user` WHERE  `id` = 1 LIMIT 1 [ RunTime:0.000459s ]
[2026-04-21T21:31:34+08:00][sql] SHOW FULL COLUMNS FROM `cmf_product_category` [ RunTime:0.001455s ]
[2026-04-21T21:31:34+08:00][sql] SELECT * FROM `cmf_product_category` WHERE  `parent_id` = 0 [ RunTime:0.000928s ]
[2026-04-21T21:31:36+08:00][sql] CONNECT:[ UseTime:0.001557s ] mysql:host=127.0.0.1;port=3306;dbname=weihua;charset=utf8mb4
[2026-04-21T21:31:36+08:00][sql] SHOW FULL COLUMNS FROM `cmf_option` [ RunTime:0.004210s ]
[2026-04-21T21:31:36+08:00][sql] SELECT `option_value` FROM `cmf_option` WHERE  `option_name` = 'cdn_settings' LIMIT 1 [ RunTime:0.000381s ]
[2026-04-21T21:31:36+08:00][sql] SHOW FULL COLUMNS FROM `cmf_user` [ RunTime:0.001569s ]
[2026-04-21T21:31:36+08:00][sql] SELECT * FROM `cmf_user` WHERE  `id` = 1 LIMIT 1 [ RunTime:0.000634s ]
[2026-04-21T21:31:36+08:00][sql] SHOW FULL COLUMNS FROM `cmf_product_category` [ RunTime:0.002272s ]
[2026-04-21T21:31:36+08:00][sql] SELECT * FROM `cmf_product_category` ORDER BY `list_order` ASC [ RunTime:0.000756s ]
[2026-04-21T21:31:36+08:00][sql] SELECT `option_value` FROM `cmf_option` WHERE  `option_name` = 'storage' LIMIT 1 [ RunTime:0.000213s ]
[2026-04-21T21:31:37+08:00][sql] CONNECT:[ UseTime:0.001150s ] mysql:host=127.0.0.1;port=3306;dbname=weihua;charset=utf8mb4
[2026-04-21T21:31:37+08:00][sql] SHOW FULL COLUMNS FROM `cmf_option` [ RunTime:0.003919s ]
[2026-04-21T21:31:37+08:00][sql] SELECT `option_value` FROM `cmf_option` WHERE  `option_name` = 'cdn_settings' LIMIT 1 [ RunTime:0.000846s ]
[2026-04-21T21:31:37+08:00][sql] SHOW FULL COLUMNS FROM `cmf_user` [ RunTime:0.003106s ]
[2026-04-21T21:31:37+08:00][sql] SELECT * FROM `cmf_user` WHERE  `id` = 1 LIMIT 1 [ RunTime:0.000552s ]
[2026-04-21T21:31:37+08:00][sql] SHOW FULL COLUMNS FROM `cmf_product_category` [ RunTime:0.001142s ]
[2026-04-21T21:31:37+08:00][sql] SELECT * FROM `cmf_product_category` WHERE  `parent_id` = 0 [ RunTime:0.000577s ]
[2026-04-21T21:31:37+08:00][sql] SELECT * FROM `cmf_product_category` WHERE  `id` = 18 LIMIT 1 [ RunTime:0.000514s ]
[2026-04-21T21:32:39+08:00][sql] CONNECT:[ UseTime:0.001844s ] mysql:host=127.0.0.1;port=3306;dbname=weihua;charset=utf8mb4
[2026-04-21T21:32:39+08:00][sql] SHOW FULL COLUMNS FROM `cmf_option` [ RunTime:0.005367s ]
[2026-04-21T21:32:39+08:00][sql] SELECT `option_value` FROM `cmf_option` WHERE  `option_name` = 'cdn_settings' LIMIT 1 [ RunTime:0.000977s ]
[2026-04-21T21:32:39+08:00][sql] SHOW FULL COLUMNS FROM `cmf_user` [ RunTime:0.001984s ]
[2026-04-21T21:32:39+08:00][sql] SELECT * FROM `cmf_user` WHERE  `id` = 1 LIMIT 1 [ RunTime:0.000592s ]
[2026-04-21T21:32:39+08:00][sql] SHOW FULL COLUMNS FROM `cmf_product_category` [ RunTime:0.001644s ]
[2026-04-21T21:32:39+08:00][sql] SELECT `id` FROM `cmf_product_category` WHERE  `name` = 'Bridge Crane'  AND `id` <> 18 LIMIT 1 [ RunTime:0.000897s ]
[2026-04-21T21:32:39+08:00][sql] SELECT * FROM `cmf_product_category` WHERE  `id` = 18 LIMIT 1 [ RunTime:0.000466s ]
[2026-04-21T21:32:39+08:00][sql] UPDATE `cmf_product_category`  SET `recommend` = 1  WHERE  `id` = 18 [ RunTime:0.000918s ]
[2026-04-21T21:32:39+08:00][sql] SHOW FULL COLUMNS FROM `cmf_route` [ RunTime:0.001570s ]
[2026-04-21T21:32:39+08:00][sql] SELECT * FROM `cmf_route` WHERE  `full_url` = 'portal/index/product?id=18' LIMIT 1 [ RunTime:0.000545s ]
[2026-04-21T21:32:39+08:00][sql] UPDATE `cmf_route`  SET `url` = 'BridgeCrane' , `list_order` = '1' , `type` = 2  WHERE  `id` = 87 [ RunTime:0.000343s ]
[2026-04-21T21:32:39+08:00][sql] SELECT * FROM `cmf_route` WHERE  `status` = 1 ORDER BY `list_order` ASC [ RunTime:0.000317s ]
[2026-04-21T21:32:40+08:00][sql] CONNECT:[ UseTime:0.001559s ] mysql:host=127.0.0.1;port=3306;dbname=weihua;charset=utf8mb4
[2026-04-21T21:32:40+08:00][sql] SHOW FULL COLUMNS FROM `cmf_option` [ RunTime:0.002615s ]
[2026-04-21T21:32:40+08:00][sql] SELECT `option_value` FROM `cmf_option` WHERE  `option_name` = 'cdn_settings' LIMIT 1 [ RunTime:0.000383s ]
[2026-04-21T21:32:40+08:00][sql] SHOW FULL COLUMNS FROM `cmf_user` [ RunTime:0.001879s ]
[2026-04-21T21:32:40+08:00][sql] SELECT * FROM `cmf_user` WHERE  `id` = 1 LIMIT 1 [ RunTime:0.000624s ]
[2026-04-21T21:32:40+08:00][sql] SHOW FULL COLUMNS FROM `cmf_admin_menu` [ RunTime:0.001701s ]
[2026-04-21T21:32:40+08:00][sql] SELECT * FROM `cmf_admin_menu` ORDER BY `app` ASC,`controller` ASC,`action` ASC [ RunTime:0.000855s ]
[2026-04-21T21:32:40+08:00][sql] CONNECT:[ UseTime:0.001134s ] mysql:host=127.0.0.1;port=3306;dbname=weihua;charset=utf8mb4
[2026-04-21T21:32:40+08:00][sql] SHOW FULL COLUMNS FROM `cmf_option` [ RunTime:0.002098s ]
[2026-04-21T21:32:40+08:00][sql] SELECT `option_value` FROM `cmf_option` WHERE  `option_name` = 'cdn_settings' LIMIT 1 [ RunTime:0.000561s ]
[2026-04-21T21:32:40+08:00][sql] SHOW FULL COLUMNS FROM `cmf_user` [ RunTime:0.003136s ]
[2026-04-21T21:32:40+08:00][sql] SELECT * FROM `cmf_user` WHERE  `id` = 1 LIMIT 1 [ RunTime:0.000541s ]
[2026-04-21T21:32:40+08:00][sql] SELECT `option_value` FROM `cmf_option` WHERE  `option_name` = 'cdn_settings' LIMIT 1 [ RunTime:0.000186s ]
[2026-04-21T21:32:40+08:00][sql] SELECT `option_value` FROM `cmf_option` WHERE  `option_name` = 'cmf_settings' LIMIT 1 [ RunTime:0.000151s ]
[2026-04-21T21:32:40+08:00][sql] SELECT `option_value` FROM `cmf_option` WHERE  `option_name` = 'storage' LIMIT 1 [ RunTime:0.000360s ]
[2026-04-21T21:32:40+08:00][sql] CONNECT:[ UseTime:0.001178s ] mysql:host=127.0.0.1;port=3306;dbname=weihua;charset=utf8mb4
[2026-04-21T21:32:40+08:00][sql] SHOW FULL COLUMNS FROM `cmf_option` [ RunTime:0.001953s ]
[2026-04-21T21:32:40+08:00][sql] SELECT `option_value` FROM `cmf_option` WHERE  `option_name` = 'cdn_settings' LIMIT 1 [ RunTime:0.000255s ]
[2026-04-21T21:32:40+08:00][sql] SHOW FULL COLUMNS FROM `cmf_user` [ RunTime:0.001297s ]
[2026-04-21T21:32:40+08:00][sql] SELECT * FROM `cmf_user` WHERE  `id` = 1 LIMIT 1 [ RunTime:0.000427s ]
[2026-04-21T21:32:40+08:00][sql] SHOW FULL COLUMNS FROM `cmf_product_category` [ RunTime:0.001732s ]
[2026-04-21T21:32:40+08:00][sql] SELECT * FROM `cmf_product_category` ORDER BY `list_order` ASC [ RunTime:0.000581s ]
[2026-04-21T21:32:40+08:00][sql] SELECT `option_value` FROM `cmf_option` WHERE  `option_name` = 'storage' LIMIT 1 [ RunTime:0.000403s ]
[2026-04-21T21:32:42+08:00][sql] CONNECT:[ UseTime:0.001566s ] mysql:host=127.0.0.1;port=3306;dbname=weihua;charset=utf8mb4
[2026-04-21T21:32:42+08:00][sql] SHOW FULL COLUMNS FROM `cmf_option` [ RunTime:0.003288s ]
[2026-04-21T21:32:42+08:00][sql] SELECT `option_value` FROM `cmf_option` WHERE  `option_name` = 'cdn_settings' LIMIT 1 [ RunTime:0.000524s ]
[2026-04-21T21:32:42+08:00][sql] SHOW FULL COLUMNS FROM `cmf_user` [ RunTime:0.001978s ]
[2026-04-21T21:32:42+08:00][sql] SELECT * FROM `cmf_user` WHERE  `id` = 1 LIMIT 1 [ RunTime:0.000475s ]
[2026-04-21T21:32:42+08:00][sql] SHOW FULL COLUMNS FROM `cmf_product_category` [ RunTime:0.001024s ]
[2026-04-21T21:32:42+08:00][sql] SELECT * FROM `cmf_product_category` WHERE  `parent_id` = 0 [ RunTime:0.000467s ]
[2026-04-21T21:32:42+08:00][sql] SELECT * FROM `cmf_product_category` WHERE  `id` = 18 LIMIT 1 [ RunTime:0.000511s ]
[2026-04-21T21:32:44+08:00][sql] CONNECT:[ UseTime:0.001167s ] mysql:host=127.0.0.1;port=3306;dbname=weihua;charset=utf8mb4
[2026-04-21T21:32:44+08:00][sql] SHOW FULL COLUMNS FROM `cmf_option` [ RunTime:0.002691s ]
[2026-04-21T21:32:44+08:00][sql] SELECT `option_value` FROM `cmf_option` WHERE  `option_name` = 'cdn_settings' LIMIT 1 [ RunTime:0.000433s ]
[2026-04-21T21:32:44+08:00][sql] SHOW FULL COLUMNS FROM `cmf_user` [ RunTime:0.001476s ]
[2026-04-21T21:32:44+08:00][sql] SELECT * FROM `cmf_user` WHERE  `id` = 1 LIMIT 1 [ RunTime:0.000463s ]
[2026-04-21T21:32:44+08:00][sql] SHOW FULL COLUMNS FROM `cmf_product_category` [ RunTime:0.001818s ]
[2026-04-21T21:32:44+08:00][sql] SELECT `id` FROM `cmf_product_category` WHERE  `name` = 'Bridge Crane'  AND `id` <> 18 LIMIT 1 [ RunTime:0.000367s ]
[2026-04-21T21:32:44+08:00][sql] SELECT * FROM `cmf_product_category` WHERE  `id` = 18 LIMIT 1 [ RunTime:0.000236s ]
[2026-04-21T21:32:44+08:00][sql] SHOW FULL COLUMNS FROM `cmf_route` [ RunTime:0.000959s ]
[2026-04-21T21:32:44+08:00][sql] SELECT * FROM `cmf_route` WHERE  `full_url` = 'portal/index/product?id=18' LIMIT 1 [ RunTime:0.000262s ]
[2026-04-21T21:32:44+08:00][sql] UPDATE `cmf_route`  SET `url` = 'BridgeCrane' , `list_order` = '1' , `type` = 2  WHERE  `id` = 87 [ RunTime:0.000269s ]
[2026-04-21T21:32:44+08:00][sql] SELECT * FROM `cmf_route` WHERE  `status` = 1 ORDER BY `list_order` ASC [ RunTime:0.000348s ]
[2026-04-21T21:32:45+08:00][sql] CONNECT:[ UseTime:0.001334s ] mysql:host=127.0.0.1;port=3306;dbname=weihua;charset=utf8mb4
[2026-04-21T21:32:45+08:00][sql] SHOW FULL COLUMNS FROM `cmf_option` [ RunTime:0.002590s ]
[2026-04-21T21:32:45+08:00][sql] SELECT `option_value` FROM `cmf_option` WHERE  `option_name` = 'cdn_settings' LIMIT 1 [ RunTime:0.000343s ]
[2026-04-21T21:32:45+08:00][sql] SHOW FULL COLUMNS FROM `cmf_user` [ RunTime:0.001514s ]
[2026-04-21T21:32:45+08:00][sql] SELECT * FROM `cmf_user` WHERE  `id` = 1 LIMIT 1 [ RunTime:0.000546s ]
[2026-04-21T21:32:45+08:00][sql] SHOW FULL COLUMNS FROM `cmf_admin_menu` [ RunTime:0.001360s ]
[2026-04-21T21:32:45+08:00][sql] SELECT * FROM `cmf_admin_menu` ORDER BY `app` ASC,`controller` ASC,`action` ASC [ RunTime:0.000868s ]
[2026-04-21T21:32:45+08:00][sql] CONNECT:[ UseTime:0.000632s ] mysql:host=127.0.0.1;port=3306;dbname=weihua;charset=utf8mb4
[2026-04-21T21:32:45+08:00][sql] SHOW FULL COLUMNS FROM `cmf_option` [ RunTime:0.001535s ]
[2026-04-21T21:32:45+08:00][sql] SELECT `option_value` FROM `cmf_option` WHERE  `option_name` = 'cdn_settings' LIMIT 1 [ RunTime:0.000367s ]
[2026-04-21T21:32:45+08:00][sql] SHOW FULL COLUMNS FROM `cmf_user` [ RunTime:0.001348s ]
[2026-04-21T21:32:45+08:00][sql] SELECT * FROM `cmf_user` WHERE  `id` = 1 LIMIT 1 [ RunTime:0.000376s ]
[2026-04-21T21:32:45+08:00][sql] SELECT `option_value` FROM `cmf_option` WHERE  `option_name` = 'cdn_settings' LIMIT 1 [ RunTime:0.000335s ]
[2026-04-21T21:32:45+08:00][sql] SELECT `option_value` FROM `cmf_option` WHERE  `option_name` = 'cmf_settings' LIMIT 1 [ RunTime:0.000224s ]
[2026-04-21T21:32:45+08:00][sql] SELECT `option_value` FROM `cmf_option` WHERE  `option_name` = 'storage' LIMIT 1 [ RunTime:0.000196s ]
[2026-04-21T21:32:45+08:00][sql] CONNECT:[ UseTime:0.000447s ] mysql:host=127.0.0.1;port=3306;dbname=weihua;charset=utf8mb4
[2026-04-21T21:32:45+08:00][sql] SHOW FULL COLUMNS FROM `cmf_option` [ RunTime:0.001229s ]
[2026-04-21T21:32:45+08:00][sql] SELECT `option_value` FROM `cmf_option` WHERE  `option_name` = 'cdn_settings' LIMIT 1 [ RunTime:0.000293s ]
[2026-04-21T21:32:45+08:00][sql] SHOW FULL COLUMNS FROM `cmf_user` [ RunTime:0.001655s ]
[2026-04-21T21:32:45+08:00][sql] SELECT * FROM `cmf_user` WHERE  `id` = 1 LIMIT 1 [ RunTime:0.000433s ]
[2026-04-21T21:32:45+08:00][sql] SHOW FULL COLUMNS FROM `cmf_product_category` [ RunTime:0.001040s ]
[2026-04-21T21:32:45+08:00][sql] SELECT * FROM `cmf_product_category` ORDER BY `list_order` ASC [ RunTime:0.000313s ]
[2026-04-21T21:32:45+08:00][sql] SELECT `option_value` FROM `cmf_option` WHERE  `option_name` = 'storage' LIMIT 1 [ RunTime:0.000228s ]
[2026-04-21T21:32:47+08:00][sql] CONNECT:[ UseTime:0.000943s ] mysql:host=127.0.0.1;port=3306;dbname=weihua;charset=utf8mb4
[2026-04-21T21:32:47+08:00][sql] SHOW FULL COLUMNS FROM `cmf_option` [ RunTime:0.002292s ]
[2026-04-21T21:32:47+08:00][sql] SELECT `option_value` FROM `cmf_option` WHERE  `option_name` = 'cdn_settings' LIMIT 1 [ RunTime:0.000308s ]
[2026-04-21T21:32:47+08:00][sql] SHOW FULL COLUMNS FROM `cmf_user` [ RunTime:0.003028s ]
[2026-04-21T21:32:47+08:00][sql] SELECT * FROM `cmf_user` WHERE  `id` = 1 LIMIT 1 [ RunTime:0.000766s ]
[2026-04-21T21:32:47+08:00][sql] SHOW FULL COLUMNS FROM `cmf_admin_menu` [ RunTime:0.001522s ]
[2026-04-21T21:32:47+08:00][sql] SELECT * FROM `cmf_admin_menu` ORDER BY `app` ASC,`controller` ASC,`action` ASC [ RunTime:0.000967s ]
[2026-04-21T21:32:47+08:00][sql] CONNECT:[ UseTime:0.000699s ] mysql:host=127.0.0.1;port=3306;dbname=weihua;charset=utf8mb4
[2026-04-21T21:32:47+08:00][sql] SHOW FULL COLUMNS FROM `cmf_option` [ RunTime:0.001461s ]
[2026-04-21T21:32:47+08:00][sql] SELECT `option_value` FROM `cmf_option` WHERE  `option_name` = 'cdn_settings' LIMIT 1 [ RunTime:0.000296s ]
[2026-04-21T21:32:47+08:00][sql] SHOW FULL COLUMNS FROM `cmf_user` [ RunTime:0.001400s ]
[2026-04-21T21:32:47+08:00][sql] SELECT * FROM `cmf_user` WHERE  `id` = 1 LIMIT 1 [ RunTime:0.000355s ]
[2026-04-21T21:32:47+08:00][sql] SELECT `option_value` FROM `cmf_option` WHERE  `option_name` = 'cdn_settings' LIMIT 1 [ RunTime:0.000190s ]
[2026-04-21T21:32:47+08:00][sql] SELECT `option_value` FROM `cmf_option` WHERE  `option_name` = 'cmf_settings' LIMIT 1 [ RunTime:0.000147s ]
[2026-04-21T21:32:47+08:00][sql] SELECT `option_value` FROM `cmf_option` WHERE  `option_name` = 'storage' LIMIT 1 [ RunTime:0.000188s ]
[2026-04-21T21:32:47+08:00][sql] CONNECT:[ UseTime:0.000470s ] mysql:host=127.0.0.1;port=3306;dbname=weihua;charset=utf8mb4
[2026-04-21T21:32:47+08:00][sql] SHOW FULL COLUMNS FROM `cmf_option` [ RunTime:0.001579s ]
[2026-04-21T21:32:47+08:00][sql] SELECT `option_value` FROM `cmf_option` WHERE  `option_name` = 'cdn_settings' LIMIT 1 [ RunTime:0.000219s ]
[2026-04-21T21:32:47+08:00][sql] SHOW FULL COLUMNS FROM `cmf_user` [ RunTime:0.001166s ]
[2026-04-21T21:32:47+08:00][sql] SELECT * FROM `cmf_user` WHERE  `id` = 1 LIMIT 1 [ RunTime:0.000356s ]
[2026-04-21T21:32:47+08:00][sql] SHOW FULL COLUMNS FROM `cmf_product_category` [ RunTime:0.001077s ]
[2026-04-21T21:32:47+08:00][sql] SELECT * FROM `cmf_product_category` ORDER BY `list_order` ASC [ RunTime:0.000565s ]
[2026-04-21T21:32:47+08:00][sql] SELECT `option_value` FROM `cmf_option` WHERE  `option_name` = 'storage' LIMIT 1 [ RunTime:0.000302s ]
[2026-04-21T21:32:47+08:00][sql] CONNECT:[ UseTime:0.001033s ] mysql:host=127.0.0.1;port=3306;dbname=weihua;charset=utf8mb4
[2026-04-21T21:32:47+08:00][sql] SHOW FULL COLUMNS FROM `cmf_option` [ RunTime:0.002221s ]
[2026-04-21T21:32:47+08:00][sql] SELECT `option_value` FROM `cmf_option` WHERE  `option_name` = 'cdn_settings' LIMIT 1 [ RunTime:0.000382s ]
[2026-04-21T21:32:47+08:00][sql] SHOW FULL COLUMNS FROM `cmf_user` [ RunTime:0.001681s ]
[2026-04-21T21:32:47+08:00][sql] SELECT * FROM `cmf_user` WHERE  `id` = 1 LIMIT 1 [ RunTime:0.000460s ]
[2026-04-21T21:32:47+08:00][sql] SHOW FULL COLUMNS FROM `cmf_admin_menu` [ RunTime:0.001636s ]
[2026-04-21T21:32:47+08:00][sql] SELECT * FROM `cmf_admin_menu` ORDER BY `app` ASC,`controller` ASC,`action` ASC [ RunTime:0.000881s ]
[2026-04-21T21:32:47+08:00][sql] CONNECT:[ UseTime:0.000477s ] mysql:host=127.0.0.1;port=3306;dbname=weihua;charset=utf8mb4
[2026-04-21T21:32:47+08:00][sql] SHOW FULL COLUMNS FROM `cmf_option` [ RunTime:0.001397s ]
[2026-04-21T21:32:47+08:00][sql] SELECT `option_value` FROM `cmf_option` WHERE  `option_name` = 'cdn_settings' LIMIT 1 [ RunTime:0.000248s ]
[2026-04-21T21:32:47+08:00][sql] SHOW FULL COLUMNS FROM `cmf_user` [ RunTime:0.001029s ]
[2026-04-21T21:32:47+08:00][sql] SELECT * FROM `cmf_user` WHERE  `id` = 1 LIMIT 1 [ RunTime:0.000262s ]
[2026-04-21T21:32:47+08:00][sql] SELECT `option_value` FROM `cmf_option` WHERE  `option_name` = 'cdn_settings' LIMIT 1 [ RunTime:0.000153s ]
[2026-04-21T21:32:47+08:00][sql] SELECT `option_value` FROM `cmf_option` WHERE  `option_name` = 'cmf_settings' LIMIT 1 [ RunTime:0.000227s ]
[2026-04-21T21:32:47+08:00][sql] SELECT `option_value` FROM `cmf_option` WHERE  `option_name` = 'storage' LIMIT 1 [ RunTime:0.000184s ]
[2026-04-21T21:32:47+08:00][sql] CONNECT:[ UseTime:0.000492s ] mysql:host=127.0.0.1;port=3306;dbname=weihua;charset=utf8mb4
[2026-04-21T21:32:47+08:00][sql] SHOW FULL COLUMNS FROM `cmf_option` [ RunTime:0.001272s ]
[2026-04-21T21:32:47+08:00][sql] SELECT `option_value` FROM `cmf_option` WHERE  `option_name` = 'cdn_settings' LIMIT 1 [ RunTime:0.000210s ]
[2026-04-21T21:32:47+08:00][sql] SHOW FULL COLUMNS FROM `cmf_user` [ RunTime:0.000978s ]
[2026-04-21T21:32:47+08:00][sql] SELECT * FROM `cmf_user` WHERE  `id` = 1 LIMIT 1 [ RunTime:0.000326s ]
[2026-04-21T21:32:47+08:00][sql] SHOW FULL COLUMNS FROM `cmf_product_category` [ RunTime:0.000853s ]
[2026-04-21T21:32:47+08:00][sql] SELECT * FROM `cmf_product_category` ORDER BY `list_order` ASC [ RunTime:0.000229s ]
[2026-04-21T21:32:47+08:00][sql] SELECT `option_value` FROM `cmf_option` WHERE  `option_name` = 'storage' LIMIT 1 [ RunTime:0.000155s ]
[2026-04-21T21:32:48+08:00][sql] CONNECT:[ UseTime:0.001404s ] mysql:host=127.0.0.1;port=3306;dbname=weihua;charset=utf8mb4
[2026-04-21T21:32:48+08:00][sql] SHOW FULL COLUMNS FROM `cmf_option` [ RunTime:0.002475s ]
[2026-04-21T21:32:48+08:00][sql] SELECT `option_value` FROM `cmf_option` WHERE  `option_name` = 'cdn_settings' LIMIT 1 [ RunTime:0.000398s ]
[2026-04-21T21:32:48+08:00][sql] SHOW FULL COLUMNS FROM `cmf_user` [ RunTime:0.001483s ]
[2026-04-21T21:32:48+08:00][sql] SELECT * FROM `cmf_user` WHERE  `id` = 1 LIMIT 1 [ RunTime:0.000463s ]
[2026-04-21T21:32:48+08:00][sql] SHOW FULL COLUMNS FROM `cmf_product_category` [ RunTime:0.001062s ]
[2026-04-21T21:32:48+08:00][sql] SELECT * FROM `cmf_product_category` WHERE  `parent_id` = 0 [ RunTime:0.000321s ]
[2026-04-21T21:32:48+08:00][sql] SELECT * FROM `cmf_product_category` WHERE  `id` = 18 LIMIT 1 [ RunTime:0.000217s ]
[2026-04-21T21:32:51+08:00][sql] CONNECT:[ UseTime:0.001311s ] mysql:host=127.0.0.1;port=3306;dbname=weihua;charset=utf8mb4
[2026-04-21T21:32:51+08:00][sql] SHOW FULL COLUMNS FROM `cmf_option` [ RunTime:0.003167s ]
[2026-04-21T21:32:51+08:00][sql] SELECT `option_value` FROM `cmf_option` WHERE  `option_name` = 'cdn_settings' LIMIT 1 [ RunTime:0.000515s ]
[2026-04-21T21:32:51+08:00][sql] SHOW FULL COLUMNS FROM `cmf_user` [ RunTime:0.001404s ]
[2026-04-21T21:32:51+08:00][sql] SELECT * FROM `cmf_user` WHERE  `id` = 1 LIMIT 1 [ RunTime:0.000767s ]
[2026-04-21T21:32:51+08:00][sql] SHOW FULL COLUMNS FROM `cmf_product_category` [ RunTime:0.002951s ]
[2026-04-21T21:32:51+08:00][sql] SELECT `id` FROM `cmf_product_category` WHERE  `name` = 'Bridge Crane'  AND `id` <> 18 LIMIT 1 [ RunTime:0.000501s ]
[2026-04-21T21:32:51+08:00][sql] SELECT * FROM `cmf_product_category` WHERE  `id` = 18 LIMIT 1 [ RunTime:0.000242s ]
[2026-04-21T21:32:51+08:00][sql] SHOW FULL COLUMNS FROM `cmf_route` [ RunTime:0.001052s ]
[2026-04-21T21:32:51+08:00][sql] SELECT * FROM `cmf_route` WHERE  `full_url` = 'portal/index/product?id=18' LIMIT 1 [ RunTime:0.000239s ]
[2026-04-21T21:32:51+08:00][sql] UPDATE `cmf_route`  SET `url` = 'BridgeCrane' , `list_order` = '1' , `type` = 2  WHERE  `id` = 87 [ RunTime:0.000236s ]
[2026-04-21T21:32:51+08:00][sql] SELECT * FROM `cmf_route` WHERE  `status` = 1 ORDER BY `list_order` ASC [ RunTime:0.000296s ]
[2026-04-21T21:32:58+08:00][sql] CONNECT:[ UseTime:0.000663s ] mysql:host=127.0.0.1;port=3306;dbname=weihua;charset=utf8mb4
[2026-04-21T21:32:58+08:00][sql] SHOW FULL COLUMNS FROM `cmf_option` [ RunTime:0.001324s ]
[2026-04-21T21:32:58+08:00][sql] SELECT `option_value` FROM `cmf_option` WHERE  `option_name` = 'cdn_settings' LIMIT 1 [ RunTime:0.000482s ]
[2026-04-21T21:32:58+08:00][sql] SHOW FULL COLUMNS FROM `cmf_user` [ RunTime:0.001331s ]
[2026-04-21T21:32:58+08:00][sql] SELECT * FROM `cmf_user` WHERE  `id` = 1 LIMIT 1 [ RunTime:0.000279s ]
[2026-04-21T21:32:58+08:00][sql] SHOW FULL COLUMNS FROM `cmf_admin_menu` [ RunTime:0.001000s ]
[2026-04-21T21:32:58+08:00][sql] SELECT * FROM `cmf_admin_menu` ORDER BY `app` ASC,`controller` ASC,`action` ASC [ RunTime:0.000743s ]
[2026-04-21T21:32:58+08:00][sql] CONNECT:[ UseTime:0.000582s ] mysql:host=127.0.0.1;port=3306;dbname=weihua;charset=utf8mb4
[2026-04-21T21:32:58+08:00][sql] SHOW FULL COLUMNS FROM `cmf_option` [ RunTime:0.001389s ]
[2026-04-21T21:32:58+08:00][sql] SELECT `option_value` FROM `cmf_option` WHERE  `option_name` = 'cdn_settings' LIMIT 1 [ RunTime:0.000265s ]
[2026-04-21T21:32:58+08:00][sql] SHOW FULL COLUMNS FROM `cmf_user` [ RunTime:0.001075s ]
[2026-04-21T21:32:58+08:00][sql] SELECT * FROM `cmf_user` WHERE  `id` = 1 LIMIT 1 [ RunTime:0.000293s ]
[2026-04-21T21:32:58+08:00][sql] SELECT `option_value` FROM `cmf_option` WHERE  `option_name` = 'cdn_settings' LIMIT 1 [ RunTime:0.000163s ]
[2026-04-21T21:32:58+08:00][sql] SELECT `option_value` FROM `cmf_option` WHERE  `option_name` = 'cmf_settings' LIMIT 1 [ RunTime:0.000163s ]
[2026-04-21T21:32:58+08:00][sql] SELECT `option_value` FROM `cmf_option` WHERE  `option_name` = 'storage' LIMIT 1 [ RunTime:0.000230s ]
[2026-04-21T21:32:58+08:00][sql] CONNECT:[ UseTime:0.000627s ] mysql:host=127.0.0.1;port=3306;dbname=weihua;charset=utf8mb4
[2026-04-21T21:32:58+08:00][sql] SHOW FULL COLUMNS FROM `cmf_option` [ RunTime:0.001720s ]
[2026-04-21T21:32:58+08:00][sql] SELECT `option_value` FROM `cmf_option` WHERE  `option_name` = 'cdn_settings' LIMIT 1 [ RunTime:0.000259s ]
[2026-04-21T21:32:58+08:00][sql] SHOW FULL COLUMNS FROM `cmf_user` [ RunTime:0.001024s ]
[2026-04-21T21:32:58+08:00][sql] SELECT * FROM `cmf_user` WHERE  `id` = 1 LIMIT 1 [ RunTime:0.000250s ]
[2026-04-21T21:32:58+08:00][sql] SHOW FULL COLUMNS FROM `cmf_product_category` [ RunTime:0.000905s ]
[2026-04-21T21:32:58+08:00][sql] SELECT * FROM `cmf_product_category` ORDER BY `list_order` ASC [ RunTime:0.000203s ]
[2026-04-21T21:32:58+08:00][sql] SELECT `option_value` FROM `cmf_option` WHERE  `option_name` = 'storage' LIMIT 1 [ RunTime:0.000207s ]
[2026-04-21T21:32:59+08:00][sql] CONNECT:[ UseTime:0.001167s ] mysql:host=127.0.0.1;port=3306;dbname=weihua;charset=utf8mb4
[2026-04-21T21:32:59+08:00][sql] SHOW FULL COLUMNS FROM `cmf_option` [ RunTime:0.001607s ]
[2026-04-21T21:32:59+08:00][sql] SELECT `option_value` FROM `cmf_option` WHERE  `option_name` = 'cdn_settings' LIMIT 1 [ RunTime:0.000680s ]
[2026-04-21T21:32:59+08:00][sql] SHOW FULL COLUMNS FROM `cmf_user` [ RunTime:0.001494s ]
[2026-04-21T21:32:59+08:00][sql] SELECT * FROM `cmf_user` WHERE  `id` = 1 LIMIT 1 [ RunTime:0.000444s ]
[2026-04-21T21:32:59+08:00][sql] SHOW FULL COLUMNS FROM `cmf_admin_menu` [ RunTime:0.001281s ]
[2026-04-21T21:32:59+08:00][sql] SELECT * FROM `cmf_admin_menu` ORDER BY `app` ASC,`controller` ASC,`action` ASC [ RunTime:0.000991s ]
[2026-04-21T21:32:59+08:00][sql] CONNECT:[ UseTime:0.000577s ] mysql:host=127.0.0.1;port=3306;dbname=weihua;charset=utf8mb4
[2026-04-21T21:32:59+08:00][sql] SHOW FULL COLUMNS FROM `cmf_option` [ RunTime:0.001535s ]
[2026-04-21T21:32:59+08:00][sql] SELECT `option_value` FROM `cmf_option` WHERE  `option_name` = 'cdn_settings' LIMIT 1 [ RunTime:0.000306s ]
[2026-04-21T21:32:59+08:00][sql] SHOW FULL COLUMNS FROM `cmf_user` [ RunTime:0.001647s ]
[2026-04-21T21:32:59+08:00][sql] SELECT * FROM `cmf_user` WHERE  `id` = 1 LIMIT 1 [ RunTime:0.000426s ]
[2026-04-21T21:32:59+08:00][sql] SELECT `option_value` FROM `cmf_option` WHERE  `option_name` = 'cdn_settings' LIMIT 1 [ RunTime:0.000268s ]
[2026-04-21T21:32:59+08:00][sql] SELECT `option_value` FROM `cmf_option` WHERE  `option_name` = 'cmf_settings' LIMIT 1 [ RunTime:0.000221s ]
[2026-04-21T21:32:59+08:00][sql] SELECT `option_value` FROM `cmf_option` WHERE  `option_name` = 'storage' LIMIT 1 [ RunTime:0.000532s ]
[2026-04-21T21:32:59+08:00][sql] CONNECT:[ UseTime:0.000841s ] mysql:host=127.0.0.1;port=3306;dbname=weihua;charset=utf8mb4
[2026-04-21T21:32:59+08:00][sql] SHOW FULL COLUMNS FROM `cmf_option` [ RunTime:0.001511s ]
[2026-04-21T21:32:59+08:00][sql] SELECT `option_value` FROM `cmf_option` WHERE  `option_name` = 'cdn_settings' LIMIT 1 [ RunTime:0.000265s ]
[2026-04-21T21:32:59+08:00][sql] SHOW FULL COLUMNS FROM `cmf_user` [ RunTime:0.001140s ]
[2026-04-21T21:32:59+08:00][sql] SELECT * FROM `cmf_user` WHERE  `id` = 1 LIMIT 1 [ RunTime:0.000321s ]
[2026-04-21T21:32:59+08:00][sql] SHOW FULL COLUMNS FROM `cmf_product_category` [ RunTime:0.000919s ]
[2026-04-21T21:32:59+08:00][sql] SELECT * FROM `cmf_product_category` ORDER BY `list_order` ASC [ RunTime:0.000235s ]
[2026-04-21T21:32:59+08:00][sql] SELECT `option_value` FROM `cmf_option` WHERE  `option_name` = 'storage' LIMIT 1 [ RunTime:0.000255s ]
[2026-04-21T21:33:46+08:00][sql] CONNECT:[ UseTime:0.003170s ] mysql:host=127.0.0.1;port=3306;dbname=weihua;charset=utf8mb4
[2026-04-21T21:33:46+08:00][sql] SHOW FULL COLUMNS FROM `cmf_option` [ RunTime:0.004855s ]
[2026-04-21T21:33:46+08:00][sql] SELECT `option_value` FROM `cmf_option` WHERE  `option_name` = 'cdn_settings' LIMIT 1 [ RunTime:0.000808s ]
[2026-04-21T21:33:46+08:00][sql] SHOW FULL COLUMNS FROM `cmf_user` [ RunTime:0.003058s ]
[2026-04-21T21:33:46+08:00][sql] SELECT * FROM `cmf_user` WHERE  `id` = 1 LIMIT 1 [ RunTime:0.001196s ]
[2026-04-21T21:33:46+08:00][sql] SHOW FULL COLUMNS FROM `cmf_product_category` [ RunTime:0.002439s ]
[2026-04-21T21:33:46+08:00][sql] SELECT * FROM `cmf_product_category` WHERE  `parent_id` = 0 [ RunTime:0.000866s ]
[2026-04-21T21:33:46+08:00][sql] SELECT * FROM `cmf_product_category` WHERE  `id` = 18 LIMIT 1 [ RunTime:0.000424s ]
[2026-04-21T21:33:47+08:00][sql] CONNECT:[ UseTime:0.001663s ] mysql:host=127.0.0.1;port=3306;dbname=weihua;charset=utf8mb4
[2026-04-21T21:33:47+08:00][sql] SHOW FULL COLUMNS FROM `cmf_option` [ RunTime:0.003026s ]
[2026-04-21T21:33:47+08:00][sql] SELECT `option_value` FROM `cmf_option` WHERE  `option_name` = 'cdn_settings' LIMIT 1 [ RunTime:0.000548s ]
[2026-04-21T21:33:47+08:00][sql] SHOW FULL COLUMNS FROM `cmf_user` [ RunTime:0.001502s ]
[2026-04-21T21:33:47+08:00][sql] SELECT * FROM `cmf_user` WHERE  `id` = 1 LIMIT 1 [ RunTime:0.000545s ]
[2026-04-21T21:33:47+08:00][sql] SHOW FULL COLUMNS FROM `cmf_product_category` [ RunTime:0.001358s ]
[2026-04-21T21:33:47+08:00][sql] SELECT `id` FROM `cmf_product_category` WHERE  `name` = 'Bridge Crane'  AND `id` <> 18 LIMIT 1 [ RunTime:0.000396s ]
[2026-04-21T21:33:47+08:00][sql] SELECT * FROM `cmf_product_category` WHERE  `id` = 18 LIMIT 1 [ RunTime:0.000228s ]
[2026-04-21T21:33:47+08:00][sql] SHOW FULL COLUMNS FROM `cmf_route` [ RunTime:0.001160s ]
[2026-04-21T21:33:47+08:00][sql] SELECT * FROM `cmf_route` WHERE  `full_url` = 'portal/index/product?id=18' LIMIT 1 [ RunTime:0.000531s ]
[2026-04-21T21:33:47+08:00][sql] UPDATE `cmf_route`  SET `url` = 'BridgeCrane' , `list_order` = '1' , `type` = 2  WHERE  `id` = 87 [ RunTime:0.000372s ]
[2026-04-21T21:33:47+08:00][sql] SELECT * FROM `cmf_route` WHERE  `status` = 1 ORDER BY `list_order` ASC [ RunTime:0.000322s ]
[2026-04-21T21:34:06+08:00][sql] CONNECT:[ UseTime:0.001386s ] mysql:host=127.0.0.1;port=3306;dbname=weihua;charset=utf8mb4
[2026-04-21T21:34:06+08:00][sql] SHOW FULL COLUMNS FROM `cmf_option` [ RunTime:0.002990s ]
[2026-04-21T21:34:06+08:00][sql] SELECT `option_value` FROM `cmf_option` WHERE  `option_name` = 'cdn_settings' LIMIT 1 [ RunTime:0.000473s ]
[2026-04-21T21:34:06+08:00][sql] SHOW FULL COLUMNS FROM `cmf_user` [ RunTime:0.001608s ]
[2026-04-21T21:34:06+08:00][sql] SELECT * FROM `cmf_user` WHERE  `id` = 1 LIMIT 1 [ RunTime:0.000431s ]
[2026-04-21T21:34:06+08:00][sql] SHOW FULL COLUMNS FROM `cmf_product_category` [ RunTime:0.001275s ]
[2026-04-21T21:34:06+08:00][sql] SELECT `id` FROM `cmf_product_category` WHERE  `name` = 'Bridge Crane'  AND `id` <> 18 LIMIT 1 [ RunTime:0.000483s ]
[2026-04-21T21:34:06+08:00][sql] SELECT * FROM `cmf_product_category` WHERE  `id` = 18 LIMIT 1 [ RunTime:0.000254s ]
[2026-04-21T21:34:06+08:00][sql] SHOW FULL COLUMNS FROM `cmf_route` [ RunTime:0.001005s ]
[2026-04-21T21:34:06+08:00][sql] SELECT * FROM `cmf_route` WHERE  `full_url` = 'portal/index/product?id=18' LIMIT 1 [ RunTime:0.000291s ]
[2026-04-21T21:34:06+08:00][sql] UPDATE `cmf_route`  SET `url` = 'BridgeCrane' , `list_order` = '1' , `type` = 2  WHERE  `id` = 87 [ RunTime:0.000245s ]
[2026-04-21T21:34:06+08:00][sql] SELECT * FROM `cmf_route` WHERE  `status` = 1 ORDER BY `list_order` ASC [ RunTime:0.000202s ]
[2026-04-21T21:34:20+08:00][sql] CONNECT:[ UseTime:0.001404s ] mysql:host=127.0.0.1;port=3306;dbname=weihua;charset=utf8mb4
[2026-04-21T21:34:20+08:00][sql] SHOW FULL COLUMNS FROM `cmf_option` [ RunTime:0.002302s ]
[2026-04-21T21:34:20+08:00][sql] SELECT `option_value` FROM `cmf_option` WHERE  `option_name` = 'cdn_settings' LIMIT 1 [ RunTime:0.000393s ]
[2026-04-21T21:34:20+08:00][sql] SHOW FULL COLUMNS FROM `cmf_user` [ RunTime:0.001511s ]
[2026-04-21T21:34:20+08:00][sql] SELECT * FROM `cmf_user` WHERE  `id` = 1 LIMIT 1 [ RunTime:0.000537s ]
[2026-04-21T21:34:20+08:00][sql] SHOW FULL COLUMNS FROM `cmf_product_category` [ RunTime:0.001375s ]
[2026-04-21T21:34:20+08:00][sql] SELECT * FROM `cmf_product_category` ORDER BY `list_order` ASC [ RunTime:0.000742s ]
[2026-04-21T21:34:20+08:00][sql] SELECT `option_value` FROM `cmf_option` WHERE  `option_name` = 'storage' LIMIT 1 [ RunTime:0.000393s ]
[2026-04-21T21:34:21+08:00][sql] CONNECT:[ UseTime:0.000703s ] mysql:host=127.0.0.1;port=3306;dbname=weihua;charset=utf8mb4
[2026-04-21T21:34:21+08:00][sql] SHOW FULL COLUMNS FROM `cmf_option` [ RunTime:0.001547s ]
[2026-04-21T21:34:21+08:00][sql] SELECT `option_value` FROM `cmf_option` WHERE  `option_name` = 'cdn_settings' LIMIT 1 [ RunTime:0.000275s ]
[2026-04-21T21:34:21+08:00][sql] SHOW FULL COLUMNS FROM `cmf_user` [ RunTime:0.001131s ]
[2026-04-21T21:34:21+08:00][sql] SELECT * FROM `cmf_user` WHERE  `id` = 1 LIMIT 1 [ RunTime:0.000364s ]
[2026-04-21T21:34:21+08:00][sql] SHOW FULL COLUMNS FROM `cmf_admin_menu` [ RunTime:0.001836s ]
[2026-04-21T21:34:21+08:00][sql] SELECT * FROM `cmf_admin_menu` ORDER BY `app` ASC,`controller` ASC,`action` ASC [ RunTime:0.000824s ]
[2026-04-21T21:34:22+08:00][sql] CONNECT:[ UseTime:0.000668s ] mysql:host=127.0.0.1;port=3306;dbname=weihua;charset=utf8mb4
[2026-04-21T21:34:22+08:00][sql] SHOW FULL COLUMNS FROM `cmf_option` [ RunTime:0.001547s ]
[2026-04-21T21:34:22+08:00][sql] SELECT `option_value` FROM `cmf_option` WHERE  `option_name` = 'cdn_settings' LIMIT 1 [ RunTime:0.000275s ]
[2026-04-21T21:34:22+08:00][sql] SHOW FULL COLUMNS FROM `cmf_user` [ RunTime:0.001317s ]
[2026-04-21T21:34:22+08:00][sql] SELECT * FROM `cmf_user` WHERE  `id` = 1 LIMIT 1 [ RunTime:0.000338s ]
[2026-04-21T21:34:22+08:00][sql] SELECT `option_value` FROM `cmf_option` WHERE  `option_name` = 'cdn_settings' LIMIT 1 [ RunTime:0.000433s ]
[2026-04-21T21:34:22+08:00][sql] SELECT `option_value` FROM `cmf_option` WHERE  `option_name` = 'cmf_settings' LIMIT 1 [ RunTime:0.000376s ]
[2026-04-21T21:34:22+08:00][sql] SELECT `option_value` FROM `cmf_option` WHERE  `option_name` = 'storage' LIMIT 1 [ RunTime:0.000214s ]
[2026-04-21T21:34:22+08:00][sql] CONNECT:[ UseTime:0.000571s ] mysql:host=127.0.0.1;port=3306;dbname=weihua;charset=utf8mb4
[2026-04-21T21:34:22+08:00][sql] SHOW FULL COLUMNS FROM `cmf_option` [ RunTime:0.001366s ]
[2026-04-21T21:34:22+08:00][sql] SELECT `option_value` FROM `cmf_option` WHERE  `option_name` = 'cdn_settings' LIMIT 1 [ RunTime:0.000350s ]
[2026-04-21T21:34:22+08:00][sql] SHOW FULL COLUMNS FROM `cmf_user` [ RunTime:0.001418s ]
[2026-04-21T21:34:22+08:00][sql] SELECT * FROM `cmf_user` WHERE  `id` = 1 LIMIT 1 [ RunTime:0.000399s ]
[2026-04-21T21:34:22+08:00][sql] SHOW FULL COLUMNS FROM `cmf_product_category` [ RunTime:0.001134s ]
[2026-04-21T21:34:22+08:00][sql] SELECT * FROM `cmf_product_category` ORDER BY `list_order` ASC [ RunTime:0.000450s ]
[2026-04-21T21:34:22+08:00][sql] SELECT `option_value` FROM `cmf_option` WHERE  `option_name` = 'storage' LIMIT 1 [ RunTime:0.000414s ]
[2026-04-21T21:36:43+08:00][sql] CONNECT:[ UseTime:0.002438s ] mysql:host=127.0.0.1;port=3306;dbname=weihua;charset=utf8mb4
[2026-04-21T21:36:43+08:00][sql] SHOW FULL COLUMNS FROM `cmf_option` [ RunTime:0.002725s ]
[2026-04-21T21:36:43+08:00][sql] SELECT `option_value` FROM `cmf_option` WHERE  `option_name` = 'cdn_settings' LIMIT 1 [ RunTime:0.000479s ]
[2026-04-21T21:36:43+08:00][sql] SHOW FULL COLUMNS FROM `cmf_user` [ RunTime:0.001468s ]
[2026-04-21T21:36:43+08:00][sql] SELECT * FROM `cmf_user` WHERE  `id` = 1 LIMIT 1 [ RunTime:0.000536s ]
[2026-04-21T21:36:43+08:00][sql] SHOW FULL COLUMNS FROM `cmf_admin_menu` [ RunTime:0.002615s ]
[2026-04-21T21:36:43+08:00][sql] SELECT * FROM `cmf_admin_menu` ORDER BY `app` ASC,`controller` ASC,`action` ASC [ RunTime:0.002220s ]
[2026-04-21T21:36:43+08:00][sql] CONNECT:[ UseTime:0.001025s ] mysql:host=127.0.0.1;port=3306;dbname=weihua;charset=utf8mb4
[2026-04-21T21:36:43+08:00][sql] SHOW FULL COLUMNS FROM `cmf_option` [ RunTime:0.001588s ]
[2026-04-21T21:36:43+08:00][sql] SELECT `option_value` FROM `cmf_option` WHERE  `option_name` = 'cdn_settings' LIMIT 1 [ RunTime:0.000266s ]
[2026-04-21T21:36:43+08:00][sql] SHOW FULL COLUMNS FROM `cmf_user` [ RunTime:0.001226s ]
[2026-04-21T21:36:43+08:00][sql] SELECT * FROM `cmf_user` WHERE  `id` = 1 LIMIT 1 [ RunTime:0.000302s ]
[2026-04-21T21:36:43+08:00][sql] SELECT `option_value` FROM `cmf_option` WHERE  `option_name` = 'cdn_settings' LIMIT 1 [ RunTime:0.000174s ]
[2026-04-21T21:36:43+08:00][sql] SELECT `option_value` FROM `cmf_option` WHERE  `option_name` = 'cmf_settings' LIMIT 1 [ RunTime:0.000133s ]
[2026-04-21T21:36:43+08:00][sql] SELECT `option_value` FROM `cmf_option` WHERE  `option_name` = 'storage' LIMIT 1 [ RunTime:0.000280s ]
[2026-04-21T21:36:43+08:00][sql] CONNECT:[ UseTime:0.001328s ] mysql:host=127.0.0.1;port=3306;dbname=weihua;charset=utf8mb4
[2026-04-21T21:36:43+08:00][sql] SHOW FULL COLUMNS FROM `cmf_option` [ RunTime:0.001875s ]
[2026-04-21T21:36:43+08:00][sql] SELECT `option_value` FROM `cmf_option` WHERE  `option_name` = 'cdn_settings' LIMIT 1 [ RunTime:0.000258s ]
[2026-04-21T21:36:43+08:00][sql] SHOW FULL COLUMNS FROM `cmf_user` [ RunTime:0.001237s ]
[2026-04-21T21:36:43+08:00][sql] SELECT * FROM `cmf_user` WHERE  `id` = 1 LIMIT 1 [ RunTime:0.000323s ]
[2026-04-21T21:36:43+08:00][sql] SHOW FULL COLUMNS FROM `cmf_product_category` [ RunTime:0.001325s ]
[2026-04-21T21:36:43+08:00][sql] SELECT * FROM `cmf_product_category` ORDER BY `list_order` ASC [ RunTime:0.000394s ]
[2026-04-21T21:36:43+08:00][sql] SELECT `option_value` FROM `cmf_option` WHERE  `option_name` = 'storage' LIMIT 1 [ RunTime:0.000224s ]
[2026-04-21T21:36:44+08:00][sql] CONNECT:[ UseTime:0.000779s ] mysql:host=127.0.0.1;port=3306;dbname=weihua;charset=utf8mb4
[2026-04-21T21:36:44+08:00][sql] SHOW FULL COLUMNS FROM `cmf_option` [ RunTime:0.002123s ]
[2026-04-21T21:36:44+08:00][sql] SELECT `option_value` FROM `cmf_option` WHERE  `option_name` = 'cdn_settings' LIMIT 1 [ RunTime:0.000732s ]
[2026-04-21T21:36:44+08:00][sql] SHOW FULL COLUMNS FROM `cmf_user` [ RunTime:0.001901s ]
[2026-04-21T21:36:44+08:00][sql] SELECT * FROM `cmf_user` WHERE  `id` = 1 LIMIT 1 [ RunTime:0.000587s ]
[2026-04-21T21:36:44+08:00][sql] SHOW FULL COLUMNS FROM `cmf_product_category` [ RunTime:0.003170s ]
[2026-04-21T21:36:44+08:00][sql] SELECT * FROM `cmf_product_category` WHERE  `parent_id` = 0 [ RunTime:0.000913s ]
[2026-04-21T21:36:44+08:00][sql] SELECT * FROM `cmf_product_category` WHERE  `id` = 18 LIMIT 1 [ RunTime:0.000322s ]
[2026-04-21T21:36:47+08:00][sql] CONNECT:[ UseTime:0.001076s ] mysql:host=127.0.0.1;port=3306;dbname=weihua;charset=utf8mb4
[2026-04-21T21:36:47+08:00][sql] SHOW FULL COLUMNS FROM `cmf_option` [ RunTime:0.001988s ]
[2026-04-21T21:36:47+08:00][sql] SELECT `option_value` FROM `cmf_option` WHERE  `option_name` = 'cdn_settings' LIMIT 1 [ RunTime:0.000387s ]
[2026-04-21T21:36:47+08:00][sql] SHOW FULL COLUMNS FROM `cmf_user` [ RunTime:0.001221s ]
[2026-04-21T21:36:47+08:00][sql] SELECT * FROM `cmf_user` WHERE  `id` = 1 LIMIT 1 [ RunTime:0.000542s ]
[2026-04-21T21:36:47+08:00][sql] SHOW FULL COLUMNS FROM `cmf_product_category` [ RunTime:0.001106s ]
[2026-04-21T21:36:47+08:00][sql] SELECT `id` FROM `cmf_product_category` WHERE  `name` = 'Bridge Crane'  AND `id` <> 18 LIMIT 1 [ RunTime:0.000406s ]
[2026-04-21T21:36:47+08:00][sql] SELECT * FROM `cmf_product_category` WHERE  `id` = 18 LIMIT 1 [ RunTime:0.000233s ]
[2026-04-21T21:36:47+08:00][sql] SHOW FULL COLUMNS FROM `cmf_route` [ RunTime:0.001035s ]
[2026-04-21T21:36:47+08:00][sql] SELECT * FROM `cmf_route` WHERE  `full_url` = 'portal/index/product?id=18' LIMIT 1 [ RunTime:0.000283s ]
[2026-04-21T21:36:47+08:00][sql] UPDATE `cmf_route`  SET `url` = 'BridgeCrane' , `list_order` = '1' , `type` = 2  WHERE  `id` = 87 [ RunTime:0.000370s ]
[2026-04-21T21:36:47+08:00][sql] SELECT * FROM `cmf_route` WHERE  `status` = 1 ORDER BY `list_order` ASC [ RunTime:0.000277s ]
[2026-04-21T21:36:49+08:00][sql] CONNECT:[ UseTime:0.000649s ] mysql:host=127.0.0.1;port=3306;dbname=weihua;charset=utf8mb4
[2026-04-21T21:36:49+08:00][sql] SHOW FULL COLUMNS FROM `cmf_option` [ RunTime:0.001597s ]
[2026-04-21T21:36:49+08:00][sql] SELECT `option_value` FROM `cmf_option` WHERE  `option_name` = 'cdn_settings' LIMIT 1 [ RunTime:0.000299s ]
[2026-04-21T21:36:49+08:00][sql] SHOW FULL COLUMNS FROM `cmf_user` [ RunTime:0.001296s ]
[2026-04-21T21:36:49+08:00][sql] SELECT * FROM `cmf_user` WHERE  `id` = 1 LIMIT 1 [ RunTime:0.000469s ]
[2026-04-21T21:36:49+08:00][sql] SHOW FULL COLUMNS FROM `cmf_admin_menu` [ RunTime:0.001495s ]
[2026-04-21T21:36:49+08:00][sql] SELECT * FROM `cmf_admin_menu` ORDER BY `app` ASC,`controller` ASC,`action` ASC [ RunTime:0.000750s ]
[2026-04-21T21:36:49+08:00][sql] CONNECT:[ UseTime:0.001215s ] mysql:host=127.0.0.1;port=3306;dbname=weihua;charset=utf8mb4
[2026-04-21T21:36:49+08:00][sql] SHOW FULL COLUMNS FROM `cmf_option` [ RunTime:0.001566s ]
[2026-04-21T21:36:49+08:00][sql] SELECT `option_value` FROM `cmf_option` WHERE  `option_name` = 'cdn_settings' LIMIT 1 [ RunTime:0.000306s ]
[2026-04-21T21:36:49+08:00][sql] SHOW FULL COLUMNS FROM `cmf_user` [ RunTime:0.001114s ]
[2026-04-21T21:36:49+08:00][sql] SELECT * FROM `cmf_user` WHERE  `id` = 1 LIMIT 1 [ RunTime:0.000290s ]
[2026-04-21T21:36:49+08:00][sql] SELECT `option_value` FROM `cmf_option` WHERE  `option_name` = 'cdn_settings' LIMIT 1 [ RunTime:0.000159s ]
[2026-04-21T21:36:49+08:00][sql] SELECT `option_value` FROM `cmf_option` WHERE  `option_name` = 'cmf_settings' LIMIT 1 [ RunTime:0.000132s ]
[2026-04-21T21:36:49+08:00][sql] SELECT `option_value` FROM `cmf_option` WHERE  `option_name` = 'storage' LIMIT 1 [ RunTime:0.000247s ]
[2026-04-21T21:36:49+08:00][sql] CONNECT:[ UseTime:0.000680s ] mysql:host=127.0.0.1;port=3306;dbname=weihua;charset=utf8mb4
[2026-04-21T21:36:49+08:00][sql] SHOW FULL COLUMNS FROM `cmf_option` [ RunTime:0.001441s ]
[2026-04-21T21:36:49+08:00][sql] SELECT `option_value` FROM `cmf_option` WHERE  `option_name` = 'cdn_settings' LIMIT 1 [ RunTime:0.000266s ]
[2026-04-21T21:36:49+08:00][sql] SHOW FULL COLUMNS FROM `cmf_user` [ RunTime:0.001171s ]
[2026-04-21T21:36:49+08:00][sql] SELECT * FROM `cmf_user` WHERE  `id` = 1 LIMIT 1 [ RunTime:0.000593s ]
[2026-04-21T21:36:49+08:00][sql] SHOW FULL COLUMNS FROM `cmf_product_category` [ RunTime:0.001532s ]
[2026-04-21T21:36:49+08:00][sql] SELECT * FROM `cmf_product_category` ORDER BY `list_order` ASC [ RunTime:0.000308s ]
[2026-04-21T21:36:49+08:00][sql] SELECT `option_value` FROM `cmf_option` WHERE  `option_name` = 'storage' LIMIT 1 [ RunTime:0.000247s ]
[2026-04-21T21:36:52+08:00][sql] CONNECT:[ UseTime:0.000851s ] mysql:host=127.0.0.1;port=3306;dbname=weihua;charset=utf8mb4
[2026-04-21T21:36:52+08:00][sql] SHOW FULL COLUMNS FROM `cmf_option` [ RunTime:0.002134s ]
[2026-04-21T21:36:52+08:00][sql] SELECT `option_value` FROM `cmf_option` WHERE  `option_name` = 'cdn_settings' LIMIT 1 [ RunTime:0.000486s ]
[2026-04-21T21:36:52+08:00][sql] SHOW FULL COLUMNS FROM `cmf_user` [ RunTime:0.001599s ]
[2026-04-21T21:36:52+08:00][sql] SELECT * FROM `cmf_user` WHERE  `id` = 1 LIMIT 1 [ RunTime:0.000407s ]
[2026-04-21T21:36:52+08:00][sql] SHOW FULL COLUMNS FROM `cmf_product_category` [ RunTime:0.001385s ]
[2026-04-21T21:36:52+08:00][sql] SELECT * FROM `cmf_product_category` WHERE  `parent_id` = 0 [ RunTime:0.000397s ]
[2026-04-21T21:36:52+08:00][sql] SELECT * FROM `cmf_product_category` WHERE  `id` = 18 LIMIT 1 [ RunTime:0.000210s ]
[2026-04-21T21:37:35+08:00][sql] CONNECT:[ UseTime:0.002758s ] mysql:host=127.0.0.1;port=3306;dbname=weihua;charset=utf8mb4
[2026-04-21T21:37:35+08:00][sql] SHOW FULL COLUMNS FROM `cmf_option` [ RunTime:0.005766s ]
[2026-04-21T21:37:35+08:00][sql] SELECT `option_value` FROM `cmf_option` WHERE  `option_name` = 'cdn_settings' LIMIT 1 [ RunTime:0.000951s ]
[2026-04-21T21:37:35+08:00][sql] SHOW FULL COLUMNS FROM `cmf_user` [ RunTime:0.002802s ]
[2026-04-21T21:37:35+08:00][sql] SELECT * FROM `cmf_user` WHERE  `id` = 1 LIMIT 1 [ RunTime:0.001157s ]
[2026-04-21T21:37:35+08:00][sql] SHOW FULL COLUMNS FROM `cmf_admin_menu` [ RunTime:0.002590s ]
[2026-04-21T21:37:35+08:00][sql] SELECT * FROM `cmf_admin_menu` ORDER BY `app` ASC,`controller` ASC,`action` ASC [ RunTime:0.002093s ]
[2026-04-21T21:37:35+08:00][sql] CONNECT:[ UseTime:0.001069s ] mysql:host=127.0.0.1;port=3306;dbname=weihua;charset=utf8mb4
[2026-04-21T21:37:35+08:00][sql] SHOW FULL COLUMNS FROM `cmf_option` [ RunTime:0.002323s ]
[2026-04-21T21:37:35+08:00][sql] SELECT `option_value` FROM `cmf_option` WHERE  `option_name` = 'cdn_settings' LIMIT 1 [ RunTime:0.000403s ]
[2026-04-21T21:37:35+08:00][sql] SHOW FULL COLUMNS FROM `cmf_user` [ RunTime:0.001584s ]
[2026-04-21T21:37:35+08:00][sql] SELECT * FROM `cmf_user` WHERE  `id` = 1 LIMIT 1 [ RunTime:0.000528s ]
[2026-04-21T21:37:35+08:00][sql] SELECT `option_value` FROM `cmf_option` WHERE  `option_name` = 'cdn_settings' LIMIT 1 [ RunTime:0.000290s ]
[2026-04-21T21:37:35+08:00][sql] SELECT `option_value` FROM `cmf_option` WHERE  `option_name` = 'cmf_settings' LIMIT 1 [ RunTime:0.000158s ]
[2026-04-21T21:37:35+08:00][sql] SELECT `option_value` FROM `cmf_option` WHERE  `option_name` = 'storage' LIMIT 1 [ RunTime:0.001942s ]
[2026-04-21T21:37:35+08:00][sql] CONNECT:[ UseTime:0.004389s ] mysql:host=127.0.0.1;port=3306;dbname=weihua;charset=utf8mb4
[2026-04-21T21:37:35+08:00][sql] SHOW FULL COLUMNS FROM `cmf_option` [ RunTime:0.004299s ]
[2026-04-21T21:37:35+08:00][sql] SELECT `option_value` FROM `cmf_option` WHERE  `option_name` = 'cdn_settings' LIMIT 1 [ RunTime:0.000653s ]
[2026-04-21T21:37:35+08:00][sql] SHOW FULL COLUMNS FROM `cmf_user` [ RunTime:0.001353s ]
[2026-04-21T21:37:35+08:00][sql] SELECT * FROM `cmf_user` WHERE  `id` = 1 LIMIT 1 [ RunTime:0.000382s ]
[2026-04-21T21:37:35+08:00][sql] SHOW FULL COLUMNS FROM `cmf_product_category` [ RunTime:0.000954s ]
[2026-04-21T21:37:35+08:00][sql] SELECT * FROM `cmf_product_category` ORDER BY `list_order` ASC [ RunTime:0.000351s ]
[2026-04-21T21:37:35+08:00][sql] SELECT `option_value` FROM `cmf_option` WHERE  `option_name` = 'storage' LIMIT 1 [ RunTime:0.000866s ]
[2026-04-21T21:37:37+08:00][sql] CONNECT:[ UseTime:0.000715s ] mysql:host=127.0.0.1;port=3306;dbname=weihua;charset=utf8mb4
[2026-04-21T21:37:37+08:00][sql] SHOW FULL COLUMNS FROM `cmf_option` [ RunTime:0.001535s ]
[2026-04-21T21:37:37+08:00][sql] SELECT `option_value` FROM `cmf_option` WHERE  `option_name` = 'cdn_settings' LIMIT 1 [ RunTime:0.000322s ]
[2026-04-21T21:37:37+08:00][sql] SHOW FULL COLUMNS FROM `cmf_user` [ RunTime:0.001407s ]
[2026-04-21T21:37:37+08:00][sql] SELECT * FROM `cmf_user` WHERE  `id` = 1 LIMIT 1 [ RunTime:0.000485s ]
[2026-04-21T21:37:37+08:00][sql] SHOW FULL COLUMNS FROM `cmf_product_category` [ RunTime:0.001261s ]
[2026-04-21T21:37:37+08:00][sql] SELECT * FROM `cmf_product_category` WHERE  `parent_id` = 0 [ RunTime:0.000325s ]
[2026-04-21T21:37:37+08:00][sql] SELECT * FROM `cmf_product_category` WHERE  `id` = 18 LIMIT 1 [ RunTime:0.000224s ]
[2026-04-21T21:37:40+08:00][sql] CONNECT:[ UseTime:0.000833s ] mysql:host=127.0.0.1;port=3306;dbname=weihua;charset=utf8mb4
[2026-04-21T21:37:40+08:00][sql] SHOW FULL COLUMNS FROM `cmf_option` [ RunTime:0.001774s ]
[2026-04-21T21:37:40+08:00][sql] SELECT `option_value` FROM `cmf_option` WHERE  `option_name` = 'cdn_settings' LIMIT 1 [ RunTime:0.000357s ]
[2026-04-21T21:37:40+08:00][sql] SHOW FULL COLUMNS FROM `cmf_user` [ RunTime:0.001298s ]
[2026-04-21T21:37:40+08:00][sql] SELECT * FROM `cmf_user` WHERE  `id` = 1 LIMIT 1 [ RunTime:0.000348s ]
[2026-04-21T21:37:40+08:00][sql] SHOW FULL COLUMNS FROM `cmf_product_category` [ RunTime:0.001147s ]
[2026-04-21T21:37:40+08:00][sql] SELECT `id` FROM `cmf_product_category` WHERE  `name` = 'Bridge Crane'  AND `id` <> 18 LIMIT 1 [ RunTime:0.000374s ]
[2026-04-21T21:37:40+08:00][sql] SELECT * FROM `cmf_product_category` WHERE  `id` = 18 LIMIT 1 [ RunTime:0.000206s ]
[2026-04-21T21:37:40+08:00][sql] UPDATE `cmf_product_category`  SET `recommend` = 0  WHERE  `id` = 18 [ RunTime:0.001149s ]
[2026-04-21T21:37:40+08:00][sql] SHOW FULL COLUMNS FROM `cmf_route` [ RunTime:0.001655s ]
[2026-04-21T21:37:40+08:00][sql] SELECT * FROM `cmf_route` WHERE  `full_url` = 'portal/index/product?id=18' LIMIT 1 [ RunTime:0.000398s ]
[2026-04-21T21:37:40+08:00][sql] UPDATE `cmf_route`  SET `url` = 'BridgeCrane' , `list_order` = '1' , `type` = 2  WHERE  `id` = 87 [ RunTime:0.000238s ]
[2026-04-21T21:37:40+08:00][sql] SELECT * FROM `cmf_route` WHERE  `status` = 1 ORDER BY `list_order` ASC [ RunTime:0.000281s ]
[2026-04-21T21:37:41+08:00][sql] CONNECT:[ UseTime:0.000641s ] mysql:host=127.0.0.1;port=3306;dbname=weihua;charset=utf8mb4
[2026-04-21T21:37:41+08:00][sql] SHOW FULL COLUMNS FROM `cmf_option` [ RunTime:0.002221s ]
[2026-04-21T21:37:41+08:00][sql] SELECT `option_value` FROM `cmf_option` WHERE  `option_name` = 'cdn_settings' LIMIT 1 [ RunTime:0.000566s ]
[2026-04-21T21:37:41+08:00][sql] SHOW FULL COLUMNS FROM `cmf_user` [ RunTime:0.001528s ]
[2026-04-21T21:37:41+08:00][sql] SELECT * FROM `cmf_user` WHERE  `id` = 1 LIMIT 1 [ RunTime:0.000395s ]
[2026-04-21T21:37:41+08:00][sql] SHOW FULL COLUMNS FROM `cmf_admin_menu` [ RunTime:0.001429s ]
[2026-04-21T21:37:41+08:00][sql] SELECT * FROM `cmf_admin_menu` ORDER BY `app` ASC,`controller` ASC,`action` ASC [ RunTime:0.000739s ]
[2026-04-21T21:37:41+08:00][sql] CONNECT:[ UseTime:0.000676s ] mysql:host=127.0.0.1;port=3306;dbname=weihua;charset=utf8mb4
[2026-04-21T21:37:41+08:00][sql] SHOW FULL COLUMNS FROM `cmf_option` [ RunTime:0.001535s ]
[2026-04-21T21:37:41+08:00][sql] SELECT `option_value` FROM `cmf_option` WHERE  `option_name` = 'cdn_settings' LIMIT 1 [ RunTime:0.000343s ]
[2026-04-21T21:37:41+08:00][sql] SHOW FULL COLUMNS FROM `cmf_user` [ RunTime:0.001588s ]
[2026-04-21T21:37:41+08:00][sql] SELECT * FROM `cmf_user` WHERE  `id` = 1 LIMIT 1 [ RunTime:0.000367s ]
[2026-04-21T21:37:41+08:00][sql] SELECT `option_value` FROM `cmf_option` WHERE  `option_name` = 'cdn_settings' LIMIT 1 [ RunTime:0.000169s ]
[2026-04-21T21:37:41+08:00][sql] SELECT `option_value` FROM `cmf_option` WHERE  `option_name` = 'cmf_settings' LIMIT 1 [ RunTime:0.000167s ]
[2026-04-21T21:37:41+08:00][sql] SELECT `option_value` FROM `cmf_option` WHERE  `option_name` = 'storage' LIMIT 1 [ RunTime:0.000308s ]
[2026-04-21T21:37:41+08:00][sql] CONNECT:[ UseTime:0.000852s ] mysql:host=127.0.0.1;port=3306;dbname=weihua;charset=utf8mb4
[2026-04-21T21:37:41+08:00][sql] SHOW FULL COLUMNS FROM `cmf_option` [ RunTime:0.001464s ]
[2026-04-21T21:37:41+08:00][sql] SELECT `option_value` FROM `cmf_option` WHERE  `option_name` = 'cdn_settings' LIMIT 1 [ RunTime:0.000321s ]
[2026-04-21T21:37:41+08:00][sql] SHOW FULL COLUMNS FROM `cmf_user` [ RunTime:0.001680s ]
[2026-04-21T21:37:41+08:00][sql] SELECT * FROM `cmf_user` WHERE  `id` = 1 LIMIT 1 [ RunTime:0.000668s ]
[2026-04-21T21:37:41+08:00][sql] SHOW FULL COLUMNS FROM `cmf_product_category` [ RunTime:0.001096s ]
[2026-04-21T21:37:41+08:00][sql] SELECT * FROM `cmf_product_category` ORDER BY `list_order` ASC [ RunTime:0.000383s ]
[2026-04-21T21:37:41+08:00][sql] SELECT `option_value` FROM `cmf_option` WHERE  `option_name` = 'storage' LIMIT 1 [ RunTime:0.000395s ]
[2026-04-21T21:37:43+08:00][sql] CONNECT:[ UseTime:0.001110s ] mysql:host=127.0.0.1;port=3306;dbname=weihua;charset=utf8mb4
[2026-04-21T21:37:43+08:00][sql] SHOW FULL COLUMNS FROM `cmf_option` [ RunTime:0.002445s ]
[2026-04-21T21:37:43+08:00][sql] SELECT `option_value` FROM `cmf_option` WHERE  `option_name` = 'cdn_settings' LIMIT 1 [ RunTime:0.000442s ]
[2026-04-21T21:37:43+08:00][sql] SHOW FULL COLUMNS FROM `cmf_user` [ RunTime:0.001481s ]
[2026-04-21T21:37:43+08:00][sql] SELECT * FROM `cmf_user` WHERE  `id` = 1 LIMIT 1 [ RunTime:0.000470s ]
[2026-04-21T21:37:43+08:00][sql] SHOW FULL COLUMNS FROM `cmf_product_category` [ RunTime:0.001058s ]
[2026-04-21T21:37:43+08:00][sql] SELECT * FROM `cmf_product_category` WHERE  `parent_id` = 0 [ RunTime:0.000368s ]
[2026-04-21T21:37:43+08:00][sql] SELECT * FROM `cmf_product_category` WHERE  `id` = 18 LIMIT 1 [ RunTime:0.000411s ]
[2026-04-21T21:37:46+08:00][sql] CONNECT:[ UseTime:0.000991s ] mysql:host=127.0.0.1;port=3306;dbname=weihua;charset=utf8mb4
[2026-04-21T21:37:46+08:00][sql] SHOW FULL COLUMNS FROM `cmf_option` [ RunTime:0.002180s ]
[2026-04-21T21:37:46+08:00][sql] SELECT `option_value` FROM `cmf_option` WHERE  `option_name` = 'cdn_settings' LIMIT 1 [ RunTime:0.000433s ]
[2026-04-21T21:37:46+08:00][sql] SHOW FULL COLUMNS FROM `cmf_user` [ RunTime:0.001668s ]
[2026-04-21T21:37:46+08:00][sql] SELECT * FROM `cmf_user` WHERE  `id` = 1 LIMIT 1 [ RunTime:0.000490s ]
[2026-04-21T21:37:46+08:00][sql] SHOW FULL COLUMNS FROM `cmf_product_category` [ RunTime:0.001224s ]
[2026-04-21T21:37:46+08:00][sql] SELECT `id` FROM `cmf_product_category` WHERE  `name` = 'Bridge Crane'  AND `id` <> 18 LIMIT 1 [ RunTime:0.000448s ]
[2026-04-21T21:37:46+08:00][sql] SELECT * FROM `cmf_product_category` WHERE  `id` = 18 LIMIT 1 [ RunTime:0.000290s ]
[2026-04-21T21:37:46+08:00][sql] UPDATE `cmf_product_category`  SET `recommend` = 1  WHERE  `id` = 18 [ RunTime:0.000779s ]
[2026-04-21T21:37:46+08:00][sql] SHOW FULL COLUMNS FROM `cmf_route` [ RunTime:0.001260s ]
[2026-04-21T21:37:46+08:00][sql] SELECT * FROM `cmf_route` WHERE  `full_url` = 'portal/index/product?id=18' LIMIT 1 [ RunTime:0.000367s ]
[2026-04-21T21:37:46+08:00][sql] UPDATE `cmf_route`  SET `url` = 'BridgeCrane' , `list_order` = '1' , `type` = 2  WHERE  `id` = 87 [ RunTime:0.000252s ]
[2026-04-21T21:37:46+08:00][sql] SELECT * FROM `cmf_route` WHERE  `status` = 1 ORDER BY `list_order` ASC [ RunTime:0.000265s ]
[2026-04-21T21:38:25+08:00][sql] CONNECT:[ UseTime:0.001452s ] mysql:host=127.0.0.1;port=3306;dbname=weihua;charset=utf8mb4
[2026-04-21T21:38:25+08:00][sql] SHOW FULL COLUMNS FROM `cmf_option` [ RunTime:0.002513s ]
[2026-04-21T21:38:25+08:00][sql] SELECT `option_value` FROM `cmf_option` WHERE  `option_name` = 'cdn_settings' LIMIT 1 [ RunTime:0.000380s ]
[2026-04-21T21:38:25+08:00][sql] SHOW FULL COLUMNS FROM `cmf_user` [ RunTime:0.002099s ]
[2026-04-21T21:38:25+08:00][sql] SELECT * FROM `cmf_user` WHERE  `id` = 1 LIMIT 1 [ RunTime:0.000649s ]
[2026-04-21T21:38:25+08:00][sql] SHOW FULL COLUMNS FROM `cmf_admin_menu` [ RunTime:0.001935s ]
[2026-04-21T21:38:25+08:00][sql] SELECT * FROM `cmf_admin_menu` ORDER BY `app` ASC,`controller` ASC,`action` ASC [ RunTime:0.001288s ]
[2026-04-21T21:38:25+08:00][sql] CONNECT:[ UseTime:0.000687s ] mysql:host=127.0.0.1;port=3306;dbname=weihua;charset=utf8mb4
[2026-04-21T21:38:25+08:00][sql] SHOW FULL COLUMNS FROM `cmf_option` [ RunTime:0.001768s ]
[2026-04-21T21:38:25+08:00][sql] SELECT `option_value` FROM `cmf_option` WHERE  `option_name` = 'cdn_settings' LIMIT 1 [ RunTime:0.000315s ]
[2026-04-21T21:38:25+08:00][sql] SHOW FULL COLUMNS FROM `cmf_user` [ RunTime:0.001472s ]
[2026-04-21T21:38:25+08:00][sql] SELECT * FROM `cmf_user` WHERE  `id` = 1 LIMIT 1 [ RunTime:0.001499s ]
[2026-04-21T21:38:25+08:00][sql] SELECT `option_value` FROM `cmf_option` WHERE  `option_name` = 'cdn_settings' LIMIT 1 [ RunTime:0.000532s ]
[2026-04-21T21:38:25+08:00][sql] SELECT `option_value` FROM `cmf_option` WHERE  `option_name` = 'cmf_settings' LIMIT 1 [ RunTime:0.000363s ]
[2026-04-21T21:38:25+08:00][sql] SELECT `option_value` FROM `cmf_option` WHERE  `option_name` = 'storage' LIMIT 1 [ RunTime:0.000245s ]
[2026-04-21T21:38:25+08:00][sql] CONNECT:[ UseTime:0.000558s ] mysql:host=127.0.0.1;port=3306;dbname=weihua;charset=utf8mb4
[2026-04-21T21:38:25+08:00][sql] SHOW FULL COLUMNS FROM `cmf_option` [ RunTime:0.001219s ]
[2026-04-21T21:38:25+08:00][sql] SELECT `option_value` FROM `cmf_option` WHERE  `option_name` = 'cdn_settings' LIMIT 1 [ RunTime:0.000242s ]
[2026-04-21T21:38:25+08:00][sql] SHOW FULL COLUMNS FROM `cmf_user` [ RunTime:0.001318s ]
[2026-04-21T21:38:25+08:00][sql] SELECT * FROM `cmf_user` WHERE  `id` = 1 LIMIT 1 [ RunTime:0.000294s ]
[2026-04-21T21:38:25+08:00][sql] SHOW FULL COLUMNS FROM `cmf_product_category` [ RunTime:0.000968s ]
[2026-04-21T21:38:25+08:00][sql] SELECT * FROM `cmf_product_category` ORDER BY `list_order` ASC [ RunTime:0.000371s ]
[2026-04-21T21:38:25+08:00][sql] SELECT `option_value` FROM `cmf_option` WHERE  `option_name` = 'storage' LIMIT 1 [ RunTime:0.000489s ]
[2026-04-21T21:38:27+08:00][sql] CONNECT:[ UseTime:0.000568s ] mysql:host=127.0.0.1;port=3306;dbname=weihua;charset=utf8mb4
[2026-04-21T21:38:27+08:00][sql] SHOW FULL COLUMNS FROM `cmf_option` [ RunTime:0.001347s ]
[2026-04-21T21:38:27+08:00][sql] SELECT `option_value` FROM `cmf_option` WHERE  `option_name` = 'cdn_settings' LIMIT 1 [ RunTime:0.000295s ]
[2026-04-21T21:38:27+08:00][sql] SHOW FULL COLUMNS FROM `cmf_user` [ RunTime:0.001123s ]
[2026-04-21T21:38:27+08:00][sql] SELECT * FROM `cmf_user` WHERE  `id` = 1 LIMIT 1 [ RunTime:0.000335s ]
[2026-04-21T21:38:27+08:00][sql] SHOW FULL COLUMNS FROM `cmf_product_category` [ RunTime:0.000960s ]
[2026-04-21T21:38:27+08:00][sql] SELECT * FROM `cmf_product_category` WHERE  `parent_id` = 0 [ RunTime:0.000308s ]
[2026-04-21T21:38:27+08:00][sql] SELECT * FROM `cmf_product_category` WHERE  `id` = 18 LIMIT 1 [ RunTime:0.000467s ]
[2026-04-21T21:38:33+08:00][sql] CONNECT:[ UseTime:0.023467s ] mysql:host=127.0.0.1;port=3306;dbname=weihua;charset=utf8mb4
[2026-04-21T21:38:33+08:00][sql] SHOW FULL COLUMNS FROM `cmf_option` [ RunTime:0.002430s ]
[2026-04-21T21:38:33+08:00][sql] SELECT `option_value` FROM `cmf_option` WHERE  `option_name` = 'cdn_settings' LIMIT 1 [ RunTime:0.000601s ]
[2026-04-21T21:38:33+08:00][sql] SHOW FULL COLUMNS FROM `cmf_user` [ RunTime:0.001486s ]
[2026-04-21T21:38:33+08:00][sql] SELECT * FROM `cmf_user` WHERE  `id` = 1 LIMIT 1 [ RunTime:0.000662s ]
[2026-04-21T21:38:33+08:00][sql] SHOW FULL COLUMNS FROM `cmf_admin_menu` [ RunTime:0.001074s ]
[2026-04-21T21:38:33+08:00][sql] SELECT * FROM `cmf_admin_menu` ORDER BY `app` ASC,`controller` ASC,`action` ASC [ RunTime:0.001066s ]
[2026-04-21T21:38:33+08:00][sql] CONNECT:[ UseTime:0.001507s ] mysql:host=127.0.0.1;port=3306;dbname=weihua;charset=utf8mb4
[2026-04-21T21:38:33+08:00][sql] SHOW FULL COLUMNS FROM `cmf_option` [ RunTime:0.002929s ]
[2026-04-21T21:38:33+08:00][sql] SELECT `option_value` FROM `cmf_option` WHERE  `option_name` = 'cdn_settings' LIMIT 1 [ RunTime:0.000366s ]
[2026-04-21T21:38:33+08:00][sql] SHOW FULL COLUMNS FROM `cmf_user` [ RunTime:0.001475s ]
[2026-04-21T21:38:33+08:00][sql] SELECT * FROM `cmf_user` WHERE  `id` = 1 LIMIT 1 [ RunTime:0.000420s ]
[2026-04-21T21:38:33+08:00][sql] SELECT `option_value` FROM `cmf_option` WHERE  `option_name` = 'cdn_settings' LIMIT 1 [ RunTime:0.000197s ]
[2026-04-21T21:38:33+08:00][sql] SELECT `option_value` FROM `cmf_option` WHERE  `option_name` = 'cmf_settings' LIMIT 1 [ RunTime:0.000135s ]
[2026-04-21T21:38:33+08:00][sql] SELECT `option_value` FROM `cmf_option` WHERE  `option_name` = 'storage' LIMIT 1 [ RunTime:0.000182s ]
[2026-04-21T21:38:33+08:00][sql] CONNECT:[ UseTime:0.000826s ] mysql:host=127.0.0.1;port=3306;dbname=weihua;charset=utf8mb4
[2026-04-21T21:38:33+08:00][sql] SHOW FULL COLUMNS FROM `cmf_option` [ RunTime:0.013754s ]
[2026-04-21T21:38:33+08:00][sql] SELECT `option_value` FROM `cmf_option` WHERE  `option_name` = 'cdn_settings' LIMIT 1 [ RunTime:0.001065s ]
[2026-04-21T21:38:33+08:00][sql] SHOW FULL COLUMNS FROM `cmf_user` [ RunTime:0.001333s ]
[2026-04-21T21:38:33+08:00][sql] SELECT * FROM `cmf_user` WHERE  `id` = 1 LIMIT 1 [ RunTime:0.000336s ]
[2026-04-21T21:38:33+08:00][sql] SHOW FULL COLUMNS FROM `cmf_product_category` [ RunTime:0.001114s ]
[2026-04-21T21:38:33+08:00][sql] SELECT * FROM `cmf_product_category` ORDER BY `list_order` ASC [ RunTime:0.000574s ]
[2026-04-21T21:38:33+08:00][sql] SELECT `option_value` FROM `cmf_option` WHERE  `option_name` = 'storage' LIMIT 1 [ RunTime:0.000381s ]
[2026-04-21T21:38:35+08:00][sql] CONNECT:[ UseTime:0.000785s ] mysql:host=127.0.0.1;port=3306;dbname=weihua;charset=utf8mb4
[2026-04-21T21:38:35+08:00][sql] SHOW FULL COLUMNS FROM `cmf_option` [ RunTime:0.001804s ]
[2026-04-21T21:38:35+08:00][sql] SELECT `option_value` FROM `cmf_option` WHERE  `option_name` = 'cdn_settings' LIMIT 1 [ RunTime:0.000330s ]
[2026-04-21T21:38:35+08:00][sql] SHOW FULL COLUMNS FROM `cmf_user` [ RunTime:0.001531s ]
[2026-04-21T21:38:35+08:00][sql] SELECT * FROM `cmf_user` WHERE  `id` = 1 LIMIT 1 [ RunTime:0.000468s ]
[2026-04-21T21:38:35+08:00][sql] SHOW FULL COLUMNS FROM `cmf_product_category` [ RunTime:0.001116s ]
[2026-04-21T21:38:35+08:00][sql] SELECT * FROM `cmf_product_category` WHERE  `parent_id` = 0 [ RunTime:0.000514s ]
[2026-04-21T21:38:35+08:00][sql] SELECT * FROM `cmf_product_category` WHERE  `id` = 18 LIMIT 1 [ RunTime:0.000459s ]
[2026-04-21T21:41:05+08:00][sql] CONNECT:[ UseTime:0.002015s ] mysql:host=127.0.0.1;port=3306;dbname=weihua;charset=utf8mb4
[2026-04-21T21:41:05+08:00][sql] SHOW FULL COLUMNS FROM `cmf_plugin` [ RunTime:0.003356s ]
[2026-04-21T21:41:05+08:00][sql] SELECT `config` FROM `cmf_plugin` WHERE  `name` = 'SwitchTheme' LIMIT 1 [ RunTime:0.000797s ]
[2026-04-21T21:41:05+08:00][sql] SHOW FULL COLUMNS FROM `cmf_option` [ RunTime:0.001506s ]
[2026-04-21T21:41:05+08:00][sql] SELECT `option_value` FROM `cmf_option` WHERE  `option_name` = 'cdn_settings' LIMIT 1 [ RunTime:0.000502s ]
[2026-04-21T21:41:05+08:00][sql] SELECT `option_value` FROM `cmf_option` WHERE  `option_name` = 'cdn_settings' LIMIT 1 [ RunTime:0.000225s ]
[2026-04-21T21:41:05+08:00][sql] SHOW FULL COLUMNS FROM `cmf_product_category` [ RunTime:0.001643s ]
[2026-04-21T21:41:05+08:00][sql] SELECT * FROM `cmf_product_category` WHERE  `parent_id` = 0 ORDER BY `list_order` ASC,`create_time` DESC [ RunTime:0.000491s ]
[2026-04-21T21:41:05+08:00][sql] SELECT * FROM `cmf_product_category` WHERE  `parent_id` IN (18,19,20,21,22,23,24,25,26,27) [ RunTime:0.000305s ]
[2026-04-21T21:41:05+08:00][sql] SHOW FULL COLUMNS FROM `cmf_portal_category` [ RunTime:0.001553s ]
[2026-04-21T21:41:05+08:00][sql] SELECT * FROM `cmf_portal_category` WHERE (  `type` = 8 ) AND `cmf_portal_category`.`delete_time` = '0' ORDER BY `list_order` ASC [ RunTime:0.000498s ]
[2026-04-21T21:41:05+08:00][sql] SHOW FULL COLUMNS FROM `cmf_slide_item` [ RunTime:0.001274s ]
[2026-04-21T21:41:05+08:00][sql] SELECT `title`,`image`,`content` FROM `cmf_slide_item` WHERE  `slide_id` = 1 ORDER BY `list_order` ASC [ RunTime:0.000483s ]
[2026-04-21T21:41:05+08:00][sql] SELECT * FROM `cmf_product_category` WHERE  `parent_id` = 0  AND `recommend` = 1 ORDER BY `list_order` ASC,`create_time` DESC [ RunTime:0.000280s ]
[2026-04-21T21:41:05+08:00][sql] SHOW FULL COLUMNS FROM `cmf_product` [ RunTime:0.001555s ]
[2026-04-21T21:41:05+08:00][sql] SELECT `id`,`title`,`thumbnail`,`industry` FROM `cmf_product` WHERE  `is_recommended` = 1  AND `category_id` = 18 ORDER BY `list_order` ASC LIMIT 6 [ RunTime:0.000604s ]
[2026-04-21T21:41:05+08:00][sql] SHOW FULL COLUMNS FROM `cmf_portal_post` [ RunTime:0.001792s ]
[2026-04-21T21:41:05+08:00][sql] SELECT `p`.`id`,`p`.`post_title`,`p`.`post_excerpt`,`p`.`thumbnail`,`p`.`create_time`,`c`.`category_id` FROM `cmf_portal_post` `p` INNER JOIN `cmf_portal_category_post` `c` ON `p`.`id`=`c`.`post_id` WHERE (  `p`.`post_type` = '8' ) AND `p`.`delete_time` = '0' ORDER BY `c`.`list_order` ASC,`p`.`create_time` DESC LIMIT 4 [ RunTime:0.000799s ]
[2026-04-21T21:41:05+08:00][sql] SHOW FULL COLUMNS FROM `cmf_theme_file` [ RunTime:0.001340s ]
[2026-04-21T21:41:05+08:00][sql] SELECT `more`,`file`,`id` FROM `cmf_theme_file` WHERE  `theme` = 'simpleboot3'  AND (  `is_public` = 1 OR `file` = 'portal/index' ) ORDER BY `is_public` DESC [ RunTime:0.000484s ]
[2026-04-21T21:41:05+08:00][sql] SELECT `option_value` FROM `cmf_option` WHERE  `option_name` = 'storage' LIMIT 1 [ RunTime:0.000187s ]
[2026-04-21T21:41:15+08:00][sql] CONNECT:[ UseTime:0.000931s ] mysql:host=127.0.0.1;port=3306;dbname=weihua;charset=utf8mb4
[2026-04-21T21:41:15+08:00][sql] SHOW FULL COLUMNS FROM `cmf_option` [ RunTime:0.001855s ]
[2026-04-21T21:41:15+08:00][sql] SELECT `option_value` FROM `cmf_option` WHERE  `option_name` = 'cdn_settings' LIMIT 1 [ RunTime:0.000695s ]
[2026-04-21T21:41:15+08:00][sql] SHOW FULL COLUMNS FROM `cmf_user` [ RunTime:0.001249s ]
[2026-04-21T21:41:15+08:00][sql] SELECT * FROM `cmf_user` WHERE  `id` = 1 LIMIT 1 [ RunTime:0.000454s ]
[2026-04-21T21:41:15+08:00][sql] SHOW FULL COLUMNS FROM `cmf_product_category` [ RunTime:0.001192s ]
[2026-04-21T21:41:15+08:00][sql] SELECT * FROM `cmf_product_category` ORDER BY `list_order` ASC [ RunTime:0.000303s ]
[2026-04-21T21:41:15+08:00][sql] SELECT `option_value` FROM `cmf_option` WHERE  `option_name` = 'storage' LIMIT 1 [ RunTime:0.000274s ]
[2026-04-21T21:41:16+08:00][sql] CONNECT:[ UseTime:0.000725s ] mysql:host=127.0.0.1;port=3306;dbname=weihua;charset=utf8mb4
[2026-04-21T21:41:16+08:00][sql] SHOW FULL COLUMNS FROM `cmf_option` [ RunTime:0.001531s ]
[2026-04-21T21:41:16+08:00][sql] SELECT `option_value` FROM `cmf_option` WHERE  `option_name` = 'cdn_settings' LIMIT 1 [ RunTime:0.000234s ]
[2026-04-21T21:41:16+08:00][sql] SHOW FULL COLUMNS FROM `cmf_user` [ RunTime:0.001209s ]
[2026-04-21T21:41:16+08:00][sql] SELECT * FROM `cmf_user` WHERE  `id` = 1 LIMIT 1 [ RunTime:0.000489s ]
[2026-04-21T21:41:16+08:00][sql] SHOW FULL COLUMNS FROM `cmf_product_category` [ RunTime:0.001941s ]
[2026-04-21T21:41:16+08:00][sql] SELECT * FROM `cmf_product_category` WHERE  `parent_id` = 0 [ RunTime:0.000455s ]
[2026-04-21T21:41:16+08:00][sql] SELECT * FROM `cmf_product_category` WHERE  `id` = 19 LIMIT 1 [ RunTime:0.000277s ]
[2026-04-21T21:41:19+08:00][sql] CONNECT:[ UseTime:0.000840s ] mysql:host=127.0.0.1;port=3306;dbname=weihua;charset=utf8mb4
[2026-04-21T21:41:19+08:00][sql] SHOW FULL COLUMNS FROM `cmf_option` [ RunTime:0.002351s ]
[2026-04-21T21:41:19+08:00][sql] SELECT `option_value` FROM `cmf_option` WHERE  `option_name` = 'cdn_settings' LIMIT 1 [ RunTime:0.000592s ]
[2026-04-21T21:41:19+08:00][sql] SHOW FULL COLUMNS FROM `cmf_user` [ RunTime:0.003019s ]
[2026-04-21T21:41:19+08:00][sql] SELECT * FROM `cmf_user` WHERE  `id` = 1 LIMIT 1 [ RunTime:0.000696s ]
[2026-04-21T21:41:19+08:00][sql] SHOW FULL COLUMNS FROM `cmf_product_category` [ RunTime:0.002124s ]
[2026-04-21T21:41:19+08:00][sql] SELECT `id` FROM `cmf_product_category` WHERE  `name` = 'Gantry Crane'  AND `id` <> 19 LIMIT 1 [ RunTime:0.000594s ]
[2026-04-21T21:41:19+08:00][sql] SELECT * FROM `cmf_product_category` WHERE  `id` = 19 LIMIT 1 [ RunTime:0.000382s ]
[2026-04-21T21:41:19+08:00][sql] UPDATE `cmf_product_category`  SET `recommend` = 1 , `seo_title` = '' , `seo_keywords` = '' , `seo_description` = ''  WHERE  `id` = 19 [ RunTime:0.000940s ]
[2026-04-21T21:41:19+08:00][sql] SHOW FULL COLUMNS FROM `cmf_route` [ RunTime:0.001021s ]
[2026-04-21T21:41:19+08:00][sql] SELECT * FROM `cmf_route` WHERE  `full_url` = 'portal/index/product?id=19' LIMIT 1 [ RunTime:0.000288s ]
[2026-04-21T21:41:19+08:00][sql] UPDATE `cmf_route`  SET `url` = 'GantryCrane' , `list_order` = '1' , `type` = 2  WHERE  `id` = 89 [ RunTime:0.000209s ]
[2026-04-21T21:41:19+08:00][sql] SELECT * FROM `cmf_route` WHERE  `status` = 1 ORDER BY `list_order` ASC [ RunTime:0.000330s ]
[2026-04-21T21:41:22+08:00][sql] CONNECT:[ UseTime:0.001088s ] mysql:host=127.0.0.1;port=3306;dbname=weihua;charset=utf8mb4
[2026-04-21T21:41:22+08:00][sql] SHOW FULL COLUMNS FROM `cmf_option` [ RunTime:0.002403s ]
[2026-04-21T21:41:22+08:00][sql] SELECT `option_value` FROM `cmf_option` WHERE  `option_name` = 'cdn_settings' LIMIT 1 [ RunTime:0.000408s ]
[2026-04-21T21:41:22+08:00][sql] SHOW FULL COLUMNS FROM `cmf_user` [ RunTime:0.001505s ]
[2026-04-21T21:41:22+08:00][sql] SELECT * FROM `cmf_user` WHERE  `id` = 1 LIMIT 1 [ RunTime:0.000423s ]
[2026-04-21T21:41:22+08:00][sql] SHOW FULL COLUMNS FROM `cmf_product_category` [ RunTime:0.001163s ]
[2026-04-21T21:41:22+08:00][sql] SELECT * FROM `cmf_product_category` ORDER BY `list_order` ASC [ RunTime:0.000348s ]
[2026-04-21T21:41:22+08:00][sql] SELECT `option_value` FROM `cmf_option` WHERE  `option_name` = 'storage' LIMIT 1 [ RunTime:0.000271s ]
[2026-04-21T21:41:23+08:00][sql] CONNECT:[ UseTime:0.000877s ] mysql:host=127.0.0.1;port=3306;dbname=weihua;charset=utf8mb4
[2026-04-21T21:41:23+08:00][sql] SHOW FULL COLUMNS FROM `cmf_option` [ RunTime:0.002200s ]
[2026-04-21T21:41:23+08:00][sql] SELECT `option_value` FROM `cmf_option` WHERE  `option_name` = 'cdn_settings' LIMIT 1 [ RunTime:0.000577s ]
[2026-04-21T21:41:23+08:00][sql] SHOW FULL COLUMNS FROM `cmf_user` [ RunTime:0.001615s ]
[2026-04-21T21:41:23+08:00][sql] SELECT * FROM `cmf_user` WHERE  `id` = 1 LIMIT 1 [ RunTime:0.000530s ]
[2026-04-21T21:41:23+08:00][sql] SHOW FULL COLUMNS FROM `cmf_product_category` [ RunTime:0.001405s ]
[2026-04-21T21:41:23+08:00][sql] SELECT * FROM `cmf_product_category` WHERE  `parent_id` = 0 [ RunTime:0.000423s ]
[2026-04-21T21:41:23+08:00][sql] SELECT * FROM `cmf_product_category` WHERE  `id` = 20 LIMIT 1 [ RunTime:0.000255s ]
[2026-04-21T21:41:26+08:00][sql] CONNECT:[ UseTime:0.001204s ] mysql:host=127.0.0.1;port=3306;dbname=weihua;charset=utf8mb4
[2026-04-21T21:41:26+08:00][sql] SHOW FULL COLUMNS FROM `cmf_option` [ RunTime:0.002280s ]
[2026-04-21T21:41:26+08:00][sql] SELECT `option_value` FROM `cmf_option` WHERE  `option_name` = 'cdn_settings' LIMIT 1 [ RunTime:0.000411s ]
[2026-04-21T21:41:26+08:00][sql] SHOW FULL COLUMNS FROM `cmf_user` [ RunTime:0.001562s ]
[2026-04-21T21:41:26+08:00][sql] SELECT * FROM `cmf_user` WHERE  `id` = 1 LIMIT 1 [ RunTime:0.000612s ]
[2026-04-21T21:41:26+08:00][sql] SHOW FULL COLUMNS FROM `cmf_product_category` [ RunTime:0.001403s ]
[2026-04-21T21:41:26+08:00][sql] SELECT `id` FROM `cmf_product_category` WHERE  `name` = 'New Design Crane'  AND `id` <> 20 LIMIT 1 [ RunTime:0.000549s ]
[2026-04-21T21:41:26+08:00][sql] SELECT * FROM `cmf_product_category` WHERE  `id` = 20 LIMIT 1 [ RunTime:0.000273s ]
[2026-04-21T21:41:26+08:00][sql] UPDATE `cmf_product_category`  SET `recommend` = 1 , `seo_title` = '' , `seo_keywords` = '' , `seo_description` = ''  WHERE  `id` = 20 [ RunTime:0.000533s ]
[2026-04-21T21:41:26+08:00][sql] SHOW FULL COLUMNS FROM `cmf_route` [ RunTime:0.001383s ]
[2026-04-21T21:41:26+08:00][sql] SELECT * FROM `cmf_route` WHERE  `full_url` = 'portal/index/product?id=20' LIMIT 1 [ RunTime:0.000332s ]
[2026-04-21T21:41:26+08:00][sql] UPDATE `cmf_route`  SET `url` = 'NewDesignCrane' , `list_order` = '1' , `type` = 2  WHERE  `id` = 90 [ RunTime:0.000239s ]
[2026-04-21T21:41:26+08:00][sql] SELECT * FROM `cmf_route` WHERE  `status` = 1 ORDER BY `list_order` ASC [ RunTime:0.000302s ]
[2026-04-21T21:41:29+08:00][sql] CONNECT:[ UseTime:0.018483s ] mysql:host=127.0.0.1;port=3306;dbname=weihua;charset=utf8mb4
[2026-04-21T21:41:29+08:00][sql] SHOW FULL COLUMNS FROM `cmf_option` [ RunTime:0.011958s ]
[2026-04-21T21:41:29+08:00][sql] SELECT `option_value` FROM `cmf_option` WHERE  `option_name` = 'cdn_settings' LIMIT 1 [ RunTime:0.000549s ]
[2026-04-21T21:41:29+08:00][sql] SELECT `option_value` FROM `cmf_option` WHERE  `option_name` = 'cdn_settings' LIMIT 1 [ RunTime:0.000299s ]
[2026-04-21T21:41:29+08:00][sql] SHOW FULL COLUMNS FROM `cmf_product_category` [ RunTime:0.001296s ]
[2026-04-21T21:41:29+08:00][sql] SELECT * FROM `cmf_product_category` WHERE  `parent_id` = 0 ORDER BY `list_order` ASC,`create_time` DESC [ RunTime:0.000456s ]
[2026-04-21T21:41:29+08:00][sql] SELECT * FROM `cmf_product_category` WHERE  `parent_id` IN (18,19,20,21,22,23,24,25,26,27) [ RunTime:0.000325s ]
[2026-04-21T21:41:29+08:00][sql] SHOW FULL COLUMNS FROM `cmf_portal_category` [ RunTime:0.001472s ]
[2026-04-21T21:41:29+08:00][sql] SELECT * FROM `cmf_portal_category` WHERE (  `type` = 8 ) AND `cmf_portal_category`.`delete_time` = '0' ORDER BY `list_order` ASC [ RunTime:0.000607s ]
[2026-04-21T21:41:29+08:00][sql] SHOW FULL COLUMNS FROM `cmf_slide_item` [ RunTime:0.001005s ]
[2026-04-21T21:41:29+08:00][sql] SELECT `title`,`image`,`content` FROM `cmf_slide_item` WHERE  `slide_id` = 1 ORDER BY `list_order` ASC [ RunTime:0.000540s ]
[2026-04-21T21:41:29+08:00][sql] SELECT * FROM `cmf_product_category` WHERE  `parent_id` = 0  AND `recommend` = 1 ORDER BY `list_order` ASC,`create_time` DESC [ RunTime:0.000446s ]
[2026-04-21T21:41:29+08:00][sql] SHOW FULL COLUMNS FROM `cmf_product` [ RunTime:0.001932s ]
[2026-04-21T21:41:29+08:00][sql] SELECT `id`,`title`,`thumbnail`,`industry` FROM `cmf_product` WHERE  `is_recommended` = 1  AND `category_id` = 18 ORDER BY `list_order` ASC LIMIT 6 [ RunTime:0.000667s ]
[2026-04-21T21:41:29+08:00][sql] SELECT `id`,`title`,`thumbnail`,`industry` FROM `cmf_product` WHERE  `is_recommended` = 1  AND `category_id` = 19 ORDER BY `list_order` ASC LIMIT 6 [ RunTime:0.000403s ]
[2026-04-21T21:41:29+08:00][sql] SELECT `id`,`title`,`thumbnail`,`industry` FROM `cmf_product` WHERE  `is_recommended` = 1  AND `category_id` = 20 ORDER BY `list_order` ASC LIMIT 6 [ RunTime:0.000327s ]
[2026-04-21T21:41:29+08:00][sql] SHOW FULL COLUMNS FROM `cmf_portal_post` [ RunTime:0.001522s ]
[2026-04-21T21:41:29+08:00][sql] SELECT `p`.`id`,`p`.`post_title`,`p`.`post_excerpt`,`p`.`thumbnail`,`p`.`create_time`,`c`.`category_id` FROM `cmf_portal_post` `p` INNER JOIN `cmf_portal_category_post` `c` ON `p`.`id`=`c`.`post_id` WHERE (  `p`.`post_type` = '8' ) AND `p`.`delete_time` = '0' ORDER BY `c`.`list_order` ASC,`p`.`create_time` DESC LIMIT 4 [ RunTime:0.000856s ]
[2026-04-21T21:41:29+08:00][sql] SHOW FULL COLUMNS FROM `cmf_theme_file` [ RunTime:0.001455s ]
[2026-04-21T21:41:29+08:00][sql] SELECT `more`,`file`,`id` FROM `cmf_theme_file` WHERE  `theme` = 'simpleboot3'  AND (  `is_public` = 1 OR `file` = 'portal/index' ) ORDER BY `is_public` DESC [ RunTime:0.000387s ]
[2026-04-21T21:41:29+08:00][sql] SELECT `option_value` FROM `cmf_option` WHERE  `option_name` = 'storage' LIMIT 1 [ RunTime:0.000345s ]
[2026-04-21T21:43:04+08:00][sql] CONNECT:[ UseTime:0.006458s ] mysql:host=127.0.0.1;port=3306;dbname=weihua;charset=utf8mb4
[2026-04-21T21:43:04+08:00][sql] SHOW FULL COLUMNS FROM `cmf_option` [ RunTime:0.005966s ]
[2026-04-21T21:43:04+08:00][sql] SELECT `option_value` FROM `cmf_option` WHERE  `option_name` = 'cdn_settings' LIMIT 1 [ RunTime:0.000493s ]
[2026-04-21T21:43:04+08:00][sql] SELECT `option_value` FROM `cmf_option` WHERE  `option_name` = 'cdn_settings' LIMIT 1 [ RunTime:0.000277s ]
[2026-04-21T21:43:04+08:00][sql] SHOW FULL COLUMNS FROM `cmf_product_category` [ RunTime:0.001437s ]
[2026-04-21T21:43:04+08:00][sql] SELECT * FROM `cmf_product_category` WHERE  `parent_id` = 0 ORDER BY `list_order` ASC,`create_time` DESC [ RunTime:0.000544s ]
[2026-04-21T21:43:04+08:00][sql] SELECT * FROM `cmf_product_category` WHERE  `parent_id` IN (18,19,20,21,22,23,24,25,26,27) [ RunTime:0.000366s ]
[2026-04-21T21:43:04+08:00][sql] SHOW FULL COLUMNS FROM `cmf_portal_category` [ RunTime:0.001259s ]
[2026-04-21T21:43:04+08:00][sql] SELECT * FROM `cmf_portal_category` WHERE (  `type` = 8 ) AND `cmf_portal_category`.`delete_time` = '0' ORDER BY `list_order` ASC [ RunTime:0.000341s ]
[2026-04-21T21:43:04+08:00][sql] SHOW FULL COLUMNS FROM `cmf_slide_item` [ RunTime:0.000988s ]
[2026-04-21T21:43:04+08:00][sql] SELECT `title`,`image`,`content` FROM `cmf_slide_item` WHERE  `slide_id` = 1 ORDER BY `list_order` ASC [ RunTime:0.000308s ]
[2026-04-21T21:43:04+08:00][sql] SELECT * FROM `cmf_product_category` WHERE  `parent_id` = 0  AND `recommend` = 1 ORDER BY `list_order` ASC,`create_time` DESC [ RunTime:0.000196s ]
[2026-04-21T21:43:04+08:00][sql] SHOW FULL COLUMNS FROM `cmf_product` [ RunTime:0.001159s ]
[2026-04-21T21:43:04+08:00][sql] SELECT `id`,`title`,`thumbnail`,`industry` FROM `cmf_product` WHERE  `is_recommended` = 1  AND `category_id` = 18 ORDER BY `list_order` ASC LIMIT 6 [ RunTime:0.000402s ]
[2026-04-21T21:43:04+08:00][sql] SELECT `id`,`title`,`thumbnail`,`industry` FROM `cmf_product` WHERE  `is_recommended` = 1  AND `category_id` = 19 ORDER BY `list_order` ASC LIMIT 6 [ RunTime:0.000240s ]
[2026-04-21T21:43:04+08:00][sql] SELECT `id`,`title`,`thumbnail`,`industry` FROM `cmf_product` WHERE  `is_recommended` = 1  AND `category_id` = 20 ORDER BY `list_order` ASC LIMIT 6 [ RunTime:0.000279s ]
[2026-04-21T21:43:04+08:00][sql] SHOW FULL COLUMNS FROM `cmf_portal_post` [ RunTime:0.001229s ]
[2026-04-21T21:43:04+08:00][sql] SELECT `p`.`id`,`p`.`post_title`,`p`.`post_excerpt`,`p`.`thumbnail`,`p`.`create_time`,`c`.`category_id` FROM `cmf_portal_post` `p` INNER JOIN `cmf_portal_category_post` `c` ON `p`.`id`=`c`.`post_id` WHERE (  `p`.`post_type` = '8' ) AND `p`.`delete_time` = '0' ORDER BY `c`.`list_order` ASC,`p`.`create_time` DESC LIMIT 4 [ RunTime:0.000484s ]
[2026-04-21T21:43:04+08:00][sql] SHOW FULL COLUMNS FROM `cmf_theme_file` [ RunTime:0.000910s ]
[2026-04-21T21:43:04+08:00][sql] SELECT `more`,`file`,`id` FROM `cmf_theme_file` WHERE  `theme` = 'simpleboot3'  AND (  `is_public` = 1 OR `file` = 'portal/index' ) ORDER BY `is_public` DESC [ RunTime:0.000345s ]
[2026-04-21T21:43:04+08:00][sql] SELECT `option_value` FROM `cmf_option` WHERE  `option_name` = 'storage' LIMIT 1 [ RunTime:0.000221s ]
[2026-04-21T21:43:50+08:00][sql] CONNECT:[ UseTime:0.001361s ] mysql:host=127.0.0.1;port=3306;dbname=weihua;charset=utf8mb4
[2026-04-21T21:43:50+08:00][sql] SHOW FULL COLUMNS FROM `cmf_option` [ RunTime:0.002713s ]
[2026-04-21T21:43:50+08:00][sql] SELECT `option_value` FROM `cmf_option` WHERE  `option_name` = 'cdn_settings' LIMIT 1 [ RunTime:0.000403s ]
[2026-04-21T21:43:50+08:00][sql] SELECT `option_value` FROM `cmf_option` WHERE  `option_name` = 'cdn_settings' LIMIT 1 [ RunTime:0.000231s ]
[2026-04-21T21:43:50+08:00][sql] SHOW FULL COLUMNS FROM `cmf_product_category` [ RunTime:0.001304s ]
[2026-04-21T21:43:50+08:00][sql] SELECT * FROM `cmf_product_category` WHERE  `parent_id` = 0 ORDER BY `list_order` ASC,`create_time` DESC [ RunTime:0.000433s ]
[2026-04-21T21:43:50+08:00][sql] SELECT * FROM `cmf_product_category` WHERE  `parent_id` IN (18,19,20,21,22,23,24,25,26,27) [ RunTime:0.000239s ]
[2026-04-21T21:43:50+08:00][sql] SHOW FULL COLUMNS FROM `cmf_portal_category` [ RunTime:0.001015s ]
[2026-04-21T21:43:50+08:00][sql] SELECT * FROM `cmf_portal_category` WHERE (  `type` = 8 ) AND `cmf_portal_category`.`delete_time` = '0' ORDER BY `list_order` ASC [ RunTime:0.000319s ]
[2026-04-21T21:43:50+08:00][sql] SHOW FULL COLUMNS FROM `cmf_slide_item` [ RunTime:0.000992s ]
[2026-04-21T21:43:50+08:00][sql] SELECT `title`,`image`,`content` FROM `cmf_slide_item` WHERE  `slide_id` = 1 ORDER BY `list_order` ASC [ RunTime:0.000437s ]
[2026-04-21T21:43:50+08:00][sql] SELECT * FROM `cmf_product_category` WHERE  `parent_id` = 0  AND `recommend` = 1 ORDER BY `list_order` ASC,`create_time` DESC [ RunTime:0.000256s ]
[2026-04-21T21:43:50+08:00][sql] SHOW FULL COLUMNS FROM `cmf_product` [ RunTime:0.001149s ]
[2026-04-21T21:43:50+08:00][sql] SELECT `id`,`title`,`thumbnail`,`industry` FROM `cmf_product` WHERE  `is_recommended` = 1  AND `category_id` = 18 ORDER BY `list_order` ASC LIMIT 6 [ RunTime:0.000391s ]
[2026-04-21T21:43:50+08:00][sql] SELECT `id`,`title`,`thumbnail`,`industry` FROM `cmf_product` WHERE  `is_recommended` = 1  AND `category_id` = 19 ORDER BY `list_order` ASC LIMIT 6 [ RunTime:0.000216s ]
[2026-04-21T21:43:50+08:00][sql] SELECT `id`,`title`,`thumbnail`,`industry` FROM `cmf_product` WHERE  `is_recommended` = 1  AND `category_id` = 20 ORDER BY `list_order` ASC LIMIT 6 [ RunTime:0.000195s ]
[2026-04-21T21:43:50+08:00][sql] SHOW FULL COLUMNS FROM `cmf_portal_post` [ RunTime:0.001124s ]
[2026-04-21T21:43:50+08:00][sql] SELECT `p`.`id`,`p`.`post_title`,`p`.`post_excerpt`,`p`.`thumbnail`,`p`.`create_time`,`c`.`category_id` FROM `cmf_portal_post` `p` INNER JOIN `cmf_portal_category_post` `c` ON `p`.`id`=`c`.`post_id` WHERE (  `p`.`post_type` = '8' ) AND `p`.`delete_time` = '0' ORDER BY `c`.`list_order` ASC,`p`.`create_time` DESC LIMIT 4 [ RunTime:0.000412s ]
[2026-04-21T21:43:50+08:00][sql] SHOW FULL COLUMNS FROM `cmf_theme_file` [ RunTime:0.000979s ]
[2026-04-21T21:43:50+08:00][sql] SELECT `more`,`file`,`id` FROM `cmf_theme_file` WHERE  `theme` = 'simpleboot3'  AND (  `is_public` = 1 OR `file` = 'portal/index' ) ORDER BY `is_public` DESC [ RunTime:0.000349s ]
[2026-04-21T21:43:50+08:00][sql] SELECT `option_value` FROM `cmf_option` WHERE  `option_name` = 'storage' LIMIT 1 [ RunTime:0.000603s ]
[2026-04-21T21:44:12+08:00][sql] CONNECT:[ UseTime:0.001764s ] mysql:host=127.0.0.1;port=3306;dbname=weihua;charset=utf8mb4
[2026-04-21T21:44:12+08:00][sql] SHOW FULL COLUMNS FROM `cmf_option` [ RunTime:0.003282s ]
[2026-04-21T21:44:12+08:00][sql] SELECT `option_value` FROM `cmf_option` WHERE  `option_name` = 'cdn_settings' LIMIT 1 [ RunTime:0.000515s ]
[2026-04-21T21:44:12+08:00][sql] SELECT `option_value` FROM `cmf_option` WHERE  `option_name` = 'cdn_settings' LIMIT 1 [ RunTime:0.000283s ]
[2026-04-21T21:44:12+08:00][sql] SHOW FULL COLUMNS FROM `cmf_product_category` [ RunTime:0.001446s ]
[2026-04-21T21:44:12+08:00][sql] SELECT * FROM `cmf_product_category` WHERE  `parent_id` = 0 ORDER BY `list_order` ASC,`create_time` DESC [ RunTime:0.000707s ]
[2026-04-21T21:44:12+08:00][sql] SELECT * FROM `cmf_product_category` WHERE  `parent_id` IN (18,19,20,21,22,23,24,25,26,27) [ RunTime:0.000305s ]
[2026-04-21T21:44:12+08:00][sql] SHOW FULL COLUMNS FROM `cmf_portal_category` [ RunTime:0.001549s ]
[2026-04-21T21:44:12+08:00][sql] SELECT * FROM `cmf_portal_category` WHERE (  `type` = 8 ) AND `cmf_portal_category`.`delete_time` = '0' ORDER BY `list_order` ASC [ RunTime:0.000451s ]
[2026-04-21T21:44:12+08:00][sql] SHOW FULL COLUMNS FROM `cmf_slide_item` [ RunTime:0.000961s ]
[2026-04-21T21:44:12+08:00][sql] SELECT `title`,`image`,`content` FROM `cmf_slide_item` WHERE  `slide_id` = 1 ORDER BY `list_order` ASC [ RunTime:0.000309s ]
[2026-04-21T21:44:12+08:00][sql] SELECT * FROM `cmf_product_category` WHERE  `parent_id` = 0  AND `recommend` = 1 ORDER BY `list_order` ASC,`create_time` DESC [ RunTime:0.000412s ]
[2026-04-21T21:44:12+08:00][sql] SHOW FULL COLUMNS FROM `cmf_product` [ RunTime:0.001479s ]
[2026-04-21T21:44:12+08:00][sql] SELECT `id`,`title`,`thumbnail`,`industry` FROM `cmf_product` WHERE  `is_recommended` = 1  AND `category_id` = 18 ORDER BY `list_order` ASC LIMIT 6 [ RunTime:0.000371s ]
[2026-04-21T21:44:12+08:00][sql] SELECT `id`,`title`,`thumbnail`,`industry` FROM `cmf_product` WHERE  `is_recommended` = 1  AND `category_id` = 19 ORDER BY `list_order` ASC LIMIT 6 [ RunTime:0.000245s ]
[2026-04-21T21:44:12+08:00][sql] SELECT `id`,`title`,`thumbnail`,`industry` FROM `cmf_product` WHERE  `is_recommended` = 1  AND `category_id` = 20 ORDER BY `list_order` ASC LIMIT 6 [ RunTime:0.000239s ]
[2026-04-21T21:44:12+08:00][sql] SHOW FULL COLUMNS FROM `cmf_portal_post` [ RunTime:0.001246s ]
[2026-04-21T21:44:12+08:00][sql] SELECT `p`.`id`,`p`.`post_title`,`p`.`post_excerpt`,`p`.`thumbnail`,`p`.`create_time`,`c`.`category_id` FROM `cmf_portal_post` `p` INNER JOIN `cmf_portal_category_post` `c` ON `p`.`id`=`c`.`post_id` WHERE (  `p`.`post_type` = '8' ) AND `p`.`delete_time` = '0' ORDER BY `c`.`list_order` ASC,`p`.`create_time` DESC LIMIT 4 [ RunTime:0.000482s ]
[2026-04-21T21:44:12+08:00][sql] SHOW FULL COLUMNS FROM `cmf_theme_file` [ RunTime:0.000881s ]
[2026-04-21T21:44:12+08:00][sql] SELECT `more`,`file`,`id` FROM `cmf_theme_file` WHERE  `theme` = 'simpleboot3'  AND (  `is_public` = 1 OR `file` = 'portal/index' ) ORDER BY `is_public` DESC [ RunTime:0.000347s ]
[2026-04-21T21:44:12+08:00][sql] SELECT `option_value` FROM `cmf_option` WHERE  `option_name` = 'storage' LIMIT 1 [ RunTime:0.000187s ]
[2026-04-21T21:44:13+08:00][sql] CONNECT:[ UseTime:0.001249s ] mysql:host=127.0.0.1;port=3306;dbname=weihua;charset=utf8mb4
[2026-04-21T21:44:13+08:00][sql] SHOW FULL COLUMNS FROM `cmf_option` [ RunTime:0.002053s ]
[2026-04-21T21:44:13+08:00][sql] SELECT `option_value` FROM `cmf_option` WHERE  `option_name` = 'cdn_settings' LIMIT 1 [ RunTime:0.000615s ]
[2026-04-21T21:44:13+08:00][sql] SELECT `option_value` FROM `cmf_option` WHERE  `option_name` = 'cdn_settings' LIMIT 1 [ RunTime:0.000523s ]
[2026-04-21T21:44:13+08:00][sql] SHOW FULL COLUMNS FROM `cmf_product_category` [ RunTime:0.001529s ]
[2026-04-21T21:44:13+08:00][sql] SELECT * FROM `cmf_product_category` WHERE  `parent_id` = 0 ORDER BY `list_order` ASC,`create_time` DESC [ RunTime:0.000579s ]
[2026-04-21T21:44:13+08:00][sql] SELECT * FROM `cmf_product_category` WHERE  `parent_id` IN (18,19,20,21,22,23,24,25,26,27) [ RunTime:0.000314s ]
[2026-04-21T21:44:13+08:00][sql] SHOW FULL COLUMNS FROM `cmf_portal_category` [ RunTime:0.001770s ]
[2026-04-21T21:44:13+08:00][sql] SELECT * FROM `cmf_portal_category` WHERE (  `type` = 8 ) AND `cmf_portal_category`.`delete_time` = '0' ORDER BY `list_order` ASC [ RunTime:0.000473s ]
[2026-04-21T21:44:13+08:00][sql] SHOW FULL COLUMNS FROM `cmf_slide_item` [ RunTime:0.001711s ]
[2026-04-21T21:44:13+08:00][sql] SELECT `title`,`image`,`content` FROM `cmf_slide_item` WHERE  `slide_id` = 1 ORDER BY `list_order` ASC [ RunTime:0.000673s ]
[2026-04-21T21:44:13+08:00][sql] SELECT * FROM `cmf_product_category` WHERE  `parent_id` = 0  AND `recommend` = 1 ORDER BY `list_order` ASC,`create_time` DESC [ RunTime:0.000481s ]
[2026-04-21T21:44:13+08:00][sql] SHOW FULL COLUMNS FROM `cmf_product` [ RunTime:0.002695s ]
[2026-04-21T21:44:13+08:00][sql] SELECT `id`,`title`,`thumbnail`,`industry` FROM `cmf_product` WHERE  `is_recommended` = 1  AND `category_id` = 18 ORDER BY `list_order` ASC LIMIT 6 [ RunTime:0.000701s ]
[2026-04-21T21:44:13+08:00][sql] SELECT `id`,`title`,`thumbnail`,`industry` FROM `cmf_product` WHERE  `is_recommended` = 1  AND `category_id` = 19 ORDER BY `list_order` ASC LIMIT 6 [ RunTime:0.000267s ]
[2026-04-21T21:44:13+08:00][sql] SELECT `id`,`title`,`thumbnail`,`industry` FROM `cmf_product` WHERE  `is_recommended` = 1  AND `category_id` = 20 ORDER BY `list_order` ASC LIMIT 6 [ RunTime:0.000251s ]
[2026-04-21T21:44:13+08:00][sql] SHOW FULL COLUMNS FROM `cmf_portal_post` [ RunTime:0.001623s ]
[2026-04-21T21:44:13+08:00][sql] SELECT `p`.`id`,`p`.`post_title`,`p`.`post_excerpt`,`p`.`thumbnail`,`p`.`create_time`,`c`.`category_id` FROM `cmf_portal_post` `p` INNER JOIN `cmf_portal_category_post` `c` ON `p`.`id`=`c`.`post_id` WHERE (  `p`.`post_type` = '8' ) AND `p`.`delete_time` = '0' ORDER BY `c`.`list_order` ASC,`p`.`create_time` DESC LIMIT 4 [ RunTime:0.000510s ]
[2026-04-21T21:44:13+08:00][sql] SHOW FULL COLUMNS FROM `cmf_theme_file` [ RunTime:0.001141s ]
[2026-04-21T21:44:13+08:00][sql] SELECT `more`,`file`,`id` FROM `cmf_theme_file` WHERE  `theme` = 'simpleboot3'  AND (  `is_public` = 1 OR `file` = 'portal/index' ) ORDER BY `is_public` DESC [ RunTime:0.000383s ]
[2026-04-21T21:44:13+08:00][sql] SELECT `option_value` FROM `cmf_option` WHERE  `option_name` = 'storage' LIMIT 1 [ RunTime:0.000251s ]
[2026-04-21T22:02:44+08:00][sql] CONNECT:[ UseTime:0.002581s ] mysql:host=127.0.0.1;port=3306;dbname=weihua;charset=utf8mb4
[2026-04-21T22:02:44+08:00][sql] SHOW FULL COLUMNS FROM `cmf_option` [ RunTime:0.004319s ]
[2026-04-21T22:02:44+08:00][sql] SELECT `option_value` FROM `cmf_option` WHERE  `option_name` = 'cdn_settings' LIMIT 1 [ RunTime:0.000819s ]
[2026-04-21T22:02:44+08:00][sql] SELECT `option_value` FROM `cmf_option` WHERE  `option_name` = 'cdn_settings' LIMIT 1 [ RunTime:0.000470s ]
[2026-04-21T22:02:44+08:00][sql] SHOW FULL COLUMNS FROM `cmf_product_category` [ RunTime:0.001952s ]
[2026-04-21T22:02:44+08:00][sql] SELECT * FROM `cmf_product_category` WHERE  `parent_id` = 0 ORDER BY `list_order` ASC,`create_time` DESC [ RunTime:0.000842s ]
[2026-04-21T22:02:44+08:00][sql] SELECT * FROM `cmf_product_category` WHERE  `parent_id` IN (18,19,20,21,22,23,24,25,26,27) [ RunTime:0.000364s ]
[2026-04-21T22:02:44+08:00][sql] SHOW FULL COLUMNS FROM `cmf_portal_category` [ RunTime:0.014550s ]
[2026-04-21T22:02:44+08:00][sql] SELECT * FROM `cmf_portal_category` WHERE (  `type` = 8 ) AND `cmf_portal_category`.`delete_time` = '0' ORDER BY `list_order` ASC [ RunTime:0.001974s ]
[2026-04-21T22:02:44+08:00][sql] SHOW FULL COLUMNS FROM `cmf_slide_item` [ RunTime:0.002545s ]
[2026-04-21T22:02:44+08:00][sql] SELECT `title`,`image`,`content` FROM `cmf_slide_item` WHERE  `slide_id` = 1 ORDER BY `list_order` ASC [ RunTime:0.001977s ]
[2026-04-21T22:02:44+08:00][sql] SELECT * FROM `cmf_product_category` WHERE  `parent_id` = 0  AND `recommend` = 1 ORDER BY `list_order` ASC,`create_time` DESC [ RunTime:0.000657s ]
[2026-04-21T22:02:44+08:00][sql] SHOW FULL COLUMNS FROM `cmf_product` [ RunTime:0.002274s ]
[2026-04-21T22:02:44+08:00][sql] SELECT `id`,`title`,`thumbnail`,`industry` FROM `cmf_product` WHERE  `is_recommended` = 1  AND `category_id` = 18 ORDER BY `list_order` ASC LIMIT 6 [ RunTime:0.002062s ]
[2026-04-21T22:02:44+08:00][sql] SELECT `id`,`title`,`thumbnail`,`industry` FROM `cmf_product` WHERE  `is_recommended` = 1  AND `category_id` = 19 ORDER BY `list_order` ASC LIMIT 6 [ RunTime:0.000338s ]
[2026-04-21T22:02:44+08:00][sql] SELECT `id`,`title`,`thumbnail`,`industry` FROM `cmf_product` WHERE  `is_recommended` = 1  AND `category_id` = 20 ORDER BY `list_order` ASC LIMIT 6 [ RunTime:0.000250s ]
[2026-04-21T22:02:44+08:00][sql] SHOW FULL COLUMNS FROM `cmf_portal_post` [ RunTime:0.002241s ]
[2026-04-21T22:02:44+08:00][sql] SELECT `p`.`id`,`p`.`post_title`,`p`.`post_excerpt`,`p`.`thumbnail`,`p`.`create_time`,`c`.`category_id` FROM `cmf_portal_post` `p` INNER JOIN `cmf_portal_category_post` `c` ON `p`.`id`=`c`.`post_id` WHERE (  `p`.`post_type` = '8' ) AND `p`.`delete_time` = '0' ORDER BY `c`.`list_order` ASC,`p`.`create_time` DESC LIMIT 4 [ RunTime:0.001788s ]
[2026-04-21T22:02:44+08:00][sql] SHOW FULL COLUMNS FROM `cmf_theme_file` [ RunTime:0.001198s ]
[2026-04-21T22:02:44+08:00][sql] SELECT `more`,`file`,`id` FROM `cmf_theme_file` WHERE  `theme` = 'simpleboot3'  AND (  `is_public` = 1 OR `file` = 'portal/index' ) ORDER BY `is_public` DESC [ RunTime:0.000555s ]
[2026-04-21T22:02:44+08:00][sql] SELECT `option_value` FROM `cmf_option` WHERE  `option_name` = 'storage' LIMIT 1 [ RunTime:0.000496s ]
[2026-04-21T22:03:57+08:00][sql] CONNECT:[ UseTime:0.002565s ] mysql:host=127.0.0.1;port=3306;dbname=weihua;charset=utf8mb4
[2026-04-21T22:03:57+08:00][sql] SHOW FULL COLUMNS FROM `cmf_option` [ RunTime:0.018411s ]
[2026-04-21T22:03:57+08:00][sql] SELECT `option_value` FROM `cmf_option` WHERE  `option_name` = 'cdn_settings' LIMIT 1 [ RunTime:0.001446s ]
[2026-04-21T22:03:57+08:00][sql] SELECT `option_value` FROM `cmf_option` WHERE  `option_name` = 'cdn_settings' LIMIT 1 [ RunTime:0.000846s ]
[2026-04-21T22:03:57+08:00][sql] SHOW FULL COLUMNS FROM `cmf_product_category` [ RunTime:0.002180s ]
[2026-04-21T22:03:57+08:00][sql] SELECT * FROM `cmf_product_category` WHERE  `parent_id` = 0 ORDER BY `list_order` ASC,`create_time` DESC [ RunTime:0.001608s ]
[2026-04-21T22:03:57+08:00][sql] SELECT * FROM `cmf_product_category` WHERE  `parent_id` IN (18,19,20,21,22,23,24,25,26,27) [ RunTime:0.000477s ]
[2026-04-21T22:03:57+08:00][sql] SHOW FULL COLUMNS FROM `cmf_portal_category` [ RunTime:0.002415s ]
[2026-04-21T22:03:57+08:00][sql] SELECT * FROM `cmf_portal_category` WHERE (  `type` = 8 ) AND `cmf_portal_category`.`delete_time` = '0' ORDER BY `list_order` ASC [ RunTime:0.000721s ]
[2026-04-21T22:03:57+08:00][sql] SHOW FULL COLUMNS FROM `cmf_product` [ RunTime:0.001822s ]
[2026-04-21T22:03:57+08:00][sql] SELECT * FROM `cmf_product` WHERE  `id` = 62 LIMIT 1 [ RunTime:0.001973s ]
[2026-04-21T22:03:57+08:00][sql] SELECT * FROM `cmf_product_category` WHERE  `id` = 18 LIMIT 1 [ RunTime:0.000290s ]
[2026-04-21T22:03:57+08:00][sql] SELECT `id`,`title`,`industry`,`thumbnail` FROM `cmf_product` WHERE  `id` <> 62  AND `is_recommended` = 1  AND `category_id` = 18 ORDER BY RAND() LIMIT 4 [ RunTime:0.000738s ]
[2026-04-21T22:03:57+08:00][sql] SHOW FULL COLUMNS FROM `cmf_slide_item` [ RunTime:0.001185s ]
[2026-04-21T22:03:57+08:00][sql] SELECT `title`,`description`,`image` FROM `cmf_slide_item` WHERE  `slide_id` = 2 ORDER BY `list_order` ASC LIMIT 1 [ RunTime:0.000411s ]
[2026-04-21T22:03:57+08:00][sql] SHOW FULL COLUMNS FROM `cmf_theme_file` [ RunTime:0.001285s ]
[2026-04-21T22:03:57+08:00][sql] SELECT `more`,`file`,`id` FROM `cmf_theme_file` WHERE  `theme` = 'simpleboot3'  AND (  `is_public` = 1 OR `file` = 'portal/product-info' ) ORDER BY `is_public` DESC [ RunTime:0.000471s ]
[2026-04-21T22:03:57+08:00][sql] SELECT `option_value` FROM `cmf_option` WHERE  `option_name` = 'storage' LIMIT 1 [ RunTime:0.000406s ]
[2026-04-21T22:16:20+08:00][sql] CONNECT:[ UseTime:0.001657s ] mysql:host=127.0.0.1;port=3306;dbname=weihua;charset=utf8mb4
[2026-04-21T22:16:20+08:00][sql] SHOW FULL COLUMNS FROM `cmf_option` [ RunTime:0.002817s ]
[2026-04-21T22:16:20+08:00][sql] SELECT `option_value` FROM `cmf_option` WHERE  `option_name` = 'cdn_settings' LIMIT 1 [ RunTime:0.000487s ]
[2026-04-21T22:16:20+08:00][sql] SHOW FULL COLUMNS FROM `cmf_user` [ RunTime:0.001871s ]
[2026-04-21T22:16:20+08:00][sql] SELECT * FROM `cmf_user` WHERE  `id` = 1 LIMIT 1 [ RunTime:0.000593s ]
[2026-04-21T22:16:20+08:00][sql] SHOW FULL COLUMNS FROM `cmf_admin_menu` [ RunTime:0.001246s ]
[2026-04-21T22:16:20+08:00][sql] SELECT * FROM `cmf_admin_menu` ORDER BY `app` ASC,`controller` ASC,`action` ASC [ RunTime:0.000825s ]
[2026-04-21T22:16:21+08:00][sql] CONNECT:[ UseTime:0.000926s ] mysql:host=127.0.0.1;port=3306;dbname=weihua;charset=utf8mb4
[2026-04-21T22:16:21+08:00][sql] SHOW FULL COLUMNS FROM `cmf_option` [ RunTime:0.002537s ]
[2026-04-21T22:16:21+08:00][sql] SELECT `option_value` FROM `cmf_option` WHERE  `option_name` = 'cdn_settings' LIMIT 1 [ RunTime:0.000376s ]
[2026-04-21T22:16:21+08:00][sql] SHOW FULL COLUMNS FROM `cmf_user` [ RunTime:0.001309s ]
[2026-04-21T22:16:21+08:00][sql] SELECT * FROM `cmf_user` WHERE  `id` = 1 LIMIT 1 [ RunTime:0.000337s ]
[2026-04-21T22:16:21+08:00][sql] SELECT `option_value` FROM `cmf_option` WHERE  `option_name` = 'cdn_settings' LIMIT 1 [ RunTime:0.000439s ]
[2026-04-21T22:16:21+08:00][sql] SELECT `option_value` FROM `cmf_option` WHERE  `option_name` = 'cmf_settings' LIMIT 1 [ RunTime:0.000210s ]
[2026-04-21T22:16:21+08:00][sql] SELECT `option_value` FROM `cmf_option` WHERE  `option_name` = 'storage' LIMIT 1 [ RunTime:0.000219s ]
[2026-04-21T22:16:21+08:00][sql] CONNECT:[ UseTime:0.000792s ] mysql:host=127.0.0.1;port=3306;dbname=weihua;charset=utf8mb4
[2026-04-21T22:16:21+08:00][sql] SHOW FULL COLUMNS FROM `cmf_option` [ RunTime:0.002376s ]
[2026-04-21T22:16:21+08:00][sql] SELECT `option_value` FROM `cmf_option` WHERE  `option_name` = 'cdn_settings' LIMIT 1 [ RunTime:0.000304s ]
[2026-04-21T22:16:21+08:00][sql] SHOW FULL COLUMNS FROM `cmf_user` [ RunTime:0.001239s ]
[2026-04-21T22:16:21+08:00][sql] SELECT * FROM `cmf_user` WHERE  `id` = 1 LIMIT 1 [ RunTime:0.000336s ]
[2026-04-21T22:16:21+08:00][sql] SHOW FULL COLUMNS FROM `cmf_product_category` [ RunTime:0.001188s ]
[2026-04-21T22:16:21+08:00][sql] SELECT * FROM `cmf_product_category` ORDER BY `list_order` ASC [ RunTime:0.000785s ]
[2026-04-21T22:16:21+08:00][sql] SELECT `option_value` FROM `cmf_option` WHERE  `option_name` = 'storage' LIMIT 1 [ RunTime:0.000241s ]
[2026-04-21T22:16:22+08:00][sql] CONNECT:[ UseTime:0.000683s ] mysql:host=127.0.0.1;port=3306;dbname=weihua;charset=utf8mb4
[2026-04-21T22:16:22+08:00][sql] SHOW FULL COLUMNS FROM `cmf_option` [ RunTime:0.001994s ]
[2026-04-21T22:16:22+08:00][sql] SELECT `option_value` FROM `cmf_option` WHERE  `option_name` = 'cdn_settings' LIMIT 1 [ RunTime:0.000393s ]
[2026-04-21T22:16:22+08:00][sql] SHOW FULL COLUMNS FROM `cmf_user` [ RunTime:0.001357s ]
[2026-04-21T22:16:22+08:00][sql] SELECT * FROM `cmf_user` WHERE  `id` = 1 LIMIT 1 [ RunTime:0.000380s ]
[2026-04-21T22:16:22+08:00][sql] SHOW FULL COLUMNS FROM `cmf_product` [ RunTime:0.001431s ]
[2026-04-21T22:16:22+08:00][sql] SELECT COUNT(*) AS think_count FROM `cmf_product` LIMIT 1 [ RunTime:0.000369s ]
[2026-04-21T22:16:22+08:00][sql] SELECT * FROM `cmf_product` ORDER BY `list_order` ASC,`id` DESC LIMIT 0,10 [ RunTime:0.000342s ]
[2026-04-21T22:16:22+08:00][sql] SHOW FULL COLUMNS FROM `cmf_product_category` [ RunTime:0.001096s ]
[2026-04-21T22:16:22+08:00][sql] SELECT `id`,`name` FROM `cmf_product_category` WHERE  `id` = 18 [ RunTime:0.000286s ]
[2026-04-21T22:16:22+08:00][sql] SELECT * FROM `cmf_product_category` [ RunTime:0.000201s ]
[2026-04-21T22:16:22+08:00][sql] SELECT `option_value` FROM `cmf_option` WHERE  `option_name` = 'storage' LIMIT 1 [ RunTime:0.000279s ]
[2026-04-21T22:16:27+08:00][sql] CONNECT:[ UseTime:0.000704s ] mysql:host=127.0.0.1;port=3306;dbname=weihua;charset=utf8mb4
[2026-04-21T22:16:27+08:00][sql] SHOW FULL COLUMNS FROM `cmf_option` [ RunTime:0.002134s ]
[2026-04-21T22:16:27+08:00][sql] SELECT `option_value` FROM `cmf_option` WHERE  `option_name` = 'cdn_settings' LIMIT 1 [ RunTime:0.000380s ]
[2026-04-21T22:16:27+08:00][sql] SHOW FULL COLUMNS FROM `cmf_user` [ RunTime:0.001282s ]
[2026-04-21T22:16:27+08:00][sql] SELECT * FROM `cmf_user` WHERE  `id` = 1 LIMIT 1 [ RunTime:0.000346s ]
[2026-04-21T22:16:27+08:00][sql] SHOW FULL COLUMNS FROM `cmf_product` [ RunTime:0.001387s ]
[2026-04-21T22:16:27+08:00][sql] SELECT * FROM `cmf_product` WHERE  `id` = 62 LIMIT 1 [ RunTime:0.000670s ]
[2026-04-21T22:16:27+08:00][sql] SHOW FULL COLUMNS FROM `cmf_product_category` [ RunTime:0.001096s ]
[2026-04-21T22:16:27+08:00][sql] SELECT * FROM `cmf_product_category` ORDER BY `list_order` ASC [ RunTime:0.000339s ]
[2026-04-21T22:16:27+08:00][sql] SELECT `option_value` FROM `cmf_option` WHERE  `option_name` = 'storage' LIMIT 1 [ RunTime:0.000480s ]
[2026-04-21T22:16:27+08:00][sql] CONNECT:[ UseTime:0.000570s ] mysql:host=127.0.0.1;port=3306;dbname=weihua;charset=utf8mb4
[2026-04-21T22:16:27+08:00][sql] SHOW FULL COLUMNS FROM `cmf_option` [ RunTime:0.001435s ]
[2026-04-21T22:16:27+08:00][sql] SELECT `option_value` FROM `cmf_option` WHERE  `option_name` = 'cdn_settings' LIMIT 1 [ RunTime:0.000350s ]
[2026-04-21T22:16:27+08:00][sql] SELECT `option_value` FROM `cmf_option` WHERE  `option_name` = 'cdn_settings' LIMIT 1 [ RunTime:0.000177s ]
[2026-04-21T22:16:27+08:00][sql] CONNECT:[ UseTime:0.000565s ] mysql:host=127.0.0.1;port=3306;dbname=weihua;charset=utf8mb4
[2026-04-21T22:16:27+08:00][sql] SHOW FULL COLUMNS FROM `cmf_option` [ RunTime:0.001436s ]
[2026-04-21T22:16:27+08:00][sql] SELECT `option_value` FROM `cmf_option` WHERE  `option_name` = 'cdn_settings' LIMIT 1 [ RunTime:0.000353s ]
[2026-04-21T22:16:27+08:00][sql] SELECT `option_value` FROM `cmf_option` WHERE  `option_name` = 'cdn_settings' LIMIT 1 [ RunTime:0.000157s ]
[2026-04-21T22:16:27+08:00][sql] CONNECT:[ UseTime:0.000566s ] mysql:host=127.0.0.1;port=3306;dbname=weihua;charset=utf8mb4
[2026-04-21T22:16:27+08:00][sql] SHOW FULL COLUMNS FROM `cmf_option` [ RunTime:0.001435s ]
[2026-04-21T22:16:27+08:00][sql] SELECT `option_value` FROM `cmf_option` WHERE  `option_name` = 'cdn_settings' LIMIT 1 [ RunTime:0.000338s ]
[2026-04-21T22:16:27+08:00][sql] SELECT `option_value` FROM `cmf_option` WHERE  `option_name` = 'cdn_settings' LIMIT 1 [ RunTime:0.000175s ]
[2026-04-21T22:16:27+08:00][sql] CONNECT:[ UseTime:0.000524s ] mysql:host=127.0.0.1;port=3306;dbname=weihua;charset=utf8mb4
[2026-04-21T22:16:27+08:00][sql] SHOW FULL COLUMNS FROM `cmf_option` [ RunTime:0.001178s ]
[2026-04-21T22:16:27+08:00][sql] SELECT `option_value` FROM `cmf_option` WHERE  `option_name` = 'cdn_settings' LIMIT 1 [ RunTime:0.000267s ]
[2026-04-21T22:16:27+08:00][sql] SELECT `option_value` FROM `cmf_option` WHERE  `option_name` = 'cdn_settings' LIMIT 1 [ RunTime:0.000169s ]
[2026-04-21T22:17:09+08:00][sql] CONNECT:[ UseTime:0.000579s ] mysql:host=127.0.0.1;port=3306;dbname=weihua;charset=utf8mb4
[2026-04-21T22:17:09+08:00][sql] SHOW FULL COLUMNS FROM `cmf_option` [ RunTime:0.001429s ]
[2026-04-21T22:17:09+08:00][sql] SELECT `option_value` FROM `cmf_option` WHERE  `option_name` = 'cdn_settings' LIMIT 1 [ RunTime:0.000275s ]
[2026-04-21T22:17:09+08:00][sql] SHOW FULL COLUMNS FROM `cmf_user` [ RunTime:0.001440s ]
[2026-04-21T22:17:09+08:00][sql] SELECT * FROM `cmf_user` WHERE  `id` = 1 LIMIT 1 [ RunTime:0.000483s ]
[2026-04-21T22:17:09+08:00][sql] SHOW FULL COLUMNS FROM `cmf_product_category` [ RunTime:0.001210s ]
[2026-04-21T22:17:09+08:00][sql] SELECT * FROM `cmf_product_category` WHERE  `id` = 18 LIMIT 1 [ RunTime:0.000372s ]
[2026-04-21T22:17:09+08:00][sql] SHOW FULL COLUMNS FROM `cmf_product` [ RunTime:0.001091s ]
[2026-04-21T22:17:09+08:00][sql] SELECT * FROM `cmf_product` WHERE  `id` = 62 LIMIT 1 [ RunTime:0.000293s ]
[2026-04-21T22:17:09+08:00][sql] SELECT `option_value` FROM `cmf_option` WHERE  `option_name` = 'storage' LIMIT 1 [ RunTime:0.000189s ]
[2026-04-21T22:17:09+08:00][sql] UPDATE `cmf_product`  SET `update_time` = 1776781029  WHERE  `id` = 62 [ RunTime:0.001035s ]
[2026-04-21T22:17:09+08:00][sql] SHOW FULL COLUMNS FROM `cmf_route` [ RunTime:0.001161s ]
[2026-04-21T22:17:09+08:00][sql] SELECT * FROM `cmf_route` WHERE  `full_url` = 'portal/index/product_info?id=62' LIMIT 1 [ RunTime:0.000349s ]
[2026-04-21T22:17:09+08:00][sql] UPDATE `cmf_route`  SET `url` = 'BeamSpreaderBridgeCraneQC' , `list_order` = '2' , `type` = 2  WHERE  `id` = 88 [ RunTime:0.000228s ]
[2026-04-21T22:17:09+08:00][sql] SELECT * FROM `cmf_route` WHERE  `status` = 1 ORDER BY `list_order` ASC [ RunTime:0.000247s ]
[2026-04-21T22:17:11+08:00][sql] CONNECT:[ UseTime:0.001065s ] mysql:host=127.0.0.1;port=3306;dbname=weihua;charset=utf8mb4
[2026-04-21T22:17:11+08:00][sql] SHOW FULL COLUMNS FROM `cmf_option` [ RunTime:0.002387s ]
[2026-04-21T22:17:11+08:00][sql] SELECT `option_value` FROM `cmf_option` WHERE  `option_name` = 'cdn_settings' LIMIT 1 [ RunTime:0.000470s ]
[2026-04-21T22:17:11+08:00][sql] SHOW FULL COLUMNS FROM `cmf_user` [ RunTime:0.001654s ]
[2026-04-21T22:17:11+08:00][sql] SELECT * FROM `cmf_user` WHERE  `id` = 1 LIMIT 1 [ RunTime:0.000534s ]
[2026-04-21T22:17:11+08:00][sql] SHOW FULL COLUMNS FROM `cmf_product` [ RunTime:0.001541s ]
[2026-04-21T22:17:11+08:00][sql] SELECT * FROM `cmf_product` WHERE  `id` = 62 LIMIT 1 [ RunTime:0.000839s ]
[2026-04-21T22:17:11+08:00][sql] SHOW FULL COLUMNS FROM `cmf_product_category` [ RunTime:0.002273s ]
[2026-04-21T22:17:11+08:00][sql] SELECT * FROM `cmf_product_category` ORDER BY `list_order` ASC [ RunTime:0.000769s ]
[2026-04-21T22:17:11+08:00][sql] SELECT `option_value` FROM `cmf_option` WHERE  `option_name` = 'storage' LIMIT 1 [ RunTime:0.000462s ]
[2026-04-21T22:17:11+08:00][sql] CONNECT:[ UseTime:0.000885s ] mysql:host=127.0.0.1;port=3306;dbname=weihua;charset=utf8mb4
[2026-04-21T22:17:11+08:00][sql] SHOW FULL COLUMNS FROM `cmf_option` [ RunTime:0.002803s ]
[2026-04-21T22:17:11+08:00][sql] SELECT `option_value` FROM `cmf_option` WHERE  `option_name` = 'cdn_settings' LIMIT 1 [ RunTime:0.000192s ]
[2026-04-21T22:17:11+08:00][sql] SELECT `option_value` FROM `cmf_option` WHERE  `option_name` = 'cdn_settings' LIMIT 1 [ RunTime:0.000166s ]
[2026-04-21T22:17:11+08:00][sql] CONNECT:[ UseTime:0.000794s ] mysql:host=127.0.0.1;port=3306;dbname=weihua;charset=utf8mb4
[2026-04-21T22:17:11+08:00][sql] SHOW FULL COLUMNS FROM `cmf_option` [ RunTime:0.002678s ]
[2026-04-21T22:17:11+08:00][sql] SELECT `option_value` FROM `cmf_option` WHERE  `option_name` = 'cdn_settings' LIMIT 1 [ RunTime:0.000280s ]
[2026-04-21T22:17:11+08:00][sql] SELECT `option_value` FROM `cmf_option` WHERE  `option_name` = 'cdn_settings' LIMIT 1 [ RunTime:0.000160s ]
[2026-04-21T22:17:11+08:00][sql] CONNECT:[ UseTime:0.000725s ] mysql:host=127.0.0.1;port=3306;dbname=weihua;charset=utf8mb4
[2026-04-21T22:17:11+08:00][sql] SHOW FULL COLUMNS FROM `cmf_option` [ RunTime:0.002893s ]
[2026-04-21T22:17:11+08:00][sql] SELECT `option_value` FROM `cmf_option` WHERE  `option_name` = 'cdn_settings' LIMIT 1 [ RunTime:0.000190s ]
[2026-04-21T22:17:11+08:00][sql] SELECT `option_value` FROM `cmf_option` WHERE  `option_name` = 'cdn_settings' LIMIT 1 [ RunTime:0.000164s ]
[2026-04-21T22:17:11+08:00][sql] CONNECT:[ UseTime:0.000557s ] mysql:host=127.0.0.1;port=3306;dbname=weihua;charset=utf8mb4
[2026-04-21T22:17:11+08:00][sql] SHOW FULL COLUMNS FROM `cmf_option` [ RunTime:0.001372s ]
[2026-04-21T22:17:11+08:00][sql] SELECT `option_value` FROM `cmf_option` WHERE  `option_name` = 'cdn_settings' LIMIT 1 [ RunTime:0.000257s ]
[2026-04-21T22:17:11+08:00][sql] SELECT `option_value` FROM `cmf_option` WHERE  `option_name` = 'cdn_settings' LIMIT 1 [ RunTime:0.000145s ]
[2026-04-21T22:17:13+08:00][sql] CONNECT:[ UseTime:0.000822s ] mysql:host=127.0.0.1;port=3306;dbname=weihua;charset=utf8mb4
[2026-04-21T22:17:13+08:00][sql] SHOW FULL COLUMNS FROM `cmf_option` [ RunTime:0.012682s ]
[2026-04-21T22:17:13+08:00][sql] SELECT `option_value` FROM `cmf_option` WHERE  `option_name` = 'cdn_settings' LIMIT 1 [ RunTime:0.000394s ]
[2026-04-21T22:17:13+08:00][sql] SHOW FULL COLUMNS FROM `cmf_user` [ RunTime:0.001271s ]
[2026-04-21T22:17:13+08:00][sql] SELECT * FROM `cmf_user` WHERE  `id` = 1 LIMIT 1 [ RunTime:0.000357s ]
[2026-04-21T22:17:13+08:00][sql] SHOW FULL COLUMNS FROM `cmf_admin_menu` [ RunTime:0.001113s ]
[2026-04-21T22:17:13+08:00][sql] SELECT * FROM `cmf_admin_menu` ORDER BY `app` ASC,`controller` ASC,`action` ASC [ RunTime:0.000768s ]
[2026-04-21T22:17:13+08:00][sql] CONNECT:[ UseTime:0.000557s ] mysql:host=127.0.0.1;port=3306;dbname=weihua;charset=utf8mb4
[2026-04-21T22:17:13+08:00][sql] SHOW FULL COLUMNS FROM `cmf_option` [ RunTime:0.001266s ]
[2026-04-21T22:17:13+08:00][sql] SELECT `option_value` FROM `cmf_option` WHERE  `option_name` = 'cdn_settings' LIMIT 1 [ RunTime:0.000194s ]
[2026-04-21T22:17:13+08:00][sql] SHOW FULL COLUMNS FROM `cmf_user` [ RunTime:0.001065s ]
[2026-04-21T22:17:13+08:00][sql] SELECT * FROM `cmf_user` WHERE  `id` = 1 LIMIT 1 [ RunTime:0.000240s ]
[2026-04-21T22:17:13+08:00][sql] SELECT `option_value` FROM `cmf_option` WHERE  `option_name` = 'cdn_settings' LIMIT 1 [ RunTime:0.000177s ]
[2026-04-21T22:17:13+08:00][sql] SELECT `option_value` FROM `cmf_option` WHERE  `option_name` = 'cmf_settings' LIMIT 1 [ RunTime:0.000139s ]
[2026-04-21T22:17:13+08:00][sql] SELECT `option_value` FROM `cmf_option` WHERE  `option_name` = 'storage' LIMIT 1 [ RunTime:0.000183s ]
[2026-04-21T22:17:13+08:00][sql] CONNECT:[ UseTime:0.000606s ] mysql:host=127.0.0.1;port=3306;dbname=weihua;charset=utf8mb4
[2026-04-21T22:17:13+08:00][sql] SHOW FULL COLUMNS FROM `cmf_option` [ RunTime:0.001302s ]
[2026-04-21T22:17:13+08:00][sql] SELECT `option_value` FROM `cmf_option` WHERE  `option_name` = 'cdn_settings' LIMIT 1 [ RunTime:0.000248s ]
[2026-04-21T22:17:13+08:00][sql] SHOW FULL COLUMNS FROM `cmf_user` [ RunTime:0.001876s ]
[2026-04-21T22:17:13+08:00][sql] SELECT * FROM `cmf_user` WHERE  `id` = 1 LIMIT 1 [ RunTime:0.001064s ]
[2026-04-21T22:17:13+08:00][sql] SHOW FULL COLUMNS FROM `cmf_product` [ RunTime:0.002701s ]
[2026-04-21T22:17:13+08:00][sql] SELECT COUNT(*) AS think_count FROM `cmf_product` LIMIT 1 [ RunTime:0.000724s ]
[2026-04-21T22:17:13+08:00][sql] SELECT * FROM `cmf_product` ORDER BY `list_order` ASC,`id` DESC LIMIT 0,10 [ RunTime:0.000331s ]
[2026-04-21T22:17:13+08:00][sql] SHOW FULL COLUMNS FROM `cmf_product_category` [ RunTime:0.001309s ]
[2026-04-21T22:17:13+08:00][sql] SELECT `id`,`name` FROM `cmf_product_category` WHERE  `id` = 18 [ RunTime:0.000237s ]
[2026-04-21T22:17:13+08:00][sql] SELECT * FROM `cmf_product_category` [ RunTime:0.000199s ]
[2026-04-21T22:17:13+08:00][sql] SELECT `option_value` FROM `cmf_option` WHERE  `option_name` = 'storage' LIMIT 1 [ RunTime:0.000262s ]
[2026-04-21T22:17:14+08:00][sql] CONNECT:[ UseTime:0.001351s ] mysql:host=127.0.0.1;port=3306;dbname=weihua;charset=utf8mb4
[2026-04-21T22:17:14+08:00][sql] SHOW FULL COLUMNS FROM `cmf_option` [ RunTime:0.002945s ]
[2026-04-21T22:17:14+08:00][sql] SELECT `option_value` FROM `cmf_option` WHERE  `option_name` = 'cdn_settings' LIMIT 1 [ RunTime:0.000397s ]
[2026-04-21T22:17:14+08:00][sql] SHOW FULL COLUMNS FROM `cmf_user` [ RunTime:0.002312s ]
[2026-04-21T22:17:14+08:00][sql] SELECT * FROM `cmf_user` WHERE  `id` = 1 LIMIT 1 [ RunTime:0.000803s ]
[2026-04-21T22:17:14+08:00][sql] SHOW FULL COLUMNS FROM `cmf_product` [ RunTime:0.002375s ]
[2026-04-21T22:17:14+08:00][sql] SELECT * FROM `cmf_product` WHERE  `id` = 62 LIMIT 1 [ RunTime:0.000962s ]
[2026-04-21T22:17:14+08:00][sql] SHOW FULL COLUMNS FROM `cmf_product_category` [ RunTime:0.002534s ]
[2026-04-21T22:17:14+08:00][sql] SELECT * FROM `cmf_product_category` ORDER BY `list_order` ASC [ RunTime:0.000699s ]
[2026-04-21T22:17:14+08:00][sql] SELECT `option_value` FROM `cmf_option` WHERE  `option_name` = 'storage' LIMIT 1 [ RunTime:0.000447s ]
[2026-04-21T22:17:14+08:00][sql] CONNECT:[ UseTime:0.000666s ] mysql:host=127.0.0.1;port=3306;dbname=weihua;charset=utf8mb4
[2026-04-21T22:17:14+08:00][sql] SHOW FULL COLUMNS FROM `cmf_option` [ RunTime:0.001756s ]
[2026-04-21T22:17:14+08:00][sql] SELECT `option_value` FROM `cmf_option` WHERE  `option_name` = 'cdn_settings' LIMIT 1 [ RunTime:0.000196s ]
[2026-04-21T22:17:14+08:00][sql] SELECT `option_value` FROM `cmf_option` WHERE  `option_name` = 'cdn_settings' LIMIT 1 [ RunTime:0.000203s ]
[2026-04-21T22:17:14+08:00][sql] CONNECT:[ UseTime:0.000659s ] mysql:host=127.0.0.1;port=3306;dbname=weihua;charset=utf8mb4
[2026-04-21T22:17:14+08:00][sql] SHOW FULL COLUMNS FROM `cmf_option` [ RunTime:0.001706s ]
[2026-04-21T22:17:14+08:00][sql] SELECT `option_value` FROM `cmf_option` WHERE  `option_name` = 'cdn_settings' LIMIT 1 [ RunTime:0.000212s ]
[2026-04-21T22:17:14+08:00][sql] SELECT `option_value` FROM `cmf_option` WHERE  `option_name` = 'cdn_settings' LIMIT 1 [ RunTime:0.000179s ]
[2026-04-21T22:17:14+08:00][sql] CONNECT:[ UseTime:0.000657s ] mysql:host=127.0.0.1;port=3306;dbname=weihua;charset=utf8mb4
[2026-04-21T22:17:14+08:00][sql] SHOW FULL COLUMNS FROM `cmf_option` [ RunTime:0.001371s ]
[2026-04-21T22:17:14+08:00][sql] SELECT `option_value` FROM `cmf_option` WHERE  `option_name` = 'cdn_settings' LIMIT 1 [ RunTime:0.000254s ]
[2026-04-21T22:17:14+08:00][sql] SELECT `option_value` FROM `cmf_option` WHERE  `option_name` = 'cdn_settings' LIMIT 1 [ RunTime:0.000242s ]
[2026-04-21T22:17:14+08:00][sql] CONNECT:[ UseTime:0.000532s ] mysql:host=127.0.0.1;port=3306;dbname=weihua;charset=utf8mb4
[2026-04-21T22:17:14+08:00][sql] SHOW FULL COLUMNS FROM `cmf_option` [ RunTime:0.001295s ]
[2026-04-21T22:17:14+08:00][sql] SELECT `option_value` FROM `cmf_option` WHERE  `option_name` = 'cdn_settings' LIMIT 1 [ RunTime:0.000251s ]
[2026-04-21T22:17:14+08:00][sql] SELECT `option_value` FROM `cmf_option` WHERE  `option_name` = 'cdn_settings' LIMIT 1 [ RunTime:0.000165s ]
[2026-04-21T22:18:49+08:00][sql] CONNECT:[ UseTime:0.000792s ] mysql:host=127.0.0.1;port=3306;dbname=weihua;charset=utf8mb4
[2026-04-21T22:18:49+08:00][sql] SHOW FULL COLUMNS FROM `cmf_option` [ RunTime:0.013161s ]
[2026-04-21T22:18:49+08:00][sql] SELECT `option_value` FROM `cmf_option` WHERE  `option_name` = 'cdn_settings' LIMIT 1 [ RunTime:0.000326s ]
[2026-04-21T22:18:49+08:00][sql] SHOW FULL COLUMNS FROM `cmf_user` [ RunTime:0.001492s ]
[2026-04-21T22:18:49+08:00][sql] SELECT * FROM `cmf_user` WHERE  `id` = 1 LIMIT 1 [ RunTime:0.000430s ]
[2026-04-21T22:18:49+08:00][sql] SHOW FULL COLUMNS FROM `cmf_product_category` [ RunTime:0.000971s ]
[2026-04-21T22:18:49+08:00][sql] SELECT * FROM `cmf_product_category` WHERE  `id` = 18 LIMIT 1 [ RunTime:0.000280s ]
[2026-04-21T22:18:49+08:00][sql] SHOW FULL COLUMNS FROM `cmf_product` [ RunTime:0.001184s ]
[2026-04-21T22:18:49+08:00][sql] SELECT * FROM `cmf_product` WHERE  `id` = 62 LIMIT 1 [ RunTime:0.000464s ]
[2026-04-21T22:18:49+08:00][sql] SELECT `option_value` FROM `cmf_option` WHERE  `option_name` = 'storage' LIMIT 1 [ RunTime:0.000241s ]
[2026-04-21T22:18:49+08:00][sql] UPDATE `cmf_product`  SET `parameter` = '[{\"parameter_name\":\"text_param\",\"name\":\"test_value\"}]' , `update_time` = 1776781129  WHERE  `id` = 62 [ RunTime:0.001848s ]
[2026-04-21T22:18:49+08:00][sql] SHOW FULL COLUMNS FROM `cmf_route` [ RunTime:0.000965s ]
[2026-04-21T22:18:49+08:00][sql] SELECT * FROM `cmf_route` WHERE  `full_url` = 'portal/index/product_info?id=62' LIMIT 1 [ RunTime:0.000298s ]
[2026-04-21T22:18:49+08:00][sql] UPDATE `cmf_route`  SET `url` = 'BeamSpreaderBridgeCraneQC' , `list_order` = '2' , `type` = 2  WHERE  `id` = 88 [ RunTime:0.000229s ]
[2026-04-21T22:18:49+08:00][sql] SELECT * FROM `cmf_route` WHERE  `status` = 1 ORDER BY `list_order` ASC [ RunTime:0.000278s ]
[2026-04-21T22:18:50+08:00][sql] CONNECT:[ UseTime:0.000747s ] mysql:host=127.0.0.1;port=3306;dbname=weihua;charset=utf8mb4
[2026-04-21T22:18:50+08:00][sql] SHOW FULL COLUMNS FROM `cmf_option` [ RunTime:0.001745s ]
[2026-04-21T22:18:50+08:00][sql] SELECT `option_value` FROM `cmf_option` WHERE  `option_name` = 'cdn_settings' LIMIT 1 [ RunTime:0.000321s ]
[2026-04-21T22:18:50+08:00][sql] SHOW FULL COLUMNS FROM `cmf_user` [ RunTime:0.001408s ]
[2026-04-21T22:18:50+08:00][sql] SELECT * FROM `cmf_user` WHERE  `id` = 1 LIMIT 1 [ RunTime:0.000572s ]
[2026-04-21T22:18:50+08:00][sql] SHOW FULL COLUMNS FROM `cmf_admin_menu` [ RunTime:0.001348s ]
[2026-04-21T22:18:50+08:00][sql] SELECT * FROM `cmf_admin_menu` ORDER BY `app` ASC,`controller` ASC,`action` ASC [ RunTime:0.000983s ]
[2026-04-21T22:18:50+08:00][sql] CONNECT:[ UseTime:0.000576s ] mysql:host=127.0.0.1;port=3306;dbname=weihua;charset=utf8mb4
[2026-04-21T22:18:50+08:00][sql] SHOW FULL COLUMNS FROM `cmf_option` [ RunTime:0.001505s ]
[2026-04-21T22:18:50+08:00][sql] SELECT `option_value` FROM `cmf_option` WHERE  `option_name` = 'cdn_settings' LIMIT 1 [ RunTime:0.000319s ]
[2026-04-21T22:18:50+08:00][sql] SHOW FULL COLUMNS FROM `cmf_user` [ RunTime:0.001287s ]
[2026-04-21T22:18:50+08:00][sql] SELECT * FROM `cmf_user` WHERE  `id` = 1 LIMIT 1 [ RunTime:0.000384s ]
[2026-04-21T22:18:50+08:00][sql] SELECT `option_value` FROM `cmf_option` WHERE  `option_name` = 'cdn_settings' LIMIT 1 [ RunTime:0.000175s ]
[2026-04-21T22:18:50+08:00][sql] SELECT `option_value` FROM `cmf_option` WHERE  `option_name` = 'cmf_settings' LIMIT 1 [ RunTime:0.000148s ]
[2026-04-21T22:18:50+08:00][sql] SELECT `option_value` FROM `cmf_option` WHERE  `option_name` = 'storage' LIMIT 1 [ RunTime:0.000424s ]
[2026-04-21T22:18:50+08:00][sql] CONNECT:[ UseTime:0.000527s ] mysql:host=127.0.0.1;port=3306;dbname=weihua;charset=utf8mb4
[2026-04-21T22:18:50+08:00][sql] SHOW FULL COLUMNS FROM `cmf_option` [ RunTime:0.001387s ]
[2026-04-21T22:18:50+08:00][sql] SELECT `option_value` FROM `cmf_option` WHERE  `option_name` = 'cdn_settings' LIMIT 1 [ RunTime:0.000208s ]
[2026-04-21T22:18:50+08:00][sql] SHOW FULL COLUMNS FROM `cmf_user` [ RunTime:0.001874s ]
[2026-04-21T22:18:50+08:00][sql] SELECT * FROM `cmf_user` WHERE  `id` = 1 LIMIT 1 [ RunTime:0.000561s ]
[2026-04-21T22:18:50+08:00][sql] SHOW FULL COLUMNS FROM `cmf_product` [ RunTime:0.001664s ]
[2026-04-21T22:18:50+08:00][sql] SELECT COUNT(*) AS think_count FROM `cmf_product` LIMIT 1 [ RunTime:0.000446s ]
[2026-04-21T22:18:50+08:00][sql] SELECT * FROM `cmf_product` ORDER BY `list_order` ASC,`id` DESC LIMIT 0,10 [ RunTime:0.000367s ]
[2026-04-21T22:18:50+08:00][sql] SHOW FULL COLUMNS FROM `cmf_product_category` [ RunTime:0.001016s ]
[2026-04-21T22:18:50+08:00][sql] SELECT `id`,`name` FROM `cmf_product_category` WHERE  `id` = 18 [ RunTime:0.000236s ]
[2026-04-21T22:18:50+08:00][sql] SELECT * FROM `cmf_product_category` [ RunTime:0.000461s ]
[2026-04-21T22:18:50+08:00][sql] SELECT `option_value` FROM `cmf_option` WHERE  `option_name` = 'storage' LIMIT 1 [ RunTime:0.000320s ]
[2026-04-21T22:18:52+08:00][sql] CONNECT:[ UseTime:0.001026s ] mysql:host=127.0.0.1;port=3306;dbname=weihua;charset=utf8mb4
[2026-04-21T22:18:52+08:00][sql] SHOW FULL COLUMNS FROM `cmf_option` [ RunTime:0.004157s ]
[2026-04-21T22:18:52+08:00][sql] SELECT `option_value` FROM `cmf_option` WHERE  `option_name` = 'cdn_settings' LIMIT 1 [ RunTime:0.000590s ]
[2026-04-21T22:18:52+08:00][sql] SHOW FULL COLUMNS FROM `cmf_user` [ RunTime:0.002344s ]
[2026-04-21T22:18:52+08:00][sql] SELECT * FROM `cmf_user` WHERE  `id` = 1 LIMIT 1 [ RunTime:0.000630s ]
[2026-04-21T22:18:52+08:00][sql] SHOW FULL COLUMNS FROM `cmf_product` [ RunTime:0.002195s ]
[2026-04-21T22:18:52+08:00][sql] SELECT * FROM `cmf_product` WHERE  `id` = 62 LIMIT 1 [ RunTime:0.000902s ]
[2026-04-21T22:18:52+08:00][sql] SHOW FULL COLUMNS FROM `cmf_product_category` [ RunTime:0.002633s ]
[2026-04-21T22:18:52+08:00][sql] SELECT * FROM `cmf_product_category` ORDER BY `list_order` ASC [ RunTime:0.000842s ]
[2026-04-21T22:18:52+08:00][sql] SELECT `option_value` FROM `cmf_option` WHERE  `option_name` = 'storage' LIMIT 1 [ RunTime:0.001026s ]
[2026-04-21T22:18:52+08:00][sql] CONNECT:[ UseTime:0.000593s ] mysql:host=127.0.0.1;port=3306;dbname=weihua;charset=utf8mb4
[2026-04-21T22:18:52+08:00][sql] SHOW FULL COLUMNS FROM `cmf_option` [ RunTime:0.001461s ]
[2026-04-21T22:18:52+08:00][sql] SELECT `option_value` FROM `cmf_option` WHERE  `option_name` = 'cdn_settings' LIMIT 1 [ RunTime:0.000254s ]
[2026-04-21T22:18:52+08:00][sql] SELECT `option_value` FROM `cmf_option` WHERE  `option_name` = 'cdn_settings' LIMIT 1 [ RunTime:0.000177s ]
[2026-04-21T22:18:52+08:00][sql] CONNECT:[ UseTime:0.000646s ] mysql:host=127.0.0.1;port=3306;dbname=weihua;charset=utf8mb4
[2026-04-21T22:18:52+08:00][sql] SHOW FULL COLUMNS FROM `cmf_option` [ RunTime:0.001457s ]
[2026-04-21T22:18:52+08:00][sql] SELECT `option_value` FROM `cmf_option` WHERE  `option_name` = 'cdn_settings' LIMIT 1 [ RunTime:0.000257s ]
[2026-04-21T22:18:52+08:00][sql] SELECT `option_value` FROM `cmf_option` WHERE  `option_name` = 'cdn_settings' LIMIT 1 [ RunTime:0.000184s ]
[2026-04-21T22:18:52+08:00][sql] CONNECT:[ UseTime:0.000638s ] mysql:host=127.0.0.1;port=3306;dbname=weihua;charset=utf8mb4
[2026-04-21T22:18:52+08:00][sql] SHOW FULL COLUMNS FROM `cmf_option` [ RunTime:0.001457s ]
[2026-04-21T22:18:52+08:00][sql] SELECT `option_value` FROM `cmf_option` WHERE  `option_name` = 'cdn_settings' LIMIT 1 [ RunTime:0.000254s ]
[2026-04-21T22:18:52+08:00][sql] SELECT `option_value` FROM `cmf_option` WHERE  `option_name` = 'cdn_settings' LIMIT 1 [ RunTime:0.000181s ]
[2026-04-21T22:18:52+08:00][sql] CONNECT:[ UseTime:0.000628s ] mysql:host=127.0.0.1;port=3306;dbname=weihua;charset=utf8mb4
[2026-04-21T22:18:52+08:00][sql] SHOW FULL COLUMNS FROM `cmf_option` [ RunTime:0.001472s ]
[2026-04-21T22:18:52+08:00][sql] SELECT `option_value` FROM `cmf_option` WHERE  `option_name` = 'cdn_settings' LIMIT 1 [ RunTime:0.000390s ]
[2026-04-21T22:18:52+08:00][sql] SELECT `option_value` FROM `cmf_option` WHERE  `option_name` = 'cdn_settings' LIMIT 1 [ RunTime:0.000195s ]
[2026-04-21T22:19:36+08:00][sql] CONNECT:[ UseTime:0.001926s ] mysql:host=127.0.0.1;port=3306;dbname=weihua;charset=utf8mb4
[2026-04-21T22:19:36+08:00][sql] SHOW FULL COLUMNS FROM `cmf_option` [ RunTime:0.003760s ]
[2026-04-21T22:19:36+08:00][sql] SELECT `option_value` FROM `cmf_option` WHERE  `option_name` = 'cdn_settings' LIMIT 1 [ RunTime:0.000751s ]
[2026-04-21T22:19:36+08:00][sql] SHOW FULL COLUMNS FROM `cmf_user` [ RunTime:0.002072s ]
[2026-04-21T22:19:36+08:00][sql] SELECT * FROM `cmf_user` WHERE  `id` = 1 LIMIT 1 [ RunTime:0.000504s ]
[2026-04-21T22:19:36+08:00][sql] SHOW FULL COLUMNS FROM `cmf_product_category` [ RunTime:0.001460s ]
[2026-04-21T22:19:36+08:00][sql] SELECT * FROM `cmf_product_category` WHERE  `id` = 18 LIMIT 1 [ RunTime:0.000547s ]
[2026-04-21T22:19:36+08:00][sql] SHOW FULL COLUMNS FROM `cmf_product` [ RunTime:0.001632s ]
[2026-04-21T22:19:36+08:00][sql] SELECT * FROM `cmf_product` WHERE  `id` = 62 LIMIT 1 [ RunTime:0.000659s ]
[2026-04-21T22:19:36+08:00][sql] SELECT `option_value` FROM `cmf_option` WHERE  `option_name` = 'storage' LIMIT 1 [ RunTime:0.000178s ]
[2026-04-21T22:19:36+08:00][sql] UPDATE `cmf_product`  SET `parameter` = '[{\"parameter_name\":\"text_param\",\"parameter_val\":\"test_value\"}]' , `update_time` = 1776781176  WHERE  `id` = 62 [ RunTime:0.001069s ]
[2026-04-21T22:19:36+08:00][sql] SHOW FULL COLUMNS FROM `cmf_route` [ RunTime:0.001267s ]
[2026-04-21T22:19:36+08:00][sql] SELECT * FROM `cmf_route` WHERE  `full_url` = 'portal/index/product_info?id=62' LIMIT 1 [ RunTime:0.000356s ]
[2026-04-21T22:19:36+08:00][sql] UPDATE `cmf_route`  SET `url` = 'BeamSpreaderBridgeCraneQC' , `list_order` = '2' , `type` = 2  WHERE  `id` = 88 [ RunTime:0.000239s ]
[2026-04-21T22:19:36+08:00][sql] SELECT * FROM `cmf_route` WHERE  `status` = 1 ORDER BY `list_order` ASC [ RunTime:0.000240s ]
[2026-04-21T22:19:37+08:00][sql] CONNECT:[ UseTime:0.002001s ] mysql:host=127.0.0.1;port=3306;dbname=weihua;charset=utf8mb4
[2026-04-21T22:19:37+08:00][sql] SHOW FULL COLUMNS FROM `cmf_option` [ RunTime:0.005358s ]
[2026-04-21T22:19:37+08:00][sql] SELECT `option_value` FROM `cmf_option` WHERE  `option_name` = 'cdn_settings' LIMIT 1 [ RunTime:0.000470s ]
[2026-04-21T22:19:37+08:00][sql] SHOW FULL COLUMNS FROM `cmf_user` [ RunTime:0.001905s ]
[2026-04-21T22:19:37+08:00][sql] SELECT * FROM `cmf_user` WHERE  `id` = 1 LIMIT 1 [ RunTime:0.000541s ]
[2026-04-21T22:19:37+08:00][sql] SHOW FULL COLUMNS FROM `cmf_admin_menu` [ RunTime:0.001527s ]
[2026-04-21T22:19:37+08:00][sql] SELECT * FROM `cmf_admin_menu` ORDER BY `app` ASC,`controller` ASC,`action` ASC [ RunTime:0.000861s ]
[2026-04-21T22:19:38+08:00][sql] CONNECT:[ UseTime:0.000922s ] mysql:host=127.0.0.1;port=3306;dbname=weihua;charset=utf8mb4
[2026-04-21T22:19:38+08:00][sql] SHOW FULL COLUMNS FROM `cmf_option` [ RunTime:0.002131s ]
[2026-04-21T22:19:38+08:00][sql] SELECT `option_value` FROM `cmf_option` WHERE  `option_name` = 'cdn_settings' LIMIT 1 [ RunTime:0.000325s ]
[2026-04-21T22:19:38+08:00][sql] SHOW FULL COLUMNS FROM `cmf_user` [ RunTime:0.001426s ]
[2026-04-21T22:19:38+08:00][sql] SELECT * FROM `cmf_user` WHERE  `id` = 1 LIMIT 1 [ RunTime:0.000345s ]
[2026-04-21T22:19:38+08:00][sql] SELECT `option_value` FROM `cmf_option` WHERE  `option_name` = 'cdn_settings' LIMIT 1 [ RunTime:0.000181s ]
[2026-04-21T22:19:38+08:00][sql] SELECT `option_value` FROM `cmf_option` WHERE  `option_name` = 'cmf_settings' LIMIT 1 [ RunTime:0.000150s ]
[2026-04-21T22:19:38+08:00][sql] SELECT `option_value` FROM `cmf_option` WHERE  `option_name` = 'storage' LIMIT 1 [ RunTime:0.000211s ]
[2026-04-21T22:19:38+08:00][sql] CONNECT:[ UseTime:0.000568s ] mysql:host=127.0.0.1;port=3306;dbname=weihua;charset=utf8mb4
[2026-04-21T22:19:38+08:00][sql] SHOW FULL COLUMNS FROM `cmf_option` [ RunTime:0.001629s ]
[2026-04-21T22:19:38+08:00][sql] SELECT `option_value` FROM `cmf_option` WHERE  `option_name` = 'cdn_settings' LIMIT 1 [ RunTime:0.000240s ]
[2026-04-21T22:19:38+08:00][sql] SHOW FULL COLUMNS FROM `cmf_user` [ RunTime:0.001125s ]
[2026-04-21T22:19:38+08:00][sql] SELECT * FROM `cmf_user` WHERE  `id` = 1 LIMIT 1 [ RunTime:0.000316s ]
[2026-04-21T22:19:38+08:00][sql] SHOW FULL COLUMNS FROM `cmf_product` [ RunTime:0.001258s ]
[2026-04-21T22:19:38+08:00][sql] SELECT COUNT(*) AS think_count FROM `cmf_product` LIMIT 1 [ RunTime:0.000225s ]
[2026-04-21T22:19:38+08:00][sql] SELECT * FROM `cmf_product` ORDER BY `list_order` ASC,`id` DESC LIMIT 0,10 [ RunTime:0.000290s ]
[2026-04-21T22:19:38+08:00][sql] SHOW FULL COLUMNS FROM `cmf_product_category` [ RunTime:0.001076s ]
[2026-04-21T22:19:38+08:00][sql] SELECT `id`,`name` FROM `cmf_product_category` WHERE  `id` = 18 [ RunTime:0.000314s ]
[2026-04-21T22:19:38+08:00][sql] SELECT * FROM `cmf_product_category` [ RunTime:0.000246s ]
[2026-04-21T22:19:38+08:00][sql] SELECT `option_value` FROM `cmf_option` WHERE  `option_name` = 'storage' LIMIT 1 [ RunTime:0.000531s ]
[2026-04-21T22:19:39+08:00][sql] CONNECT:[ UseTime:0.000843s ] mysql:host=127.0.0.1;port=3306;dbname=weihua;charset=utf8mb4
[2026-04-21T22:19:39+08:00][sql] SHOW FULL COLUMNS FROM `cmf_option` [ RunTime:0.001805s ]
[2026-04-21T22:19:39+08:00][sql] SELECT `option_value` FROM `cmf_option` WHERE  `option_name` = 'cdn_settings' LIMIT 1 [ RunTime:0.000329s ]
[2026-04-21T22:19:39+08:00][sql] SHOW FULL COLUMNS FROM `cmf_user` [ RunTime:0.001310s ]
[2026-04-21T22:19:39+08:00][sql] SELECT * FROM `cmf_user` WHERE  `id` = 1 LIMIT 1 [ RunTime:0.000384s ]
[2026-04-21T22:19:39+08:00][sql] SHOW FULL COLUMNS FROM `cmf_product` [ RunTime:0.001288s ]
[2026-04-21T22:19:39+08:00][sql] SELECT * FROM `cmf_product` WHERE  `id` = 62 LIMIT 1 [ RunTime:0.000549s ]
[2026-04-21T22:19:39+08:00][sql] SHOW FULL COLUMNS FROM `cmf_product_category` [ RunTime:0.001037s ]
[2026-04-21T22:19:39+08:00][sql] SELECT * FROM `cmf_product_category` ORDER BY `list_order` ASC [ RunTime:0.000266s ]
[2026-04-21T22:19:39+08:00][sql] SELECT `option_value` FROM `cmf_option` WHERE  `option_name` = 'storage' LIMIT 1 [ RunTime:0.000217s ]
[2026-04-21T22:19:39+08:00][sql] CONNECT:[ UseTime:0.000809s ] mysql:host=127.0.0.1;port=3306;dbname=weihua;charset=utf8mb4
[2026-04-21T22:19:39+08:00][sql] SHOW FULL COLUMNS FROM `cmf_option` [ RunTime:0.004749s ]
[2026-04-21T22:19:39+08:00][sql] SELECT `option_value` FROM `cmf_option` WHERE  `option_name` = 'cdn_settings' LIMIT 1 [ RunTime:0.000603s ]
[2026-04-21T22:19:39+08:00][sql] SELECT `option_value` FROM `cmf_option` WHERE  `option_name` = 'cdn_settings' LIMIT 1 [ RunTime:0.000289s ]
[2026-04-21T22:19:39+08:00][sql] CONNECT:[ UseTime:0.002070s ] mysql:host=127.0.0.1;port=3306;dbname=weihua;charset=utf8mb4
[2026-04-21T22:19:39+08:00][sql] SHOW FULL COLUMNS FROM `cmf_option` [ RunTime:0.003611s ]
[2026-04-21T22:19:39+08:00][sql] SELECT `option_value` FROM `cmf_option` WHERE  `option_name` = 'cdn_settings' LIMIT 1 [ RunTime:0.000478s ]
[2026-04-21T22:19:39+08:00][sql] SELECT `option_value` FROM `cmf_option` WHERE  `option_name` = 'cdn_settings' LIMIT 1 [ RunTime:0.000167s ]
[2026-04-21T22:19:39+08:00][sql] CONNECT:[ UseTime:0.011665s ] mysql:host=127.0.0.1;port=3306;dbname=weihua;charset=utf8mb4
[2026-04-21T22:19:39+08:00][sql] SHOW FULL COLUMNS FROM `cmf_option` [ RunTime:0.002313s ]
[2026-04-21T22:19:39+08:00][sql] SELECT `option_value` FROM `cmf_option` WHERE  `option_name` = 'cdn_settings' LIMIT 1 [ RunTime:0.000411s ]
[2026-04-21T22:19:39+08:00][sql] SELECT `option_value` FROM `cmf_option` WHERE  `option_name` = 'cdn_settings' LIMIT 1 [ RunTime:0.000270s ]
[2026-04-21T22:19:39+08:00][sql] CONNECT:[ UseTime:0.000930s ] mysql:host=127.0.0.1;port=3306;dbname=weihua;charset=utf8mb4
[2026-04-21T22:19:39+08:00][sql] SHOW FULL COLUMNS FROM `cmf_option` [ RunTime:0.001641s ]
[2026-04-21T22:19:39+08:00][sql] SELECT `option_value` FROM `cmf_option` WHERE  `option_name` = 'cdn_settings' LIMIT 1 [ RunTime:0.000290s ]
[2026-04-21T22:19:39+08:00][sql] SELECT `option_value` FROM `cmf_option` WHERE  `option_name` = 'cdn_settings' LIMIT 1 [ RunTime:0.000140s ]
[2026-04-21T22:20:12+08:00][sql] CONNECT:[ UseTime:0.001400s ] mysql:host=127.0.0.1;port=3306;dbname=weihua;charset=utf8mb4
[2026-04-21T22:20:12+08:00][sql] SHOW FULL COLUMNS FROM `cmf_option` [ RunTime:0.003815s ]
[2026-04-21T22:20:12+08:00][sql] SELECT `option_value` FROM `cmf_option` WHERE  `option_name` = 'cdn_settings' LIMIT 1 [ RunTime:0.000393s ]
[2026-04-21T22:20:12+08:00][sql] SHOW FULL COLUMNS FROM `cmf_user` [ RunTime:0.004701s ]
[2026-04-21T22:20:12+08:00][sql] SELECT * FROM `cmf_user` WHERE  `id` = 1 LIMIT 1 [ RunTime:0.000990s ]
[2026-04-21T22:20:12+08:00][sql] SHOW FULL COLUMNS FROM `cmf_admin_menu` [ RunTime:0.001484s ]
[2026-04-21T22:20:12+08:00][sql] SELECT * FROM `cmf_admin_menu` ORDER BY `app` ASC,`controller` ASC,`action` ASC [ RunTime:0.000879s ]
[2026-04-21T22:20:12+08:00][sql] CONNECT:[ UseTime:0.000736s ] mysql:host=127.0.0.1;port=3306;dbname=weihua;charset=utf8mb4
[2026-04-21T22:20:12+08:00][sql] SHOW FULL COLUMNS FROM `cmf_option` [ RunTime:0.001479s ]
[2026-04-21T22:20:12+08:00][sql] SELECT `option_value` FROM `cmf_option` WHERE  `option_name` = 'cdn_settings' LIMIT 1 [ RunTime:0.000365s ]
[2026-04-21T22:20:12+08:00][sql] SHOW FULL COLUMNS FROM `cmf_user` [ RunTime:0.001296s ]
[2026-04-21T22:20:12+08:00][sql] SELECT * FROM `cmf_user` WHERE  `id` = 1 LIMIT 1 [ RunTime:0.000364s ]
[2026-04-21T22:20:12+08:00][sql] SELECT `option_value` FROM `cmf_option` WHERE  `option_name` = 'cdn_settings' LIMIT 1 [ RunTime:0.000937s ]
[2026-04-21T22:20:12+08:00][sql] SELECT `option_value` FROM `cmf_option` WHERE  `option_name` = 'cmf_settings' LIMIT 1 [ RunTime:0.000881s ]
[2026-04-21T22:20:12+08:00][sql] SELECT `option_value` FROM `cmf_option` WHERE  `option_name` = 'storage' LIMIT 1 [ RunTime:0.000387s ]
[2026-04-21T22:20:12+08:00][sql] CONNECT:[ UseTime:0.000675s ] mysql:host=127.0.0.1;port=3306;dbname=weihua;charset=utf8mb4
[2026-04-21T22:20:12+08:00][sql] SHOW FULL COLUMNS FROM `cmf_option` [ RunTime:0.001607s ]
[2026-04-21T22:20:12+08:00][sql] SELECT `option_value` FROM `cmf_option` WHERE  `option_name` = 'cdn_settings' LIMIT 1 [ RunTime:0.000347s ]
[2026-04-21T22:20:12+08:00][sql] SHOW FULL COLUMNS FROM `cmf_user` [ RunTime:0.001289s ]
[2026-04-21T22:20:12+08:00][sql] SELECT * FROM `cmf_user` WHERE  `id` = 1 LIMIT 1 [ RunTime:0.000360s ]
[2026-04-21T22:20:12+08:00][sql] SHOW FULL COLUMNS FROM `cmf_product` [ RunTime:0.002181s ]
[2026-04-21T22:20:12+08:00][sql] SELECT COUNT(*) AS think_count FROM `cmf_product` LIMIT 1 [ RunTime:0.000598s ]
[2026-04-21T22:20:12+08:00][sql] SELECT * FROM `cmf_product` ORDER BY `list_order` ASC,`id` DESC LIMIT 0,10 [ RunTime:0.000474s ]
[2026-04-21T22:20:12+08:00][sql] SHOW FULL COLUMNS FROM `cmf_product_category` [ RunTime:0.001171s ]
[2026-04-21T22:20:12+08:00][sql] SELECT `id`,`name` FROM `cmf_product_category` WHERE  `id` = 18 [ RunTime:0.000420s ]
[2026-04-21T22:20:12+08:00][sql] SELECT * FROM `cmf_product_category` [ RunTime:0.001221s ]
[2026-04-21T22:20:12+08:00][sql] SELECT `option_value` FROM `cmf_option` WHERE  `option_name` = 'storage' LIMIT 1 [ RunTime:0.001328s ]
[2026-04-21T22:20:14+08:00][sql] CONNECT:[ UseTime:0.001222s ] mysql:host=127.0.0.1;port=3306;dbname=weihua;charset=utf8mb4
[2026-04-21T22:20:14+08:00][sql] SHOW FULL COLUMNS FROM `cmf_option` [ RunTime:0.002739s ]
[2026-04-21T22:20:14+08:00][sql] SELECT `option_value` FROM `cmf_option` WHERE  `option_name` = 'cdn_settings' LIMIT 1 [ RunTime:0.000443s ]
[2026-04-21T22:20:14+08:00][sql] SHOW FULL COLUMNS FROM `cmf_user` [ RunTime:0.002675s ]
[2026-04-21T22:20:14+08:00][sql] SELECT * FROM `cmf_user` WHERE  `id` = 1 LIMIT 1 [ RunTime:0.000893s ]
[2026-04-21T22:20:14+08:00][sql] SHOW FULL COLUMNS FROM `cmf_product` [ RunTime:0.002977s ]
[2026-04-21T22:20:14+08:00][sql] SELECT * FROM `cmf_product` WHERE  `id` = 62 LIMIT 1 [ RunTime:0.000749s ]
[2026-04-21T22:20:14+08:00][sql] SHOW FULL COLUMNS FROM `cmf_product_category` [ RunTime:0.001227s ]
[2026-04-21T22:20:14+08:00][sql] SELECT * FROM `cmf_product_category` ORDER BY `list_order` ASC [ RunTime:0.000744s ]
[2026-04-21T22:20:14+08:00][sql] SELECT `option_value` FROM `cmf_option` WHERE  `option_name` = 'storage' LIMIT 1 [ RunTime:0.000706s ]
[2026-04-21T22:20:14+08:00][sql] CONNECT:[ UseTime:0.000635s ] mysql:host=127.0.0.1;port=3306;dbname=weihua;charset=utf8mb4
[2026-04-21T22:20:14+08:00][sql] SHOW FULL COLUMNS FROM `cmf_option` [ RunTime:0.001473s ]
[2026-04-21T22:20:14+08:00][sql] SELECT `option_value` FROM `cmf_option` WHERE  `option_name` = 'cdn_settings' LIMIT 1 [ RunTime:0.000308s ]
[2026-04-21T22:20:14+08:00][sql] SELECT `option_value` FROM `cmf_option` WHERE  `option_name` = 'cdn_settings' LIMIT 1 [ RunTime:0.000240s ]
[2026-04-21T22:20:14+08:00][sql] CONNECT:[ UseTime:0.000639s ] mysql:host=127.0.0.1;port=3306;dbname=weihua;charset=utf8mb4
[2026-04-21T22:20:14+08:00][sql] SHOW FULL COLUMNS FROM `cmf_option` [ RunTime:0.001481s ]
[2026-04-21T22:20:14+08:00][sql] SELECT `option_value` FROM `cmf_option` WHERE  `option_name` = 'cdn_settings' LIMIT 1 [ RunTime:0.000353s ]
[2026-04-21T22:20:14+08:00][sql] SELECT `option_value` FROM `cmf_option` WHERE  `option_name` = 'cdn_settings' LIMIT 1 [ RunTime:0.000245s ]
[2026-04-21T22:20:14+08:00][sql] CONNECT:[ UseTime:0.000635s ] mysql:host=127.0.0.1;port=3306;dbname=weihua;charset=utf8mb4
[2026-04-21T22:20:14+08:00][sql] SHOW FULL COLUMNS FROM `cmf_option` [ RunTime:0.001473s ]
[2026-04-21T22:20:14+08:00][sql] SELECT `option_value` FROM `cmf_option` WHERE  `option_name` = 'cdn_settings' LIMIT 1 [ RunTime:0.000305s ]
[2026-04-21T22:20:14+08:00][sql] SELECT `option_value` FROM `cmf_option` WHERE  `option_name` = 'cdn_settings' LIMIT 1 [ RunTime:0.000211s ]
[2026-04-21T22:20:14+08:00][sql] CONNECT:[ UseTime:0.000543s ] mysql:host=127.0.0.1;port=3306;dbname=weihua;charset=utf8mb4
[2026-04-21T22:20:14+08:00][sql] SHOW FULL COLUMNS FROM `cmf_option` [ RunTime:0.001306s ]
[2026-04-21T22:20:14+08:00][sql] SELECT `option_value` FROM `cmf_option` WHERE  `option_name` = 'cdn_settings' LIMIT 1 [ RunTime:0.000264s ]
[2026-04-21T22:20:14+08:00][sql] SELECT `option_value` FROM `cmf_option` WHERE  `option_name` = 'cdn_settings' LIMIT 1 [ RunTime:0.000136s ]
[2026-04-21T22:20:43+08:00][sql] CONNECT:[ UseTime:0.001413s ] mysql:host=127.0.0.1;port=3306;dbname=weihua;charset=utf8mb4
[2026-04-21T22:20:43+08:00][sql] SHOW FULL COLUMNS FROM `cmf_option` [ RunTime:0.002555s ]
[2026-04-21T22:20:43+08:00][sql] SELECT `option_value` FROM `cmf_option` WHERE  `option_name` = 'cdn_settings' LIMIT 1 [ RunTime:0.000475s ]
[2026-04-21T22:20:43+08:00][sql] SHOW FULL COLUMNS FROM `cmf_user` [ RunTime:0.001810s ]
[2026-04-21T22:20:43+08:00][sql] SELECT * FROM `cmf_user` WHERE  `id` = 1 LIMIT 1 [ RunTime:0.000641s ]
[2026-04-21T22:20:43+08:00][sql] SHOW FULL COLUMNS FROM `cmf_admin_menu` [ RunTime:0.001051s ]
[2026-04-21T22:20:43+08:00][sql] SELECT * FROM `cmf_admin_menu` ORDER BY `app` ASC,`controller` ASC,`action` ASC [ RunTime:0.000762s ]
[2026-04-21T22:20:43+08:00][sql] CONNECT:[ UseTime:0.000884s ] mysql:host=127.0.0.1;port=3306;dbname=weihua;charset=utf8mb4
[2026-04-21T22:20:43+08:00][sql] SHOW FULL COLUMNS FROM `cmf_option` [ RunTime:0.001625s ]
[2026-04-21T22:20:43+08:00][sql] SELECT `option_value` FROM `cmf_option` WHERE  `option_name` = 'cdn_settings' LIMIT 1 [ RunTime:0.000494s ]
[2026-04-21T22:20:43+08:00][sql] SHOW FULL COLUMNS FROM `cmf_user` [ RunTime:0.001226s ]
[2026-04-21T22:20:43+08:00][sql] SELECT * FROM `cmf_user` WHERE  `id` = 1 LIMIT 1 [ RunTime:0.000328s ]
[2026-04-21T22:20:43+08:00][sql] SELECT `option_value` FROM `cmf_option` WHERE  `option_name` = 'cdn_settings' LIMIT 1 [ RunTime:0.000167s ]
[2026-04-21T22:20:43+08:00][sql] SELECT `option_value` FROM `cmf_option` WHERE  `option_name` = 'cmf_settings' LIMIT 1 [ RunTime:0.000230s ]
[2026-04-21T22:20:43+08:00][sql] SELECT `option_value` FROM `cmf_option` WHERE  `option_name` = 'storage' LIMIT 1 [ RunTime:0.000468s ]
[2026-04-21T22:20:43+08:00][sql] CONNECT:[ UseTime:0.000853s ] mysql:host=127.0.0.1;port=3306;dbname=weihua;charset=utf8mb4
[2026-04-21T22:20:43+08:00][sql] SHOW FULL COLUMNS FROM `cmf_option` [ RunTime:0.015589s ]
[2026-04-21T22:20:43+08:00][sql] SELECT `option_value` FROM `cmf_option` WHERE  `option_name` = 'cdn_settings' LIMIT 1 [ RunTime:0.000957s ]
[2026-04-21T22:20:43+08:00][sql] SHOW FULL COLUMNS FROM `cmf_user` [ RunTime:0.002031s ]
[2026-04-21T22:20:43+08:00][sql] SELECT * FROM `cmf_user` WHERE  `id` = 1 LIMIT 1 [ RunTime:0.000563s ]
[2026-04-21T22:20:43+08:00][sql] SHOW FULL COLUMNS FROM `cmf_product` [ RunTime:0.003110s ]
[2026-04-21T22:20:43+08:00][sql] SELECT COUNT(*) AS think_count FROM `cmf_product` LIMIT 1 [ RunTime:0.001095s ]
[2026-04-21T22:20:43+08:00][sql] SELECT * FROM `cmf_product` ORDER BY `list_order` ASC,`id` DESC LIMIT 0,10 [ RunTime:0.000501s ]
[2026-04-21T22:20:43+08:00][sql] SHOW FULL COLUMNS FROM `cmf_product_category` [ RunTime:0.002944s ]
[2026-04-21T22:20:43+08:00][sql] SELECT `id`,`name` FROM `cmf_product_category` WHERE  `id` = 18 [ RunTime:0.000482s ]
[2026-04-21T22:20:43+08:00][sql] SELECT * FROM `cmf_product_category` [ RunTime:0.000337s ]
[2026-04-21T22:20:43+08:00][sql] SELECT `option_value` FROM `cmf_option` WHERE  `option_name` = 'storage' LIMIT 1 [ RunTime:0.000330s ]
[2026-04-21T22:20:44+08:00][sql] CONNECT:[ UseTime:0.001031s ] mysql:host=127.0.0.1;port=3306;dbname=weihua;charset=utf8mb4
[2026-04-21T22:20:44+08:00][sql] SHOW FULL COLUMNS FROM `cmf_option` [ RunTime:0.002688s ]
[2026-04-21T22:20:44+08:00][sql] SELECT `option_value` FROM `cmf_option` WHERE  `option_name` = 'cdn_settings' LIMIT 1 [ RunTime:0.000503s ]
[2026-04-21T22:20:44+08:00][sql] SHOW FULL COLUMNS FROM `cmf_user` [ RunTime:0.001429s ]
[2026-04-21T22:20:44+08:00][sql] SELECT * FROM `cmf_user` WHERE  `id` = 1 LIMIT 1 [ RunTime:0.000508s ]
[2026-04-21T22:20:44+08:00][sql] SHOW FULL COLUMNS FROM `cmf_product` [ RunTime:0.001751s ]
[2026-04-21T22:20:44+08:00][sql] SELECT * FROM `cmf_product` WHERE  `id` = 62 LIMIT 1 [ RunTime:0.000726s ]
[2026-04-21T22:20:44+08:00][sql] SHOW FULL COLUMNS FROM `cmf_product_category` [ RunTime:0.001419s ]
[2026-04-21T22:20:44+08:00][sql] SELECT * FROM `cmf_product_category` ORDER BY `list_order` ASC [ RunTime:0.000438s ]
[2026-04-21T22:20:44+08:00][sql] SELECT `option_value` FROM `cmf_option` WHERE  `option_name` = 'storage' LIMIT 1 [ RunTime:0.000596s ]
[2026-04-21T22:20:45+08:00][sql] CONNECT:[ UseTime:0.000595s ] mysql:host=127.0.0.1;port=3306;dbname=weihua;charset=utf8mb4
[2026-04-21T22:20:45+08:00][sql] SHOW FULL COLUMNS FROM `cmf_option` [ RunTime:0.001387s ]
[2026-04-21T22:20:45+08:00][sql] SELECT `option_value` FROM `cmf_option` WHERE  `option_name` = 'cdn_settings' LIMIT 1 [ RunTime:0.000251s ]
[2026-04-21T22:20:45+08:00][sql] SELECT `option_value` FROM `cmf_option` WHERE  `option_name` = 'cdn_settings' LIMIT 1 [ RunTime:0.000192s ]
[2026-04-21T22:20:45+08:00][sql] CONNECT:[ UseTime:0.000604s ] mysql:host=127.0.0.1;port=3306;dbname=weihua;charset=utf8mb4
[2026-04-21T22:20:45+08:00][sql] SHOW FULL COLUMNS FROM `cmf_option` [ RunTime:0.001389s ]
[2026-04-21T22:20:45+08:00][sql] SELECT `option_value` FROM `cmf_option` WHERE  `option_name` = 'cdn_settings' LIMIT 1 [ RunTime:0.000255s ]
[2026-04-21T22:20:45+08:00][sql] SELECT `option_value` FROM `cmf_option` WHERE  `option_name` = 'cdn_settings' LIMIT 1 [ RunTime:0.000187s ]
[2026-04-21T22:20:45+08:00][sql] CONNECT:[ UseTime:0.000579s ] mysql:host=127.0.0.1;port=3306;dbname=weihua;charset=utf8mb4
[2026-04-21T22:20:45+08:00][sql] SHOW FULL COLUMNS FROM `cmf_option` [ RunTime:0.001386s ]
[2026-04-21T22:20:45+08:00][sql] SELECT `option_value` FROM `cmf_option` WHERE  `option_name` = 'cdn_settings' LIMIT 1 [ RunTime:0.000254s ]
[2026-04-21T22:20:45+08:00][sql] SELECT `option_value` FROM `cmf_option` WHERE  `option_name` = 'cdn_settings' LIMIT 1 [ RunTime:0.000191s ]
[2026-04-21T22:20:45+08:00][sql] CONNECT:[ UseTime:0.000595s ] mysql:host=127.0.0.1;port=3306;dbname=weihua;charset=utf8mb4
[2026-04-21T22:20:45+08:00][sql] SHOW FULL COLUMNS FROM `cmf_option` [ RunTime:0.001436s ]
[2026-04-21T22:20:45+08:00][sql] SELECT `option_value` FROM `cmf_option` WHERE  `option_name` = 'cdn_settings' LIMIT 1 [ RunTime:0.000312s ]
[2026-04-21T22:20:45+08:00][sql] SELECT `option_value` FROM `cmf_option` WHERE  `option_name` = 'cdn_settings' LIMIT 1 [ RunTime:0.000220s ]
[2026-04-21T22:34:28+08:00][sql] CONNECT:[ UseTime:0.001822s ] mysql:host=127.0.0.1;port=3306;dbname=weihua;charset=utf8mb4
[2026-04-21T22:34:28+08:00][sql] SHOW FULL COLUMNS FROM `cmf_option` [ RunTime:0.003042s ]
[2026-04-21T22:34:28+08:00][sql] SELECT `option_value` FROM `cmf_option` WHERE  `option_name` = 'cdn_settings' LIMIT 1 [ RunTime:0.000597s ]
[2026-04-21T22:34:28+08:00][sql] SHOW FULL COLUMNS FROM `cmf_user` [ RunTime:0.002065s ]
[2026-04-21T22:34:28+08:00][sql] SELECT * FROM `cmf_user` WHERE  `id` = 1 LIMIT 1 [ RunTime:0.000595s ]
[2026-04-21T22:34:28+08:00][sql] SHOW FULL COLUMNS FROM `cmf_product` [ RunTime:0.001852s ]
[2026-04-21T22:34:28+08:00][sql] SELECT COUNT(*) AS think_count FROM `cmf_product` LIMIT 1 [ RunTime:0.000627s ]
[2026-04-21T22:34:28+08:00][sql] SELECT * FROM `cmf_product` ORDER BY `list_order` ASC,`id` DESC LIMIT 0,10 [ RunTime:0.000425s ]
[2026-04-21T22:34:28+08:00][sql] SHOW FULL COLUMNS FROM `cmf_product_category` [ RunTime:0.001080s ]
[2026-04-21T22:34:28+08:00][sql] SELECT `id`,`name` FROM `cmf_product_category` WHERE  `id` = 18 [ RunTime:0.000416s ]
[2026-04-21T22:34:28+08:00][sql] SELECT * FROM `cmf_product_category` [ RunTime:0.000242s ]
[2026-04-21T22:34:28+08:00][sql] SELECT `option_value` FROM `cmf_option` WHERE  `option_name` = 'storage' LIMIT 1 [ RunTime:0.000429s ]
[2026-04-21T22:34:32+08:00][sql] CONNECT:[ UseTime:0.000657s ] mysql:host=127.0.0.1;port=3306;dbname=weihua;charset=utf8mb4
[2026-04-21T22:34:32+08:00][sql] SHOW FULL COLUMNS FROM `cmf_option` [ RunTime:0.001507s ]
[2026-04-21T22:34:32+08:00][sql] SELECT `option_value` FROM `cmf_option` WHERE  `option_name` = 'cdn_settings' LIMIT 1 [ RunTime:0.000337s ]
[2026-04-21T22:34:32+08:00][sql] SHOW FULL COLUMNS FROM `cmf_user` [ RunTime:0.001301s ]
[2026-04-21T22:34:32+08:00][sql] SELECT * FROM `cmf_user` WHERE  `id` = 1 LIMIT 1 [ RunTime:0.000575s ]
[2026-04-21T22:34:32+08:00][sql] SHOW FULL COLUMNS FROM `cmf_product` [ RunTime:0.001653s ]
[2026-04-21T22:34:32+08:00][sql] SELECT * FROM `cmf_product` WHERE  `id` = 62 LIMIT 1 [ RunTime:0.000480s ]
[2026-04-21T22:34:32+08:00][sql] SHOW FULL COLUMNS FROM `cmf_product_category` [ RunTime:0.001289s ]
[2026-04-21T22:34:32+08:00][sql] SELECT * FROM `cmf_product_category` ORDER BY `list_order` ASC [ RunTime:0.000310s ]
[2026-04-21T22:34:32+08:00][sql] SELECT `option_value` FROM `cmf_option` WHERE  `option_name` = 'storage' LIMIT 1 [ RunTime:0.000445s ]
[2026-04-21T22:34:32+08:00][sql] CONNECT:[ UseTime:0.000720s ] mysql:host=127.0.0.1;port=3306;dbname=weihua;charset=utf8mb4
[2026-04-21T22:34:32+08:00][sql] SHOW FULL COLUMNS FROM `cmf_plugin` [ RunTime:0.001887s ]
[2026-04-21T22:34:32+08:00][sql] SELECT `config` FROM `cmf_plugin` WHERE  `name` = 'SwitchTheme' LIMIT 1 [ RunTime:0.000482s ]
[2026-04-21T22:34:32+08:00][sql] SHOW FULL COLUMNS FROM `cmf_option` [ RunTime:0.001220s ]
[2026-04-21T22:34:32+08:00][sql] SELECT `option_value` FROM `cmf_option` WHERE  `option_name` = 'cdn_settings' LIMIT 1 [ RunTime:0.000311s ]
[2026-04-21T22:34:32+08:00][sql] SELECT `option_value` FROM `cmf_option` WHERE  `option_name` = 'cdn_settings' LIMIT 1 [ RunTime:0.000218s ]
[2026-04-21T22:34:32+08:00][sql] CONNECT:[ UseTime:0.000575s ] mysql:host=127.0.0.1;port=3306;dbname=weihua;charset=utf8mb4
[2026-04-21T22:34:32+08:00][sql] SHOW FULL COLUMNS FROM `cmf_option` [ RunTime:0.001534s ]
[2026-04-21T22:34:32+08:00][sql] SELECT `option_value` FROM `cmf_option` WHERE  `option_name` = 'cdn_settings' LIMIT 1 [ RunTime:0.000283s ]
[2026-04-21T22:34:32+08:00][sql] SELECT `option_value` FROM `cmf_option` WHERE  `option_name` = 'cdn_settings' LIMIT 1 [ RunTime:0.000186s ]
[2026-04-21T22:34:32+08:00][sql] CONNECT:[ UseTime:0.000569s ] mysql:host=127.0.0.1;port=3306;dbname=weihua;charset=utf8mb4
[2026-04-21T22:34:32+08:00][sql] SHOW FULL COLUMNS FROM `cmf_option` [ RunTime:0.001362s ]
[2026-04-21T22:34:32+08:00][sql] SELECT `option_value` FROM `cmf_option` WHERE  `option_name` = 'cdn_settings' LIMIT 1 [ RunTime:0.000274s ]
[2026-04-21T22:34:32+08:00][sql] SELECT `option_value` FROM `cmf_option` WHERE  `option_name` = 'cdn_settings' LIMIT 1 [ RunTime:0.000187s ]
[2026-04-21T22:34:32+08:00][sql] CONNECT:[ UseTime:0.000515s ] mysql:host=127.0.0.1;port=3306;dbname=weihua;charset=utf8mb4
[2026-04-21T22:34:32+08:00][sql] SHOW FULL COLUMNS FROM `cmf_option` [ RunTime:0.001681s ]
[2026-04-21T22:34:32+08:00][sql] SELECT `option_value` FROM `cmf_option` WHERE  `option_name` = 'cdn_settings' LIMIT 1 [ RunTime:0.000417s ]
[2026-04-21T22:34:32+08:00][sql] SELECT `option_value` FROM `cmf_option` WHERE  `option_name` = 'cdn_settings' LIMIT 1 [ RunTime:0.000216s ]
[2026-04-21T22:34:59+08:00][sql] CONNECT:[ UseTime:0.001246s ] mysql:host=127.0.0.1;port=3306;dbname=weihua;charset=utf8mb4
[2026-04-21T22:34:59+08:00][sql] SHOW FULL COLUMNS FROM `cmf_option` [ RunTime:0.002676s ]
[2026-04-21T22:34:59+08:00][sql] SELECT `option_value` FROM `cmf_option` WHERE  `option_name` = 'cdn_settings' LIMIT 1 [ RunTime:0.000382s ]
[2026-04-21T22:34:59+08:00][sql] SHOW FULL COLUMNS FROM `cmf_user` [ RunTime:0.012795s ]
[2026-04-21T22:34:59+08:00][sql] SELECT * FROM `cmf_user` WHERE  `id` = 1 LIMIT 1 [ RunTime:0.000662s ]
[2026-04-21T22:34:59+08:00][sql] SHOW FULL COLUMNS FROM `cmf_product` [ RunTime:0.001360s ]
[2026-04-21T22:34:59+08:00][sql] SELECT * FROM `cmf_product` WHERE  `id` = 62 LIMIT 1 [ RunTime:0.000590s ]
[2026-04-21T22:34:59+08:00][sql] SHOW FULL COLUMNS FROM `cmf_product_category` [ RunTime:0.001019s ]
[2026-04-21T22:34:59+08:00][sql] SELECT * FROM `cmf_product_category` ORDER BY `list_order` ASC [ RunTime:0.000336s ]
[2026-04-21T22:34:59+08:00][sql] SELECT `option_value` FROM `cmf_option` WHERE  `option_name` = 'storage' LIMIT 1 [ RunTime:0.000276s ]
[2026-04-21T22:34:59+08:00][sql] CONNECT:[ UseTime:0.000667s ] mysql:host=127.0.0.1;port=3306;dbname=weihua;charset=utf8mb4
[2026-04-21T22:34:59+08:00][sql] SHOW FULL COLUMNS FROM `cmf_option` [ RunTime:0.001718s ]
[2026-04-21T22:34:59+08:00][sql] SELECT `option_value` FROM `cmf_option` WHERE  `option_name` = 'cdn_settings' LIMIT 1 [ RunTime:0.000279s ]
[2026-04-21T22:34:59+08:00][sql] SELECT `option_value` FROM `cmf_option` WHERE  `option_name` = 'cdn_settings' LIMIT 1 [ RunTime:0.000163s ]
[2026-04-21T22:34:59+08:00][sql] CONNECT:[ UseTime:0.000396s ] mysql:host=127.0.0.1;port=3306;dbname=weihua;charset=utf8mb4
[2026-04-21T22:34:59+08:00][sql] SHOW FULL COLUMNS FROM `cmf_option` [ RunTime:0.013671s ]
[2026-04-21T22:34:59+08:00][sql] SELECT `option_value` FROM `cmf_option` WHERE  `option_name` = 'cdn_settings' LIMIT 1 [ RunTime:0.011749s ]
[2026-04-21T22:34:59+08:00][sql] SELECT `option_value` FROM `cmf_option` WHERE  `option_name` = 'cdn_settings' LIMIT 1 [ RunTime:0.000243s ]
[2026-04-21T22:34:59+08:00][sql] CONNECT:[ UseTime:0.000753s ] mysql:host=127.0.0.1;port=3306;dbname=weihua;charset=utf8mb4
[2026-04-21T22:34:59+08:00][sql] SHOW FULL COLUMNS FROM `cmf_option` [ RunTime:0.002707s ]
[2026-04-21T22:34:59+08:00][sql] SELECT `option_value` FROM `cmf_option` WHERE  `option_name` = 'cdn_settings' LIMIT 1 [ RunTime:0.022929s ]
[2026-04-21T22:34:59+08:00][sql] SELECT `option_value` FROM `cmf_option` WHERE  `option_name` = 'cdn_settings' LIMIT 1 [ RunTime:0.000246s ]
[2026-04-21T22:34:59+08:00][sql] CONNECT:[ UseTime:0.000523s ] mysql:host=127.0.0.1;port=3306;dbname=weihua;charset=utf8mb4
[2026-04-21T22:34:59+08:00][sql] SHOW FULL COLUMNS FROM `cmf_option` [ RunTime:0.002309s ]
[2026-04-21T22:34:59+08:00][sql] SELECT `option_value` FROM `cmf_option` WHERE  `option_name` = 'cdn_settings' LIMIT 1 [ RunTime:0.000353s ]
[2026-04-21T22:34:59+08:00][sql] SELECT `option_value` FROM `cmf_option` WHERE  `option_name` = 'cdn_settings' LIMIT 1 [ RunTime:0.000189s ]
[2026-04-21T22:35:13+08:00][sql] CONNECT:[ UseTime:0.001461s ] mysql:host=127.0.0.1;port=3306;dbname=weihua;charset=utf8mb4
[2026-04-21T22:35:13+08:00][sql] SHOW FULL COLUMNS FROM `cmf_option` [ RunTime:0.002759s ]
[2026-04-21T22:35:13+08:00][sql] SELECT `option_value` FROM `cmf_option` WHERE  `option_name` = 'cdn_settings' LIMIT 1 [ RunTime:0.000420s ]
[2026-04-21T22:35:13+08:00][sql] SHOW FULL COLUMNS FROM `cmf_user` [ RunTime:0.001301s ]
[2026-04-21T22:35:13+08:00][sql] SELECT * FROM `cmf_user` WHERE  `id` = 1 LIMIT 1 [ RunTime:0.000563s ]
[2026-04-21T22:35:13+08:00][sql] SHOW FULL COLUMNS FROM `cmf_product` [ RunTime:0.001419s ]
[2026-04-21T22:35:13+08:00][sql] SELECT * FROM `cmf_product` WHERE  `id` = 62 LIMIT 1 [ RunTime:0.000631s ]
[2026-04-21T22:35:13+08:00][sql] SHOW FULL COLUMNS FROM `cmf_product_category` [ RunTime:0.001158s ]
[2026-04-21T22:35:13+08:00][sql] SELECT * FROM `cmf_product_category` ORDER BY `list_order` ASC [ RunTime:0.000355s ]
[2026-04-21T22:35:13+08:00][sql] SELECT `option_value` FROM `cmf_option` WHERE  `option_name` = 'storage' LIMIT 1 [ RunTime:0.000216s ]
[2026-04-21T22:35:14+08:00][sql] CONNECT:[ UseTime:0.000695s ] mysql:host=127.0.0.1;port=3306;dbname=weihua;charset=utf8mb4
[2026-04-21T22:35:14+08:00][sql] SHOW FULL COLUMNS FROM `cmf_option` [ RunTime:0.001566s ]
[2026-04-21T22:35:14+08:00][sql] SELECT `option_value` FROM `cmf_option` WHERE  `option_name` = 'cdn_settings' LIMIT 1 [ RunTime:0.000356s ]
[2026-04-21T22:35:14+08:00][sql] SELECT `option_value` FROM `cmf_option` WHERE  `option_name` = 'cdn_settings' LIMIT 1 [ RunTime:0.000219s ]
[2026-04-21T22:35:14+08:00][sql] CONNECT:[ UseTime:0.000721s ] mysql:host=127.0.0.1;port=3306;dbname=weihua;charset=utf8mb4
[2026-04-21T22:35:14+08:00][sql] SHOW FULL COLUMNS FROM `cmf_option` [ RunTime:0.001514s ]
[2026-04-21T22:35:14+08:00][sql] SELECT `option_value` FROM `cmf_option` WHERE  `option_name` = 'cdn_settings' LIMIT 1 [ RunTime:0.000386s ]
[2026-04-21T22:35:14+08:00][sql] SELECT `option_value` FROM `cmf_option` WHERE  `option_name` = 'cdn_settings' LIMIT 1 [ RunTime:0.000198s ]
[2026-04-21T22:35:14+08:00][sql] CONNECT:[ UseTime:0.000413s ] mysql:host=127.0.0.1;port=3306;dbname=weihua;charset=utf8mb4
[2026-04-21T22:35:14+08:00][sql] SHOW FULL COLUMNS FROM `cmf_option` [ RunTime:0.001265s ]
[2026-04-21T22:35:14+08:00][sql] SELECT `option_value` FROM `cmf_option` WHERE  `option_name` = 'cdn_settings' LIMIT 1 [ RunTime:0.000230s ]
[2026-04-21T22:35:14+08:00][sql] SELECT `option_value` FROM `cmf_option` WHERE  `option_name` = 'cdn_settings' LIMIT 1 [ RunTime:0.000168s ]
[2026-04-21T22:35:14+08:00][sql] CONNECT:[ UseTime:0.000560s ] mysql:host=127.0.0.1;port=3306;dbname=weihua;charset=utf8mb4
[2026-04-21T22:35:14+08:00][sql] SHOW FULL COLUMNS FROM `cmf_option` [ RunTime:0.001643s ]
[2026-04-21T22:35:14+08:00][sql] SELECT `option_value` FROM `cmf_option` WHERE  `option_name` = 'cdn_settings' LIMIT 1 [ RunTime:0.011686s ]
[2026-04-21T22:35:14+08:00][sql] SELECT `option_value` FROM `cmf_option` WHERE  `option_name` = 'cdn_settings' LIMIT 1 [ RunTime:0.000409s ]
[2026-04-21T22:35:21+08:00][sql] CONNECT:[ UseTime:0.000975s ] mysql:host=127.0.0.1;port=3306;dbname=weihua;charset=utf8mb4
[2026-04-21T22:35:21+08:00][sql] SHOW FULL COLUMNS FROM `cmf_option` [ RunTime:0.001789s ]
[2026-04-21T22:35:21+08:00][sql] SELECT `option_value` FROM `cmf_option` WHERE  `option_name` = 'cdn_settings' LIMIT 1 [ RunTime:0.000364s ]
[2026-04-21T22:35:21+08:00][sql] SHOW FULL COLUMNS FROM `cmf_user` [ RunTime:0.001173s ]
[2026-04-21T22:35:21+08:00][sql] SELECT * FROM `cmf_user` WHERE  `id` = 1 LIMIT 1 [ RunTime:0.000457s ]
[2026-04-21T22:35:21+08:00][sql] SHOW FULL COLUMNS FROM `cmf_product` [ RunTime:0.001433s ]
[2026-04-21T22:35:21+08:00][sql] SELECT * FROM `cmf_product` WHERE  `id` = 62 LIMIT 1 [ RunTime:0.000369s ]
[2026-04-21T22:35:21+08:00][sql] SHOW FULL COLUMNS FROM `cmf_product_category` [ RunTime:0.001001s ]
[2026-04-21T22:35:21+08:00][sql] SELECT * FROM `cmf_product_category` ORDER BY `list_order` ASC [ RunTime:0.000353s ]
[2026-04-21T22:35:21+08:00][sql] SELECT `option_value` FROM `cmf_option` WHERE  `option_name` = 'storage' LIMIT 1 [ RunTime:0.000284s ]
[2026-04-21T22:35:21+08:00][sql] CONNECT:[ UseTime:0.000544s ] mysql:host=127.0.0.1;port=3306;dbname=weihua;charset=utf8mb4
[2026-04-21T22:35:21+08:00][sql] SHOW FULL COLUMNS FROM `cmf_option` [ RunTime:0.001360s ]
[2026-04-21T22:35:21+08:00][sql] SELECT `option_value` FROM `cmf_option` WHERE  `option_name` = 'cdn_settings' LIMIT 1 [ RunTime:0.000291s ]
[2026-04-21T22:35:21+08:00][sql] SELECT `option_value` FROM `cmf_option` WHERE  `option_name` = 'cdn_settings' LIMIT 1 [ RunTime:0.000168s ]
[2026-04-21T22:35:21+08:00][sql] CONNECT:[ UseTime:0.000300s ] mysql:host=127.0.0.1;port=3306;dbname=weihua;charset=utf8mb4
[2026-04-21T22:35:21+08:00][sql] SHOW FULL COLUMNS FROM `cmf_option` [ RunTime:0.001087s ]
[2026-04-21T22:35:21+08:00][sql] SELECT `option_value` FROM `cmf_option` WHERE  `option_name` = 'cdn_settings' LIMIT 1 [ RunTime:0.000254s ]
[2026-04-21T22:35:21+08:00][sql] SELECT `option_value` FROM `cmf_option` WHERE  `option_name` = 'cdn_settings' LIMIT 1 [ RunTime:0.000170s ]
[2026-04-21T22:35:21+08:00][sql] CONNECT:[ UseTime:0.000390s ] mysql:host=127.0.0.1;port=3306;dbname=weihua;charset=utf8mb4
[2026-04-21T22:35:21+08:00][sql] SHOW FULL COLUMNS FROM `cmf_option` [ RunTime:0.001360s ]
[2026-04-21T22:35:21+08:00][sql] SELECT `option_value` FROM `cmf_option` WHERE  `option_name` = 'cdn_settings' LIMIT 1 [ RunTime:0.000222s ]
[2026-04-21T22:35:21+08:00][sql] SELECT `option_value` FROM `cmf_option` WHERE  `option_name` = 'cdn_settings' LIMIT 1 [ RunTime:0.000164s ]
[2026-04-21T22:35:21+08:00][sql] CONNECT:[ UseTime:0.000413s ] mysql:host=127.0.0.1;port=3306;dbname=weihua;charset=utf8mb4
[2026-04-21T22:35:21+08:00][sql] SHOW FULL COLUMNS FROM `cmf_option` [ RunTime:0.001137s ]
[2026-04-21T22:35:21+08:00][sql] SELECT `option_value` FROM `cmf_option` WHERE  `option_name` = 'cdn_settings' LIMIT 1 [ RunTime:0.000202s ]
[2026-04-21T22:35:21+08:00][sql] SELECT `option_value` FROM `cmf_option` WHERE  `option_name` = 'cdn_settings' LIMIT 1 [ RunTime:0.000145s ]
[2026-04-21T22:40:22+08:00][sql] CONNECT:[ UseTime:0.002100s ] mysql:host=127.0.0.1;port=3306;dbname=weihua;charset=utf8mb4
[2026-04-21T22:40:22+08:00][sql] SHOW FULL COLUMNS FROM `cmf_option` [ RunTime:0.004080s ]
[2026-04-21T22:40:22+08:00][sql] SELECT `option_value` FROM `cmf_option` WHERE  `option_name` = 'cdn_settings' LIMIT 1 [ RunTime:0.000580s ]
[2026-04-21T22:40:22+08:00][sql] SHOW FULL COLUMNS FROM `cmf_user` [ RunTime:0.003323s ]
[2026-04-21T22:40:22+08:00][sql] SELECT * FROM `cmf_user` WHERE  `id` = 1 LIMIT 1 [ RunTime:0.001062s ]
[2026-04-21T22:40:22+08:00][sql] SHOW FULL COLUMNS FROM `cmf_product` [ RunTime:0.002084s ]
[2026-04-21T22:40:22+08:00][sql] SELECT * FROM `cmf_product` WHERE  `id` = 62 LIMIT 1 [ RunTime:0.000757s ]
[2026-04-21T22:40:22+08:00][sql] SHOW FULL COLUMNS FROM `cmf_product_category` [ RunTime:0.001032s ]
[2026-04-21T22:40:22+08:00][sql] SELECT * FROM `cmf_product_category` ORDER BY `list_order` ASC [ RunTime:0.000384s ]
[2026-04-21T22:40:22+08:00][sql] SELECT `option_value` FROM `cmf_option` WHERE  `option_name` = 'storage' LIMIT 1 [ RunTime:0.000283s ]
[2026-04-21T22:40:22+08:00][sql] CONNECT:[ UseTime:0.000733s ] mysql:host=127.0.0.1;port=3306;dbname=weihua;charset=utf8mb4
[2026-04-21T22:40:22+08:00][sql] SHOW FULL COLUMNS FROM `cmf_option` [ RunTime:0.001420s ]
[2026-04-21T22:40:22+08:00][sql] SELECT `option_value` FROM `cmf_option` WHERE  `option_name` = 'cdn_settings' LIMIT 1 [ RunTime:0.000315s ]
[2026-04-21T22:40:22+08:00][sql] SELECT `option_value` FROM `cmf_option` WHERE  `option_name` = 'cdn_settings' LIMIT 1 [ RunTime:0.000169s ]
[2026-04-21T22:40:22+08:00][sql] CONNECT:[ UseTime:0.002590s ] mysql:host=127.0.0.1;port=3306;dbname=weihua;charset=utf8mb4
[2026-04-21T22:40:22+08:00][sql] SHOW FULL COLUMNS FROM `cmf_option` [ RunTime:0.001834s ]
[2026-04-21T22:40:22+08:00][sql] SELECT `option_value` FROM `cmf_option` WHERE  `option_name` = 'cdn_settings' LIMIT 1 [ RunTime:0.000380s ]
[2026-04-21T22:40:22+08:00][sql] SELECT `option_value` FROM `cmf_option` WHERE  `option_name` = 'cdn_settings' LIMIT 1 [ RunTime:0.000230s ]
[2026-04-21T22:40:22+08:00][sql] CONNECT:[ UseTime:0.000473s ] mysql:host=127.0.0.1;port=3306;dbname=weihua;charset=utf8mb4
[2026-04-21T22:40:22+08:00][sql] SHOW FULL COLUMNS FROM `cmf_option` [ RunTime:0.013970s ]
[2026-04-21T22:40:22+08:00][sql] SELECT `option_value` FROM `cmf_option` WHERE  `option_name` = 'cdn_settings' LIMIT 1 [ RunTime:0.000327s ]
[2026-04-21T22:40:22+08:00][sql] SELECT `option_value` FROM `cmf_option` WHERE  `option_name` = 'cdn_settings' LIMIT 1 [ RunTime:0.000198s ]
[2026-04-21T22:40:22+08:00][sql] CONNECT:[ UseTime:0.000448s ] mysql:host=127.0.0.1;port=3306;dbname=weihua;charset=utf8mb4
[2026-04-21T22:40:22+08:00][sql] SHOW FULL COLUMNS FROM `cmf_option` [ RunTime:0.001228s ]
[2026-04-21T22:40:22+08:00][sql] SELECT `option_value` FROM `cmf_option` WHERE  `option_name` = 'cdn_settings' LIMIT 1 [ RunTime:0.000248s ]
[2026-04-21T22:40:22+08:00][sql] SELECT `option_value` FROM `cmf_option` WHERE  `option_name` = 'cdn_settings' LIMIT 1 [ RunTime:0.000179s ]
[2026-04-21T22:42:10+08:00][sql] CONNECT:[ UseTime:0.013514s ] mysql:host=127.0.0.1;port=3306;dbname=weihua;charset=utf8mb4
[2026-04-21T22:42:10+08:00][sql] SHOW FULL COLUMNS FROM `cmf_option` [ RunTime:0.003369s ]
[2026-04-21T22:42:10+08:00][sql] SELECT `option_value` FROM `cmf_option` WHERE  `option_name` = 'cdn_settings' LIMIT 1 [ RunTime:0.000913s ]
[2026-04-21T22:42:10+08:00][sql] SHOW FULL COLUMNS FROM `cmf_user` [ RunTime:0.003313s ]
[2026-04-21T22:42:10+08:00][sql] SELECT * FROM `cmf_user` WHERE  `id` = 1 LIMIT 1 [ RunTime:0.001256s ]
[2026-04-21T22:42:10+08:00][sql] SHOW FULL COLUMNS FROM `cmf_product` [ RunTime:0.002997s ]
[2026-04-21T22:42:10+08:00][sql] SELECT * FROM `cmf_product` WHERE  `id` = 62 LIMIT 1 [ RunTime:0.001820s ]
[2026-04-21T22:42:10+08:00][sql] SHOW FULL COLUMNS FROM `cmf_product_category` [ RunTime:0.001307s ]
[2026-04-21T22:42:10+08:00][sql] SELECT * FROM `cmf_product_category` ORDER BY `list_order` ASC [ RunTime:0.001225s ]
[2026-04-21T22:42:10+08:00][sql] SELECT `option_value` FROM `cmf_option` WHERE  `option_name` = 'storage' LIMIT 1 [ RunTime:0.001020s ]
[2026-04-21T22:42:10+08:00][sql] CONNECT:[ UseTime:0.000882s ] mysql:host=127.0.0.1;port=3306;dbname=weihua;charset=utf8mb4
[2026-04-21T22:42:10+08:00][sql] SHOW FULL COLUMNS FROM `cmf_option` [ RunTime:0.002587s ]
[2026-04-21T22:42:10+08:00][sql] SELECT `option_value` FROM `cmf_option` WHERE  `option_name` = 'cdn_settings' LIMIT 1 [ RunTime:0.000366s ]
[2026-04-21T22:42:10+08:00][sql] SELECT `option_value` FROM `cmf_option` WHERE  `option_name` = 'cdn_settings' LIMIT 1 [ RunTime:0.000231s ]
[2026-04-21T22:42:10+08:00][sql] CONNECT:[ UseTime:0.000806s ] mysql:host=127.0.0.1;port=3306;dbname=weihua;charset=utf8mb4
[2026-04-21T22:42:10+08:00][sql] SHOW FULL COLUMNS FROM `cmf_option` [ RunTime:0.001460s ]
[2026-04-21T22:42:10+08:00][sql] SELECT `option_value` FROM `cmf_option` WHERE  `option_name` = 'cdn_settings' LIMIT 1 [ RunTime:0.000300s ]
[2026-04-21T22:42:10+08:00][sql] SELECT `option_value` FROM `cmf_option` WHERE  `option_name` = 'cdn_settings' LIMIT 1 [ RunTime:0.000208s ]
[2026-04-21T22:42:10+08:00][sql] CONNECT:[ UseTime:0.000587s ] mysql:host=127.0.0.1;port=3306;dbname=weihua;charset=utf8mb4
[2026-04-21T22:42:10+08:00][sql] SHOW FULL COLUMNS FROM `cmf_option` [ RunTime:0.001448s ]
[2026-04-21T22:42:10+08:00][sql] SELECT `option_value` FROM `cmf_option` WHERE  `option_name` = 'cdn_settings' LIMIT 1 [ RunTime:0.000314s ]
[2026-04-21T22:42:10+08:00][sql] SELECT `option_value` FROM `cmf_option` WHERE  `option_name` = 'cdn_settings' LIMIT 1 [ RunTime:0.000184s ]
[2026-04-21T22:42:10+08:00][sql] CONNECT:[ UseTime:0.001411s ] mysql:host=127.0.0.1;port=3306;dbname=weihua;charset=utf8mb4
[2026-04-21T22:42:10+08:00][sql] SHOW FULL COLUMNS FROM `cmf_option` [ RunTime:0.001926s ]
[2026-04-21T22:42:10+08:00][sql] SELECT `option_value` FROM `cmf_option` WHERE  `option_name` = 'cdn_settings' LIMIT 1 [ RunTime:0.000275s ]
[2026-04-21T22:42:10+08:00][sql] SELECT `option_value` FROM `cmf_option` WHERE  `option_name` = 'cdn_settings' LIMIT 1 [ RunTime:0.000190s ]
[2026-04-21T22:45:21+08:00][sql] CONNECT:[ UseTime:0.002546s ] mysql:host=127.0.0.1;port=3306;dbname=weihua;charset=utf8mb4
[2026-04-21T22:45:21+08:00][sql] SHOW FULL COLUMNS FROM `cmf_option` [ RunTime:0.003016s ]
[2026-04-21T22:45:21+08:00][sql] SELECT `option_value` FROM `cmf_option` WHERE  `option_name` = 'cdn_settings' LIMIT 1 [ RunTime:0.000359s ]
[2026-04-21T22:45:21+08:00][sql] SHOW FULL COLUMNS FROM `cmf_user` [ RunTime:0.001636s ]
[2026-04-21T22:45:21+08:00][sql] SELECT * FROM `cmf_user` WHERE  `id` = 1 LIMIT 1 [ RunTime:0.000878s ]
[2026-04-21T22:45:21+08:00][sql] SHOW FULL COLUMNS FROM `cmf_product` [ RunTime:0.002591s ]
[2026-04-21T22:45:21+08:00][sql] SELECT * FROM `cmf_product` WHERE  `id` = 62 LIMIT 1 [ RunTime:0.001460s ]
[2026-04-21T22:45:21+08:00][sql] SHOW FULL COLUMNS FROM `cmf_product_category` [ RunTime:0.002078s ]
[2026-04-21T22:45:21+08:00][sql] SELECT * FROM `cmf_product_category` ORDER BY `list_order` ASC [ RunTime:0.000856s ]
[2026-04-21T22:45:21+08:00][sql] SELECT `option_value` FROM `cmf_option` WHERE  `option_name` = 'storage' LIMIT 1 [ RunTime:0.000501s ]
[2026-04-21T22:45:21+08:00][sql] CONNECT:[ UseTime:0.001206s ] mysql:host=127.0.0.1;port=3306;dbname=weihua;charset=utf8mb4
[2026-04-21T22:45:21+08:00][sql] SHOW FULL COLUMNS FROM `cmf_option` [ RunTime:0.003352s ]
[2026-04-21T22:45:21+08:00][sql] SELECT `option_value` FROM `cmf_option` WHERE  `option_name` = 'cdn_settings' LIMIT 1 [ RunTime:0.000746s ]
[2026-04-21T22:45:21+08:00][sql] SELECT `option_value` FROM `cmf_option` WHERE  `option_name` = 'cdn_settings' LIMIT 1 [ RunTime:0.000571s ]
[2026-04-21T22:45:21+08:00][sql] CONNECT:[ UseTime:0.000692s ] mysql:host=127.0.0.1;port=3306;dbname=weihua;charset=utf8mb4
[2026-04-21T22:45:21+08:00][sql] SHOW FULL COLUMNS FROM `cmf_option` [ RunTime:0.001575s ]
[2026-04-21T22:45:21+08:00][sql] SELECT `option_value` FROM `cmf_option` WHERE  `option_name` = 'cdn_settings' LIMIT 1 [ RunTime:0.000294s ]
[2026-04-21T22:45:21+08:00][sql] SELECT `option_value` FROM `cmf_option` WHERE  `option_name` = 'cdn_settings' LIMIT 1 [ RunTime:0.000338s ]
[2026-04-21T22:45:21+08:00][sql] CONNECT:[ UseTime:0.000956s ] mysql:host=127.0.0.1;port=3306;dbname=weihua;charset=utf8mb4
[2026-04-21T22:45:21+08:00][sql] SHOW FULL COLUMNS FROM `cmf_option` [ RunTime:0.001400s ]
[2026-04-21T22:45:21+08:00][sql] SELECT `option_value` FROM `cmf_option` WHERE  `option_name` = 'cdn_settings' LIMIT 1 [ RunTime:0.000270s ]
[2026-04-21T22:45:21+08:00][sql] SELECT `option_value` FROM `cmf_option` WHERE  `option_name` = 'cdn_settings' LIMIT 1 [ RunTime:0.000188s ]
[2026-04-21T22:45:21+08:00][sql] CONNECT:[ UseTime:0.000671s ] mysql:host=127.0.0.1;port=3306;dbname=weihua;charset=utf8mb4
[2026-04-21T22:45:21+08:00][sql] SHOW FULL COLUMNS FROM `cmf_option` [ RunTime:0.001421s ]
[2026-04-21T22:45:21+08:00][sql] SELECT `option_value` FROM `cmf_option` WHERE  `option_name` = 'cdn_settings' LIMIT 1 [ RunTime:0.000189s ]
[2026-04-21T22:45:21+08:00][sql] SELECT `option_value` FROM `cmf_option` WHERE  `option_name` = 'cdn_settings' LIMIT 1 [ RunTime:0.000168s ]
[2026-04-21T22:46:49+08:00][sql] CONNECT:[ UseTime:0.001507s ] mysql:host=127.0.0.1;port=3306;dbname=weihua;charset=utf8mb4
[2026-04-21T22:46:49+08:00][sql] SHOW FULL COLUMNS FROM `cmf_option` [ RunTime:0.002831s ]
[2026-04-21T22:46:49+08:00][sql] SELECT `option_value` FROM `cmf_option` WHERE  `option_name` = 'cdn_settings' LIMIT 1 [ RunTime:0.000417s ]
[2026-04-21T22:46:49+08:00][sql] SHOW FULL COLUMNS FROM `cmf_user` [ RunTime:0.001667s ]
[2026-04-21T22:46:49+08:00][sql] SELECT * FROM `cmf_user` WHERE  `id` = 1 LIMIT 1 [ RunTime:0.000503s ]
[2026-04-21T22:46:49+08:00][sql] SHOW FULL COLUMNS FROM `cmf_product` [ RunTime:0.001342s ]
[2026-04-21T22:46:49+08:00][sql] SELECT * FROM `cmf_product` WHERE  `id` = 62 LIMIT 1 [ RunTime:0.001012s ]
[2026-04-21T22:46:49+08:00][sql] SHOW FULL COLUMNS FROM `cmf_product_category` [ RunTime:0.001172s ]
[2026-04-21T22:46:49+08:00][sql] SELECT * FROM `cmf_product_category` ORDER BY `list_order` ASC [ RunTime:0.000502s ]
[2026-04-21T22:46:49+08:00][sql] SELECT `option_value` FROM `cmf_option` WHERE  `option_name` = 'storage' LIMIT 1 [ RunTime:0.000485s ]
[2026-04-21T22:46:49+08:00][sql] CONNECT:[ UseTime:0.001088s ] mysql:host=127.0.0.1;port=3306;dbname=weihua;charset=utf8mb4
[2026-04-21T22:46:49+08:00][sql] SHOW FULL COLUMNS FROM `cmf_option` [ RunTime:0.004154s ]
[2026-04-21T22:46:49+08:00][sql] SELECT `option_value` FROM `cmf_option` WHERE  `option_name` = 'cdn_settings' LIMIT 1 [ RunTime:0.000998s ]
[2026-04-21T22:46:49+08:00][sql] SELECT `option_value` FROM `cmf_option` WHERE  `option_name` = 'cdn_settings' LIMIT 1 [ RunTime:0.000731s ]
[2026-04-21T22:46:49+08:00][sql] CONNECT:[ UseTime:0.000978s ] mysql:host=127.0.0.1;port=3306;dbname=weihua;charset=utf8mb4
[2026-04-21T22:46:49+08:00][sql] SHOW FULL COLUMNS FROM `cmf_option` [ RunTime:0.003209s ]
[2026-04-21T22:46:49+08:00][sql] SELECT `option_value` FROM `cmf_option` WHERE  `option_name` = 'cdn_settings' LIMIT 1 [ RunTime:0.000460s ]
[2026-04-21T22:46:49+08:00][sql] SELECT `option_value` FROM `cmf_option` WHERE  `option_name` = 'cdn_settings' LIMIT 1 [ RunTime:0.000241s ]
[2026-04-21T22:46:49+08:00][sql] CONNECT:[ UseTime:0.000586s ] mysql:host=127.0.0.1;port=3306;dbname=weihua;charset=utf8mb4
[2026-04-21T22:46:49+08:00][sql] SHOW FULL COLUMNS FROM `cmf_option` [ RunTime:0.001782s ]
[2026-04-21T22:46:49+08:00][sql] SELECT `option_value` FROM `cmf_option` WHERE  `option_name` = 'cdn_settings' LIMIT 1 [ RunTime:0.000388s ]
[2026-04-21T22:46:49+08:00][sql] SELECT `option_value` FROM `cmf_option` WHERE  `option_name` = 'cdn_settings' LIMIT 1 [ RunTime:0.000227s ]
[2026-04-21T22:46:49+08:00][sql] CONNECT:[ UseTime:0.000612s ] mysql:host=127.0.0.1;port=3306;dbname=weihua;charset=utf8mb4
[2026-04-21T22:46:49+08:00][sql] SHOW FULL COLUMNS FROM `cmf_option` [ RunTime:0.001538s ]
[2026-04-21T22:46:49+08:00][sql] SELECT `option_value` FROM `cmf_option` WHERE  `option_name` = 'cdn_settings' LIMIT 1 [ RunTime:0.000236s ]
[2026-04-21T22:46:49+08:00][sql] SELECT `option_value` FROM `cmf_option` WHERE  `option_name` = 'cdn_settings' LIMIT 1 [ RunTime:0.000185s ]
[2026-04-21T22:47:01+08:00][sql] CONNECT:[ UseTime:0.001992s ] mysql:host=127.0.0.1;port=3306;dbname=weihua;charset=utf8mb4
[2026-04-21T22:47:01+08:00][sql] SHOW FULL COLUMNS FROM `cmf_option` [ RunTime:0.015942s ]
[2026-04-21T22:47:01+08:00][sql] SELECT `option_value` FROM `cmf_option` WHERE  `option_name` = 'cdn_settings' LIMIT 1 [ RunTime:0.000581s ]
[2026-04-21T22:47:01+08:00][sql] SHOW FULL COLUMNS FROM `cmf_user` [ RunTime:0.002479s ]
[2026-04-21T22:47:01+08:00][sql] SELECT * FROM `cmf_user` WHERE  `id` = 1 LIMIT 1 [ RunTime:0.000982s ]
[2026-04-21T22:47:01+08:00][sql] SHOW FULL COLUMNS FROM `cmf_product` [ RunTime:0.002699s ]
[2026-04-21T22:47:01+08:00][sql] SELECT * FROM `cmf_product` WHERE  `id` = 62 LIMIT 1 [ RunTime:0.000983s ]
[2026-04-21T22:47:01+08:00][sql] SHOW FULL COLUMNS FROM `cmf_product_category` [ RunTime:0.001299s ]
[2026-04-21T22:47:01+08:00][sql] SELECT * FROM `cmf_product_category` ORDER BY `list_order` ASC [ RunTime:0.000517s ]
[2026-04-21T22:47:01+08:00][sql] SELECT `option_value` FROM `cmf_option` WHERE  `option_name` = 'storage' LIMIT 1 [ RunTime:0.000571s ]
[2026-04-21T22:47:01+08:00][sql] CONNECT:[ UseTime:0.000727s ] mysql:host=127.0.0.1;port=3306;dbname=weihua;charset=utf8mb4
[2026-04-21T22:47:01+08:00][sql] SHOW FULL COLUMNS FROM `cmf_option` [ RunTime:0.001544s ]
[2026-04-21T22:47:01+08:00][sql] SELECT `option_value` FROM `cmf_option` WHERE  `option_name` = 'cdn_settings' LIMIT 1 [ RunTime:0.000413s ]
[2026-04-21T22:47:01+08:00][sql] SELECT `option_value` FROM `cmf_option` WHERE  `option_name` = 'cdn_settings' LIMIT 1 [ RunTime:0.000249s ]
[2026-04-21T22:47:01+08:00][sql] CONNECT:[ UseTime:0.000718s ] mysql:host=127.0.0.1;port=3306;dbname=weihua;charset=utf8mb4
[2026-04-21T22:47:01+08:00][sql] SHOW FULL COLUMNS FROM `cmf_option` [ RunTime:0.001605s ]
[2026-04-21T22:47:01+08:00][sql] SELECT `option_value` FROM `cmf_option` WHERE  `option_name` = 'cdn_settings' LIMIT 1 [ RunTime:0.000319s ]
[2026-04-21T22:47:01+08:00][sql] SELECT `option_value` FROM `cmf_option` WHERE  `option_name` = 'cdn_settings' LIMIT 1 [ RunTime:0.000197s ]
[2026-04-21T22:47:01+08:00][sql] CONNECT:[ UseTime:0.000663s ] mysql:host=127.0.0.1;port=3306;dbname=weihua;charset=utf8mb4
[2026-04-21T22:47:01+08:00][sql] SHOW FULL COLUMNS FROM `cmf_option` [ RunTime:0.002495s ]
[2026-04-21T22:47:01+08:00][sql] SELECT `option_value` FROM `cmf_option` WHERE  `option_name` = 'cdn_settings' LIMIT 1 [ RunTime:0.001956s ]
[2026-04-21T22:47:01+08:00][sql] SELECT `option_value` FROM `cmf_option` WHERE  `option_name` = 'cdn_settings' LIMIT 1 [ RunTime:0.002038s ]
[2026-04-21T22:47:01+08:00][sql] CONNECT:[ UseTime:0.000746s ] mysql:host=127.0.0.1;port=3306;dbname=weihua;charset=utf8mb4
[2026-04-21T22:47:01+08:00][sql] SHOW FULL COLUMNS FROM `cmf_option` [ RunTime:0.002052s ]
[2026-04-21T22:47:01+08:00][sql] SELECT `option_value` FROM `cmf_option` WHERE  `option_name` = 'cdn_settings' LIMIT 1 [ RunTime:0.000549s ]
[2026-04-21T22:47:01+08:00][sql] SELECT `option_value` FROM `cmf_option` WHERE  `option_name` = 'cdn_settings' LIMIT 1 [ RunTime:0.000273s ]
[2026-04-21T22:51:14+08:00][sql] CONNECT:[ UseTime:0.002916s ] mysql:host=127.0.0.1;port=3306;dbname=weihua;charset=utf8mb4
[2026-04-21T22:51:14+08:00][sql] SHOW FULL COLUMNS FROM `cmf_option` [ RunTime:0.005413s ]
[2026-04-21T22:51:14+08:00][sql] SELECT `option_value` FROM `cmf_option` WHERE  `option_name` = 'cdn_settings' LIMIT 1 [ RunTime:0.000871s ]
[2026-04-21T22:51:14+08:00][sql] SHOW FULL COLUMNS FROM `cmf_user` [ RunTime:0.002763s ]
[2026-04-21T22:51:14+08:00][sql] SELECT * FROM `cmf_user` WHERE  `id` = 1 LIMIT 1 [ RunTime:0.000878s ]
[2026-04-21T22:51:14+08:00][sql] SHOW FULL COLUMNS FROM `cmf_product` [ RunTime:0.001979s ]
[2026-04-21T22:51:14+08:00][sql] SELECT * FROM `cmf_product` WHERE  `id` = 62 LIMIT 1 [ RunTime:0.001276s ]
[2026-04-21T22:51:14+08:00][sql] SHOW FULL COLUMNS FROM `cmf_product_category` [ RunTime:0.001889s ]
[2026-04-21T22:51:14+08:00][sql] SELECT * FROM `cmf_product_category` ORDER BY `list_order` ASC [ RunTime:0.000662s ]
[2026-04-21T22:51:14+08:00][sql] SELECT `option_value` FROM `cmf_option` WHERE  `option_name` = 'storage' LIMIT 1 [ RunTime:0.000961s ]
[2026-04-21T22:51:14+08:00][sql] CONNECT:[ UseTime:0.000844s ] mysql:host=127.0.0.1;port=3306;dbname=weihua;charset=utf8mb4
[2026-04-21T22:51:14+08:00][sql] SHOW FULL COLUMNS FROM `cmf_option` [ RunTime:0.012948s ]
[2026-04-21T22:51:14+08:00][sql] SELECT `option_value` FROM `cmf_option` WHERE  `option_name` = 'cdn_settings' LIMIT 1 [ RunTime:0.000495s ]
[2026-04-21T22:51:14+08:00][sql] SELECT `option_value` FROM `cmf_option` WHERE  `option_name` = 'cdn_settings' LIMIT 1 [ RunTime:0.000219s ]
[2026-04-21T22:51:14+08:00][sql] CONNECT:[ UseTime:0.000745s ] mysql:host=127.0.0.1;port=3306;dbname=weihua;charset=utf8mb4
[2026-04-21T22:51:14+08:00][sql] SHOW FULL COLUMNS FROM `cmf_option` [ RunTime:0.001493s ]
[2026-04-21T22:51:14+08:00][sql] SELECT `option_value` FROM `cmf_option` WHERE  `option_name` = 'cdn_settings' LIMIT 1 [ RunTime:0.000291s ]
[2026-04-21T22:51:14+08:00][sql] SELECT `option_value` FROM `cmf_option` WHERE  `option_name` = 'cdn_settings' LIMIT 1 [ RunTime:0.000196s ]
[2026-04-21T22:51:14+08:00][sql] CONNECT:[ UseTime:0.001247s ] mysql:host=127.0.0.1;port=3306;dbname=weihua;charset=utf8mb4
[2026-04-21T22:51:14+08:00][sql] SHOW FULL COLUMNS FROM `cmf_option` [ RunTime:0.002388s ]
[2026-04-21T22:51:14+08:00][sql] SELECT `option_value` FROM `cmf_option` WHERE  `option_name` = 'cdn_settings' LIMIT 1 [ RunTime:0.000253s ]
[2026-04-21T22:51:14+08:00][sql] SELECT `option_value` FROM `cmf_option` WHERE  `option_name` = 'cdn_settings' LIMIT 1 [ RunTime:0.000176s ]
[2026-04-21T22:51:14+08:00][sql] CONNECT:[ UseTime:0.000624s ] mysql:host=127.0.0.1;port=3306;dbname=weihua;charset=utf8mb4
[2026-04-21T22:51:14+08:00][sql] SHOW FULL COLUMNS FROM `cmf_option` [ RunTime:0.001548s ]
[2026-04-21T22:51:14+08:00][sql] SELECT `option_value` FROM `cmf_option` WHERE  `option_name` = 'cdn_settings' LIMIT 1 [ RunTime:0.000262s ]
[2026-04-21T22:51:14+08:00][sql] SELECT `option_value` FROM `cmf_option` WHERE  `option_name` = 'cdn_settings' LIMIT 1 [ RunTime:0.000173s ]
[2026-04-21T22:53:48+08:00][sql] CONNECT:[ UseTime:0.001793s ] mysql:host=127.0.0.1;port=3306;dbname=weihua;charset=utf8mb4
[2026-04-21T22:53:48+08:00][sql] SHOW FULL COLUMNS FROM `cmf_option` [ RunTime:0.002981s ]
[2026-04-21T22:53:48+08:00][sql] SELECT `option_value` FROM `cmf_option` WHERE  `option_name` = 'cdn_settings' LIMIT 1 [ RunTime:0.000571s ]
[2026-04-21T22:53:48+08:00][sql] SHOW FULL COLUMNS FROM `cmf_user` [ RunTime:0.001916s ]
[2026-04-21T22:53:48+08:00][sql] SELECT * FROM `cmf_user` WHERE  `id` = 1 LIMIT 1 [ RunTime:0.000749s ]
[2026-04-21T22:53:48+08:00][sql] SHOW FULL COLUMNS FROM `cmf_product_category` [ RunTime:0.001465s ]
[2026-04-21T22:53:48+08:00][sql] SELECT * FROM `cmf_product_category` WHERE  `id` = 18 LIMIT 1 [ RunTime:0.000428s ]
[2026-04-21T22:53:48+08:00][sql] SHOW FULL COLUMNS FROM `cmf_product` [ RunTime:0.001552s ]
[2026-04-21T22:53:48+08:00][sql] SELECT * FROM `cmf_product` WHERE  `id` = 62 LIMIT 1 [ RunTime:0.000865s ]
[2026-04-21T22:53:48+08:00][sql] SELECT `option_value` FROM `cmf_option` WHERE  `option_name` = 'storage' LIMIT 1 [ RunTime:0.000339s ]
[2026-04-21T22:53:48+08:00][sql] UPDATE `cmf_product`  SET `update_time` = 1776783228  WHERE  `id` = 62 [ RunTime:0.001300s ]
[2026-04-21T22:53:48+08:00][sql] SHOW FULL COLUMNS FROM `cmf_route` [ RunTime:0.001210s ]
[2026-04-21T22:53:48+08:00][sql] SELECT * FROM `cmf_route` WHERE  `full_url` = 'portal/index/product_info?id=62' LIMIT 1 [ RunTime:0.000665s ]
[2026-04-21T22:53:48+08:00][sql] UPDATE `cmf_route`  SET `url` = 'BeamSpreaderBridgeCraneQC' , `list_order` = '2' , `type` = 2  WHERE  `id` = 88 [ RunTime:0.000475s ]
[2026-04-21T22:53:48+08:00][sql] SELECT * FROM `cmf_route` WHERE  `status` = 1 ORDER BY `list_order` ASC [ RunTime:0.000552s ]
[2026-04-21T22:53:50+08:00][sql] CONNECT:[ UseTime:0.012831s ] mysql:host=127.0.0.1;port=3306;dbname=weihua;charset=utf8mb4
[2026-04-21T22:53:50+08:00][sql] SHOW FULL COLUMNS FROM `cmf_option` [ RunTime:0.004110s ]
[2026-04-21T22:53:50+08:00][sql] SELECT `option_value` FROM `cmf_option` WHERE  `option_name` = 'cdn_settings' LIMIT 1 [ RunTime:0.000388s ]
[2026-04-21T22:53:50+08:00][sql] SHOW FULL COLUMNS FROM `cmf_user` [ RunTime:0.001669s ]
[2026-04-21T22:53:50+08:00][sql] SELECT * FROM `cmf_user` WHERE  `id` = 1 LIMIT 1 [ RunTime:0.000405s ]
[2026-04-21T22:53:50+08:00][sql] SHOW FULL COLUMNS FROM `cmf_product` [ RunTime:0.001200s ]
[2026-04-21T22:53:50+08:00][sql] SELECT * FROM `cmf_product` WHERE  `id` = 62 LIMIT 1 [ RunTime:0.000989s ]
[2026-04-21T22:53:50+08:00][sql] SHOW FULL COLUMNS FROM `cmf_product_category` [ RunTime:0.002277s ]
[2026-04-21T22:53:50+08:00][sql] SELECT * FROM `cmf_product_category` ORDER BY `list_order` ASC [ RunTime:0.000701s ]
[2026-04-21T22:53:50+08:00][sql] SELECT `option_value` FROM `cmf_option` WHERE  `option_name` = 'storage' LIMIT 1 [ RunTime:0.000302s ]
[2026-04-21T22:53:50+08:00][sql] CONNECT:[ UseTime:0.000773s ] mysql:host=127.0.0.1;port=3306;dbname=weihua;charset=utf8mb4
[2026-04-21T22:53:50+08:00][sql] SHOW FULL COLUMNS FROM `cmf_option` [ RunTime:0.001593s ]
[2026-04-21T22:53:50+08:00][sql] SELECT `option_value` FROM `cmf_option` WHERE  `option_name` = 'cdn_settings' LIMIT 1 [ RunTime:0.000312s ]
[2026-04-21T22:53:50+08:00][sql] SELECT `option_value` FROM `cmf_option` WHERE  `option_name` = 'cdn_settings' LIMIT 1 [ RunTime:0.000184s ]
[2026-04-21T22:53:50+08:00][sql] CONNECT:[ UseTime:0.000704s ] mysql:host=127.0.0.1;port=3306;dbname=weihua;charset=utf8mb4
[2026-04-21T22:53:50+08:00][sql] SHOW FULL COLUMNS FROM `cmf_option` [ RunTime:0.001408s ]
[2026-04-21T22:53:50+08:00][sql] SELECT `option_value` FROM `cmf_option` WHERE  `option_name` = 'cdn_settings' LIMIT 1 [ RunTime:0.000300s ]
[2026-04-21T22:53:50+08:00][sql] SELECT `option_value` FROM `cmf_option` WHERE  `option_name` = 'cdn_settings' LIMIT 1 [ RunTime:0.000175s ]
[2026-04-21T22:53:50+08:00][sql] CONNECT:[ UseTime:0.000704s ] mysql:host=127.0.0.1;port=3306;dbname=weihua;charset=utf8mb4
[2026-04-21T22:53:50+08:00][sql] SHOW FULL COLUMNS FROM `cmf_option` [ RunTime:0.001408s ]
[2026-04-21T22:53:50+08:00][sql] SELECT `option_value` FROM `cmf_option` WHERE  `option_name` = 'cdn_settings' LIMIT 1 [ RunTime:0.000369s ]
[2026-04-21T22:53:50+08:00][sql] SELECT `option_value` FROM `cmf_option` WHERE  `option_name` = 'cdn_settings' LIMIT 1 [ RunTime:0.000173s ]
[2026-04-21T22:53:50+08:00][sql] CONNECT:[ UseTime:0.000460s ] mysql:host=127.0.0.1;port=3306;dbname=weihua;charset=utf8mb4
[2026-04-21T22:53:50+08:00][sql] SHOW FULL COLUMNS FROM `cmf_option` [ RunTime:0.001191s ]
[2026-04-21T22:53:50+08:00][sql] SELECT `option_value` FROM `cmf_option` WHERE  `option_name` = 'cdn_settings' LIMIT 1 [ RunTime:0.000243s ]
[2026-04-21T22:53:50+08:00][sql] SELECT `option_value` FROM `cmf_option` WHERE  `option_name` = 'cdn_settings' LIMIT 1 [ RunTime:0.000159s ]
[2026-04-21T22:54:25+08:00][sql] CONNECT:[ UseTime:0.001681s ] mysql:host=127.0.0.1;port=3306;dbname=weihua;charset=utf8mb4
[2026-04-21T22:54:25+08:00][sql] SHOW FULL COLUMNS FROM `cmf_option` [ RunTime:0.003780s ]
[2026-04-21T22:54:25+08:00][sql] SELECT `option_value` FROM `cmf_option` WHERE  `option_name` = 'cdn_settings' LIMIT 1 [ RunTime:0.000550s ]
[2026-04-21T22:54:25+08:00][sql] SHOW FULL COLUMNS FROM `cmf_user` [ RunTime:0.002057s ]
[2026-04-21T22:54:25+08:00][sql] SELECT * FROM `cmf_user` WHERE  `id` = 1 LIMIT 1 [ RunTime:0.000611s ]
[2026-04-21T22:54:25+08:00][sql] SHOW FULL COLUMNS FROM `cmf_product_category` [ RunTime:0.001793s ]
[2026-04-21T22:54:25+08:00][sql] SELECT * FROM `cmf_product_category` WHERE  `id` = 18 LIMIT 1 [ RunTime:0.000467s ]
[2026-04-21T22:54:25+08:00][sql] SHOW FULL COLUMNS FROM `cmf_product` [ RunTime:0.013500s ]
[2026-04-21T22:54:25+08:00][sql] SELECT * FROM `cmf_product` WHERE  `id` = 62 LIMIT 1 [ RunTime:0.001017s ]
[2026-04-21T22:54:25+08:00][sql] SELECT `option_value` FROM `cmf_option` WHERE  `option_name` = 'storage' LIMIT 1 [ RunTime:0.000358s ]
[2026-04-21T22:54:25+08:00][sql] UPDATE `cmf_product`  SET `update_time` = 1776783265  WHERE  `id` = 62 [ RunTime:0.000766s ]
[2026-04-21T22:54:25+08:00][sql] SHOW FULL COLUMNS FROM `cmf_route` [ RunTime:0.001658s ]
[2026-04-21T22:54:25+08:00][sql] SELECT * FROM `cmf_route` WHERE  `full_url` = 'portal/index/product_info?id=62' LIMIT 1 [ RunTime:0.000419s ]
[2026-04-21T22:54:25+08:00][sql] UPDATE `cmf_route`  SET `url` = 'BeamSpreaderBridgeCraneQC' , `list_order` = '2' , `type` = 2  WHERE  `id` = 88 [ RunTime:0.000282s ]
[2026-04-21T22:54:25+08:00][sql] SELECT * FROM `cmf_route` WHERE  `status` = 1 ORDER BY `list_order` ASC [ RunTime:0.000313s ]
[2026-04-21T22:54:27+08:00][sql] CONNECT:[ UseTime:0.000742s ] mysql:host=127.0.0.1;port=3306;dbname=weihua;charset=utf8mb4
[2026-04-21T22:54:27+08:00][sql] SHOW FULL COLUMNS FROM `cmf_option` [ RunTime:0.001895s ]
[2026-04-21T22:54:27+08:00][sql] SELECT `option_value` FROM `cmf_option` WHERE  `option_name` = 'cdn_settings' LIMIT 1 [ RunTime:0.000302s ]
[2026-04-21T22:54:27+08:00][sql] SHOW FULL COLUMNS FROM `cmf_user` [ RunTime:0.001235s ]
[2026-04-21T22:54:27+08:00][sql] SELECT * FROM `cmf_user` WHERE  `id` = 1 LIMIT 1 [ RunTime:0.000396s ]
[2026-04-21T22:54:27+08:00][sql] SHOW FULL COLUMNS FROM `cmf_product` [ RunTime:0.001601s ]
[2026-04-21T22:54:27+08:00][sql] SELECT * FROM `cmf_product` WHERE  `id` = 62 LIMIT 1 [ RunTime:0.000478s ]
[2026-04-21T22:54:27+08:00][sql] SHOW FULL COLUMNS FROM `cmf_product_category` [ RunTime:0.001153s ]
[2026-04-21T22:54:27+08:00][sql] SELECT * FROM `cmf_product_category` ORDER BY `list_order` ASC [ RunTime:0.000342s ]
[2026-04-21T22:54:27+08:00][sql] SELECT `option_value` FROM `cmf_option` WHERE  `option_name` = 'storage' LIMIT 1 [ RunTime:0.000571s ]
[2026-04-21T22:54:27+08:00][sql] CONNECT:[ UseTime:0.000628s ] mysql:host=127.0.0.1;port=3306;dbname=weihua;charset=utf8mb4
[2026-04-21T22:54:27+08:00][sql] SHOW FULL COLUMNS FROM `cmf_option` [ RunTime:0.001546s ]
[2026-04-21T22:54:27+08:00][sql] SELECT `option_value` FROM `cmf_option` WHERE  `option_name` = 'cdn_settings' LIMIT 1 [ RunTime:0.000306s ]
[2026-04-21T22:54:27+08:00][sql] SELECT `option_value` FROM `cmf_option` WHERE  `option_name` = 'cdn_settings' LIMIT 1 [ RunTime:0.000252s ]
[2026-04-21T22:54:27+08:00][sql] CONNECT:[ UseTime:0.000635s ] mysql:host=127.0.0.1;port=3306;dbname=weihua;charset=utf8mb4
[2026-04-21T22:54:27+08:00][sql] SHOW FULL COLUMNS FROM `cmf_option` [ RunTime:0.001541s ]
[2026-04-21T22:54:27+08:00][sql] SELECT `option_value` FROM `cmf_option` WHERE  `option_name` = 'cdn_settings' LIMIT 1 [ RunTime:0.000333s ]
[2026-04-21T22:54:27+08:00][sql] SELECT `option_value` FROM `cmf_option` WHERE  `option_name` = 'cdn_settings' LIMIT 1 [ RunTime:0.000213s ]
[2026-04-21T22:54:27+08:00][sql] CONNECT:[ UseTime:0.000634s ] mysql:host=127.0.0.1;port=3306;dbname=weihua;charset=utf8mb4
[2026-04-21T22:54:27+08:00][sql] SHOW FULL COLUMNS FROM `cmf_option` [ RunTime:0.001555s ]
[2026-04-21T22:54:27+08:00][sql] SELECT `option_value` FROM `cmf_option` WHERE  `option_name` = 'cdn_settings' LIMIT 1 [ RunTime:0.000307s ]
[2026-04-21T22:54:27+08:00][sql] SELECT `option_value` FROM `cmf_option` WHERE  `option_name` = 'cdn_settings' LIMIT 1 [ RunTime:0.000207s ]
[2026-04-21T22:54:27+08:00][sql] CONNECT:[ UseTime:0.000493s ] mysql:host=127.0.0.1;port=3306;dbname=weihua;charset=utf8mb4
[2026-04-21T22:54:27+08:00][sql] SHOW FULL COLUMNS FROM `cmf_option` [ RunTime:0.001360s ]
[2026-04-21T22:54:27+08:00][sql] SELECT `option_value` FROM `cmf_option` WHERE  `option_name` = 'cdn_settings' LIMIT 1 [ RunTime:0.000235s ]
[2026-04-21T22:54:27+08:00][sql] SELECT `option_value` FROM `cmf_option` WHERE  `option_name` = 'cdn_settings' LIMIT 1 [ RunTime:0.000150s ]
[2026-04-21T22:54:47+08:00][sql] CONNECT:[ UseTime:0.000652s ] mysql:host=127.0.0.1;port=3306;dbname=weihua;charset=utf8mb4
[2026-04-21T22:54:47+08:00][sql] SHOW FULL COLUMNS FROM `cmf_option` [ RunTime:0.012296s ]
[2026-04-21T22:54:47+08:00][sql] SELECT `option_value` FROM `cmf_option` WHERE  `option_name` = 'cdn_settings' LIMIT 1 [ RunTime:0.000270s ]
[2026-04-21T22:54:47+08:00][sql] SHOW FULL COLUMNS FROM `cmf_user` [ RunTime:0.001257s ]
[2026-04-21T22:54:47+08:00][sql] SELECT * FROM `cmf_user` WHERE  `id` = 1 LIMIT 1 [ RunTime:0.000379s ]
[2026-04-21T22:54:47+08:00][sql] SHOW FULL COLUMNS FROM `cmf_product` [ RunTime:0.001165s ]
[2026-04-21T22:54:47+08:00][sql] SELECT * FROM `cmf_product` WHERE  `id` = 62 LIMIT 1 [ RunTime:0.000278s ]
[2026-04-21T22:54:47+08:00][sql] SHOW FULL COLUMNS FROM `cmf_product_category` [ RunTime:0.000836s ]
[2026-04-21T22:54:47+08:00][sql] SELECT * FROM `cmf_product_category` ORDER BY `list_order` ASC [ RunTime:0.000298s ]
[2026-04-21T22:54:47+08:00][sql] SELECT `option_value` FROM `cmf_option` WHERE  `option_name` = 'storage' LIMIT 1 [ RunTime:0.000183s ]
[2026-04-21T22:54:47+08:00][sql] CONNECT:[ UseTime:0.000605s ] mysql:host=127.0.0.1;port=3306;dbname=weihua;charset=utf8mb4
[2026-04-21T22:54:47+08:00][sql] SHOW FULL COLUMNS FROM `cmf_option` [ RunTime:0.001407s ]
[2026-04-21T22:54:47+08:00][sql] SELECT `option_value` FROM `cmf_option` WHERE  `option_name` = 'cdn_settings' LIMIT 1 [ RunTime:0.000290s ]
[2026-04-21T22:54:47+08:00][sql] SELECT `option_value` FROM `cmf_option` WHERE  `option_name` = 'cdn_settings' LIMIT 1 [ RunTime:0.000176s ]
[2026-04-21T22:54:47+08:00][sql] CONNECT:[ UseTime:0.000608s ] mysql:host=127.0.0.1;port=3306;dbname=weihua;charset=utf8mb4
[2026-04-21T22:54:47+08:00][sql] SHOW FULL COLUMNS FROM `cmf_option` [ RunTime:0.001407s ]
[2026-04-21T22:54:47+08:00][sql] SELECT `option_value` FROM `cmf_option` WHERE  `option_name` = 'cdn_settings' LIMIT 1 [ RunTime:0.000310s ]
[2026-04-21T22:54:47+08:00][sql] SELECT `option_value` FROM `cmf_option` WHERE  `option_name` = 'cdn_settings' LIMIT 1 [ RunTime:0.000172s ]
[2026-04-21T22:54:47+08:00][sql] CONNECT:[ UseTime:0.000615s ] mysql:host=127.0.0.1;port=3306;dbname=weihua;charset=utf8mb4
[2026-04-21T22:54:47+08:00][sql] SHOW FULL COLUMNS FROM `cmf_option` [ RunTime:0.001408s ]
[2026-04-21T22:54:47+08:00][sql] SELECT `option_value` FROM `cmf_option` WHERE  `option_name` = 'cdn_settings' LIMIT 1 [ RunTime:0.000313s ]
[2026-04-21T22:54:47+08:00][sql] SELECT `option_value` FROM `cmf_option` WHERE  `option_name` = 'cdn_settings' LIMIT 1 [ RunTime:0.000176s ]
[2026-04-21T22:54:47+08:00][sql] CONNECT:[ UseTime:0.000624s ] mysql:host=127.0.0.1;port=3306;dbname=weihua;charset=utf8mb4
[2026-04-21T22:54:47+08:00][sql] SHOW FULL COLUMNS FROM `cmf_option` [ RunTime:0.001479s ]
[2026-04-21T22:54:47+08:00][sql] SELECT `option_value` FROM `cmf_option` WHERE  `option_name` = 'cdn_settings' LIMIT 1 [ RunTime:0.000253s ]
[2026-04-21T22:54:47+08:00][sql] SELECT `option_value` FROM `cmf_option` WHERE  `option_name` = 'cdn_settings' LIMIT 1 [ RunTime:0.000197s ]
[2026-04-21T22:56:16+08:00][sql] CONNECT:[ UseTime:0.001752s ] mysql:host=127.0.0.1;port=3306;dbname=weihua;charset=utf8mb4
[2026-04-21T22:56:16+08:00][sql] SHOW FULL COLUMNS FROM `cmf_option` [ RunTime:0.002923s ]
[2026-04-21T22:56:16+08:00][sql] SELECT `option_value` FROM `cmf_option` WHERE  `option_name` = 'cdn_settings' LIMIT 1 [ RunTime:0.000417s ]
[2026-04-21T22:56:16+08:00][sql] SHOW FULL COLUMNS FROM `cmf_user` [ RunTime:0.002090s ]
[2026-04-21T22:56:16+08:00][sql] SELECT * FROM `cmf_user` WHERE  `id` = 1 LIMIT 1 [ RunTime:0.000875s ]
[2026-04-21T22:56:16+08:00][sql] SHOW FULL COLUMNS FROM `cmf_product` [ RunTime:0.002380s ]
[2026-04-21T22:56:16+08:00][sql] SELECT * FROM `cmf_product` WHERE  `id` = 62 LIMIT 1 [ RunTime:0.002917s ]
[2026-04-21T22:56:16+08:00][sql] SHOW FULL COLUMNS FROM `cmf_product_category` [ RunTime:0.001794s ]
[2026-04-21T22:56:16+08:00][sql] SELECT * FROM `cmf_product_category` ORDER BY `list_order` ASC [ RunTime:0.000559s ]
[2026-04-21T22:56:16+08:00][sql] SELECT `option_value` FROM `cmf_option` WHERE  `option_name` = 'storage' LIMIT 1 [ RunTime:0.000690s ]
[2026-04-21T22:56:16+08:00][sql] CONNECT:[ UseTime:0.000838s ] mysql:host=127.0.0.1;port=3306;dbname=weihua;charset=utf8mb4
[2026-04-21T22:56:16+08:00][sql] SHOW FULL COLUMNS FROM `cmf_option` [ RunTime:0.001540s ]
[2026-04-21T22:56:16+08:00][sql] SELECT `option_value` FROM `cmf_option` WHERE  `option_name` = 'cdn_settings' LIMIT 1 [ RunTime:0.000293s ]
[2026-04-21T22:56:16+08:00][sql] SELECT `option_value` FROM `cmf_option` WHERE  `option_name` = 'cdn_settings' LIMIT 1 [ RunTime:0.000201s ]
[2026-04-21T22:56:16+08:00][sql] CONNECT:[ UseTime:0.000803s ] mysql:host=127.0.0.1;port=3306;dbname=weihua;charset=utf8mb4
[2026-04-21T22:56:16+08:00][sql] SHOW FULL COLUMNS FROM `cmf_option` [ RunTime:0.001538s ]
[2026-04-21T22:56:16+08:00][sql] SELECT `option_value` FROM `cmf_option` WHERE  `option_name` = 'cdn_settings' LIMIT 1 [ RunTime:0.000294s ]
[2026-04-21T22:56:16+08:00][sql] SELECT `option_value` FROM `cmf_option` WHERE  `option_name` = 'cdn_settings' LIMIT 1 [ RunTime:0.000183s ]
[2026-04-21T22:56:16+08:00][sql] CONNECT:[ UseTime:0.000527s ] mysql:host=127.0.0.1;port=3306;dbname=weihua;charset=utf8mb4
[2026-04-21T22:56:16+08:00][sql] SHOW FULL COLUMNS FROM `cmf_option` [ RunTime:0.001243s ]
[2026-04-21T22:56:16+08:00][sql] SELECT `option_value` FROM `cmf_option` WHERE  `option_name` = 'cdn_settings' LIMIT 1 [ RunTime:0.000296s ]
[2026-04-21T22:56:16+08:00][sql] SELECT `option_value` FROM `cmf_option` WHERE  `option_name` = 'cdn_settings' LIMIT 1 [ RunTime:0.000187s ]
[2026-04-21T22:56:16+08:00][sql] CONNECT:[ UseTime:0.000562s ] mysql:host=127.0.0.1;port=3306;dbname=weihua;charset=utf8mb4
[2026-04-21T22:56:16+08:00][sql] SHOW FULL COLUMNS FROM `cmf_option` [ RunTime:0.001379s ]
[2026-04-21T22:56:16+08:00][sql] SELECT `option_value` FROM `cmf_option` WHERE  `option_name` = 'cdn_settings' LIMIT 1 [ RunTime:0.000238s ]
[2026-04-21T22:56:16+08:00][sql] SELECT `option_value` FROM `cmf_option` WHERE  `option_name` = 'cdn_settings' LIMIT 1 [ RunTime:0.000173s ]
[2026-04-21T22:57:34+08:00][sql] CONNECT:[ UseTime:0.001608s ] mysql:host=127.0.0.1;port=3306;dbname=weihua;charset=utf8mb4
[2026-04-21T22:57:34+08:00][sql] SHOW FULL COLUMNS FROM `cmf_option` [ RunTime:0.002987s ]
[2026-04-21T22:57:34+08:00][sql] SELECT `option_value` FROM `cmf_option` WHERE  `option_name` = 'cdn_settings' LIMIT 1 [ RunTime:0.000346s ]
[2026-04-21T22:57:34+08:00][sql] SHOW FULL COLUMNS FROM `cmf_user` [ RunTime:0.001474s ]
[2026-04-21T22:57:34+08:00][sql] SELECT * FROM `cmf_user` WHERE  `id` = 1 LIMIT 1 [ RunTime:0.000514s ]
[2026-04-21T22:57:34+08:00][sql] SHOW FULL COLUMNS FROM `cmf_product` [ RunTime:0.001172s ]
[2026-04-21T22:57:34+08:00][sql] SELECT * FROM `cmf_product` WHERE  `id` = 62 LIMIT 1 [ RunTime:0.000463s ]
[2026-04-21T22:57:34+08:00][sql] SHOW FULL COLUMNS FROM `cmf_product_category` [ RunTime:0.001458s ]
[2026-04-21T22:57:34+08:00][sql] SELECT * FROM `cmf_product_category` ORDER BY `list_order` ASC [ RunTime:0.000484s ]
[2026-04-21T22:57:34+08:00][sql] SELECT `option_value` FROM `cmf_option` WHERE  `option_name` = 'storage' LIMIT 1 [ RunTime:0.000339s ]
[2026-04-21T22:57:34+08:00][sql] CONNECT:[ UseTime:0.000697s ] mysql:host=127.0.0.1;port=3306;dbname=weihua;charset=utf8mb4
[2026-04-21T22:57:34+08:00][sql] SHOW FULL COLUMNS FROM `cmf_option` [ RunTime:0.001486s ]
[2026-04-21T22:57:34+08:00][sql] SELECT `option_value` FROM `cmf_option` WHERE  `option_name` = 'cdn_settings' LIMIT 1 [ RunTime:0.000310s ]
[2026-04-21T22:57:34+08:00][sql] SELECT `option_value` FROM `cmf_option` WHERE  `option_name` = 'cdn_settings' LIMIT 1 [ RunTime:0.000179s ]
[2026-04-21T22:57:34+08:00][sql] CONNECT:[ UseTime:0.000712s ] mysql:host=127.0.0.1;port=3306;dbname=weihua;charset=utf8mb4
[2026-04-21T22:57:34+08:00][sql] SHOW FULL COLUMNS FROM `cmf_option` [ RunTime:0.001510s ]
[2026-04-21T22:57:34+08:00][sql] SELECT `option_value` FROM `cmf_option` WHERE  `option_name` = 'cdn_settings' LIMIT 1 [ RunTime:0.000304s ]
[2026-04-21T22:57:34+08:00][sql] SELECT `option_value` FROM `cmf_option` WHERE  `option_name` = 'cdn_settings' LIMIT 1 [ RunTime:0.000175s ]
[2026-04-21T22:57:34+08:00][sql] CONNECT:[ UseTime:0.000697s ] mysql:host=127.0.0.1;port=3306;dbname=weihua;charset=utf8mb4
[2026-04-21T22:57:34+08:00][sql] SHOW FULL COLUMNS FROM `cmf_option` [ RunTime:0.001510s ]
[2026-04-21T22:57:34+08:00][sql] SELECT `option_value` FROM `cmf_option` WHERE  `option_name` = 'cdn_settings' LIMIT 1 [ RunTime:0.000306s ]
[2026-04-21T22:57:34+08:00][sql] SELECT `option_value` FROM `cmf_option` WHERE  `option_name` = 'cdn_settings' LIMIT 1 [ RunTime:0.000177s ]
[2026-04-21T22:57:34+08:00][sql] CONNECT:[ UseTime:0.000558s ] mysql:host=127.0.0.1;port=3306;dbname=weihua;charset=utf8mb4
[2026-04-21T22:57:34+08:00][sql] SHOW FULL COLUMNS FROM `cmf_option` [ RunTime:0.001670s ]
[2026-04-21T22:57:34+08:00][sql] SELECT `option_value` FROM `cmf_option` WHERE  `option_name` = 'cdn_settings' LIMIT 1 [ RunTime:0.000264s ]
[2026-04-21T22:57:34+08:00][sql] SELECT `option_value` FROM `cmf_option` WHERE  `option_name` = 'cdn_settings' LIMIT 1 [ RunTime:0.000201s ]
[2026-04-21T22:57:37+08:00][sql] CONNECT:[ UseTime:0.000712s ] mysql:host=127.0.0.1;port=3306;dbname=weihua;charset=utf8mb4
[2026-04-21T22:57:37+08:00][sql] SHOW FULL COLUMNS FROM `cmf_option` [ RunTime:0.001629s ]
[2026-04-21T22:57:37+08:00][sql] SELECT `option_value` FROM `cmf_option` WHERE  `option_name` = 'cdn_settings' LIMIT 1 [ RunTime:0.000347s ]
[2026-04-21T22:57:37+08:00][sql] SHOW FULL COLUMNS FROM `cmf_user` [ RunTime:0.001287s ]
[2026-04-21T22:57:37+08:00][sql] SELECT * FROM `cmf_user` WHERE  `id` = 1 LIMIT 1 [ RunTime:0.000375s ]
[2026-04-21T22:57:37+08:00][sql] SHOW FULL COLUMNS FROM `cmf_product_category` [ RunTime:0.001238s ]
[2026-04-21T22:57:37+08:00][sql] SELECT * FROM `cmf_product_category` WHERE  `id` = 18 LIMIT 1 [ RunTime:0.000457s ]
[2026-04-21T22:57:37+08:00][sql] SHOW FULL COLUMNS FROM `cmf_product` [ RunTime:0.001515s ]
[2026-04-21T22:57:37+08:00][sql] SELECT * FROM `cmf_product` WHERE  `id` = 62 LIMIT 1 [ RunTime:0.000369s ]
[2026-04-21T22:57:37+08:00][sql] SELECT `option_value` FROM `cmf_option` WHERE  `option_name` = 'storage' LIMIT 1 [ RunTime:0.000231s ]
[2026-04-21T22:57:37+08:00][sql] UPDATE `cmf_product`  SET `custom_field` = '{\"input\":{\"lifting_capacity\":\"lifting_capacity\",\"lifting_height\":\"lifting_height\",\"span\":\"span\",\"operating_voltage\":\"operating_voltage\",\"job_level\":\"job_level\"},\"content\":{\"overview\":\"overview\",\"scenario\":\"scenario\",\"certificate\":\"certificate\",\"features\":\"features\",\"customized\":\"customized\"}}' , `update_time` = 1776783457  WHERE  `id` = 62 [ RunTime:0.001314s ]
[2026-04-21T22:57:37+08:00][sql] SHOW FULL COLUMNS FROM `cmf_route` [ RunTime:0.001132s ]
[2026-04-21T22:57:37+08:00][sql] SELECT * FROM `cmf_route` WHERE  `full_url` = 'portal/index/product_info?id=62' LIMIT 1 [ RunTime:0.000403s ]
[2026-04-21T22:57:37+08:00][sql] UPDATE `cmf_route`  SET `url` = 'BeamSpreaderBridgeCraneQC' , `list_order` = '2' , `type` = 2  WHERE  `id` = 88 [ RunTime:0.000247s ]
[2026-04-21T22:57:37+08:00][sql] SELECT * FROM `cmf_route` WHERE  `status` = 1 ORDER BY `list_order` ASC [ RunTime:0.000309s ]
[2026-04-21T22:57:39+08:00][sql] CONNECT:[ UseTime:0.001056s ] mysql:host=127.0.0.1;port=3306;dbname=weihua;charset=utf8mb4
[2026-04-21T22:57:39+08:00][sql] SHOW FULL COLUMNS FROM `cmf_option` [ RunTime:0.001961s ]
[2026-04-21T22:57:39+08:00][sql] SELECT `option_value` FROM `cmf_option` WHERE  `option_name` = 'cdn_settings' LIMIT 1 [ RunTime:0.000377s ]
[2026-04-21T22:57:39+08:00][sql] SHOW FULL COLUMNS FROM `cmf_user` [ RunTime:0.001246s ]
[2026-04-21T22:57:39+08:00][sql] SELECT * FROM `cmf_user` WHERE  `id` = 1 LIMIT 1 [ RunTime:0.000392s ]
[2026-04-21T22:57:39+08:00][sql] SHOW FULL COLUMNS FROM `cmf_product` [ RunTime:0.001306s ]
[2026-04-21T22:57:39+08:00][sql] SELECT * FROM `cmf_product` WHERE  `id` = 62 LIMIT 1 [ RunTime:0.000400s ]
[2026-04-21T22:57:39+08:00][sql] SHOW FULL COLUMNS FROM `cmf_product_category` [ RunTime:0.000993s ]
[2026-04-21T22:57:39+08:00][sql] SELECT * FROM `cmf_product_category` ORDER BY `list_order` ASC [ RunTime:0.000698s ]
[2026-04-21T22:57:39+08:00][sql] SELECT `option_value` FROM `cmf_option` WHERE  `option_name` = 'storage' LIMIT 1 [ RunTime:0.000480s ]
[2026-04-21T22:57:39+08:00][sql] CONNECT:[ UseTime:0.000561s ] mysql:host=127.0.0.1;port=3306;dbname=weihua;charset=utf8mb4
[2026-04-21T22:57:39+08:00][sql] SHOW FULL COLUMNS FROM `cmf_option` [ RunTime:0.001859s ]
[2026-04-21T22:57:39+08:00][sql] SELECT `option_value` FROM `cmf_option` WHERE  `option_name` = 'cdn_settings' LIMIT 1 [ RunTime:0.000212s ]
[2026-04-21T22:57:39+08:00][sql] SELECT `option_value` FROM `cmf_option` WHERE  `option_name` = 'cdn_settings' LIMIT 1 [ RunTime:0.000140s ]
[2026-04-21T22:57:39+08:00][sql] CONNECT:[ UseTime:0.000565s ] mysql:host=127.0.0.1;port=3306;dbname=weihua;charset=utf8mb4
[2026-04-21T22:57:39+08:00][sql] SHOW FULL COLUMNS FROM `cmf_option` [ RunTime:0.001831s ]
[2026-04-21T22:57:39+08:00][sql] SELECT `option_value` FROM `cmf_option` WHERE  `option_name` = 'cdn_settings' LIMIT 1 [ RunTime:0.000229s ]
[2026-04-21T22:57:39+08:00][sql] SELECT `option_value` FROM `cmf_option` WHERE  `option_name` = 'cdn_settings' LIMIT 1 [ RunTime:0.000166s ]
[2026-04-21T22:57:39+08:00][sql] CONNECT:[ UseTime:0.000569s ] mysql:host=127.0.0.1;port=3306;dbname=weihua;charset=utf8mb4
[2026-04-21T22:57:39+08:00][sql] SHOW FULL COLUMNS FROM `cmf_option` [ RunTime:0.001617s ]
[2026-04-21T22:57:39+08:00][sql] SELECT `option_value` FROM `cmf_option` WHERE  `option_name` = 'cdn_settings' LIMIT 1 [ RunTime:0.000263s ]
[2026-04-21T22:57:39+08:00][sql] SELECT `option_value` FROM `cmf_option` WHERE  `option_name` = 'cdn_settings' LIMIT 1 [ RunTime:0.000161s ]
[2026-04-21T22:57:39+08:00][sql] CONNECT:[ UseTime:0.001038s ] mysql:host=127.0.0.1;port=3306;dbname=weihua;charset=utf8mb4
[2026-04-21T22:57:39+08:00][sql] SHOW FULL COLUMNS FROM `cmf_option` [ RunTime:0.003872s ]
[2026-04-21T22:57:39+08:00][sql] SELECT `option_value` FROM `cmf_option` WHERE  `option_name` = 'cdn_settings' LIMIT 1 [ RunTime:0.000376s ]
[2026-04-21T22:57:39+08:00][sql] SELECT `option_value` FROM `cmf_option` WHERE  `option_name` = 'cdn_settings' LIMIT 1 [ RunTime:0.000229s ]
[2026-04-21T23:07:24+08:00][sql] CONNECT:[ UseTime:0.002466s ] mysql:host=127.0.0.1;port=3306;dbname=weihua;charset=utf8mb4
[2026-04-21T23:07:24+08:00][sql] SHOW FULL COLUMNS FROM `cmf_option` [ RunTime:0.004666s ]
[2026-04-21T23:07:24+08:00][sql] SELECT `option_value` FROM `cmf_option` WHERE  `option_name` = 'cdn_settings' LIMIT 1 [ RunTime:0.000725s ]
[2026-04-21T23:07:24+08:00][sql] SHOW FULL COLUMNS FROM `cmf_user` [ RunTime:0.001848s ]
[2026-04-21T23:07:24+08:00][sql] SELECT * FROM `cmf_user` WHERE  `id` = 1 LIMIT 1 [ RunTime:0.000735s ]
[2026-04-21T23:07:24+08:00][sql] SHOW FULL COLUMNS FROM `cmf_product` [ RunTime:0.001986s ]
[2026-04-21T23:07:24+08:00][sql] SELECT * FROM `cmf_product` WHERE  `id` = 62 LIMIT 1 [ RunTime:0.000897s ]
[2026-04-21T23:07:24+08:00][sql] SHOW FULL COLUMNS FROM `cmf_product_category` [ RunTime:0.001418s ]
[2026-04-21T23:07:24+08:00][sql] SELECT * FROM `cmf_product_category` ORDER BY `list_order` ASC [ RunTime:0.000422s ]
[2026-04-21T23:07:24+08:00][sql] SELECT `option_value` FROM `cmf_option` WHERE  `option_name` = 'storage' LIMIT 1 [ RunTime:0.000881s ]
[2026-04-21T23:07:24+08:00][sql] CONNECT:[ UseTime:0.000902s ] mysql:host=127.0.0.1;port=3306;dbname=weihua;charset=utf8mb4
[2026-04-21T23:07:24+08:00][sql] SHOW FULL COLUMNS FROM `cmf_plugin` [ RunTime:0.002078s ]
[2026-04-21T23:07:24+08:00][sql] SELECT `config` FROM `cmf_plugin` WHERE  `name` = 'SwitchTheme' LIMIT 1 [ RunTime:0.000597s ]
[2026-04-21T23:07:24+08:00][sql] SHOW FULL COLUMNS FROM `cmf_option` [ RunTime:0.002656s ]
[2026-04-21T23:07:24+08:00][sql] SELECT `option_value` FROM `cmf_option` WHERE  `option_name` = 'cdn_settings' LIMIT 1 [ RunTime:0.000309s ]
[2026-04-21T23:07:24+08:00][sql] SELECT `option_value` FROM `cmf_option` WHERE  `option_name` = 'cdn_settings' LIMIT 1 [ RunTime:0.000259s ]
[2026-04-21T23:07:24+08:00][sql] CONNECT:[ UseTime:0.000904s ] mysql:host=127.0.0.1;port=3306;dbname=weihua;charset=utf8mb4
[2026-04-21T23:07:24+08:00][sql] SHOW FULL COLUMNS FROM `cmf_plugin` [ RunTime:0.002080s ]
[2026-04-21T23:07:24+08:00][sql] SELECT `config` FROM `cmf_plugin` WHERE  `name` = 'SwitchTheme' LIMIT 1 [ RunTime:0.000733s ]
[2026-04-21T23:07:24+08:00][sql] SHOW FULL COLUMNS FROM `cmf_option` [ RunTime:0.002426s ]
[2026-04-21T23:07:24+08:00][sql] SELECT `option_value` FROM `cmf_option` WHERE  `option_name` = 'cdn_settings' LIMIT 1 [ RunTime:0.000849s ]
[2026-04-21T23:07:24+08:00][sql] SELECT `option_value` FROM `cmf_option` WHERE  `option_name` = 'cdn_settings' LIMIT 1 [ RunTime:0.000180s ]
[2026-04-21T23:07:24+08:00][sql] CONNECT:[ UseTime:0.000472s ] mysql:host=127.0.0.1;port=3306;dbname=weihua;charset=utf8mb4
[2026-04-21T23:07:24+08:00][sql] SHOW FULL COLUMNS FROM `cmf_plugin` [ RunTime:0.002079s ]
[2026-04-21T23:07:24+08:00][sql] SELECT `config` FROM `cmf_plugin` WHERE  `name` = 'SwitchTheme' LIMIT 1 [ RunTime:0.000357s ]
[2026-04-21T23:07:24+08:00][sql] SHOW FULL COLUMNS FROM `cmf_option` [ RunTime:0.002084s ]
[2026-04-21T23:07:24+08:00][sql] SELECT `option_value` FROM `cmf_option` WHERE  `option_name` = 'cdn_settings' LIMIT 1 [ RunTime:0.000319s ]
[2026-04-21T23:07:24+08:00][sql] SELECT `option_value` FROM `cmf_option` WHERE  `option_name` = 'cdn_settings' LIMIT 1 [ RunTime:0.000316s ]
[2026-04-21T23:07:24+08:00][sql] CONNECT:[ UseTime:0.000681s ] mysql:host=127.0.0.1;port=3306;dbname=weihua;charset=utf8mb4
[2026-04-21T23:07:24+08:00][sql] SHOW FULL COLUMNS FROM `cmf_option` [ RunTime:0.001614s ]
[2026-04-21T23:07:24+08:00][sql] SELECT `option_value` FROM `cmf_option` WHERE  `option_name` = 'cdn_settings' LIMIT 1 [ RunTime:0.000320s ]
[2026-04-21T23:07:24+08:00][sql] SELECT `option_value` FROM `cmf_option` WHERE  `option_name` = 'cdn_settings' LIMIT 1 [ RunTime:0.000218s ]
[2026-04-21T23:08:04+08:00][sql] CONNECT:[ UseTime:0.001365s ] mysql:host=127.0.0.1;port=3306;dbname=weihua;charset=utf8mb4
[2026-04-21T23:08:04+08:00][sql] SHOW FULL COLUMNS FROM `cmf_option` [ RunTime:0.002578s ]
[2026-04-21T23:08:04+08:00][sql] SELECT `option_value` FROM `cmf_option` WHERE  `option_name` = 'cdn_settings' LIMIT 1 [ RunTime:0.000407s ]
[2026-04-21T23:08:04+08:00][sql] SHOW FULL COLUMNS FROM `cmf_user` [ RunTime:0.001522s ]
[2026-04-21T23:08:04+08:00][sql] SELECT * FROM `cmf_user` WHERE  `id` = 1 LIMIT 1 [ RunTime:0.000546s ]
[2026-04-21T23:08:04+08:00][sql] SHOW FULL COLUMNS FROM `cmf_product` [ RunTime:0.001510s ]
[2026-04-21T23:08:04+08:00][sql] SELECT * FROM `cmf_product` WHERE  `id` = 62 LIMIT 1 [ RunTime:0.000524s ]
[2026-04-21T23:08:04+08:00][sql] SHOW FULL COLUMNS FROM `cmf_product_category` [ RunTime:0.001053s ]
[2026-04-21T23:08:04+08:00][sql] SELECT * FROM `cmf_product_category` ORDER BY `list_order` ASC [ RunTime:0.000353s ]
[2026-04-21T23:08:04+08:00][sql] SELECT `option_value` FROM `cmf_option` WHERE  `option_name` = 'storage' LIMIT 1 [ RunTime:0.000450s ]
[2026-04-21T23:08:04+08:00][sql] CONNECT:[ UseTime:0.000863s ] mysql:host=127.0.0.1;port=3306;dbname=weihua;charset=utf8mb4
[2026-04-21T23:08:04+08:00][sql] SHOW FULL COLUMNS FROM `cmf_option` [ RunTime:0.003312s ]
[2026-04-21T23:08:04+08:00][sql] SELECT `option_value` FROM `cmf_option` WHERE  `option_name` = 'cdn_settings' LIMIT 1 [ RunTime:0.000278s ]
[2026-04-21T23:08:04+08:00][sql] SELECT `option_value` FROM `cmf_option` WHERE  `option_name` = 'cdn_settings' LIMIT 1 [ RunTime:0.000173s ]
[2026-04-21T23:08:04+08:00][sql] CONNECT:[ UseTime:0.001315s ] mysql:host=127.0.0.1;port=3306;dbname=weihua;charset=utf8mb4
[2026-04-21T23:08:04+08:00][sql] SHOW FULL COLUMNS FROM `cmf_option` [ RunTime:0.002724s ]
[2026-04-21T23:08:04+08:00][sql] SELECT `option_value` FROM `cmf_option` WHERE  `option_name` = 'cdn_settings' LIMIT 1 [ RunTime:0.000478s ]
[2026-04-21T23:08:04+08:00][sql] SELECT `option_value` FROM `cmf_option` WHERE  `option_name` = 'cdn_settings' LIMIT 1 [ RunTime:0.000180s ]
[2026-04-21T23:08:04+08:00][sql] CONNECT:[ UseTime:0.000527s ] mysql:host=127.0.0.1;port=3306;dbname=weihua;charset=utf8mb4
[2026-04-21T23:08:04+08:00][sql] SHOW FULL COLUMNS FROM `cmf_option` [ RunTime:0.002588s ]
[2026-04-21T23:08:04+08:00][sql] SELECT `option_value` FROM `cmf_option` WHERE  `option_name` = 'cdn_settings' LIMIT 1 [ RunTime:0.000442s ]
[2026-04-21T23:08:04+08:00][sql] SELECT `option_value` FROM `cmf_option` WHERE  `option_name` = 'cdn_settings' LIMIT 1 [ RunTime:0.000190s ]
[2026-04-21T23:08:04+08:00][sql] CONNECT:[ UseTime:0.001012s ] mysql:host=127.0.0.1;port=3306;dbname=weihua;charset=utf8mb4
[2026-04-21T23:08:04+08:00][sql] SHOW FULL COLUMNS FROM `cmf_option` [ RunTime:0.002734s ]
[2026-04-21T23:08:04+08:00][sql] SELECT `option_value` FROM `cmf_option` WHERE  `option_name` = 'cdn_settings' LIMIT 1 [ RunTime:0.000578s ]
[2026-04-21T23:08:04+08:00][sql] SELECT `option_value` FROM `cmf_option` WHERE  `option_name` = 'cdn_settings' LIMIT 1 [ RunTime:0.000272s ]
[2026-04-21T23:08:25+08:00][sql] CONNECT:[ UseTime:0.000846s ] mysql:host=127.0.0.1;port=3306;dbname=weihua;charset=utf8mb4
[2026-04-21T23:08:25+08:00][sql] SHOW FULL COLUMNS FROM `cmf_option` [ RunTime:0.002010s ]
[2026-04-21T23:08:25+08:00][sql] SELECT `option_value` FROM `cmf_option` WHERE  `option_name` = 'cdn_settings' LIMIT 1 [ RunTime:0.000338s ]
[2026-04-21T23:08:25+08:00][sql] SHOW FULL COLUMNS FROM `cmf_user` [ RunTime:0.001195s ]
[2026-04-21T23:08:25+08:00][sql] SELECT * FROM `cmf_user` WHERE  `id` = 1 LIMIT 1 [ RunTime:0.000390s ]
[2026-04-21T23:08:25+08:00][sql] SHOW FULL COLUMNS FROM `cmf_product` [ RunTime:0.001188s ]
[2026-04-21T23:08:25+08:00][sql] SELECT * FROM `cmf_product` WHERE  `id` = 62 LIMIT 1 [ RunTime:0.000349s ]
[2026-04-21T23:08:25+08:00][sql] SHOW FULL COLUMNS FROM `cmf_product_category` [ RunTime:0.001178s ]
[2026-04-21T23:08:25+08:00][sql] SELECT * FROM `cmf_product_category` ORDER BY `list_order` ASC [ RunTime:0.000332s ]
[2026-04-21T23:08:25+08:00][sql] SELECT `option_value` FROM `cmf_option` WHERE  `option_name` = 'storage' LIMIT 1 [ RunTime:0.000217s ]
[2026-04-21T23:08:25+08:00][sql] CONNECT:[ UseTime:0.011731s ] mysql:host=127.0.0.1;port=3306;dbname=weihua;charset=utf8mb4
[2026-04-21T23:08:25+08:00][sql] SHOW FULL COLUMNS FROM `cmf_option` [ RunTime:0.002177s ]
[2026-04-21T23:08:25+08:00][sql] SELECT `option_value` FROM `cmf_option` WHERE  `option_name` = 'cdn_settings' LIMIT 1 [ RunTime:0.000372s ]
[2026-04-21T23:08:25+08:00][sql] SELECT `option_value` FROM `cmf_option` WHERE  `option_name` = 'cdn_settings' LIMIT 1 [ RunTime:0.000236s ]
[2026-04-21T23:08:25+08:00][sql] CONNECT:[ UseTime:0.011731s ] mysql:host=127.0.0.1;port=3306;dbname=weihua;charset=utf8mb4
[2026-04-21T23:08:25+08:00][sql] SHOW FULL COLUMNS FROM `cmf_option` [ RunTime:0.002133s ]
[2026-04-21T23:08:25+08:00][sql] SELECT `option_value` FROM `cmf_option` WHERE  `option_name` = 'cdn_settings' LIMIT 1 [ RunTime:0.000373s ]
[2026-04-21T23:08:25+08:00][sql] SELECT `option_value` FROM `cmf_option` WHERE  `option_name` = 'cdn_settings' LIMIT 1 [ RunTime:0.000228s ]
[2026-04-21T23:08:25+08:00][sql] CONNECT:[ UseTime:0.011731s ] mysql:host=127.0.0.1;port=3306;dbname=weihua;charset=utf8mb4
[2026-04-21T23:08:25+08:00][sql] SHOW FULL COLUMNS FROM `cmf_option` [ RunTime:0.002164s ]
[2026-04-21T23:08:25+08:00][sql] SELECT `option_value` FROM `cmf_option` WHERE  `option_name` = 'cdn_settings' LIMIT 1 [ RunTime:0.000378s ]
[2026-04-21T23:08:25+08:00][sql] SELECT `option_value` FROM `cmf_option` WHERE  `option_name` = 'cdn_settings' LIMIT 1 [ RunTime:0.000184s ]
[2026-04-21T23:08:25+08:00][sql] CONNECT:[ UseTime:0.000589s ] mysql:host=127.0.0.1;port=3306;dbname=weihua;charset=utf8mb4
[2026-04-21T23:08:25+08:00][sql] SHOW FULL COLUMNS FROM `cmf_option` [ RunTime:0.001414s ]
[2026-04-21T23:08:25+08:00][sql] SELECT `option_value` FROM `cmf_option` WHERE  `option_name` = 'cdn_settings' LIMIT 1 [ RunTime:0.000264s ]
[2026-04-21T23:08:25+08:00][sql] SELECT `option_value` FROM `cmf_option` WHERE  `option_name` = 'cdn_settings' LIMIT 1 [ RunTime:0.000173s ]
[2026-04-21T23:08:30+08:00][sql] CONNECT:[ UseTime:0.000657s ] mysql:host=127.0.0.1;port=3306;dbname=weihua;charset=utf8mb4
[2026-04-21T23:08:30+08:00][sql] SHOW FULL COLUMNS FROM `cmf_option` [ RunTime:0.001450s ]
[2026-04-21T23:08:30+08:00][sql] SELECT `option_value` FROM `cmf_option` WHERE  `option_name` = 'cdn_settings' LIMIT 1 [ RunTime:0.000365s ]
[2026-04-21T23:08:30+08:00][sql] SHOW FULL COLUMNS FROM `cmf_user` [ RunTime:0.001273s ]
[2026-04-21T23:08:30+08:00][sql] SELECT * FROM `cmf_user` WHERE  `id` = 1 LIMIT 1 [ RunTime:0.000424s ]
[2026-04-21T23:08:30+08:00][sql] SHOW FULL COLUMNS FROM `cmf_product_category` [ RunTime:0.001132s ]
[2026-04-21T23:08:30+08:00][sql] SELECT * FROM `cmf_product_category` WHERE  `id` = 18 LIMIT 1 [ RunTime:0.000329s ]
[2026-04-21T23:08:30+08:00][sql] SHOW FULL COLUMNS FROM `cmf_product` [ RunTime:0.001648s ]
[2026-04-21T23:08:30+08:00][sql] SELECT * FROM `cmf_product` WHERE  `id` = 62 LIMIT 1 [ RunTime:0.000338s ]
[2026-04-21T23:08:30+08:00][sql] SELECT `option_value` FROM `cmf_option` WHERE  `option_name` = 'storage' LIMIT 1 [ RunTime:0.000250s ]
[2026-04-21T23:08:30+08:00][sql] UPDATE `cmf_product`  SET `custom_field` = '{\"input\":{\"lifting_height\":\"lifting_height\",\"span\":\"span\",\"lifting_capacity\":\"lifting_capacity11\",\"operating_voltage\":\"operating_voltage\",\"job_level\":\"job_level\"},\"content\":{\"overview\":\"overview\",\"scenario\":\"scenario\",\"certificate\":\"certificate\",\"features\":\"features\",\"customized\":\"customized\"}}' , `update_time` = 1776784110  WHERE  `id` = 62 [ RunTime:0.000623s ]
[2026-04-21T23:08:30+08:00][sql] SHOW FULL COLUMNS FROM `cmf_route` [ RunTime:0.001087s ]
[2026-04-21T23:08:30+08:00][sql] SELECT * FROM `cmf_route` WHERE  `full_url` = 'portal/index/product_info?id=62' LIMIT 1 [ RunTime:0.000397s ]
[2026-04-21T23:08:30+08:00][sql] UPDATE `cmf_route`  SET `url` = 'BeamSpreaderBridgeCraneQC' , `list_order` = '2' , `type` = 2  WHERE  `id` = 88 [ RunTime:0.000251s ]
[2026-04-21T23:08:30+08:00][sql] SELECT * FROM `cmf_route` WHERE  `status` = 1 ORDER BY `list_order` ASC [ RunTime:0.000262s ]
[2026-04-21T23:08:31+08:00][sql] CONNECT:[ UseTime:0.000613s ] mysql:host=127.0.0.1;port=3306;dbname=weihua;charset=utf8mb4
[2026-04-21T23:08:31+08:00][sql] SHOW FULL COLUMNS FROM `cmf_option` [ RunTime:0.001490s ]
[2026-04-21T23:08:31+08:00][sql] SELECT `option_value` FROM `cmf_option` WHERE  `option_name` = 'cdn_settings' LIMIT 1 [ RunTime:0.000279s ]
[2026-04-21T23:08:31+08:00][sql] SHOW FULL COLUMNS FROM `cmf_user` [ RunTime:0.001091s ]
[2026-04-21T23:08:31+08:00][sql] SELECT * FROM `cmf_user` WHERE  `id` = 1 LIMIT 1 [ RunTime:0.000456s ]
[2026-04-21T23:08:31+08:00][sql] SHOW FULL COLUMNS FROM `cmf_product` [ RunTime:0.001114s ]
[2026-04-21T23:08:31+08:00][sql] SELECT * FROM `cmf_product` WHERE  `id` = 62 LIMIT 1 [ RunTime:0.000447s ]
[2026-04-21T23:08:31+08:00][sql] SHOW FULL COLUMNS FROM `cmf_product_category` [ RunTime:0.001177s ]
[2026-04-21T23:08:31+08:00][sql] SELECT * FROM `cmf_product_category` ORDER BY `list_order` ASC [ RunTime:0.000321s ]
[2026-04-21T23:08:31+08:00][sql] SELECT `option_value` FROM `cmf_option` WHERE  `option_name` = 'storage' LIMIT 1 [ RunTime:0.000203s ]
[2026-04-21T23:08:31+08:00][sql] CONNECT:[ UseTime:0.000663s ] mysql:host=127.0.0.1;port=3306;dbname=weihua;charset=utf8mb4
[2026-04-21T23:08:31+08:00][sql] SHOW FULL COLUMNS FROM `cmf_option` [ RunTime:0.001578s ]
[2026-04-21T23:08:31+08:00][sql] SELECT `option_value` FROM `cmf_option` WHERE  `option_name` = 'cdn_settings' LIMIT 1 [ RunTime:0.000306s ]
[2026-04-21T23:08:31+08:00][sql] SELECT `option_value` FROM `cmf_option` WHERE  `option_name` = 'cdn_settings' LIMIT 1 [ RunTime:0.000229s ]
[2026-04-21T23:08:31+08:00][sql] CONNECT:[ UseTime:0.000646s ] mysql:host=127.0.0.1;port=3306;dbname=weihua;charset=utf8mb4
[2026-04-21T23:08:31+08:00][sql] SHOW FULL COLUMNS FROM `cmf_option` [ RunTime:0.001523s ]
[2026-04-21T23:08:31+08:00][sql] SELECT `option_value` FROM `cmf_option` WHERE  `option_name` = 'cdn_settings' LIMIT 1 [ RunTime:0.000317s ]
[2026-04-21T23:08:31+08:00][sql] SELECT `option_value` FROM `cmf_option` WHERE  `option_name` = 'cdn_settings' LIMIT 1 [ RunTime:0.000183s ]
[2026-04-21T23:08:31+08:00][sql] CONNECT:[ UseTime:0.000663s ] mysql:host=127.0.0.1;port=3306;dbname=weihua;charset=utf8mb4
[2026-04-21T23:08:31+08:00][sql] SHOW FULL COLUMNS FROM `cmf_option` [ RunTime:0.001858s ]
[2026-04-21T23:08:31+08:00][sql] SELECT `option_value` FROM `cmf_option` WHERE  `option_name` = 'cdn_settings' LIMIT 1 [ RunTime:0.000215s ]
[2026-04-21T23:08:31+08:00][sql] SELECT `option_value` FROM `cmf_option` WHERE  `option_name` = 'cdn_settings' LIMIT 1 [ RunTime:0.000170s ]
[2026-04-21T23:08:31+08:00][sql] CONNECT:[ UseTime:0.000614s ] mysql:host=127.0.0.1;port=3306;dbname=weihua;charset=utf8mb4
[2026-04-21T23:08:31+08:00][sql] SHOW FULL COLUMNS FROM `cmf_option` [ RunTime:0.001372s ]
[2026-04-21T23:08:31+08:00][sql] SELECT `option_value` FROM `cmf_option` WHERE  `option_name` = 'cdn_settings' LIMIT 1 [ RunTime:0.000287s ]
[2026-04-21T23:08:31+08:00][sql] SELECT `option_value` FROM `cmf_option` WHERE  `option_name` = 'cdn_settings' LIMIT 1 [ RunTime:0.000265s ]
[2026-04-21T23:10:01+08:00][sql] CONNECT:[ UseTime:0.001905s ] mysql:host=127.0.0.1;port=3306;dbname=weihua;charset=utf8mb4
[2026-04-21T23:10:01+08:00][sql] SHOW FULL COLUMNS FROM `cmf_option` [ RunTime:0.003474s ]
[2026-04-21T23:10:01+08:00][sql] SELECT `option_value` FROM `cmf_option` WHERE  `option_name` = 'cdn_settings' LIMIT 1 [ RunTime:0.000583s ]
[2026-04-21T23:10:01+08:00][sql] SHOW FULL COLUMNS FROM `cmf_user` [ RunTime:0.001804s ]
[2026-04-21T23:10:01+08:00][sql] SELECT * FROM `cmf_user` WHERE  `id` = 1 LIMIT 1 [ RunTime:0.000632s ]
[2026-04-21T23:10:01+08:00][sql] SHOW FULL COLUMNS FROM `cmf_product` [ RunTime:0.001742s ]
[2026-04-21T23:10:01+08:00][sql] SELECT * FROM `cmf_product` WHERE  `id` = 62 LIMIT 1 [ RunTime:0.001053s ]
[2026-04-21T23:10:01+08:00][sql] SHOW FULL COLUMNS FROM `cmf_product_category` [ RunTime:0.001787s ]
[2026-04-21T23:10:01+08:00][sql] SELECT * FROM `cmf_product_category` ORDER BY `list_order` ASC [ RunTime:0.000628s ]
[2026-04-21T23:10:01+08:00][sql] SELECT `option_value` FROM `cmf_option` WHERE  `option_name` = 'storage' LIMIT 1 [ RunTime:0.000461s ]
[2026-04-21T23:10:01+08:00][sql] CONNECT:[ UseTime:0.000815s ] mysql:host=127.0.0.1;port=3306;dbname=weihua;charset=utf8mb4
[2026-04-21T23:10:01+08:00][sql] SHOW FULL COLUMNS FROM `cmf_option` [ RunTime:0.001960s ]
[2026-04-21T23:10:01+08:00][sql] SELECT `option_value` FROM `cmf_option` WHERE  `option_name` = 'cdn_settings' LIMIT 1 [ RunTime:0.000322s ]
[2026-04-21T23:10:01+08:00][sql] SELECT `option_value` FROM `cmf_option` WHERE  `option_name` = 'cdn_settings' LIMIT 1 [ RunTime:0.000311s ]
[2026-04-21T23:10:01+08:00][sql] CONNECT:[ UseTime:0.000943s ] mysql:host=127.0.0.1;port=3306;dbname=weihua;charset=utf8mb4
[2026-04-21T23:10:01+08:00][sql] SHOW FULL COLUMNS FROM `cmf_option` [ RunTime:0.003253s ]
[2026-04-21T23:10:01+08:00][sql] SELECT `option_value` FROM `cmf_option` WHERE  `option_name` = 'cdn_settings' LIMIT 1 [ RunTime:0.000281s ]
[2026-04-21T23:10:01+08:00][sql] SELECT `option_value` FROM `cmf_option` WHERE  `option_name` = 'cdn_settings' LIMIT 1 [ RunTime:0.000294s ]
[2026-04-21T23:10:01+08:00][sql] CONNECT:[ UseTime:0.000842s ] mysql:host=127.0.0.1;port=3306;dbname=weihua;charset=utf8mb4
[2026-04-21T23:10:01+08:00][sql] SHOW FULL COLUMNS FROM `cmf_option` [ RunTime:0.001956s ]
[2026-04-21T23:10:01+08:00][sql] SELECT `option_value` FROM `cmf_option` WHERE  `option_name` = 'cdn_settings' LIMIT 1 [ RunTime:0.000327s ]
[2026-04-21T23:10:01+08:00][sql] SELECT `option_value` FROM `cmf_option` WHERE  `option_name` = 'cdn_settings' LIMIT 1 [ RunTime:0.000237s ]
[2026-04-21T23:10:01+08:00][sql] CONNECT:[ UseTime:0.001275s ] mysql:host=127.0.0.1;port=3306;dbname=weihua;charset=utf8mb4
[2026-04-21T23:10:01+08:00][sql] SHOW FULL COLUMNS FROM `cmf_option` [ RunTime:0.001767s ]
[2026-04-21T23:10:01+08:00][sql] SELECT `option_value` FROM `cmf_option` WHERE  `option_name` = 'cdn_settings' LIMIT 1 [ RunTime:0.000674s ]
[2026-04-21T23:10:01+08:00][sql] SELECT `option_value` FROM `cmf_option` WHERE  `option_name` = 'cdn_settings' LIMIT 1 [ RunTime:0.000201s ]
[2026-04-21T23:10:10+08:00][sql] CONNECT:[ UseTime:0.000950s ] mysql:host=127.0.0.1;port=3306;dbname=weihua;charset=utf8mb4
[2026-04-21T23:10:10+08:00][sql] SHOW FULL COLUMNS FROM `cmf_option` [ RunTime:0.001847s ]
[2026-04-21T23:10:10+08:00][sql] SELECT `option_value` FROM `cmf_option` WHERE  `option_name` = 'cdn_settings' LIMIT 1 [ RunTime:0.000302s ]
[2026-04-21T23:10:10+08:00][sql] SELECT `option_value` FROM `cmf_option` WHERE  `option_name` = 'cdn_settings' LIMIT 1 [ RunTime:0.000265s ]
[2026-04-21T23:10:10+08:00][sql] SHOW FULL COLUMNS FROM `cmf_product_category` [ RunTime:0.001499s ]
[2026-04-21T23:10:10+08:00][sql] SELECT * FROM `cmf_product_category` WHERE  `parent_id` = 0 ORDER BY `list_order` ASC,`create_time` DESC [ RunTime:0.000693s ]
[2026-04-21T23:10:10+08:00][sql] SELECT * FROM `cmf_product_category` WHERE  `parent_id` IN (18,19,20,21,22,23,24,25,26,27) [ RunTime:0.000388s ]
[2026-04-21T23:10:10+08:00][sql] SHOW FULL COLUMNS FROM `cmf_portal_category` [ RunTime:0.001593s ]
[2026-04-21T23:10:10+08:00][sql] SELECT * FROM `cmf_portal_category` WHERE (  `type` = 8 ) AND `cmf_portal_category`.`delete_time` = '0' ORDER BY `list_order` ASC [ RunTime:0.000569s ]
[2026-04-21T23:10:10+08:00][sql] SHOW FULL COLUMNS FROM `cmf_product` [ RunTime:0.002644s ]
[2026-04-21T23:10:10+08:00][sql] SELECT * FROM `cmf_product` WHERE  `id` = 62 LIMIT 1 [ RunTime:0.000834s ]
[2026-04-21T23:10:10+08:00][sql] SELECT * FROM `cmf_product_category` WHERE  `id` = 18 LIMIT 1 [ RunTime:0.000479s ]
[2026-04-21T23:10:10+08:00][sql] SELECT `id`,`title`,`industry`,`thumbnail` FROM `cmf_product` WHERE  `id` <> 62  AND `is_recommended` = 1  AND `category_id` = 18 ORDER BY RAND() LIMIT 4 [ RunTime:0.001439s ]
[2026-04-21T23:10:10+08:00][sql] SHOW FULL COLUMNS FROM `cmf_slide_item` [ RunTime:0.001177s ]
[2026-04-21T23:10:10+08:00][sql] SELECT `title`,`description`,`image` FROM `cmf_slide_item` WHERE  `slide_id` = 2 ORDER BY `list_order` ASC LIMIT 1 [ RunTime:0.000512s ]
[2026-04-21T23:10:10+08:00][sql] SHOW FULL COLUMNS FROM `cmf_theme_file` [ RunTime:0.001771s ]
[2026-04-21T23:10:10+08:00][sql] SELECT `more`,`file`,`id` FROM `cmf_theme_file` WHERE  `theme` = 'simpleboot3'  AND (  `is_public` = 1 OR `file` = 'portal/product-info' ) ORDER BY `is_public` DESC [ RunTime:0.000690s ]
[2026-04-21T23:10:10+08:00][sql] SELECT `option_value` FROM `cmf_option` WHERE  `option_name` = 'storage' LIMIT 1 [ RunTime:0.000206s ]
[2026-04-21T23:15:04+08:00][sql] CONNECT:[ UseTime:0.002830s ] mysql:host=127.0.0.1;port=3306;dbname=weihua;charset=utf8mb4
[2026-04-21T23:15:04+08:00][sql] SHOW FULL COLUMNS FROM `cmf_option` [ RunTime:0.004669s ]
[2026-04-21T23:15:04+08:00][sql] SELECT `option_value` FROM `cmf_option` WHERE  `option_name` = 'cdn_settings' LIMIT 1 [ RunTime:0.000674s ]
[2026-04-21T23:15:04+08:00][sql] SELECT `option_value` FROM `cmf_option` WHERE  `option_name` = 'cdn_settings' LIMIT 1 [ RunTime:0.000589s ]
[2026-04-21T23:15:04+08:00][sql] SHOW FULL COLUMNS FROM `cmf_product_category` [ RunTime:0.002333s ]
[2026-04-21T23:15:04+08:00][sql] SELECT * FROM `cmf_product_category` WHERE  `parent_id` = 0 ORDER BY `list_order` ASC,`create_time` DESC [ RunTime:0.000890s ]
[2026-04-21T23:15:04+08:00][sql] SELECT * FROM `cmf_product_category` WHERE  `parent_id` IN (18,19,20,21,22,23,24,25,26,27) [ RunTime:0.000591s ]
[2026-04-21T23:15:04+08:00][sql] SHOW FULL COLUMNS FROM `cmf_portal_category` [ RunTime:0.002028s ]
[2026-04-21T23:15:04+08:00][sql] SELECT * FROM `cmf_portal_category` WHERE (  `type` = 8 ) AND `cmf_portal_category`.`delete_time` = '0' ORDER BY `list_order` ASC [ RunTime:0.000776s ]
[2026-04-21T23:15:04+08:00][sql] SHOW FULL COLUMNS FROM `cmf_product` [ RunTime:0.002863s ]
[2026-04-21T23:15:04+08:00][sql] SELECT * FROM `cmf_product` WHERE  `id` = 62 LIMIT 1 [ RunTime:0.001176s ]
[2026-04-21T23:15:04+08:00][sql] SELECT * FROM `cmf_product_category` WHERE  `id` = 18 LIMIT 1 [ RunTime:0.000545s ]
[2026-04-21T23:15:04+08:00][sql] SELECT `id`,`title`,`industry`,`thumbnail` FROM `cmf_product` WHERE  `id` <> 62  AND `is_recommended` = 1  AND `category_id` = 18 ORDER BY RAND() LIMIT 4 [ RunTime:0.000500s ]
[2026-04-21T23:15:04+08:00][sql] SHOW FULL COLUMNS FROM `cmf_slide_item` [ RunTime:0.001094s ]
[2026-04-21T23:15:04+08:00][sql] SELECT `title`,`description`,`image` FROM `cmf_slide_item` WHERE  `slide_id` = 2 ORDER BY `list_order` ASC LIMIT 1 [ RunTime:0.000340s ]
[2026-04-21T23:15:04+08:00][sql] SHOW FULL COLUMNS FROM `cmf_theme_file` [ RunTime:0.001027s ]
[2026-04-21T23:15:04+08:00][sql] SELECT `more`,`file`,`id` FROM `cmf_theme_file` WHERE  `theme` = 'simpleboot3'  AND (  `is_public` = 1 OR `file` = 'portal/product-info' ) ORDER BY `is_public` DESC [ RunTime:0.000615s ]
[2026-04-21T23:15:04+08:00][sql] SELECT `option_value` FROM `cmf_option` WHERE  `option_name` = 'storage' LIMIT 1 [ RunTime:0.000413s ]
[2026-04-21T23:16:57+08:00][sql] CONNECT:[ UseTime:0.002645s ] mysql:host=127.0.0.1;port=3306;dbname=weihua;charset=utf8mb4
[2026-04-21T23:16:57+08:00][sql] SHOW FULL COLUMNS FROM `cmf_option` [ RunTime:0.005310s ]
[2026-04-21T23:16:57+08:00][sql] SELECT `option_value` FROM `cmf_option` WHERE  `option_name` = 'cdn_settings' LIMIT 1 [ RunTime:0.000633s ]
[2026-04-21T23:16:57+08:00][sql] SELECT `option_value` FROM `cmf_option` WHERE  `option_name` = 'cdn_settings' LIMIT 1 [ RunTime:0.000359s ]
[2026-04-21T23:16:57+08:00][sql] SHOW FULL COLUMNS FROM `cmf_product_category` [ RunTime:0.001767s ]
[2026-04-21T23:16:57+08:00][sql] SELECT * FROM `cmf_product_category` WHERE  `parent_id` = 0 ORDER BY `list_order` ASC,`create_time` DESC [ RunTime:0.000656s ]
[2026-04-21T23:16:57+08:00][sql] SELECT * FROM `cmf_product_category` WHERE  `parent_id` IN (18,19,20,21,22,23,24,25,26,27) [ RunTime:0.000264s ]
[2026-04-21T23:16:57+08:00][sql] SHOW FULL COLUMNS FROM `cmf_portal_category` [ RunTime:0.001190s ]
[2026-04-21T23:16:57+08:00][sql] SELECT * FROM `cmf_portal_category` WHERE (  `type` = 8 ) AND `cmf_portal_category`.`delete_time` = '0' ORDER BY `list_order` ASC [ RunTime:0.000994s ]
[2026-04-21T23:16:57+08:00][sql] SHOW FULL COLUMNS FROM `cmf_product` [ RunTime:0.002191s ]
[2026-04-21T23:16:57+08:00][sql] SELECT * FROM `cmf_product` WHERE  `id` = 62 LIMIT 1 [ RunTime:0.000893s ]
[2026-04-21T23:16:57+08:00][sql] SELECT * FROM `cmf_product_category` WHERE  `id` = 18 LIMIT 1 [ RunTime:0.000207s ]
[2026-04-21T23:16:57+08:00][sql] SELECT `id`,`title`,`industry`,`thumbnail` FROM `cmf_product` WHERE  `id` <> 62  AND `is_recommended` = 1  AND `category_id` = 18 ORDER BY RAND() LIMIT 4 [ RunTime:0.000446s ]
[2026-04-21T23:16:57+08:00][sql] SHOW FULL COLUMNS FROM `cmf_slide_item` [ RunTime:0.001621s ]
[2026-04-21T23:16:57+08:00][sql] SELECT `title`,`description`,`image` FROM `cmf_slide_item` WHERE  `slide_id` = 2 ORDER BY `list_order` ASC LIMIT 1 [ RunTime:0.000493s ]
[2026-04-21T23:16:57+08:00][sql] SHOW FULL COLUMNS FROM `cmf_theme_file` [ RunTime:0.001144s ]
[2026-04-21T23:16:57+08:00][sql] SELECT `more`,`file`,`id` FROM `cmf_theme_file` WHERE  `theme` = 'simpleboot3'  AND (  `is_public` = 1 OR `file` = 'portal/product-info' ) ORDER BY `is_public` DESC [ RunTime:0.000459s ]
[2026-04-21T23:16:57+08:00][sql] SELECT `option_value` FROM `cmf_option` WHERE  `option_name` = 'storage' LIMIT 1 [ RunTime:0.000526s ]
[2026-04-21T23:20:31+08:00][sql] CONNECT:[ UseTime:0.002303s ] mysql:host=127.0.0.1;port=3306;dbname=weihua;charset=utf8mb4
[2026-04-21T23:20:31+08:00][sql] SHOW FULL COLUMNS FROM `cmf_option` [ RunTime:0.004160s ]
[2026-04-21T23:20:31+08:00][sql] SELECT `option_value` FROM `cmf_option` WHERE  `option_name` = 'cdn_settings' LIMIT 1 [ RunTime:0.000688s ]
[2026-04-21T23:20:31+08:00][sql] SELECT `option_value` FROM `cmf_option` WHERE  `option_name` = 'cdn_settings' LIMIT 1 [ RunTime:0.000484s ]
[2026-04-21T23:20:31+08:00][sql] SHOW FULL COLUMNS FROM `cmf_product_category` [ RunTime:0.001950s ]
[2026-04-21T23:20:31+08:00][sql] SELECT * FROM `cmf_product_category` WHERE  `parent_id` = 0 ORDER BY `list_order` ASC,`create_time` DESC [ RunTime:0.000718s ]
[2026-04-21T23:20:31+08:00][sql] SELECT * FROM `cmf_product_category` WHERE  `parent_id` IN (18,19,20,21,22,23,24,25,26,27) [ RunTime:0.000282s ]
[2026-04-21T23:20:31+08:00][sql] SHOW FULL COLUMNS FROM `cmf_portal_category` [ RunTime:0.001216s ]
[2026-04-21T23:20:31+08:00][sql] SELECT * FROM `cmf_portal_category` WHERE (  `type` = 8 ) AND `cmf_portal_category`.`delete_time` = '0' ORDER BY `list_order` ASC [ RunTime:0.000433s ]
[2026-04-21T23:20:31+08:00][sql] SHOW FULL COLUMNS FROM `cmf_product` [ RunTime:0.002233s ]
[2026-04-21T23:20:31+08:00][sql] SELECT * FROM `cmf_product` WHERE  `id` = 62 LIMIT 1 [ RunTime:0.000745s ]
[2026-04-21T23:20:31+08:00][sql] SELECT * FROM `cmf_product_category` WHERE  `id` = 18 LIMIT 1 [ RunTime:0.000245s ]
[2026-04-21T23:20:31+08:00][sql] SELECT `id`,`title`,`industry`,`thumbnail` FROM `cmf_product` WHERE  `id` <> 62  AND `is_recommended` = 1  AND `category_id` = 18 ORDER BY RAND() LIMIT 4 [ RunTime:0.000468s ]
[2026-04-21T23:20:31+08:00][sql] SHOW FULL COLUMNS FROM `cmf_slide_item` [ RunTime:0.001271s ]
[2026-04-21T23:20:31+08:00][sql] SELECT `title`,`description`,`image` FROM `cmf_slide_item` WHERE  `slide_id` = 2 ORDER BY `list_order` ASC LIMIT 1 [ RunTime:0.000475s ]
[2026-04-21T23:20:31+08:00][sql] SHOW FULL COLUMNS FROM `cmf_theme_file` [ RunTime:0.001682s ]
[2026-04-21T23:20:31+08:00][sql] SELECT `more`,`file`,`id` FROM `cmf_theme_file` WHERE  `theme` = 'simpleboot3'  AND (  `is_public` = 1 OR `file` = 'portal/product-info' ) ORDER BY `is_public` DESC [ RunTime:0.000554s ]
[2026-04-21T23:20:31+08:00][sql] SELECT `option_value` FROM `cmf_option` WHERE  `option_name` = 'storage' LIMIT 1 [ RunTime:0.000419s ]
[2026-04-21T23:21:04+08:00][sql] CONNECT:[ UseTime:0.012557s ] mysql:host=127.0.0.1;port=3306;dbname=weihua;charset=utf8mb4
[2026-04-21T23:21:04+08:00][sql] SHOW FULL COLUMNS FROM `cmf_option` [ RunTime:0.002768s ]
[2026-04-21T23:21:04+08:00][sql] SELECT `option_value` FROM `cmf_option` WHERE  `option_name` = 'cdn_settings' LIMIT 1 [ RunTime:0.000376s ]
[2026-04-21T23:21:04+08:00][sql] SHOW FULL COLUMNS FROM `cmf_user` [ RunTime:0.001715s ]
[2026-04-21T23:21:04+08:00][sql] SELECT * FROM `cmf_user` WHERE  `id` = 1 LIMIT 1 [ RunTime:0.000540s ]
[2026-04-21T23:21:04+08:00][sql] SHOW FULL COLUMNS FROM `cmf_product_category` [ RunTime:0.001224s ]
[2026-04-21T23:21:04+08:00][sql] SELECT * FROM `cmf_product_category` WHERE  `id` = 18 LIMIT 1 [ RunTime:0.000702s ]
[2026-04-21T23:21:04+08:00][sql] SHOW FULL COLUMNS FROM `cmf_product` [ RunTime:0.003317s ]
[2026-04-21T23:21:04+08:00][sql] SELECT * FROM `cmf_product` WHERE  `id` = 62 LIMIT 1 [ RunTime:0.000527s ]
[2026-04-21T23:21:04+08:00][sql] SELECT `option_value` FROM `cmf_option` WHERE  `option_name` = 'storage' LIMIT 1 [ RunTime:0.000389s ]
[2026-04-21T23:21:04+08:00][sql] UPDATE `cmf_product`  SET `custom_field` = '{\"input\":{\"lifting_height\":\"lifting_height\",\"span\":\"span\",\"lifting_capacity\":\"lifting_capacity11\",\"operating_voltage\":\"operating_voltage\",\"job_level\":\"job_level\"},\"content\":{\"overview\":\"Product Overview\",\"scenario\":\"scenario\",\"certificate\":\"certificate\",\"features\":\"features\",\"customized\":\"customized\"}}' , `update_time` = 1776784863  WHERE  `id` = 62 [ RunTime:0.001558s ]
[2026-04-21T23:21:04+08:00][sql] SHOW FULL COLUMNS FROM `cmf_route` [ RunTime:0.002775s ]
[2026-04-21T23:21:04+08:00][sql] SELECT * FROM `cmf_route` WHERE  `full_url` = 'portal/index/product_info?id=62' LIMIT 1 [ RunTime:0.000920s ]
[2026-04-21T23:21:04+08:00][sql] UPDATE `cmf_route`  SET `url` = 'BeamSpreaderBridgeCraneQC' , `list_order` = '2' , `type` = 2  WHERE  `id` = 88 [ RunTime:0.000694s ]
[2026-04-21T23:21:04+08:00][sql] SELECT * FROM `cmf_route` WHERE  `status` = 1 ORDER BY `list_order` ASC [ RunTime:0.001046s ]
[2026-04-21T23:21:06+08:00][sql] CONNECT:[ UseTime:0.000893s ] mysql:host=127.0.0.1;port=3306;dbname=weihua;charset=utf8mb4
[2026-04-21T23:21:06+08:00][sql] SHOW FULL COLUMNS FROM `cmf_option` [ RunTime:0.002729s ]
[2026-04-21T23:21:06+08:00][sql] SELECT `option_value` FROM `cmf_option` WHERE  `option_name` = 'cdn_settings' LIMIT 1 [ RunTime:0.000800s ]
[2026-04-21T23:21:06+08:00][sql] SELECT `option_value` FROM `cmf_option` WHERE  `option_name` = 'cdn_settings' LIMIT 1 [ RunTime:0.000468s ]
[2026-04-21T23:21:06+08:00][sql] SHOW FULL COLUMNS FROM `cmf_product_category` [ RunTime:0.002671s ]
[2026-04-21T23:21:06+08:00][sql] SELECT * FROM `cmf_product_category` WHERE  `parent_id` = 0 ORDER BY `list_order` ASC,`create_time` DESC [ RunTime:0.000826s ]
[2026-04-21T23:21:06+08:00][sql] SELECT * FROM `cmf_product_category` WHERE  `parent_id` IN (18,19,20,21,22,23,24,25,26,27) [ RunTime:0.000627s ]
[2026-04-21T23:21:06+08:00][sql] SHOW FULL COLUMNS FROM `cmf_portal_category` [ RunTime:0.002806s ]
[2026-04-21T23:21:06+08:00][sql] SELECT * FROM `cmf_portal_category` WHERE (  `type` = 8 ) AND `cmf_portal_category`.`delete_time` = '0' ORDER BY `list_order` ASC [ RunTime:0.000766s ]
[2026-04-21T23:21:06+08:00][sql] SHOW FULL COLUMNS FROM `cmf_product` [ RunTime:0.002552s ]
[2026-04-21T23:21:06+08:00][sql] SELECT * FROM `cmf_product` WHERE  `id` = 62 LIMIT 1 [ RunTime:0.000499s ]
[2026-04-21T23:21:06+08:00][sql] SELECT * FROM `cmf_product_category` WHERE  `id` = 18 LIMIT 1 [ RunTime:0.000226s ]
[2026-04-21T23:21:06+08:00][sql] SELECT `id`,`title`,`industry`,`thumbnail` FROM `cmf_product` WHERE  `id` <> 62  AND `is_recommended` = 1  AND `category_id` = 18 ORDER BY RAND() LIMIT 4 [ RunTime:0.000554s ]
[2026-04-21T23:21:06+08:00][sql] SHOW FULL COLUMNS FROM `cmf_slide_item` [ RunTime:0.002427s ]
[2026-04-21T23:21:06+08:00][sql] SELECT `title`,`description`,`image` FROM `cmf_slide_item` WHERE  `slide_id` = 2 ORDER BY `list_order` ASC LIMIT 1 [ RunTime:0.000783s ]
[2026-04-21T23:21:06+08:00][sql] SHOW FULL COLUMNS FROM `cmf_theme_file` [ RunTime:0.002370s ]
[2026-04-21T23:21:06+08:00][sql] SELECT `more`,`file`,`id` FROM `cmf_theme_file` WHERE  `theme` = 'simpleboot3'  AND (  `is_public` = 1 OR `file` = 'portal/product-info' ) ORDER BY `is_public` DESC [ RunTime:0.000778s ]
[2026-04-21T23:21:06+08:00][sql] SELECT `option_value` FROM `cmf_option` WHERE  `option_name` = 'storage' LIMIT 1 [ RunTime:0.000503s ]
[2026-04-21T23:21:06+08:00][sql] CONNECT:[ UseTime:0.001310s ] mysql:host=127.0.0.1;port=3306;dbname=weihua;charset=utf8mb4
[2026-04-21T23:21:06+08:00][sql] SHOW FULL COLUMNS FROM `cmf_option` [ RunTime:0.002432s ]
[2026-04-21T23:21:06+08:00][sql] SELECT `option_value` FROM `cmf_option` WHERE  `option_name` = 'cdn_settings' LIMIT 1 [ RunTime:0.000438s ]
[2026-04-21T23:21:06+08:00][sql] SHOW FULL COLUMNS FROM `cmf_user` [ RunTime:0.001838s ]
[2026-04-21T23:21:06+08:00][sql] SELECT * FROM `cmf_user` WHERE  `id` = 1 LIMIT 1 [ RunTime:0.000496s ]
[2026-04-21T23:21:06+08:00][sql] SHOW FULL COLUMNS FROM `cmf_product` [ RunTime:0.001454s ]
[2026-04-21T23:21:06+08:00][sql] SELECT * FROM `cmf_product` WHERE  `id` = 62 LIMIT 1 [ RunTime:0.000463s ]
[2026-04-21T23:21:06+08:00][sql] SHOW FULL COLUMNS FROM `cmf_product_category` [ RunTime:0.001234s ]
[2026-04-21T23:21:06+08:00][sql] SELECT * FROM `cmf_product_category` ORDER BY `list_order` ASC [ RunTime:0.000404s ]
[2026-04-21T23:21:06+08:00][sql] SELECT `option_value` FROM `cmf_option` WHERE  `option_name` = 'storage' LIMIT 1 [ RunTime:0.000515s ]
[2026-04-21T23:21:06+08:00][sql] CONNECT:[ UseTime:0.000790s ] mysql:host=127.0.0.1;port=3306;dbname=weihua;charset=utf8mb4
[2026-04-21T23:21:06+08:00][sql] SHOW FULL COLUMNS FROM `cmf_option` [ RunTime:0.001668s ]
[2026-04-21T23:21:06+08:00][sql] SELECT `option_value` FROM `cmf_option` WHERE  `option_name` = 'cdn_settings' LIMIT 1 [ RunTime:0.000440s ]
[2026-04-21T23:21:06+08:00][sql] SELECT `option_value` FROM `cmf_option` WHERE  `option_name` = 'cdn_settings' LIMIT 1 [ RunTime:0.000195s ]
[2026-04-21T23:21:06+08:00][sql] CONNECT:[ UseTime:0.000788s ] mysql:host=127.0.0.1;port=3306;dbname=weihua;charset=utf8mb4
[2026-04-21T23:21:06+08:00][sql] SHOW FULL COLUMNS FROM `cmf_option` [ RunTime:0.002389s ]
[2026-04-21T23:21:06+08:00][sql] SELECT `option_value` FROM `cmf_option` WHERE  `option_name` = 'cdn_settings' LIMIT 1 [ RunTime:0.000361s ]
[2026-04-21T23:21:06+08:00][sql] SELECT `option_value` FROM `cmf_option` WHERE  `option_name` = 'cdn_settings' LIMIT 1 [ RunTime:0.000192s ]
[2026-04-21T23:21:06+08:00][sql] CONNECT:[ UseTime:0.000696s ] mysql:host=127.0.0.1;port=3306;dbname=weihua;charset=utf8mb4
[2026-04-21T23:21:06+08:00][sql] SHOW FULL COLUMNS FROM `cmf_option` [ RunTime:0.001157s ]
[2026-04-21T23:21:06+08:00][sql] SELECT `option_value` FROM `cmf_option` WHERE  `option_name` = 'cdn_settings' LIMIT 1 [ RunTime:0.000261s ]
[2026-04-21T23:21:06+08:00][sql] SELECT `option_value` FROM `cmf_option` WHERE  `option_name` = 'cdn_settings' LIMIT 1 [ RunTime:0.000239s ]
[2026-04-21T23:21:06+08:00][sql] CONNECT:[ UseTime:0.000491s ] mysql:host=127.0.0.1;port=3306;dbname=weihua;charset=utf8mb4
[2026-04-21T23:21:06+08:00][sql] SHOW FULL COLUMNS FROM `cmf_option` [ RunTime:0.001305s ]
[2026-04-21T23:21:06+08:00][sql] SELECT `option_value` FROM `cmf_option` WHERE  `option_name` = 'cdn_settings' LIMIT 1 [ RunTime:0.000274s ]
[2026-04-21T23:21:06+08:00][sql] SELECT `option_value` FROM `cmf_option` WHERE  `option_name` = 'cdn_settings' LIMIT 1 [ RunTime:0.000235s ]
[2026-04-21T23:21:30+08:00][sql] CONNECT:[ UseTime:0.002144s ] mysql:host=127.0.0.1;port=3306;dbname=weihua;charset=utf8mb4
[2026-04-21T23:21:30+08:00][sql] SHOW FULL COLUMNS FROM `cmf_option` [ RunTime:0.003316s ]
[2026-04-21T23:21:30+08:00][sql] SELECT `option_value` FROM `cmf_option` WHERE  `option_name` = 'cdn_settings' LIMIT 1 [ RunTime:0.000386s ]
[2026-04-21T23:21:30+08:00][sql] SELECT `option_value` FROM `cmf_option` WHERE  `option_name` = 'cdn_settings' LIMIT 1 [ RunTime:0.000301s ]
[2026-04-21T23:21:30+08:00][sql] SHOW FULL COLUMNS FROM `cmf_product_category` [ RunTime:0.001772s ]
[2026-04-21T23:21:30+08:00][sql] SELECT * FROM `cmf_product_category` WHERE  `parent_id` = 0 ORDER BY `list_order` ASC,`create_time` DESC [ RunTime:0.000667s ]
[2026-04-21T23:21:30+08:00][sql] SELECT * FROM `cmf_product_category` WHERE  `parent_id` IN (18,19,20,21,22,23,24,25,26,27) [ RunTime:0.000343s ]
[2026-04-21T23:21:30+08:00][sql] SHOW FULL COLUMNS FROM `cmf_portal_category` [ RunTime:0.001656s ]
[2026-04-21T23:21:30+08:00][sql] SELECT * FROM `cmf_portal_category` WHERE (  `type` = 8 ) AND `cmf_portal_category`.`delete_time` = '0' ORDER BY `list_order` ASC [ RunTime:0.000439s ]
[2026-04-21T23:21:30+08:00][sql] SHOW FULL COLUMNS FROM `cmf_product` [ RunTime:0.001612s ]
[2026-04-21T23:21:30+08:00][sql] SELECT * FROM `cmf_product` WHERE  `id` = 62 LIMIT 1 [ RunTime:0.000550s ]
[2026-04-21T23:21:30+08:00][sql] SELECT * FROM `cmf_product_category` WHERE  `id` = 18 LIMIT 1 [ RunTime:0.000235s ]
[2026-04-21T23:21:30+08:00][sql] SELECT `id`,`title`,`industry`,`thumbnail` FROM `cmf_product` WHERE  `id` <> 62  AND `is_recommended` = 1  AND `category_id` = 18 ORDER BY RAND() LIMIT 4 [ RunTime:0.000435s ]
[2026-04-21T23:21:30+08:00][sql] SHOW FULL COLUMNS FROM `cmf_slide_item` [ RunTime:0.001186s ]
[2026-04-21T23:21:30+08:00][sql] SELECT `title`,`description`,`image` FROM `cmf_slide_item` WHERE  `slide_id` = 2 ORDER BY `list_order` ASC LIMIT 1 [ RunTime:0.000436s ]
[2026-04-21T23:21:30+08:00][sql] SHOW FULL COLUMNS FROM `cmf_theme_file` [ RunTime:0.001325s ]
[2026-04-21T23:21:30+08:00][sql] SELECT `more`,`file`,`id` FROM `cmf_theme_file` WHERE  `theme` = 'simpleboot3'  AND (  `is_public` = 1 OR `file` = 'portal/product-info' ) ORDER BY `is_public` DESC [ RunTime:0.000418s ]
[2026-04-21T23:21:30+08:00][sql] SELECT `option_value` FROM `cmf_option` WHERE  `option_name` = 'storage' LIMIT 1 [ RunTime:0.020682s ]
[2026-04-21T23:22:29+08:00][sql] CONNECT:[ UseTime:0.001665s ] mysql:host=127.0.0.1;port=3306;dbname=weihua;charset=utf8mb4
[2026-04-21T23:22:29+08:00][sql] SHOW FULL COLUMNS FROM `cmf_option` [ RunTime:0.002479s ]
[2026-04-21T23:22:29+08:00][sql] SELECT `option_value` FROM `cmf_option` WHERE  `option_name` = 'cdn_settings' LIMIT 1 [ RunTime:0.000477s ]
[2026-04-21T23:22:29+08:00][sql] SELECT `option_value` FROM `cmf_option` WHERE  `option_name` = 'cdn_settings' LIMIT 1 [ RunTime:0.000330s ]
[2026-04-21T23:22:29+08:00][sql] SHOW FULL COLUMNS FROM `cmf_product_category` [ RunTime:0.001198s ]
[2026-04-21T23:22:29+08:00][sql] SELECT * FROM `cmf_product_category` WHERE  `parent_id` = 0 ORDER BY `list_order` ASC,`create_time` DESC [ RunTime:0.000614s ]
[2026-04-21T23:22:29+08:00][sql] SELECT * FROM `cmf_product_category` WHERE  `parent_id` IN (18,19,20,21,22,23,24,25,26,27) [ RunTime:0.000308s ]
[2026-04-21T23:22:29+08:00][sql] SHOW FULL COLUMNS FROM `cmf_portal_category` [ RunTime:0.001191s ]
[2026-04-21T23:22:29+08:00][sql] SELECT * FROM `cmf_portal_category` WHERE (  `type` = 8 ) AND `cmf_portal_category`.`delete_time` = '0' ORDER BY `list_order` ASC [ RunTime:0.000653s ]
[2026-04-21T23:22:29+08:00][sql] SHOW FULL COLUMNS FROM `cmf_product` [ RunTime:0.001226s ]
[2026-04-21T23:22:29+08:00][sql] SELECT * FROM `cmf_product` WHERE  `id` = 62 LIMIT 1 [ RunTime:0.000554s ]
[2026-04-21T23:22:29+08:00][sql] SELECT * FROM `cmf_product_category` WHERE  `id` = 18 LIMIT 1 [ RunTime:0.000272s ]
[2026-04-21T23:22:29+08:00][sql] SELECT `id`,`title`,`industry`,`thumbnail` FROM `cmf_product` WHERE  `id` <> 62  AND `is_recommended` = 1  AND `category_id` = 18 ORDER BY RAND() LIMIT 4 [ RunTime:0.000451s ]
[2026-04-21T23:22:29+08:00][sql] SHOW FULL COLUMNS FROM `cmf_slide_item` [ RunTime:0.003911s ]
[2026-04-21T23:22:29+08:00][sql] SELECT `title`,`description`,`image` FROM `cmf_slide_item` WHERE  `slide_id` = 2 ORDER BY `list_order` ASC LIMIT 1 [ RunTime:0.000413s ]
[2026-04-21T23:22:29+08:00][sql] SHOW FULL COLUMNS FROM `cmf_theme_file` [ RunTime:0.001062s ]
[2026-04-21T23:22:29+08:00][sql] SELECT `more`,`file`,`id` FROM `cmf_theme_file` WHERE  `theme` = 'simpleboot3'  AND (  `is_public` = 1 OR `file` = 'portal/product-info' ) ORDER BY `is_public` DESC [ RunTime:0.000394s ]
[2026-04-21T23:22:29+08:00][sql] SELECT `option_value` FROM `cmf_option` WHERE  `option_name` = 'storage' LIMIT 1 [ RunTime:0.000368s ]
[2026-04-21T23:22:31+08:00][sql] CONNECT:[ UseTime:0.012424s ] mysql:host=127.0.0.1;port=3306;dbname=weihua;charset=utf8mb4
[2026-04-21T23:22:31+08:00][sql] SHOW FULL COLUMNS FROM `cmf_option` [ RunTime:0.002587s ]
[2026-04-21T23:22:31+08:00][sql] SELECT `option_value` FROM `cmf_option` WHERE  `option_name` = 'cdn_settings' LIMIT 1 [ RunTime:0.000813s ]
[2026-04-21T23:22:31+08:00][sql] SHOW FULL COLUMNS FROM `cmf_user` [ RunTime:0.001397s ]
[2026-04-21T23:22:31+08:00][sql] SELECT * FROM `cmf_user` WHERE  `id` = 1 LIMIT 1 [ RunTime:0.000468s ]
[2026-04-21T23:22:31+08:00][sql] SHOW FULL COLUMNS FROM `cmf_product` [ RunTime:0.001399s ]
[2026-04-21T23:22:31+08:00][sql] SELECT * FROM `cmf_product` WHERE  `id` = 62 LIMIT 1 [ RunTime:0.000470s ]
[2026-04-21T23:22:31+08:00][sql] SHOW FULL COLUMNS FROM `cmf_product_category` [ RunTime:0.001194s ]
[2026-04-21T23:22:31+08:00][sql] SELECT * FROM `cmf_product_category` ORDER BY `list_order` ASC [ RunTime:0.000326s ]
[2026-04-21T23:22:31+08:00][sql] SELECT `option_value` FROM `cmf_option` WHERE  `option_name` = 'storage' LIMIT 1 [ RunTime:0.000450s ]
[2026-04-21T23:22:31+08:00][sql] CONNECT:[ UseTime:0.003300s ] mysql:host=127.0.0.1;port=3306;dbname=weihua;charset=utf8mb4
[2026-04-21T23:22:31+08:00][sql] SHOW FULL COLUMNS FROM `cmf_option` [ RunTime:0.002695s ]
[2026-04-21T23:22:31+08:00][sql] SELECT `option_value` FROM `cmf_option` WHERE  `option_name` = 'cdn_settings' LIMIT 1 [ RunTime:0.000271s ]
[2026-04-21T23:22:31+08:00][sql] SELECT `option_value` FROM `cmf_option` WHERE  `option_name` = 'cdn_settings' LIMIT 1 [ RunTime:0.000150s ]
[2026-04-21T23:22:31+08:00][sql] CONNECT:[ UseTime:0.002691s ] mysql:host=127.0.0.1;port=3306;dbname=weihua;charset=utf8mb4
[2026-04-21T23:22:31+08:00][sql] SHOW FULL COLUMNS FROM `cmf_option` [ RunTime:0.002549s ]
[2026-04-21T23:22:31+08:00][sql] SELECT `option_value` FROM `cmf_option` WHERE  `option_name` = 'cdn_settings' LIMIT 1 [ RunTime:0.000376s ]
[2026-04-21T23:22:31+08:00][sql] SELECT `option_value` FROM `cmf_option` WHERE  `option_name` = 'cdn_settings' LIMIT 1 [ RunTime:0.000178s ]
[2026-04-21T23:22:31+08:00][sql] CONNECT:[ UseTime:0.001724s ] mysql:host=127.0.0.1;port=3306;dbname=weihua;charset=utf8mb4
[2026-04-21T23:22:31+08:00][sql] SHOW FULL COLUMNS FROM `cmf_option` [ RunTime:0.002614s ]
[2026-04-21T23:22:31+08:00][sql] SELECT `option_value` FROM `cmf_option` WHERE  `option_name` = 'cdn_settings' LIMIT 1 [ RunTime:0.000364s ]
[2026-04-21T23:22:31+08:00][sql] SELECT `option_value` FROM `cmf_option` WHERE  `option_name` = 'cdn_settings' LIMIT 1 [ RunTime:0.000174s ]
[2026-04-21T23:22:31+08:00][sql] CONNECT:[ UseTime:0.000937s ] mysql:host=127.0.0.1;port=3306;dbname=weihua;charset=utf8mb4
[2026-04-21T23:22:31+08:00][sql] SHOW FULL COLUMNS FROM `cmf_option` [ RunTime:0.003075s ]
[2026-04-21T23:22:31+08:00][sql] SELECT `option_value` FROM `cmf_option` WHERE  `option_name` = 'cdn_settings' LIMIT 1 [ RunTime:0.000474s ]
[2026-04-21T23:22:31+08:00][sql] SELECT `option_value` FROM `cmf_option` WHERE  `option_name` = 'cdn_settings' LIMIT 1 [ RunTime:0.001094s ]
[2026-04-21T23:22:37+08:00][sql] CONNECT:[ UseTime:0.000621s ] mysql:host=127.0.0.1;port=3306;dbname=weihua;charset=utf8mb4
[2026-04-21T23:22:37+08:00][sql] SHOW FULL COLUMNS FROM `cmf_option` [ RunTime:0.001819s ]
[2026-04-21T23:22:37+08:00][sql] SELECT `option_value` FROM `cmf_option` WHERE  `option_name` = 'cdn_settings' LIMIT 1 [ RunTime:0.000329s ]
[2026-04-21T23:22:37+08:00][sql] SHOW FULL COLUMNS FROM `cmf_user` [ RunTime:0.001232s ]
[2026-04-21T23:22:37+08:00][sql] SELECT * FROM `cmf_user` WHERE  `id` = 1 LIMIT 1 [ RunTime:0.000397s ]
[2026-04-21T23:22:37+08:00][sql] SHOW FULL COLUMNS FROM `cmf_product_category` [ RunTime:0.001720s ]
[2026-04-21T23:22:37+08:00][sql] SELECT * FROM `cmf_product_category` WHERE  `id` = 18 LIMIT 1 [ RunTime:0.000697s ]
[2026-04-21T23:22:37+08:00][sql] SHOW FULL COLUMNS FROM `cmf_product` [ RunTime:0.001279s ]
[2026-04-21T23:22:37+08:00][sql] SELECT * FROM `cmf_product` WHERE  `id` = 62 LIMIT 1 [ RunTime:0.000458s ]
[2026-04-21T23:22:37+08:00][sql] SELECT `option_value` FROM `cmf_option` WHERE  `option_name` = 'storage' LIMIT 1 [ RunTime:0.000244s ]
[2026-04-21T23:22:37+08:00][sql] UPDATE `cmf_product`  SET `custom_field` = '{\"input\":{\"lifting_height\":\"lifting_height\",\"span\":\"span\",\"lifting_capacity\":\"lifting_capacity11\",\"operating_voltage\":\"operating_voltage\",\"job_level\":\"job_level\"},\"content\":{\"scenario\":\"scenario\",\"certificate\":\"certificate\",\"overview\":\"Product Overview\",\"features\":\"features\",\"customized\":\"customized\"}}' , `update_time` = 1776784957  WHERE  `id` = 62 [ RunTime:0.001381s ]
[2026-04-21T23:22:37+08:00][sql] SHOW FULL COLUMNS FROM `cmf_route` [ RunTime:0.001515s ]
[2026-04-21T23:22:37+08:00][sql] SELECT * FROM `cmf_route` WHERE  `full_url` = 'portal/index/product_info?id=62' LIMIT 1 [ RunTime:0.000333s ]
[2026-04-21T23:22:37+08:00][sql] UPDATE `cmf_route`  SET `url` = 'BeamSpreaderBridgeCraneQC' , `list_order` = '2' , `type` = 2  WHERE  `id` = 88 [ RunTime:0.000281s ]
[2026-04-21T23:22:37+08:00][sql] SELECT * FROM `cmf_route` WHERE  `status` = 1 ORDER BY `list_order` ASC [ RunTime:0.000380s ]
[2026-04-21T23:22:40+08:00][sql] CONNECT:[ UseTime:0.000668s ] mysql:host=127.0.0.1;port=3306;dbname=weihua;charset=utf8mb4
[2026-04-21T23:22:40+08:00][sql] SHOW FULL COLUMNS FROM `cmf_option` [ RunTime:0.001577s ]
[2026-04-21T23:22:40+08:00][sql] SELECT `option_value` FROM `cmf_option` WHERE  `option_name` = 'cdn_settings' LIMIT 1 [ RunTime:0.000309s ]
[2026-04-21T23:22:40+08:00][sql] SELECT `option_value` FROM `cmf_option` WHERE  `option_name` = 'cdn_settings' LIMIT 1 [ RunTime:0.000215s ]
[2026-04-21T23:22:40+08:00][sql] SHOW FULL COLUMNS FROM `cmf_product_category` [ RunTime:0.001208s ]
[2026-04-21T23:22:40+08:00][sql] SELECT * FROM `cmf_product_category` WHERE  `parent_id` = 0 ORDER BY `list_order` ASC,`create_time` DESC [ RunTime:0.000487s ]
[2026-04-21T23:22:40+08:00][sql] SELECT * FROM `cmf_product_category` WHERE  `parent_id` IN (18,19,20,21,22,23,24,25,26,27) [ RunTime:0.000278s ]
[2026-04-21T23:22:40+08:00][sql] SHOW FULL COLUMNS FROM `cmf_portal_category` [ RunTime:0.001348s ]
[2026-04-21T23:22:40+08:00][sql] SELECT * FROM `cmf_portal_category` WHERE (  `type` = 8 ) AND `cmf_portal_category`.`delete_time` = '0' ORDER BY `list_order` ASC [ RunTime:0.000477s ]
[2026-04-21T23:22:40+08:00][sql] SHOW FULL COLUMNS FROM `cmf_product` [ RunTime:0.001283s ]
[2026-04-21T23:22:40+08:00][sql] SELECT * FROM `cmf_product` WHERE  `id` = 62 LIMIT 1 [ RunTime:0.000462s ]
[2026-04-21T23:22:40+08:00][sql] SELECT * FROM `cmf_product_category` WHERE  `id` = 18 LIMIT 1 [ RunTime:0.000193s ]
[2026-04-21T23:22:40+08:00][sql] SELECT `id`,`title`,`industry`,`thumbnail` FROM `cmf_product` WHERE  `id` <> 62  AND `is_recommended` = 1  AND `category_id` = 18 ORDER BY RAND() LIMIT 4 [ RunTime:0.000296s ]
[2026-04-21T23:22:40+08:00][sql] SHOW FULL COLUMNS FROM `cmf_slide_item` [ RunTime:0.001008s ]
[2026-04-21T23:22:40+08:00][sql] SELECT `title`,`description`,`image` FROM `cmf_slide_item` WHERE  `slide_id` = 2 ORDER BY `list_order` ASC LIMIT 1 [ RunTime:0.000350s ]
[2026-04-21T23:22:40+08:00][sql] SHOW FULL COLUMNS FROM `cmf_theme_file` [ RunTime:0.000981s ]
[2026-04-21T23:22:40+08:00][sql] SELECT `more`,`file`,`id` FROM `cmf_theme_file` WHERE  `theme` = 'simpleboot3'  AND (  `is_public` = 1 OR `file` = 'portal/product-info' ) ORDER BY `is_public` DESC [ RunTime:0.000413s ]
[2026-04-21T23:22:40+08:00][sql] SELECT `option_value` FROM `cmf_option` WHERE  `option_name` = 'storage' LIMIT 1 [ RunTime:0.000693s ]
[2026-04-21T23:22:40+08:00][sql] CONNECT:[ UseTime:0.001732s ] mysql:host=127.0.0.1;port=3306;dbname=weihua;charset=utf8mb4
[2026-04-21T23:22:40+08:00][sql] SHOW FULL COLUMNS FROM `cmf_option` [ RunTime:0.002212s ]
[2026-04-21T23:22:40+08:00][sql] SELECT `option_value` FROM `cmf_option` WHERE  `option_name` = 'cdn_settings' LIMIT 1 [ RunTime:0.002768s ]
[2026-04-21T23:22:40+08:00][sql] SHOW FULL COLUMNS FROM `cmf_user` [ RunTime:0.003629s ]
[2026-04-21T23:22:40+08:00][sql] SELECT * FROM `cmf_user` WHERE  `id` = 1 LIMIT 1 [ RunTime:0.013637s ]
[2026-04-21T23:22:40+08:00][sql] SHOW FULL COLUMNS FROM `cmf_product` [ RunTime:0.002681s ]
[2026-04-21T23:22:40+08:00][sql] SELECT * FROM `cmf_product` WHERE  `id` = 62 LIMIT 1 [ RunTime:0.000949s ]
[2026-04-21T23:22:40+08:00][sql] SHOW FULL COLUMNS FROM `cmf_product_category` [ RunTime:0.002855s ]
[2026-04-21T23:22:40+08:00][sql] SELECT * FROM `cmf_product_category` ORDER BY `list_order` ASC [ RunTime:0.001056s ]
[2026-04-21T23:22:40+08:00][sql] SELECT `option_value` FROM `cmf_option` WHERE  `option_name` = 'storage' LIMIT 1 [ RunTime:0.000618s ]
[2026-04-21T23:22:40+08:00][sql] CONNECT:[ UseTime:0.000651s ] mysql:host=127.0.0.1;port=3306;dbname=weihua;charset=utf8mb4
[2026-04-21T23:22:40+08:00][sql] SHOW FULL COLUMNS FROM `cmf_option` [ RunTime:0.001391s ]
[2026-04-21T23:22:40+08:00][sql] SELECT `option_value` FROM `cmf_option` WHERE  `option_name` = 'cdn_settings' LIMIT 1 [ RunTime:0.000277s ]
[2026-04-21T23:22:40+08:00][sql] SELECT `option_value` FROM `cmf_option` WHERE  `option_name` = 'cdn_settings' LIMIT 1 [ RunTime:0.000207s ]
[2026-04-21T23:22:40+08:00][sql] CONNECT:[ UseTime:0.000650s ] mysql:host=127.0.0.1;port=3306;dbname=weihua;charset=utf8mb4
[2026-04-21T23:22:40+08:00][sql] SHOW FULL COLUMNS FROM `cmf_option` [ RunTime:0.001390s ]
[2026-04-21T23:22:40+08:00][sql] SELECT `option_value` FROM `cmf_option` WHERE  `option_name` = 'cdn_settings' LIMIT 1 [ RunTime:0.000282s ]
[2026-04-21T23:22:40+08:00][sql] SELECT `option_value` FROM `cmf_option` WHERE  `option_name` = 'cdn_settings' LIMIT 1 [ RunTime:0.000209s ]
[2026-04-21T23:22:40+08:00][sql] CONNECT:[ UseTime:0.000645s ] mysql:host=127.0.0.1;port=3306;dbname=weihua;charset=utf8mb4
[2026-04-21T23:22:40+08:00][sql] SHOW FULL COLUMNS FROM `cmf_option` [ RunTime:0.001395s ]
[2026-04-21T23:22:40+08:00][sql] SELECT `option_value` FROM `cmf_option` WHERE  `option_name` = 'cdn_settings' LIMIT 1 [ RunTime:0.000279s ]
[2026-04-21T23:22:40+08:00][sql] SELECT `option_value` FROM `cmf_option` WHERE  `option_name` = 'cdn_settings' LIMIT 1 [ RunTime:0.000182s ]
[2026-04-21T23:22:40+08:00][sql] CONNECT:[ UseTime:0.000545s ] mysql:host=127.0.0.1;port=3306;dbname=weihua;charset=utf8mb4
[2026-04-21T23:22:40+08:00][sql] SHOW FULL COLUMNS FROM `cmf_option` [ RunTime:0.001191s ]
[2026-04-21T23:22:40+08:00][sql] SELECT `option_value` FROM `cmf_option` WHERE  `option_name` = 'cdn_settings' LIMIT 1 [ RunTime:0.000220s ]
[2026-04-21T23:22:40+08:00][sql] SELECT `option_value` FROM `cmf_option` WHERE  `option_name` = 'cdn_settings' LIMIT 1 [ RunTime:0.000155s ]
[2026-04-21T23:22:50+08:00][sql] CONNECT:[ UseTime:0.001512s ] mysql:host=127.0.0.1;port=3306;dbname=weihua;charset=utf8mb4
[2026-04-21T23:22:50+08:00][sql] SHOW FULL COLUMNS FROM `cmf_option` [ RunTime:0.002478s ]
[2026-04-21T23:22:50+08:00][sql] SELECT `option_value` FROM `cmf_option` WHERE  `option_name` = 'cdn_settings' LIMIT 1 [ RunTime:0.000458s ]
[2026-04-21T23:22:50+08:00][sql] SHOW FULL COLUMNS FROM `cmf_user` [ RunTime:0.001400s ]
[2026-04-21T23:22:50+08:00][sql] SELECT * FROM `cmf_user` WHERE  `id` = 1 LIMIT 1 [ RunTime:0.000796s ]
[2026-04-21T23:22:50+08:00][sql] SHOW FULL COLUMNS FROM `cmf_product_category` [ RunTime:0.001749s ]
[2026-04-21T23:22:50+08:00][sql] SELECT * FROM `cmf_product_category` ORDER BY `list_order` ASC [ RunTime:0.011623s ]
[2026-04-21T23:22:50+08:00][sql] SELECT `option_value` FROM `cmf_option` WHERE  `option_name` = 'storage' LIMIT 1 [ RunTime:0.000601s ]
[2026-04-21T23:22:50+08:00][sql] CONNECT:[ UseTime:0.001423s ] mysql:host=127.0.0.1;port=3306;dbname=weihua;charset=utf8mb4
[2026-04-21T23:22:50+08:00][sql] SHOW FULL COLUMNS FROM `cmf_option` [ RunTime:0.001903s ]
[2026-04-21T23:22:50+08:00][sql] SELECT `option_value` FROM `cmf_option` WHERE  `option_name` = 'cdn_settings' LIMIT 1 [ RunTime:0.000282s ]
[2026-04-21T23:22:50+08:00][sql] SELECT `option_value` FROM `cmf_option` WHERE  `option_name` = 'cdn_settings' LIMIT 1 [ RunTime:0.000178s ]
[2026-04-21T23:22:50+08:00][sql] CONNECT:[ UseTime:0.001737s ] mysql:host=127.0.0.1;port=3306;dbname=weihua;charset=utf8mb4
[2026-04-21T23:22:50+08:00][sql] SHOW FULL COLUMNS FROM `cmf_option` [ RunTime:0.002041s ]
[2026-04-21T23:22:50+08:00][sql] SELECT `option_value` FROM `cmf_option` WHERE  `option_name` = 'cdn_settings' LIMIT 1 [ RunTime:0.000268s ]
[2026-04-21T23:22:50+08:00][sql] SELECT `option_value` FROM `cmf_option` WHERE  `option_name` = 'cdn_settings' LIMIT 1 [ RunTime:0.000166s ]
[2026-04-21T23:22:50+08:00][sql] CONNECT:[ UseTime:0.000561s ] mysql:host=127.0.0.1;port=3306;dbname=weihua;charset=utf8mb4
[2026-04-21T23:22:50+08:00][sql] SHOW FULL COLUMNS FROM `cmf_option` [ RunTime:0.002181s ]
[2026-04-21T23:22:50+08:00][sql] SELECT `option_value` FROM `cmf_option` WHERE  `option_name` = 'cdn_settings' LIMIT 1 [ RunTime:0.000197s ]
[2026-04-21T23:22:50+08:00][sql] SELECT `option_value` FROM `cmf_option` WHERE  `option_name` = 'cdn_settings' LIMIT 1 [ RunTime:0.000160s ]
[2026-04-21T23:22:50+08:00][sql] CONNECT:[ UseTime:0.000482s ] mysql:host=127.0.0.1;port=3306;dbname=weihua;charset=utf8mb4
[2026-04-21T23:22:50+08:00][sql] SHOW FULL COLUMNS FROM `cmf_option` [ RunTime:0.001274s ]
[2026-04-21T23:22:50+08:00][sql] SELECT `option_value` FROM `cmf_option` WHERE  `option_name` = 'cdn_settings' LIMIT 1 [ RunTime:0.000212s ]
[2026-04-21T23:22:50+08:00][sql] SELECT `option_value` FROM `cmf_option` WHERE  `option_name` = 'cdn_settings' LIMIT 1 [ RunTime:0.000207s ]
[2026-04-21T23:25:16+08:00][sql] CONNECT:[ UseTime:0.001688s ] mysql:host=127.0.0.1;port=3306;dbname=weihua;charset=utf8mb4
[2026-04-21T23:25:16+08:00][sql] SHOW FULL COLUMNS FROM `cmf_option` [ RunTime:0.003084s ]
[2026-04-21T23:25:16+08:00][sql] SELECT `option_value` FROM `cmf_option` WHERE  `option_name` = 'cdn_settings' LIMIT 1 [ RunTime:0.000571s ]
[2026-04-21T23:25:16+08:00][sql] SELECT `option_value` FROM `cmf_option` WHERE  `option_name` = 'cdn_settings' LIMIT 1 [ RunTime:0.000290s ]
[2026-04-21T23:25:16+08:00][sql] SHOW FULL COLUMNS FROM `cmf_product_category` [ RunTime:0.001306s ]
[2026-04-21T23:25:16+08:00][sql] SELECT * FROM `cmf_product_category` WHERE  `parent_id` = 0 ORDER BY `list_order` ASC,`create_time` DESC [ RunTime:0.000651s ]
[2026-04-21T23:25:16+08:00][sql] SELECT * FROM `cmf_product_category` WHERE  `parent_id` IN (18,19,20,21,22,23,24,25,26,27) [ RunTime:0.000275s ]
[2026-04-21T23:25:16+08:00][sql] SHOW FULL COLUMNS FROM `cmf_portal_category` [ RunTime:0.001236s ]
[2026-04-21T23:25:16+08:00][sql] SELECT * FROM `cmf_portal_category` WHERE (  `type` = 8 ) AND `cmf_portal_category`.`delete_time` = '0' ORDER BY `list_order` ASC [ RunTime:0.000611s ]
[2026-04-21T23:25:16+08:00][sql] SHOW FULL COLUMNS FROM `cmf_product` [ RunTime:0.001556s ]
[2026-04-21T23:25:16+08:00][sql] SELECT * FROM `cmf_product` WHERE  `id` = 62 LIMIT 1 [ RunTime:0.000477s ]
[2026-04-21T23:25:16+08:00][sql] SELECT * FROM `cmf_product_category` WHERE  `id` = 18 LIMIT 1 [ RunTime:0.000222s ]
[2026-04-21T23:25:16+08:00][sql] SELECT `id`,`title`,`industry`,`thumbnail` FROM `cmf_product` WHERE  `id` <> 62  AND `is_recommended` = 1  AND `category_id` = 18 ORDER BY RAND() LIMIT 4 [ RunTime:0.000345s ]
[2026-04-21T23:25:16+08:00][sql] SHOW FULL COLUMNS FROM `cmf_slide_item` [ RunTime:0.000932s ]
[2026-04-21T23:25:16+08:00][sql] SELECT `title`,`description`,`image` FROM `cmf_slide_item` WHERE  `slide_id` = 2 ORDER BY `list_order` ASC LIMIT 1 [ RunTime:0.000282s ]
[2026-04-21T23:25:16+08:00][sql] SHOW FULL COLUMNS FROM `cmf_theme_file` [ RunTime:0.001022s ]
[2026-04-21T23:25:16+08:00][sql] SELECT `more`,`file`,`id` FROM `cmf_theme_file` WHERE  `theme` = 'simpleboot3'  AND (  `is_public` = 1 OR `file` = 'portal/product-info' ) ORDER BY `is_public` DESC [ RunTime:0.000370s ]
[2026-04-21T23:25:16+08:00][sql] SELECT `option_value` FROM `cmf_option` WHERE  `option_name` = 'storage' LIMIT 1 [ RunTime:0.000273s ]
[2026-04-21T23:28:23+08:00][sql] CONNECT:[ UseTime:0.001335s ] mysql:host=127.0.0.1;port=3306;dbname=weihua;charset=utf8mb4
[2026-04-21T23:28:23+08:00][sql] SHOW FULL COLUMNS FROM `cmf_option` [ RunTime:0.002433s ]
[2026-04-21T23:28:23+08:00][sql] SELECT `option_value` FROM `cmf_option` WHERE  `option_name` = 'cdn_settings' LIMIT 1 [ RunTime:0.000390s ]
[2026-04-21T23:28:23+08:00][sql] SELECT `option_value` FROM `cmf_option` WHERE  `option_name` = 'cdn_settings' LIMIT 1 [ RunTime:0.000695s ]
[2026-04-21T23:28:23+08:00][sql] SHOW FULL COLUMNS FROM `cmf_product_category` [ RunTime:0.002937s ]
[2026-04-21T23:28:23+08:00][sql] SELECT * FROM `cmf_product_category` WHERE  `parent_id` = 0 ORDER BY `list_order` ASC,`create_time` DESC [ RunTime:0.000459s ]
[2026-04-21T23:28:23+08:00][sql] SELECT * FROM `cmf_product_category` WHERE  `parent_id` IN (18,19,20,21,22,23,24,25,26,27) [ RunTime:0.000229s ]
[2026-04-21T23:28:23+08:00][sql] SHOW FULL COLUMNS FROM `cmf_portal_category` [ RunTime:0.001211s ]
[2026-04-21T23:28:23+08:00][sql] SELECT * FROM `cmf_portal_category` WHERE (  `type` = 8 ) AND `cmf_portal_category`.`delete_time` = '0' ORDER BY `list_order` ASC [ RunTime:0.000790s ]
[2026-04-21T23:28:23+08:00][sql] SHOW FULL COLUMNS FROM `cmf_product` [ RunTime:0.001972s ]
[2026-04-21T23:28:23+08:00][sql] SELECT * FROM `cmf_product` WHERE  `id` = 62 LIMIT 1 [ RunTime:0.000654s ]
[2026-04-21T23:28:23+08:00][sql] SELECT * FROM `cmf_product_category` WHERE  `id` = 18 LIMIT 1 [ RunTime:0.000234s ]
[2026-04-21T23:28:23+08:00][sql] SELECT `id`,`title`,`industry`,`thumbnail` FROM `cmf_product` WHERE  `id` <> 62  AND `is_recommended` = 1  AND `category_id` = 18 ORDER BY RAND() LIMIT 4 [ RunTime:0.000384s ]
[2026-04-21T23:28:23+08:00][sql] SHOW FULL COLUMNS FROM `cmf_slide_item` [ RunTime:0.012353s ]
[2026-04-21T23:28:23+08:00][sql] SELECT `title`,`description`,`image` FROM `cmf_slide_item` WHERE  `slide_id` = 2 ORDER BY `list_order` ASC LIMIT 1 [ RunTime:0.000504s ]
[2026-04-21T23:28:23+08:00][sql] SHOW FULL COLUMNS FROM `cmf_theme_file` [ RunTime:0.001113s ]
[2026-04-21T23:28:23+08:00][sql] SELECT `more`,`file`,`id` FROM `cmf_theme_file` WHERE  `theme` = 'simpleboot3'  AND (  `is_public` = 1 OR `file` = 'portal/product-info' ) ORDER BY `is_public` DESC [ RunTime:0.000429s ]
[2026-04-21T23:28:23+08:00][sql] SELECT `option_value` FROM `cmf_option` WHERE  `option_name` = 'storage' LIMIT 1 [ RunTime:0.000370s ]
[2026-04-21T23:35:15+08:00][sql] CONNECT:[ UseTime:0.001643s ] mysql:host=127.0.0.1;port=3306;dbname=weihua;charset=utf8mb4
[2026-04-21T23:35:15+08:00][sql] SHOW FULL COLUMNS FROM `cmf_option` [ RunTime:0.002547s ]
[2026-04-21T23:35:15+08:00][sql] SELECT `option_value` FROM `cmf_option` WHERE  `option_name` = 'cdn_settings' LIMIT 1 [ RunTime:0.000416s ]
[2026-04-21T23:35:15+08:00][sql] SELECT `option_value` FROM `cmf_option` WHERE  `option_name` = 'cdn_settings' LIMIT 1 [ RunTime:0.000344s ]
[2026-04-21T23:35:15+08:00][sql] SHOW FULL COLUMNS FROM `cmf_product_category` [ RunTime:0.012530s ]
[2026-04-21T23:35:15+08:00][sql] SELECT * FROM `cmf_product_category` WHERE  `parent_id` = 0 ORDER BY `list_order` ASC,`create_time` DESC [ RunTime:0.000574s ]
[2026-04-21T23:35:15+08:00][sql] SELECT * FROM `cmf_product_category` WHERE  `parent_id` IN (18,19,20,21,22,23,24,25,26,27) [ RunTime:0.000286s ]
[2026-04-21T23:35:15+08:00][sql] SHOW FULL COLUMNS FROM `cmf_portal_category` [ RunTime:0.001082s ]
[2026-04-21T23:35:15+08:00][sql] SELECT * FROM `cmf_portal_category` WHERE (  `type` = 8 ) AND `cmf_portal_category`.`delete_time` = '0' ORDER BY `list_order` ASC [ RunTime:0.000377s ]
[2026-04-21T23:35:15+08:00][sql] SHOW FULL COLUMNS FROM `cmf_product` [ RunTime:0.001272s ]
[2026-04-21T23:35:15+08:00][sql] SELECT * FROM `cmf_product` WHERE  `id` = 62 LIMIT 1 [ RunTime:0.000458s ]
[2026-04-21T23:35:15+08:00][sql] SELECT * FROM `cmf_product_category` WHERE  `id` = 18 LIMIT 1 [ RunTime:0.000226s ]
[2026-04-21T23:35:15+08:00][sql] SELECT `id`,`title`,`industry`,`thumbnail` FROM `cmf_product` WHERE  `id` <> 62  AND `is_recommended` = 1  AND `category_id` = 18 ORDER BY RAND() LIMIT 4 [ RunTime:0.000574s ]
[2026-04-21T23:35:15+08:00][sql] SHOW FULL COLUMNS FROM `cmf_slide_item` [ RunTime:0.001409s ]
[2026-04-21T23:35:15+08:00][sql] SELECT `title`,`description`,`image` FROM `cmf_slide_item` WHERE  `slide_id` = 2 ORDER BY `list_order` ASC LIMIT 1 [ RunTime:0.000368s ]
[2026-04-21T23:35:15+08:00][sql] SHOW FULL COLUMNS FROM `cmf_theme_file` [ RunTime:0.001158s ]
[2026-04-21T23:35:15+08:00][sql] SELECT `more`,`file`,`id` FROM `cmf_theme_file` WHERE  `theme` = 'simpleboot3'  AND (  `is_public` = 1 OR `file` = 'portal/product-info' ) ORDER BY `is_public` DESC [ RunTime:0.000408s ]
[2026-04-21T23:35:15+08:00][sql] SELECT `option_value` FROM `cmf_option` WHERE  `option_name` = 'storage' LIMIT 1 [ RunTime:0.000240s ]
[2026-04-21T23:35:21+08:00][sql] CONNECT:[ UseTime:0.000955s ] mysql:host=127.0.0.1;port=3306;dbname=weihua;charset=utf8mb4
[2026-04-21T23:35:21+08:00][sql] SHOW FULL COLUMNS FROM `cmf_option` [ RunTime:0.002229s ]
[2026-04-21T23:35:21+08:00][sql] SELECT `option_value` FROM `cmf_option` WHERE  `option_name` = 'cdn_settings' LIMIT 1 [ RunTime:0.000499s ]
[2026-04-21T23:35:21+08:00][sql] SHOW FULL COLUMNS FROM `cmf_user` [ RunTime:0.002158s ]
[2026-04-21T23:35:21+08:00][sql] SELECT * FROM `cmf_user` WHERE  `id` = 1 LIMIT 1 [ RunTime:0.000783s ]
[2026-04-21T23:35:21+08:00][sql] SHOW FULL COLUMNS FROM `cmf_product` [ RunTime:0.002270s ]
[2026-04-21T23:35:21+08:00][sql] SELECT * FROM `cmf_product` WHERE  `id` = 62 LIMIT 1 [ RunTime:0.000729s ]
[2026-04-21T23:35:21+08:00][sql] SHOW FULL COLUMNS FROM `cmf_product_category` [ RunTime:0.001724s ]
[2026-04-21T23:35:21+08:00][sql] SELECT * FROM `cmf_product_category` ORDER BY `list_order` ASC [ RunTime:0.000503s ]
[2026-04-21T23:35:21+08:00][sql] SELECT `option_value` FROM `cmf_option` WHERE  `option_name` = 'storage' LIMIT 1 [ RunTime:0.000417s ]
[2026-04-21T23:35:21+08:00][sql] CONNECT:[ UseTime:0.000547s ] mysql:host=127.0.0.1;port=3306;dbname=weihua;charset=utf8mb4
[2026-04-21T23:35:21+08:00][sql] SHOW FULL COLUMNS FROM `cmf_option` [ RunTime:0.001647s ]
[2026-04-21T23:35:21+08:00][sql] SELECT `option_value` FROM `cmf_option` WHERE  `option_name` = 'cdn_settings' LIMIT 1 [ RunTime:0.000231s ]
[2026-04-21T23:35:21+08:00][sql] SELECT `option_value` FROM `cmf_option` WHERE  `option_name` = 'cdn_settings' LIMIT 1 [ RunTime:0.000148s ]
[2026-04-21T23:35:21+08:00][sql] CONNECT:[ UseTime:0.000547s ] mysql:host=127.0.0.1;port=3306;dbname=weihua;charset=utf8mb4
[2026-04-21T23:35:21+08:00][sql] SHOW FULL COLUMNS FROM `cmf_option` [ RunTime:0.001399s ]
[2026-04-21T23:35:21+08:00][sql] SELECT `option_value` FROM `cmf_option` WHERE  `option_name` = 'cdn_settings' LIMIT 1 [ RunTime:0.000333s ]
[2026-04-21T23:35:21+08:00][sql] SELECT `option_value` FROM `cmf_option` WHERE  `option_name` = 'cdn_settings' LIMIT 1 [ RunTime:0.000163s ]
[2026-04-21T23:35:21+08:00][sql] CONNECT:[ UseTime:0.000552s ] mysql:host=127.0.0.1;port=3306;dbname=weihua;charset=utf8mb4
[2026-04-21T23:35:21+08:00][sql] SHOW FULL COLUMNS FROM `cmf_option` [ RunTime:0.001631s ]
[2026-04-21T23:35:21+08:00][sql] SELECT `option_value` FROM `cmf_option` WHERE  `option_name` = 'cdn_settings' LIMIT 1 [ RunTime:0.000196s ]
[2026-04-21T23:35:21+08:00][sql] SELECT `option_value` FROM `cmf_option` WHERE  `option_name` = 'cdn_settings' LIMIT 1 [ RunTime:0.000149s ]
[2026-04-21T23:35:21+08:00][sql] CONNECT:[ UseTime:0.000423s ] mysql:host=127.0.0.1;port=3306;dbname=weihua;charset=utf8mb4
[2026-04-21T23:35:21+08:00][sql] SHOW FULL COLUMNS FROM `cmf_option` [ RunTime:0.001116s ]
[2026-04-21T23:35:21+08:00][sql] SELECT `option_value` FROM `cmf_option` WHERE  `option_name` = 'cdn_settings' LIMIT 1 [ RunTime:0.000198s ]
[2026-04-21T23:35:21+08:00][sql] SELECT `option_value` FROM `cmf_option` WHERE  `option_name` = 'cdn_settings' LIMIT 1 [ RunTime:0.000151s ]
[2026-04-21T23:35:27+08:00][sql] CONNECT:[ UseTime:0.000542s ] mysql:host=127.0.0.1;port=3306;dbname=weihua;charset=utf8mb4
[2026-04-21T23:35:27+08:00][sql] SHOW FULL COLUMNS FROM `cmf_option` [ RunTime:0.001909s ]
[2026-04-21T23:35:27+08:00][sql] SELECT `option_value` FROM `cmf_option` WHERE  `option_name` = 'cdn_settings' LIMIT 1 [ RunTime:0.000663s ]
[2026-04-21T23:35:27+08:00][sql] SHOW FULL COLUMNS FROM `cmf_user` [ RunTime:0.003085s ]
[2026-04-21T23:35:27+08:00][sql] SELECT * FROM `cmf_user` WHERE  `id` = 1 LIMIT 1 [ RunTime:0.000561s ]
[2026-04-21T23:35:27+08:00][sql] SHOW FULL COLUMNS FROM `cmf_admin_menu` [ RunTime:0.001731s ]
[2026-04-21T23:35:27+08:00][sql] SELECT * FROM `cmf_admin_menu` ORDER BY `app` ASC,`controller` ASC,`action` ASC [ RunTime:0.001973s ]
[2026-04-21T23:35:27+08:00][sql] CONNECT:[ UseTime:0.000616s ] mysql:host=127.0.0.1;port=3306;dbname=weihua;charset=utf8mb4
[2026-04-21T23:35:27+08:00][sql] SHOW FULL COLUMNS FROM `cmf_option` [ RunTime:0.001613s ]
[2026-04-21T23:35:27+08:00][sql] SELECT `option_value` FROM `cmf_option` WHERE  `option_name` = 'cdn_settings' LIMIT 1 [ RunTime:0.000262s ]
[2026-04-21T23:35:27+08:00][sql] SHOW FULL COLUMNS FROM `cmf_user` [ RunTime:0.001150s ]
[2026-04-21T23:35:27+08:00][sql] SELECT * FROM `cmf_user` WHERE  `id` = 1 LIMIT 1 [ RunTime:0.000386s ]
[2026-04-21T23:35:27+08:00][sql] SELECT `option_value` FROM `cmf_option` WHERE  `option_name` = 'cdn_settings' LIMIT 1 [ RunTime:0.000250s ]
[2026-04-21T23:35:27+08:00][sql] SELECT `option_value` FROM `cmf_option` WHERE  `option_name` = 'cmf_settings' LIMIT 1 [ RunTime:0.000164s ]
[2026-04-21T23:35:27+08:00][sql] SELECT `option_value` FROM `cmf_option` WHERE  `option_name` = 'storage' LIMIT 1 [ RunTime:0.000246s ]
[2026-04-21T23:35:27+08:00][sql] CONNECT:[ UseTime:0.000503s ] mysql:host=127.0.0.1;port=3306;dbname=weihua;charset=utf8mb4
[2026-04-21T23:35:27+08:00][sql] SHOW FULL COLUMNS FROM `cmf_option` [ RunTime:0.001292s ]
[2026-04-21T23:35:27+08:00][sql] SELECT `option_value` FROM `cmf_option` WHERE  `option_name` = 'cdn_settings' LIMIT 1 [ RunTime:0.000254s ]
[2026-04-21T23:35:27+08:00][sql] SHOW FULL COLUMNS FROM `cmf_user` [ RunTime:0.001000s ]
[2026-04-21T23:35:27+08:00][sql] SELECT * FROM `cmf_user` WHERE  `id` = 1 LIMIT 1 [ RunTime:0.000271s ]
[2026-04-21T23:35:27+08:00][sql] SHOW FULL COLUMNS FROM `cmf_product` [ RunTime:0.001327s ]
[2026-04-21T23:35:27+08:00][sql] SELECT COUNT(*) AS think_count FROM `cmf_product` LIMIT 1 [ RunTime:0.000371s ]
[2026-04-21T23:35:27+08:00][sql] SELECT * FROM `cmf_product` ORDER BY `list_order` ASC,`id` DESC LIMIT 0,10 [ RunTime:0.000315s ]
[2026-04-21T23:35:27+08:00][sql] SHOW FULL COLUMNS FROM `cmf_product_category` [ RunTime:0.000963s ]
[2026-04-21T23:35:27+08:00][sql] SELECT `id`,`name` FROM `cmf_product_category` WHERE  `id` = 18 [ RunTime:0.000219s ]
[2026-04-21T23:35:27+08:00][sql] SELECT * FROM `cmf_product_category` [ RunTime:0.000244s ]
[2026-04-21T23:35:27+08:00][sql] SELECT `option_value` FROM `cmf_option` WHERE  `option_name` = 'storage' LIMIT 1 [ RunTime:0.000503s ]
[2026-04-21T23:35:28+08:00][sql] CONNECT:[ UseTime:0.000891s ] mysql:host=127.0.0.1;port=3306;dbname=weihua;charset=utf8mb4
[2026-04-21T23:35:28+08:00][sql] SHOW FULL COLUMNS FROM `cmf_option` [ RunTime:0.002309s ]
[2026-04-21T23:35:28+08:00][sql] SELECT `option_value` FROM `cmf_option` WHERE  `option_name` = 'cdn_settings' LIMIT 1 [ RunTime:0.000392s ]
[2026-04-21T23:35:28+08:00][sql] SHOW FULL COLUMNS FROM `cmf_user` [ RunTime:0.001692s ]
[2026-04-21T23:35:28+08:00][sql] SELECT * FROM `cmf_user` WHERE  `id` = 1 LIMIT 1 [ RunTime:0.000453s ]
[2026-04-21T23:35:28+08:00][sql] SHOW FULL COLUMNS FROM `cmf_product_category` [ RunTime:0.001021s ]
[2026-04-21T23:35:28+08:00][sql] SELECT * FROM `cmf_product_category` ORDER BY `list_order` ASC [ RunTime:0.000352s ]
[2026-04-21T23:35:28+08:00][sql] SELECT `option_value` FROM `cmf_option` WHERE  `option_name` = 'storage' LIMIT 1 [ RunTime:0.000560s ]
[2026-04-21T23:35:28+08:00][sql] CONNECT:[ UseTime:0.000633s ] mysql:host=127.0.0.1;port=3306;dbname=weihua;charset=utf8mb4
[2026-04-21T23:35:28+08:00][sql] SHOW FULL COLUMNS FROM `cmf_option` [ RunTime:0.001405s ]
[2026-04-21T23:35:28+08:00][sql] SELECT `option_value` FROM `cmf_option` WHERE  `option_name` = 'cdn_settings' LIMIT 1 [ RunTime:0.000257s ]
[2026-04-21T23:35:28+08:00][sql] SELECT `option_value` FROM `cmf_option` WHERE  `option_name` = 'cdn_settings' LIMIT 1 [ RunTime:0.000188s ]
[2026-04-21T23:35:28+08:00][sql] CONNECT:[ UseTime:0.000623s ] mysql:host=127.0.0.1;port=3306;dbname=weihua;charset=utf8mb4
[2026-04-21T23:35:28+08:00][sql] SHOW FULL COLUMNS FROM `cmf_option` [ RunTime:0.001411s ]
[2026-04-21T23:35:28+08:00][sql] SELECT `option_value` FROM `cmf_option` WHERE  `option_name` = 'cdn_settings' LIMIT 1 [ RunTime:0.000261s ]
[2026-04-21T23:35:28+08:00][sql] SELECT `option_value` FROM `cmf_option` WHERE  `option_name` = 'cdn_settings' LIMIT 1 [ RunTime:0.000154s ]
[2026-04-21T23:35:28+08:00][sql] CONNECT:[ UseTime:0.000623s ] mysql:host=127.0.0.1;port=3306;dbname=weihua;charset=utf8mb4
[2026-04-21T23:35:28+08:00][sql] SHOW FULL COLUMNS FROM `cmf_option` [ RunTime:0.001332s ]
[2026-04-21T23:35:28+08:00][sql] SELECT `option_value` FROM `cmf_option` WHERE  `option_name` = 'cdn_settings' LIMIT 1 [ RunTime:0.000256s ]
[2026-04-21T23:35:28+08:00][sql] SELECT `option_value` FROM `cmf_option` WHERE  `option_name` = 'cdn_settings' LIMIT 1 [ RunTime:0.000189s ]
[2026-04-21T23:35:28+08:00][sql] CONNECT:[ UseTime:0.000490s ] mysql:host=127.0.0.1;port=3306;dbname=weihua;charset=utf8mb4
[2026-04-21T23:35:28+08:00][sql] SHOW FULL COLUMNS FROM `cmf_option` [ RunTime:0.001191s ]
[2026-04-21T23:35:28+08:00][sql] SELECT `option_value` FROM `cmf_option` WHERE  `option_name` = 'cdn_settings' LIMIT 1 [ RunTime:0.000222s ]
[2026-04-21T23:35:28+08:00][sql] SELECT `option_value` FROM `cmf_option` WHERE  `option_name` = 'cdn_settings' LIMIT 1 [ RunTime:0.000187s ]
[2026-04-21T23:41:07+08:00][sql] CONNECT:[ UseTime:0.002706s ] mysql:host=127.0.0.1;port=3306;dbname=weihua;charset=utf8mb4
[2026-04-21T23:41:07+08:00][sql] SHOW FULL COLUMNS FROM `cmf_option` [ RunTime:0.004203s ]
[2026-04-21T23:41:07+08:00][sql] SELECT `option_value` FROM `cmf_option` WHERE  `option_name` = 'cdn_settings' LIMIT 1 [ RunTime:0.000594s ]
[2026-04-21T23:41:07+08:00][sql] SELECT `option_value` FROM `cmf_option` WHERE  `option_name` = 'cdn_settings' LIMIT 1 [ RunTime:0.000429s ]
[2026-04-21T23:41:07+08:00][sql] SHOW FULL COLUMNS FROM `cmf_product_category` [ RunTime:0.001483s ]
[2026-04-21T23:41:07+08:00][sql] SELECT * FROM `cmf_product_category` WHERE  `parent_id` = 0 ORDER BY `list_order` ASC,`create_time` DESC [ RunTime:0.000721s ]
[2026-04-21T23:41:07+08:00][sql] SELECT * FROM `cmf_product_category` WHERE  `parent_id` IN (18,19,20,21,22,23,24,25,26,27) [ RunTime:0.000341s ]
[2026-04-21T23:41:07+08:00][sql] SHOW FULL COLUMNS FROM `cmf_portal_category` [ RunTime:0.001959s ]
[2026-04-21T23:41:07+08:00][sql] SELECT * FROM `cmf_portal_category` WHERE (  `type` = 8 ) AND `cmf_portal_category`.`delete_time` = '0' ORDER BY `list_order` ASC [ RunTime:0.000730s ]
[2026-04-21T23:41:07+08:00][sql] SHOW FULL COLUMNS FROM `cmf_product` [ RunTime:0.001595s ]
[2026-04-21T23:41:07+08:00][sql] SELECT * FROM `cmf_product` WHERE  `id` = 62 LIMIT 1 [ RunTime:0.000669s ]
[2026-04-21T23:41:07+08:00][sql] SELECT * FROM `cmf_product_category` WHERE  `id` = 18 LIMIT 1 [ RunTime:0.000317s ]
[2026-04-21T23:41:07+08:00][sql] SELECT `id`,`title`,`industry`,`thumbnail` FROM `cmf_product` WHERE  `id` <> 62  AND `is_recommended` = 1  AND `category_id` = 18 ORDER BY RAND() LIMIT 4 [ RunTime:0.000596s ]
[2026-04-21T23:41:07+08:00][sql] SHOW FULL COLUMNS FROM `cmf_slide_item` [ RunTime:0.001533s ]
[2026-04-21T23:41:07+08:00][sql] SELECT `title`,`description`,`image` FROM `cmf_slide_item` WHERE  `slide_id` = 7 ORDER BY `list_order` ASC LIMIT 1 [ RunTime:0.000369s ]
[2026-04-21T23:41:07+08:00][sql] SHOW FULL COLUMNS FROM `cmf_theme_file` [ RunTime:0.001379s ]
[2026-04-21T23:41:07+08:00][sql] SELECT `more`,`file`,`id` FROM `cmf_theme_file` WHERE  `theme` = 'simpleboot3_mobile'  AND (  `is_public` = 1 OR `file` = 'portal/product-info' ) ORDER BY `is_public` DESC [ RunTime:0.000488s ]
[2026-04-21T23:41:07+08:00][sql] SELECT `option_value` FROM `cmf_option` WHERE  `option_name` = 'storage' LIMIT 1 [ RunTime:0.000398s ]
[2026-04-21T23:47:57+08:00][sql] CONNECT:[ UseTime:0.002818s ] mysql:host=127.0.0.1;port=3306;dbname=weihua;charset=utf8mb4
[2026-04-21T23:47:57+08:00][sql] SHOW FULL COLUMNS FROM `cmf_option` [ RunTime:0.003949s ]
[2026-04-21T23:47:57+08:00][sql] SELECT `option_value` FROM `cmf_option` WHERE  `option_name` = 'cdn_settings' LIMIT 1 [ RunTime:0.000673s ]
[2026-04-21T23:47:57+08:00][sql] SELECT `option_value` FROM `cmf_option` WHERE  `option_name` = 'cdn_settings' LIMIT 1 [ RunTime:0.000556s ]
[2026-04-21T23:47:57+08:00][sql] SHOW FULL COLUMNS FROM `cmf_product_category` [ RunTime:0.001844s ]
[2026-04-21T23:47:57+08:00][sql] SELECT * FROM `cmf_product_category` WHERE  `parent_id` = 0 ORDER BY `list_order` ASC,`create_time` DESC [ RunTime:0.001190s ]
[2026-04-21T23:47:57+08:00][sql] SELECT * FROM `cmf_product_category` WHERE  `parent_id` IN (18,19,20,21,22,23,24,25,26,27) [ RunTime:0.000485s ]
[2026-04-21T23:47:57+08:00][sql] SHOW FULL COLUMNS FROM `cmf_portal_category` [ RunTime:0.001754s ]
[2026-04-21T23:47:57+08:00][sql] SELECT * FROM `cmf_portal_category` WHERE (  `type` = 8 ) AND `cmf_portal_category`.`delete_time` = '0' ORDER BY `list_order` ASC [ RunTime:0.000637s ]
[2026-04-21T23:47:57+08:00][sql] SHOW FULL COLUMNS FROM `cmf_product` [ RunTime:0.002418s ]
[2026-04-21T23:47:57+08:00][sql] SELECT * FROM `cmf_product` WHERE  `id` = 62 LIMIT 1 [ RunTime:0.000765s ]
[2026-04-21T23:47:57+08:00][sql] SELECT * FROM `cmf_product_category` WHERE  `id` = 18 LIMIT 1 [ RunTime:0.000249s ]
[2026-04-21T23:47:57+08:00][sql] SELECT `id`,`title`,`industry`,`thumbnail` FROM `cmf_product` WHERE  `id` <> 62  AND `is_recommended` = 1  AND `category_id` = 18 ORDER BY RAND() LIMIT 4 [ RunTime:0.000687s ]
[2026-04-21T23:47:57+08:00][sql] SHOW FULL COLUMNS FROM `cmf_slide_item` [ RunTime:0.002343s ]
[2026-04-21T23:47:57+08:00][sql] SELECT `title`,`description`,`image` FROM `cmf_slide_item` WHERE  `slide_id` = 7 ORDER BY `list_order` ASC LIMIT 1 [ RunTime:0.001074s ]
[2026-04-21T23:47:57+08:00][sql] SHOW FULL COLUMNS FROM `cmf_theme_file` [ RunTime:0.002034s ]
[2026-04-21T23:47:57+08:00][sql] SELECT `more`,`file`,`id` FROM `cmf_theme_file` WHERE  `theme` = 'simpleboot3_mobile'  AND (  `is_public` = 1 OR `file` = 'portal/product-info' ) ORDER BY `is_public` DESC [ RunTime:0.000833s ]
[2026-04-21T23:47:57+08:00][sql] SELECT `option_value` FROM `cmf_option` WHERE  `option_name` = 'storage' LIMIT 1 [ RunTime:0.000771s ]
[2026-04-21T23:49:04+08:00][sql] CONNECT:[ UseTime:0.002245s ] mysql:host=127.0.0.1;port=3306;dbname=weihua;charset=utf8mb4
[2026-04-21T23:49:04+08:00][sql] SHOW FULL COLUMNS FROM `cmf_option` [ RunTime:0.003825s ]
[2026-04-21T23:49:04+08:00][sql] SELECT `option_value` FROM `cmf_option` WHERE  `option_name` = 'cdn_settings' LIMIT 1 [ RunTime:0.000501s ]
[2026-04-21T23:49:04+08:00][sql] SELECT `option_value` FROM `cmf_option` WHERE  `option_name` = 'cdn_settings' LIMIT 1 [ RunTime:0.000290s ]
[2026-04-21T23:49:04+08:00][sql] SHOW FULL COLUMNS FROM `cmf_product_category` [ RunTime:0.002038s ]
[2026-04-21T23:49:04+08:00][sql] SELECT * FROM `cmf_product_category` WHERE  `parent_id` = 0 ORDER BY `list_order` ASC,`create_time` DESC [ RunTime:0.000716s ]
[2026-04-21T23:49:04+08:00][sql] SELECT * FROM `cmf_product_category` WHERE  `parent_id` IN (18,19,20,21,22,23,24,25,26,27) [ RunTime:0.000315s ]
[2026-04-21T23:49:04+08:00][sql] SHOW FULL COLUMNS FROM `cmf_portal_category` [ RunTime:0.001468s ]
[2026-04-21T23:49:04+08:00][sql] SELECT * FROM `cmf_portal_category` WHERE (  `type` = 8 ) AND `cmf_portal_category`.`delete_time` = '0' ORDER BY `list_order` ASC [ RunTime:0.000493s ]
[2026-04-21T23:49:04+08:00][sql] SHOW FULL COLUMNS FROM `cmf_product` [ RunTime:0.001492s ]
[2026-04-21T23:49:04+08:00][sql] SELECT * FROM `cmf_product` WHERE  `id` = 62 LIMIT 1 [ RunTime:0.000525s ]
[2026-04-21T23:49:04+08:00][sql] SELECT * FROM `cmf_product_category` WHERE  `id` = 18 LIMIT 1 [ RunTime:0.000177s ]
[2026-04-21T23:49:04+08:00][sql] SELECT `id`,`title`,`industry`,`thumbnail` FROM `cmf_product` WHERE  `id` <> 62  AND `is_recommended` = 1  AND `category_id` = 18 ORDER BY RAND() LIMIT 4 [ RunTime:0.001220s ]
[2026-04-21T23:49:04+08:00][sql] SHOW FULL COLUMNS FROM `cmf_slide_item` [ RunTime:0.002947s ]
[2026-04-21T23:49:04+08:00][sql] SELECT `title`,`description`,`image` FROM `cmf_slide_item` WHERE  `slide_id` = 7 ORDER BY `list_order` ASC LIMIT 1 [ RunTime:0.000469s ]
[2026-04-21T23:49:04+08:00][sql] SHOW FULL COLUMNS FROM `cmf_theme_file` [ RunTime:0.001163s ]
[2026-04-21T23:49:04+08:00][sql] SELECT `more`,`file`,`id` FROM `cmf_theme_file` WHERE  `theme` = 'simpleboot3_mobile'  AND (  `is_public` = 1 OR `file` = 'portal/product-info' ) ORDER BY `is_public` DESC [ RunTime:0.000467s ]
[2026-04-21T23:49:04+08:00][sql] SELECT `option_value` FROM `cmf_option` WHERE  `option_name` = 'storage' LIMIT 1 [ RunTime:0.000219s ]
[2026-04-21T23:49:48+08:00][sql] CONNECT:[ UseTime:0.003359s ] mysql:host=127.0.0.1;port=3306;dbname=weihua;charset=utf8mb4
[2026-04-21T23:49:48+08:00][sql] SHOW FULL COLUMNS FROM `cmf_option` [ RunTime:0.003737s ]
[2026-04-21T23:49:48+08:00][sql] SELECT `option_value` FROM `cmf_option` WHERE  `option_name` = 'cdn_settings' LIMIT 1 [ RunTime:0.000785s ]
[2026-04-21T23:49:48+08:00][sql] SELECT `option_value` FROM `cmf_option` WHERE  `option_name` = 'cdn_settings' LIMIT 1 [ RunTime:0.000448s ]
[2026-04-21T23:49:48+08:00][sql] SHOW FULL COLUMNS FROM `cmf_product_category` [ RunTime:0.001955s ]
[2026-04-21T23:49:48+08:00][sql] SELECT * FROM `cmf_product_category` WHERE  `parent_id` = 0 ORDER BY `list_order` ASC,`create_time` DESC [ RunTime:0.000877s ]
[2026-04-21T23:49:48+08:00][sql] SELECT * FROM `cmf_product_category` WHERE  `parent_id` IN (18,19,20,21,22,23,24,25,26,27) [ RunTime:0.000454s ]
[2026-04-21T23:49:48+08:00][sql] SHOW FULL COLUMNS FROM `cmf_portal_category` [ RunTime:0.001997s ]
[2026-04-21T23:49:48+08:00][sql] SELECT * FROM `cmf_portal_category` WHERE (  `type` = 8 ) AND `cmf_portal_category`.`delete_time` = '0' ORDER BY `list_order` ASC [ RunTime:0.000621s ]
[2026-04-21T23:49:48+08:00][sql] SHOW FULL COLUMNS FROM `cmf_product` [ RunTime:0.002281s ]
[2026-04-21T23:49:48+08:00][sql] SELECT * FROM `cmf_product` WHERE  `id` = 62 LIMIT 1 [ RunTime:0.001025s ]
[2026-04-21T23:49:48+08:00][sql] SELECT * FROM `cmf_product_category` WHERE  `id` = 18 LIMIT 1 [ RunTime:0.000331s ]
[2026-04-21T23:49:48+08:00][sql] SELECT `id`,`title`,`industry`,`thumbnail` FROM `cmf_product` WHERE  `id` <> 62  AND `is_recommended` = 1  AND `category_id` = 18 ORDER BY RAND() LIMIT 4 [ RunTime:0.000473s ]
[2026-04-21T23:49:48+08:00][sql] SHOW FULL COLUMNS FROM `cmf_slide_item` [ RunTime:0.000976s ]
[2026-04-21T23:49:48+08:00][sql] SELECT `title`,`description`,`image` FROM `cmf_slide_item` WHERE  `slide_id` = 7 ORDER BY `list_order` ASC LIMIT 1 [ RunTime:0.000484s ]
[2026-04-21T23:49:48+08:00][sql] SHOW FULL COLUMNS FROM `cmf_theme_file` [ RunTime:0.002601s ]
[2026-04-21T23:49:48+08:00][sql] SELECT `more`,`file`,`id` FROM `cmf_theme_file` WHERE  `theme` = 'simpleboot3_mobile'  AND (  `is_public` = 1 OR `file` = 'portal/product-info' ) ORDER BY `is_public` DESC [ RunTime:0.000776s ]
[2026-04-21T23:49:48+08:00][sql] SELECT `option_value` FROM `cmf_option` WHERE  `option_name` = 'storage' LIMIT 1 [ RunTime:0.000344s ]
[2026-04-21T23:50:45+08:00][sql] CONNECT:[ UseTime:0.001682s ] mysql:host=127.0.0.1;port=3306;dbname=weihua;charset=utf8mb4
[2026-04-21T23:50:45+08:00][sql] SHOW FULL COLUMNS FROM `cmf_option` [ RunTime:0.002392s ]
[2026-04-21T23:50:45+08:00][sql] SELECT `option_value` FROM `cmf_option` WHERE  `option_name` = 'cdn_settings' LIMIT 1 [ RunTime:0.000315s ]
[2026-04-21T23:50:45+08:00][sql] SELECT `option_value` FROM `cmf_option` WHERE  `option_name` = 'cdn_settings' LIMIT 1 [ RunTime:0.000296s ]
[2026-04-21T23:50:45+08:00][sql] SHOW FULL COLUMNS FROM `cmf_product_category` [ RunTime:0.001303s ]
[2026-04-21T23:50:45+08:00][sql] SELECT * FROM `cmf_product_category` WHERE  `parent_id` = 0 ORDER BY `list_order` ASC,`create_time` DESC [ RunTime:0.000542s ]
[2026-04-21T23:50:45+08:00][sql] SELECT * FROM `cmf_product_category` WHERE  `parent_id` IN (18,19,20,21,22,23,24,25,26,27) [ RunTime:0.000252s ]
[2026-04-21T23:50:45+08:00][sql] SHOW FULL COLUMNS FROM `cmf_portal_category` [ RunTime:0.001004s ]
[2026-04-21T23:50:45+08:00][sql] SELECT * FROM `cmf_portal_category` WHERE (  `type` = 8 ) AND `cmf_portal_category`.`delete_time` = '0' ORDER BY `list_order` ASC [ RunTime:0.000299s ]
[2026-04-21T23:50:45+08:00][sql] SHOW FULL COLUMNS FROM `cmf_product` [ RunTime:0.001158s ]
[2026-04-21T23:50:45+08:00][sql] SELECT * FROM `cmf_product` WHERE  `id` = 62 LIMIT 1 [ RunTime:0.000526s ]
[2026-04-21T23:50:45+08:00][sql] SELECT * FROM `cmf_product_category` WHERE  `id` = 18 LIMIT 1 [ RunTime:0.000197s ]
[2026-04-21T23:50:45+08:00][sql] SELECT `id`,`title`,`industry`,`thumbnail` FROM `cmf_product` WHERE  `id` <> 62  AND `is_recommended` = 1  AND `category_id` = 18 ORDER BY RAND() LIMIT 4 [ RunTime:0.000320s ]
[2026-04-21T23:50:45+08:00][sql] SHOW FULL COLUMNS FROM `cmf_slide_item` [ RunTime:0.000918s ]
[2026-04-21T23:50:45+08:00][sql] SELECT `title`,`description`,`image` FROM `cmf_slide_item` WHERE  `slide_id` = 7 ORDER BY `list_order` ASC LIMIT 1 [ RunTime:0.000272s ]
[2026-04-21T23:50:45+08:00][sql] SHOW FULL COLUMNS FROM `cmf_theme_file` [ RunTime:0.000914s ]
[2026-04-21T23:50:45+08:00][sql] SELECT `more`,`file`,`id` FROM `cmf_theme_file` WHERE  `theme` = 'simpleboot3_mobile'  AND (  `is_public` = 1 OR `file` = 'portal/product-info' ) ORDER BY `is_public` DESC [ RunTime:0.000349s ]
[2026-04-21T23:50:45+08:00][sql] SELECT `option_value` FROM `cmf_option` WHERE  `option_name` = 'storage' LIMIT 1 [ RunTime:0.000177s ]
[2026-04-21T23:51:09+08:00][sql] CONNECT:[ UseTime:0.002298s ] mysql:host=127.0.0.1;port=3306;dbname=weihua;charset=utf8mb4
[2026-04-21T23:51:09+08:00][sql] SHOW FULL COLUMNS FROM `cmf_option` [ RunTime:0.003941s ]
[2026-04-21T23:51:09+08:00][sql] SELECT `option_value` FROM `cmf_option` WHERE  `option_name` = 'cdn_settings' LIMIT 1 [ RunTime:0.000602s ]
[2026-04-21T23:51:09+08:00][sql] SELECT `option_value` FROM `cmf_option` WHERE  `option_name` = 'cdn_settings' LIMIT 1 [ RunTime:0.000318s ]
[2026-04-21T23:51:09+08:00][sql] SHOW FULL COLUMNS FROM `cmf_product_category` [ RunTime:0.001597s ]
[2026-04-21T23:51:09+08:00][sql] SELECT * FROM `cmf_product_category` WHERE  `parent_id` = 0 ORDER BY `list_order` ASC,`create_time` DESC [ RunTime:0.000865s ]
[2026-04-21T23:51:09+08:00][sql] SELECT * FROM `cmf_product_category` WHERE  `parent_id` IN (18,19,20,21,22,23,24,25,26,27) [ RunTime:0.000339s ]
[2026-04-21T23:51:09+08:00][sql] SHOW FULL COLUMNS FROM `cmf_portal_category` [ RunTime:0.001480s ]
[2026-04-21T23:51:09+08:00][sql] SELECT * FROM `cmf_portal_category` WHERE (  `type` = 8 ) AND `cmf_portal_category`.`delete_time` = '0' ORDER BY `list_order` ASC [ RunTime:0.000476s ]
[2026-04-21T23:51:09+08:00][sql] SHOW FULL COLUMNS FROM `cmf_slide_item` [ RunTime:0.001963s ]
[2026-04-21T23:51:09+08:00][sql] SELECT `title`,`description`,`image` FROM `cmf_slide_item` WHERE  `slide_id` = 12 ORDER BY `list_order` ASC LIMIT 1 [ RunTime:0.000534s ]
[2026-04-21T23:51:09+08:00][sql] SELECT * FROM `cmf_portal_category` WHERE (  `id` = 0  AND `status` = 1 ) AND `cmf_portal_category`.`delete_time` = '0' LIMIT 1 [ RunTime:0.000331s ]
[2026-04-21T23:51:09+08:00][sql] SHOW FULL COLUMNS FROM `cmf_portal_post` [ RunTime:0.002009s ]
[2026-04-21T23:51:09+08:00][sql] SELECT COUNT(*) AS think_count FROM `cmf_portal_post` `p` LEFT JOIN `cmf_portal_category_post` `c` ON `p`.`id`=`c`.`post_id` WHERE (  `post_type` = 8 ) AND `p`.`delete_time` = '0' LIMIT 1 [ RunTime:0.000677s ]
[2026-04-21T23:51:09+08:00][sql] SELECT `p`.`id`,`p`.`post_title`,`p`.`thumbnail`,`p`.`more`,c.category_id as cid,`p`.`post_excerpt`,`p`.`create_time` FROM `cmf_portal_post` `p` LEFT JOIN `cmf_portal_category_post` `c` ON `p`.`id`=`c`.`post_id` WHERE (  `post_type` = 8 ) AND `p`.`delete_time` = '0' ORDER BY `c`.`list_order` ASC,`p`.`create_time` DESC LIMIT 0,6 [ RunTime:0.000540s ]
[2026-04-21T23:51:09+08:00][sql] SHOW FULL COLUMNS FROM `cmf_theme_file` [ RunTime:0.001140s ]
[2026-04-21T23:51:09+08:00][sql] SELECT `more`,`file`,`id` FROM `cmf_theme_file` WHERE  `theme` = 'simpleboot3_mobile'  AND (  `is_public` = 1 OR `file` = 'portal/news' ) ORDER BY `is_public` DESC [ RunTime:0.000508s ]
[2026-04-21T23:51:09+08:00][sql] SELECT `option_value` FROM `cmf_option` WHERE  `option_name` = 'storage' LIMIT 1 [ RunTime:0.000413s ]
[2026-04-21T23:51:15+08:00][sql] CONNECT:[ UseTime:0.014120s ] mysql:host=127.0.0.1;port=3306;dbname=weihua;charset=utf8mb4
[2026-04-21T23:51:15+08:00][sql] SHOW FULL COLUMNS FROM `cmf_option` [ RunTime:0.004716s ]
[2026-04-21T23:51:15+08:00][sql] SELECT `option_value` FROM `cmf_option` WHERE  `option_name` = 'cdn_settings' LIMIT 1 [ RunTime:0.000817s ]
[2026-04-21T23:51:15+08:00][sql] SELECT `option_value` FROM `cmf_option` WHERE  `option_name` = 'cdn_settings' LIMIT 1 [ RunTime:0.000703s ]
[2026-04-21T23:51:15+08:00][sql] SHOW FULL COLUMNS FROM `cmf_product_category` [ RunTime:0.002161s ]
[2026-04-21T23:51:15+08:00][sql] SELECT * FROM `cmf_product_category` WHERE  `parent_id` = 0 ORDER BY `list_order` ASC,`create_time` DESC [ RunTime:0.000973s ]
[2026-04-21T23:51:15+08:00][sql] SELECT * FROM `cmf_product_category` WHERE  `parent_id` IN (18,19,20,21,22,23,24,25,26,27) [ RunTime:0.000615s ]
[2026-04-21T23:51:15+08:00][sql] SHOW FULL COLUMNS FROM `cmf_portal_category` [ RunTime:0.003210s ]
[2026-04-21T23:51:15+08:00][sql] SELECT * FROM `cmf_portal_category` WHERE (  `type` = 8 ) AND `cmf_portal_category`.`delete_time` = '0' ORDER BY `list_order` ASC [ RunTime:0.000938s ]
[2026-04-21T23:51:15+08:00][sql] SHOW FULL COLUMNS FROM `cmf_slide_item` [ RunTime:0.001352s ]
[2026-04-21T23:51:15+08:00][sql] SELECT `title`,`description`,`image` FROM `cmf_slide_item` WHERE  `slide_id` = 12 ORDER BY `list_order` ASC LIMIT 1 [ RunTime:0.000974s ]
[2026-04-21T23:51:15+08:00][sql] SELECT * FROM `cmf_portal_category` WHERE (  `id` = 0  AND `status` = 1 ) AND `cmf_portal_category`.`delete_time` = '0' LIMIT 1 [ RunTime:0.000664s ]
[2026-04-21T23:51:15+08:00][sql] SHOW FULL COLUMNS FROM `cmf_portal_post` [ RunTime:0.002855s ]
[2026-04-21T23:51:15+08:00][sql] SELECT COUNT(*) AS think_count FROM `cmf_portal_post` `p` LEFT JOIN `cmf_portal_category_post` `c` ON `p`.`id`=`c`.`post_id` WHERE (  `post_type` = 8 ) AND `p`.`delete_time` = '0' LIMIT 1 [ RunTime:0.001435s ]
[2026-04-21T23:51:15+08:00][sql] SELECT `p`.`id`,`p`.`post_title`,`p`.`thumbnail`,`p`.`more`,c.category_id as cid,`p`.`post_excerpt`,`p`.`create_time` FROM `cmf_portal_post` `p` LEFT JOIN `cmf_portal_category_post` `c` ON `p`.`id`=`c`.`post_id` WHERE (  `post_type` = 8 ) AND `p`.`delete_time` = '0' ORDER BY `c`.`list_order` ASC,`p`.`create_time` DESC LIMIT 0,6 [ RunTime:0.001054s ]
[2026-04-21T23:51:15+08:00][sql] SHOW FULL COLUMNS FROM `cmf_theme_file` [ RunTime:0.002468s ]
[2026-04-21T23:51:15+08:00][sql] SELECT `more`,`file`,`id` FROM `cmf_theme_file` WHERE  `theme` = 'simpleboot3'  AND (  `is_public` = 1 OR `file` = 'portal/news' ) ORDER BY `is_public` DESC [ RunTime:0.001646s ]
[2026-04-21T23:51:15+08:00][sql] SELECT `option_value` FROM `cmf_option` WHERE  `option_name` = 'storage' LIMIT 1 [ RunTime:0.000706s ]
[2026-04-21T23:51:34+08:00][sql] CONNECT:[ UseTime:0.002669s ] mysql:host=127.0.0.1;port=3306;dbname=weihua;charset=utf8mb4
[2026-04-21T23:51:34+08:00][sql] SHOW FULL COLUMNS FROM `cmf_option` [ RunTime:0.003940s ]
[2026-04-21T23:51:34+08:00][sql] SELECT `option_value` FROM `cmf_option` WHERE  `option_name` = 'cdn_settings' LIMIT 1 [ RunTime:0.000508s ]
[2026-04-21T23:51:34+08:00][sql] SELECT `option_value` FROM `cmf_option` WHERE  `option_name` = 'cdn_settings' LIMIT 1 [ RunTime:0.000387s ]
[2026-04-21T23:51:34+08:00][sql] SHOW FULL COLUMNS FROM `cmf_product_category` [ RunTime:0.001999s ]
[2026-04-21T23:51:34+08:00][sql] SELECT * FROM `cmf_product_category` WHERE  `parent_id` = 0 ORDER BY `list_order` ASC,`create_time` DESC [ RunTime:0.012884s ]
[2026-04-21T23:51:34+08:00][sql] SELECT * FROM `cmf_product_category` WHERE  `parent_id` IN (18,19,20,21,22,23,24,25,26,27) [ RunTime:0.000808s ]
[2026-04-21T23:51:34+08:00][sql] SHOW FULL COLUMNS FROM `cmf_portal_category` [ RunTime:0.003145s ]
[2026-04-21T23:51:34+08:00][sql] SELECT * FROM `cmf_portal_category` WHERE (  `type` = 8 ) AND `cmf_portal_category`.`delete_time` = '0' ORDER BY `list_order` ASC [ RunTime:0.001746s ]
[2026-04-21T23:51:34+08:00][sql] SHOW FULL COLUMNS FROM `cmf_slide_item` [ RunTime:0.002730s ]
[2026-04-21T23:51:34+08:00][sql] SELECT `title`,`description`,`image` FROM `cmf_slide_item` WHERE  `slide_id` = 3 ORDER BY `list_order` ASC LIMIT 1 [ RunTime:0.001869s ]
[2026-04-21T23:51:34+08:00][sql] SHOW FULL COLUMNS FROM `cmf_portal_post` [ RunTime:0.002730s ]
[2026-04-21T23:51:34+08:00][sql] SELECT COUNT(*) AS think_count FROM `cmf_portal_post` WHERE (  `post_type` = 3 ) AND `cmf_portal_post`.`delete_time` = '0' LIMIT 1 [ RunTime:0.002214s ]
[2026-04-21T23:51:34+08:00][sql] SELECT `id`,`more`,`post_title`,`post_excerpt` FROM `cmf_portal_post` WHERE (  `post_type` = 3 ) AND `cmf_portal_post`.`delete_time` = '0' ORDER BY `create_time` DESC LIMIT 0,9 [ RunTime:0.000336s ]
[2026-04-21T23:51:34+08:00][sql] SHOW FULL COLUMNS FROM `cmf_theme_file` [ RunTime:0.001456s ]
[2026-04-21T23:51:34+08:00][sql] SELECT `more`,`file`,`id` FROM `cmf_theme_file` WHERE  `theme` = 'simpleboot3'  AND (  `is_public` = 1 OR `file` = 'portal/industries' ) ORDER BY `is_public` DESC [ RunTime:0.000416s ]
[2026-04-21T23:51:34+08:00][sql] SELECT `option_value` FROM `cmf_option` WHERE  `option_name` = 'storage' LIMIT 1 [ RunTime:0.000474s ]
[2026-04-21T23:51:50+08:00][sql] CONNECT:[ UseTime:0.001504s ] mysql:host=127.0.0.1;port=3306;dbname=weihua;charset=utf8mb4
[2026-04-21T23:51:50+08:00][sql] SHOW FULL COLUMNS FROM `cmf_option` [ RunTime:0.002796s ]
[2026-04-21T23:51:50+08:00][sql] SELECT `option_value` FROM `cmf_option` WHERE  `option_name` = 'cdn_settings' LIMIT 1 [ RunTime:0.000371s ]
[2026-04-21T23:51:50+08:00][sql] SELECT `option_value` FROM `cmf_option` WHERE  `option_name` = 'cdn_settings' LIMIT 1 [ RunTime:0.000241s ]
[2026-04-21T23:51:50+08:00][sql] SHOW FULL COLUMNS FROM `cmf_product_category` [ RunTime:0.001477s ]
[2026-04-21T23:51:50+08:00][sql] SELECT * FROM `cmf_product_category` WHERE  `parent_id` = 0 ORDER BY `list_order` ASC,`create_time` DESC [ RunTime:0.000418s ]
[2026-04-21T23:51:50+08:00][sql] SELECT * FROM `cmf_product_category` WHERE  `parent_id` IN (18,19,20,21,22,23,24,25,26,27) [ RunTime:0.000296s ]
[2026-04-21T23:51:50+08:00][sql] SHOW FULL COLUMNS FROM `cmf_portal_category` [ RunTime:0.001089s ]
[2026-04-21T23:51:50+08:00][sql] SELECT * FROM `cmf_portal_category` WHERE (  `type` = 8 ) AND `cmf_portal_category`.`delete_time` = '0' ORDER BY `list_order` ASC [ RunTime:0.000342s ]
[2026-04-21T23:51:50+08:00][sql] SHOW FULL COLUMNS FROM `cmf_slide_item` [ RunTime:0.002435s ]
[2026-04-21T23:51:50+08:00][sql] SELECT `title`,`description`,`image` FROM `cmf_slide_item` WHERE  `slide_id` = 3 ORDER BY `list_order` ASC LIMIT 1 [ RunTime:0.000717s ]
[2026-04-21T23:51:50+08:00][sql] SHOW FULL COLUMNS FROM `cmf_portal_post` [ RunTime:0.002974s ]
[2026-04-21T23:51:50+08:00][sql] SELECT COUNT(*) AS think_count FROM `cmf_portal_post` WHERE (  `post_type` = 3 ) AND `cmf_portal_post`.`delete_time` = '0' LIMIT 1 [ RunTime:0.000829s ]
[2026-04-21T23:51:50+08:00][sql] SELECT `id`,`more`,`post_title`,`post_excerpt` FROM `cmf_portal_post` WHERE (  `post_type` = 3 ) AND `cmf_portal_post`.`delete_time` = '0' ORDER BY `create_time` DESC LIMIT 0,9 [ RunTime:0.000621s ]
[2026-04-21T23:51:50+08:00][sql] SHOW FULL COLUMNS FROM `cmf_theme_file` [ RunTime:0.002317s ]
[2026-04-21T23:51:50+08:00][sql] SELECT `more`,`file`,`id` FROM `cmf_theme_file` WHERE  `theme` = 'simpleboot3'  AND (  `is_public` = 1 OR `file` = 'portal/industries' ) ORDER BY `is_public` DESC [ RunTime:0.000734s ]
[2026-04-21T23:51:50+08:00][sql] SELECT `option_value` FROM `cmf_option` WHERE  `option_name` = 'storage' LIMIT 1 [ RunTime:0.000471s ]
[2026-04-21T23:52:23+08:00][sql] CONNECT:[ UseTime:0.003300s ] mysql:host=127.0.0.1;port=3306;dbname=weihua;charset=utf8mb4
[2026-04-21T23:52:23+08:00][sql] SHOW FULL COLUMNS FROM `cmf_option` [ RunTime:0.006479s ]
[2026-04-21T23:52:23+08:00][sql] SELECT `option_value` FROM `cmf_option` WHERE  `option_name` = 'cdn_settings' LIMIT 1 [ RunTime:0.001197s ]
[2026-04-21T23:52:23+08:00][sql] SELECT `option_value` FROM `cmf_option` WHERE  `option_name` = 'cdn_settings' LIMIT 1 [ RunTime:0.000602s ]
[2026-04-21T23:52:23+08:00][sql] SHOW FULL COLUMNS FROM `cmf_product_category` [ RunTime:0.002552s ]
[2026-04-21T23:52:23+08:00][sql] SELECT * FROM `cmf_product_category` WHERE  `parent_id` = 0 ORDER BY `list_order` ASC,`create_time` DESC [ RunTime:0.000948s ]
[2026-04-21T23:52:23+08:00][sql] SELECT * FROM `cmf_product_category` WHERE  `parent_id` IN (18,19,20,21,22,23,24,25,26,27) [ RunTime:0.000471s ]
[2026-04-21T23:52:23+08:00][sql] SHOW FULL COLUMNS FROM `cmf_portal_category` [ RunTime:0.003337s ]
[2026-04-21T23:52:23+08:00][sql] SELECT * FROM `cmf_portal_category` WHERE (  `type` = 8 ) AND `cmf_portal_category`.`delete_time` = '0' ORDER BY `list_order` ASC [ RunTime:0.000955s ]
[2026-04-21T23:52:23+08:00][sql] SHOW FULL COLUMNS FROM `cmf_slide_item` [ RunTime:0.002585s ]
[2026-04-21T23:52:23+08:00][sql] SELECT `title`,`description`,`image` FROM `cmf_slide_item` WHERE  `slide_id` = 12 ORDER BY `list_order` ASC LIMIT 1 [ RunTime:0.000711s ]
[2026-04-21T23:52:23+08:00][sql] SELECT * FROM `cmf_portal_category` WHERE (  `id` = 0  AND `status` = 1 ) AND `cmf_portal_category`.`delete_time` = '0' LIMIT 1 [ RunTime:0.000407s ]
[2026-04-21T23:52:23+08:00][sql] SHOW FULL COLUMNS FROM `cmf_portal_post` [ RunTime:0.001573s ]
[2026-04-21T23:52:23+08:00][sql] SELECT COUNT(*) AS think_count FROM `cmf_portal_post` `p` LEFT JOIN `cmf_portal_category_post` `c` ON `p`.`id`=`c`.`post_id` WHERE (  `post_type` = 8 ) AND `p`.`delete_time` = '0' LIMIT 1 [ RunTime:0.000751s ]
[2026-04-21T23:52:23+08:00][sql] SELECT `p`.`id`,`p`.`post_title`,`p`.`thumbnail`,`p`.`more`,c.category_id as cid,`p`.`post_excerpt`,`p`.`create_time` FROM `cmf_portal_post` `p` LEFT JOIN `cmf_portal_category_post` `c` ON `p`.`id`=`c`.`post_id` WHERE (  `post_type` = 8 ) AND `p`.`delete_time` = '0' ORDER BY `c`.`list_order` ASC,`p`.`create_time` DESC LIMIT 0,6 [ RunTime:0.000481s ]
[2026-04-21T23:52:23+08:00][sql] SHOW FULL COLUMNS FROM `cmf_theme_file` [ RunTime:0.001472s ]
[2026-04-21T23:52:23+08:00][sql] SELECT `more`,`file`,`id` FROM `cmf_theme_file` WHERE  `theme` = 'simpleboot3'  AND (  `is_public` = 1 OR `file` = 'portal/news' ) ORDER BY `is_public` DESC [ RunTime:0.000523s ]
[2026-04-21T23:52:23+08:00][sql] SELECT `option_value` FROM `cmf_option` WHERE  `option_name` = 'storage' LIMIT 1 [ RunTime:0.000552s ]
[2026-04-21T23:52:45+08:00][sql] CONNECT:[ UseTime:0.002716s ] mysql:host=127.0.0.1;port=3306;dbname=weihua;charset=utf8mb4
[2026-04-21T23:52:45+08:00][sql] SHOW FULL COLUMNS FROM `cmf_option` [ RunTime:0.008564s ]
[2026-04-21T23:52:45+08:00][sql] SELECT `option_value` FROM `cmf_option` WHERE  `option_name` = 'cdn_settings' LIMIT 1 [ RunTime:0.000626s ]
[2026-04-21T23:52:45+08:00][sql] SELECT `option_value` FROM `cmf_option` WHERE  `option_name` = 'cdn_settings' LIMIT 1 [ RunTime:0.011487s ]
[2026-04-21T23:52:45+08:00][sql] SHOW FULL COLUMNS FROM `cmf_product_category` [ RunTime:0.001898s ]
[2026-04-21T23:52:45+08:00][sql] SELECT * FROM `cmf_product_category` WHERE  `parent_id` = 0 ORDER BY `list_order` ASC,`create_time` DESC [ RunTime:0.000424s ]
[2026-04-21T23:52:45+08:00][sql] SELECT * FROM `cmf_product_category` WHERE  `parent_id` IN (18,19,20,21,22,23,24,25,26,27) [ RunTime:0.000231s ]
[2026-04-21T23:52:45+08:00][sql] SHOW FULL COLUMNS FROM `cmf_portal_category` [ RunTime:0.001214s ]
[2026-04-21T23:52:45+08:00][sql] SELECT * FROM `cmf_portal_category` WHERE (  `type` = 8 ) AND `cmf_portal_category`.`delete_time` = '0' ORDER BY `list_order` ASC [ RunTime:0.000328s ]
[2026-04-21T23:52:45+08:00][sql] SHOW FULL COLUMNS FROM `cmf_slide_item` [ RunTime:0.000963s ]
[2026-04-21T23:52:45+08:00][sql] SELECT `title`,`description`,`image` FROM `cmf_slide_item` WHERE  `slide_id` = 12 ORDER BY `list_order` ASC LIMIT 1 [ RunTime:0.000306s ]
[2026-04-21T23:52:45+08:00][sql] SELECT * FROM `cmf_portal_category` WHERE (  `id` = 0  AND `status` = 1 ) AND `cmf_portal_category`.`delete_time` = '0' LIMIT 1 [ RunTime:0.000232s ]
[2026-04-21T23:52:45+08:00][sql] SHOW FULL COLUMNS FROM `cmf_portal_post` [ RunTime:0.001109s ]
[2026-04-21T23:52:45+08:00][sql] SELECT COUNT(*) AS think_count FROM `cmf_portal_post` `p` LEFT JOIN `cmf_portal_category_post` `c` ON `p`.`id`=`c`.`post_id` WHERE (  `post_type` = 8 ) AND `p`.`delete_time` = '0' LIMIT 1 [ RunTime:0.000469s ]
[2026-04-21T23:52:45+08:00][sql] SELECT `p`.`id`,`p`.`post_title`,`p`.`thumbnail`,`p`.`more`,c.category_id as cid,`p`.`post_excerpt`,`p`.`create_time` FROM `cmf_portal_post` `p` LEFT JOIN `cmf_portal_category_post` `c` ON `p`.`id`=`c`.`post_id` WHERE (  `post_type` = 8 ) AND `p`.`delete_time` = '0' ORDER BY `c`.`list_order` ASC,`p`.`create_time` DESC LIMIT 0,1 [ RunTime:0.000329s ]
[2026-04-21T23:52:45+08:00][sql] SHOW FULL COLUMNS FROM `cmf_theme_file` [ RunTime:0.000878s ]
[2026-04-21T23:52:45+08:00][sql] SELECT `more`,`file`,`id` FROM `cmf_theme_file` WHERE  `theme` = 'simpleboot3'  AND (  `is_public` = 1 OR `file` = 'portal/news' ) ORDER BY `is_public` DESC [ RunTime:0.000329s ]
[2026-04-21T23:52:45+08:00][sql] SELECT `option_value` FROM `cmf_option` WHERE  `option_name` = 'storage' LIMIT 1 [ RunTime:0.000175s ]
[2026-04-21T23:53:41+08:00][sql] CONNECT:[ UseTime:0.002043s ] mysql:host=127.0.0.1;port=3306;dbname=weihua;charset=utf8mb4
[2026-04-21T23:53:41+08:00][sql] SHOW FULL COLUMNS FROM `cmf_option` [ RunTime:0.017158s ]
[2026-04-21T23:53:41+08:00][sql] SELECT `option_value` FROM `cmf_option` WHERE  `option_name` = 'cdn_settings' LIMIT 1 [ RunTime:0.000854s ]
[2026-04-21T23:53:41+08:00][sql] SELECT `option_value` FROM `cmf_option` WHERE  `option_name` = 'cdn_settings' LIMIT 1 [ RunTime:0.000442s ]
[2026-04-21T23:53:41+08:00][sql] SHOW FULL COLUMNS FROM `cmf_product_category` [ RunTime:0.001913s ]
[2026-04-21T23:53:41+08:00][sql] SELECT * FROM `cmf_product_category` WHERE  `parent_id` = 0 ORDER BY `list_order` ASC,`create_time` DESC [ RunTime:0.000780s ]
[2026-04-21T23:53:41+08:00][sql] SELECT * FROM `cmf_product_category` WHERE  `parent_id` IN (18,19,20,21,22,23,24,25,26,27) [ RunTime:0.000338s ]
[2026-04-21T23:53:41+08:00][sql] SHOW FULL COLUMNS FROM `cmf_portal_category` [ RunTime:0.001496s ]
[2026-04-21T23:53:41+08:00][sql] SELECT * FROM `cmf_portal_category` WHERE (  `type` = 8 ) AND `cmf_portal_category`.`delete_time` = '0' ORDER BY `list_order` ASC [ RunTime:0.000560s ]
[2026-04-21T23:53:41+08:00][sql] SHOW FULL COLUMNS FROM `cmf_slide_item` [ RunTime:0.001666s ]
[2026-04-21T23:53:41+08:00][sql] SELECT `title`,`description`,`image` FROM `cmf_slide_item` WHERE  `slide_id` = 12 ORDER BY `list_order` ASC LIMIT 1 [ RunTime:0.000338s ]
[2026-04-21T23:53:41+08:00][sql] SELECT * FROM `cmf_portal_category` WHERE (  `id` = 0  AND `status` = 1 ) AND `cmf_portal_category`.`delete_time` = '0' LIMIT 1 [ RunTime:0.000284s ]
[2026-04-21T23:53:41+08:00][sql] SHOW FULL COLUMNS FROM `cmf_portal_post` [ RunTime:0.001683s ]
[2026-04-21T23:53:41+08:00][sql] SELECT COUNT(*) AS think_count FROM `cmf_portal_post` `p` LEFT JOIN `cmf_portal_category_post` `c` ON `p`.`id`=`c`.`post_id` WHERE (  `post_type` = 8 ) AND `p`.`delete_time` = '0' LIMIT 1 [ RunTime:0.001217s ]
[2026-04-21T23:53:41+08:00][sql] SELECT `p`.`id`,`p`.`post_title`,`p`.`thumbnail`,`p`.`more`,c.category_id as cid,`p`.`post_excerpt`,`p`.`create_time` FROM `cmf_portal_post` `p` LEFT JOIN `cmf_portal_category_post` `c` ON `p`.`id`=`c`.`post_id` WHERE (  `post_type` = 8 ) AND `p`.`delete_time` = '0' ORDER BY `c`.`list_order` ASC,`p`.`create_time` DESC LIMIT 0,6 [ RunTime:0.000359s ]
[2026-04-21T23:53:41+08:00][sql] SHOW FULL COLUMNS FROM `cmf_theme_file` [ RunTime:0.002581s ]
[2026-04-21T23:53:41+08:00][sql] SELECT `more`,`file`,`id` FROM `cmf_theme_file` WHERE  `theme` = 'simpleboot3'  AND (  `is_public` = 1 OR `file` = 'portal/news' ) ORDER BY `is_public` DESC [ RunTime:0.000360s ]
[2026-04-21T23:53:41+08:00][sql] SELECT `option_value` FROM `cmf_option` WHERE  `option_name` = 'storage' LIMIT 1 [ RunTime:0.000427s ]
[2026-04-21T23:53:43+08:00][sql] CONNECT:[ UseTime:0.001628s ] mysql:host=127.0.0.1;port=3306;dbname=weihua;charset=utf8mb4
[2026-04-21T23:53:43+08:00][sql] SHOW FULL COLUMNS FROM `cmf_option` [ RunTime:0.003575s ]
[2026-04-21T23:53:43+08:00][sql] SELECT `option_value` FROM `cmf_option` WHERE  `option_name` = 'cdn_settings' LIMIT 1 [ RunTime:0.000716s ]
[2026-04-21T23:53:43+08:00][sql] SELECT `option_value` FROM `cmf_option` WHERE  `option_name` = 'cdn_settings' LIMIT 1 [ RunTime:0.000491s ]
[2026-04-21T23:53:43+08:00][sql] SHOW FULL COLUMNS FROM `cmf_product_category` [ RunTime:0.001319s ]
[2026-04-21T23:53:43+08:00][sql] SELECT * FROM `cmf_product_category` WHERE  `parent_id` = 0 ORDER BY `list_order` ASC,`create_time` DESC [ RunTime:0.000869s ]
[2026-04-21T23:53:43+08:00][sql] SELECT * FROM `cmf_product_category` WHERE  `parent_id` IN (18,19,20,21,22,23,24,25,26,27) [ RunTime:0.000574s ]
[2026-04-21T23:53:43+08:00][sql] SHOW FULL COLUMNS FROM `cmf_portal_category` [ RunTime:0.002737s ]
[2026-04-21T23:53:43+08:00][sql] SELECT * FROM `cmf_portal_category` WHERE (  `type` = 8 ) AND `cmf_portal_category`.`delete_time` = '0' ORDER BY `list_order` ASC [ RunTime:0.000854s ]
[2026-04-21T23:53:43+08:00][sql] SHOW FULL COLUMNS FROM `cmf_slide_item` [ RunTime:0.002615s ]
[2026-04-21T23:53:43+08:00][sql] SELECT `title`,`description`,`image` FROM `cmf_slide_item` WHERE  `slide_id` = 12 ORDER BY `list_order` ASC LIMIT 1 [ RunTime:0.000828s ]
[2026-04-21T23:53:43+08:00][sql] SELECT * FROM `cmf_portal_category` WHERE (  `id` = 0  AND `status` = 1 ) AND `cmf_portal_category`.`delete_time` = '0' LIMIT 1 [ RunTime:0.000579s ]
[2026-04-21T23:53:43+08:00][sql] SHOW FULL COLUMNS FROM `cmf_portal_post` [ RunTime:0.002853s ]
[2026-04-21T23:53:43+08:00][sql] SELECT COUNT(*) AS think_count FROM `cmf_portal_post` `p` LEFT JOIN `cmf_portal_category_post` `c` ON `p`.`id`=`c`.`post_id` WHERE (  `post_type` = 8 ) AND `p`.`delete_time` = '0' LIMIT 1 [ RunTime:0.001059s ]
[2026-04-21T23:53:43+08:00][sql] SELECT `p`.`id`,`p`.`post_title`,`p`.`thumbnail`,`p`.`more`,c.category_id as cid,`p`.`post_excerpt`,`p`.`create_time` FROM `cmf_portal_post` `p` LEFT JOIN `cmf_portal_category_post` `c` ON `p`.`id`=`c`.`post_id` WHERE (  `post_type` = 8 ) AND `p`.`delete_time` = '0' ORDER BY `c`.`list_order` ASC,`p`.`create_time` DESC LIMIT 0,6 [ RunTime:0.000750s ]
[2026-04-21T23:53:43+08:00][sql] SHOW FULL COLUMNS FROM `cmf_theme_file` [ RunTime:0.002269s ]
[2026-04-21T23:53:43+08:00][sql] SELECT `more`,`file`,`id` FROM `cmf_theme_file` WHERE  `theme` = 'simpleboot3'  AND (  `is_public` = 1 OR `file` = 'portal/news' ) ORDER BY `is_public` DESC [ RunTime:0.000682s ]
[2026-04-21T23:53:43+08:00][sql] SELECT `option_value` FROM `cmf_option` WHERE  `option_name` = 'storage' LIMIT 1 [ RunTime:0.001128s ]
[2026-04-21T23:53:44+08:00][sql] CONNECT:[ UseTime:0.001501s ] mysql:host=127.0.0.1;port=3306;dbname=weihua;charset=utf8mb4
[2026-04-21T23:53:44+08:00][sql] SHOW FULL COLUMNS FROM `cmf_option` [ RunTime:0.002578s ]
[2026-04-21T23:53:44+08:00][sql] SELECT `option_value` FROM `cmf_option` WHERE  `option_name` = 'cdn_settings' LIMIT 1 [ RunTime:0.000398s ]
[2026-04-21T23:53:44+08:00][sql] SELECT `option_value` FROM `cmf_option` WHERE  `option_name` = 'cdn_settings' LIMIT 1 [ RunTime:0.000389s ]
[2026-04-21T23:53:44+08:00][sql] SHOW FULL COLUMNS FROM `cmf_product_category` [ RunTime:0.001404s ]
[2026-04-21T23:53:44+08:00][sql] SELECT * FROM `cmf_product_category` WHERE  `parent_id` = 0 ORDER BY `list_order` ASC,`create_time` DESC [ RunTime:0.000542s ]
[2026-04-21T23:53:44+08:00][sql] SELECT * FROM `cmf_product_category` WHERE  `parent_id` IN (18,19,20,21,22,23,24,25,26,27) [ RunTime:0.000261s ]
[2026-04-21T23:53:44+08:00][sql] SHOW FULL COLUMNS FROM `cmf_portal_category` [ RunTime:0.001344s ]
[2026-04-21T23:53:44+08:00][sql] SELECT * FROM `cmf_portal_category` WHERE (  `type` = 8 ) AND `cmf_portal_category`.`delete_time` = '0' ORDER BY `list_order` ASC [ RunTime:0.000396s ]
[2026-04-21T23:53:44+08:00][sql] SHOW FULL COLUMNS FROM `cmf_slide_item` [ RunTime:0.001138s ]
[2026-04-21T23:53:44+08:00][sql] SELECT `title`,`description`,`image` FROM `cmf_slide_item` WHERE  `slide_id` = 3 ORDER BY `list_order` ASC LIMIT 1 [ RunTime:0.000482s ]
[2026-04-21T23:53:44+08:00][sql] SHOW FULL COLUMNS FROM `cmf_portal_post` [ RunTime:0.001336s ]
[2026-04-21T23:53:44+08:00][sql] SELECT COUNT(*) AS think_count FROM `cmf_portal_post` WHERE (  `post_type` = 3 ) AND `cmf_portal_post`.`delete_time` = '0' LIMIT 1 [ RunTime:0.000520s ]
[2026-04-21T23:53:44+08:00][sql] SELECT `id`,`more`,`post_title`,`post_excerpt` FROM `cmf_portal_post` WHERE (  `post_type` = 3 ) AND `cmf_portal_post`.`delete_time` = '0' ORDER BY `create_time` DESC LIMIT 0,9 [ RunTime:0.000296s ]
[2026-04-21T23:53:44+08:00][sql] SHOW FULL COLUMNS FROM `cmf_theme_file` [ RunTime:0.000986s ]
[2026-04-21T23:53:44+08:00][sql] SELECT `more`,`file`,`id` FROM `cmf_theme_file` WHERE  `theme` = 'simpleboot3'  AND (  `is_public` = 1 OR `file` = 'portal/industries' ) ORDER BY `is_public` DESC [ RunTime:0.000506s ]
[2026-04-21T23:53:44+08:00][sql] SELECT `option_value` FROM `cmf_option` WHERE  `option_name` = 'storage' LIMIT 1 [ RunTime:0.000340s ]
[2026-04-21T23:53:45+08:00][sql] CONNECT:[ UseTime:0.001165s ] mysql:host=127.0.0.1;port=3306;dbname=weihua;charset=utf8mb4
[2026-04-21T23:53:45+08:00][sql] SHOW FULL COLUMNS FROM `cmf_option` [ RunTime:0.002716s ]
[2026-04-21T23:53:45+08:00][sql] SELECT `option_value` FROM `cmf_option` WHERE  `option_name` = 'cdn_settings' LIMIT 1 [ RunTime:0.000498s ]
[2026-04-21T23:53:45+08:00][sql] SELECT `option_value` FROM `cmf_option` WHERE  `option_name` = 'cdn_settings' LIMIT 1 [ RunTime:0.000375s ]
[2026-04-21T23:53:45+08:00][sql] SHOW FULL COLUMNS FROM `cmf_product_category` [ RunTime:0.001421s ]
[2026-04-21T23:53:45+08:00][sql] SELECT * FROM `cmf_product_category` WHERE  `parent_id` = 0 ORDER BY `list_order` ASC,`create_time` DESC [ RunTime:0.000472s ]
[2026-04-21T23:53:45+08:00][sql] SELECT * FROM `cmf_product_category` WHERE  `parent_id` IN (18,19,20,21,22,23,24,25,26,27) [ RunTime:0.000259s ]
[2026-04-21T23:53:45+08:00][sql] SHOW FULL COLUMNS FROM `cmf_portal_category` [ RunTime:0.001239s ]
[2026-04-21T23:53:45+08:00][sql] SELECT * FROM `cmf_portal_category` WHERE (  `type` = 8 ) AND `cmf_portal_category`.`delete_time` = '0' ORDER BY `list_order` ASC [ RunTime:0.000465s ]
[2026-04-21T23:53:45+08:00][sql] SHOW FULL COLUMNS FROM `cmf_slide_item` [ RunTime:0.001156s ]
[2026-04-21T23:53:45+08:00][sql] SELECT `title`,`description`,`image` FROM `cmf_slide_item` WHERE  `slide_id` = 6 ORDER BY `list_order` ASC LIMIT 1 [ RunTime:0.000411s ]
[2026-04-21T23:53:45+08:00][sql] SHOW FULL COLUMNS FROM `cmf_theme_file` [ RunTime:0.001102s ]
[2026-04-21T23:53:45+08:00][sql] SELECT `more`,`file`,`id` FROM `cmf_theme_file` WHERE  `theme` = 'simpleboot3'  AND (  `is_public` = 1 OR `file` = 'portal/service' ) ORDER BY `is_public` DESC [ RunTime:0.000353s ]
[2026-04-21T23:53:45+08:00][sql] SELECT `option_value` FROM `cmf_option` WHERE  `option_name` = 'storage' LIMIT 1 [ RunTime:0.000506s ]
[2026-04-21T23:53:45+08:00][sql] CONNECT:[ UseTime:0.000685s ] mysql:host=127.0.0.1;port=3306;dbname=weihua;charset=utf8mb4
[2026-04-21T23:53:45+08:00][sql] SHOW FULL COLUMNS FROM `cmf_option` [ RunTime:0.002468s ]
[2026-04-21T23:53:45+08:00][sql] SELECT `option_value` FROM `cmf_option` WHERE  `option_name` = 'cdn_settings' LIMIT 1 [ RunTime:0.000373s ]
[2026-04-21T23:53:45+08:00][sql] SELECT `option_value` FROM `cmf_option` WHERE  `option_name` = 'cdn_settings' LIMIT 1 [ RunTime:0.000573s ]
[2026-04-21T23:53:45+08:00][sql] SHOW FULL COLUMNS FROM `cmf_product_category` [ RunTime:0.001634s ]
[2026-04-21T23:53:45+08:00][sql] SELECT * FROM `cmf_product_category` WHERE  `parent_id` = 0 ORDER BY `list_order` ASC,`create_time` DESC [ RunTime:0.000414s ]
[2026-04-21T23:53:45+08:00][sql] SELECT * FROM `cmf_product_category` WHERE  `parent_id` IN (18,19,20,21,22,23,24,25,26,27) [ RunTime:0.000235s ]
[2026-04-21T23:53:45+08:00][sql] SHOW FULL COLUMNS FROM `cmf_portal_category` [ RunTime:0.002669s ]
[2026-04-21T23:53:45+08:00][sql] SELECT * FROM `cmf_portal_category` WHERE (  `type` = 8 ) AND `cmf_portal_category`.`delete_time` = '0' ORDER BY `list_order` ASC [ RunTime:0.000716s ]
[2026-04-21T23:53:45+08:00][sql] SHOW FULL COLUMNS FROM `cmf_product` [ RunTime:0.002661s ]
[2026-04-21T23:53:45+08:00][sql] SELECT COUNT(*) AS think_count FROM `cmf_product` LIMIT 1 [ RunTime:0.000439s ]
[2026-04-21T23:53:45+08:00][sql] SELECT `id`,`category_id`,`title`,`thumbnail`,`industry` FROM `cmf_product` ORDER BY `list_order` ASC,`create_time` DESC LIMIT 0,12 [ RunTime:0.000266s ]
[2026-04-21T23:53:45+08:00][sql] SHOW FULL COLUMNS FROM `cmf_slide_item` [ RunTime:0.001179s ]
[2026-04-21T23:53:45+08:00][sql] SELECT `title`,`description`,`image` FROM `cmf_slide_item` WHERE  `slide_id` = 2 ORDER BY `list_order` ASC LIMIT 1 [ RunTime:0.000373s ]
[2026-04-21T23:53:45+08:00][sql] SHOW FULL COLUMNS FROM `cmf_theme_file` [ RunTime:0.001081s ]
[2026-04-21T23:53:45+08:00][sql] SELECT `more`,`file`,`id` FROM `cmf_theme_file` WHERE  `theme` = 'simpleboot3'  AND (  `is_public` = 1 OR `file` = 'portal/product' ) ORDER BY `is_public` DESC [ RunTime:0.000464s ]
[2026-04-21T23:53:45+08:00][sql] SELECT `option_value` FROM `cmf_option` WHERE  `option_name` = 'storage' LIMIT 1 [ RunTime:0.000281s ]
[2026-04-21T23:53:46+08:00][sql] CONNECT:[ UseTime:0.000674s ] mysql:host=127.0.0.1;port=3306;dbname=weihua;charset=utf8mb4
[2026-04-21T23:53:46+08:00][sql] SHOW FULL COLUMNS FROM `cmf_option` [ RunTime:0.002426s ]
[2026-04-21T23:53:46+08:00][sql] SELECT `option_value` FROM `cmf_option` WHERE  `option_name` = 'cdn_settings' LIMIT 1 [ RunTime:0.000302s ]
[2026-04-21T23:53:46+08:00][sql] SELECT `option_value` FROM `cmf_option` WHERE  `option_name` = 'cdn_settings' LIMIT 1 [ RunTime:0.000224s ]
[2026-04-21T23:53:46+08:00][sql] SHOW FULL COLUMNS FROM `cmf_product_category` [ RunTime:0.002450s ]
[2026-04-21T23:53:46+08:00][sql] SELECT * FROM `cmf_product_category` WHERE  `parent_id` = 0 ORDER BY `list_order` ASC,`create_time` DESC [ RunTime:0.000889s ]
[2026-04-21T23:53:46+08:00][sql] SELECT * FROM `cmf_product_category` WHERE  `parent_id` IN (18,19,20,21,22,23,24,25,26,27) [ RunTime:0.000580s ]
[2026-04-21T23:53:46+08:00][sql] SHOW FULL COLUMNS FROM `cmf_portal_category` [ RunTime:0.001735s ]
[2026-04-21T23:53:46+08:00][sql] SELECT * FROM `cmf_portal_category` WHERE (  `type` = 8 ) AND `cmf_portal_category`.`delete_time` = '0' ORDER BY `list_order` ASC [ RunTime:0.000406s ]
[2026-04-21T23:53:46+08:00][sql] SHOW FULL COLUMNS FROM `cmf_slide_item` [ RunTime:0.002140s ]
[2026-04-21T23:53:46+08:00][sql] SELECT `title`,`image`,`content` FROM `cmf_slide_item` WHERE  `slide_id` = 1 ORDER BY `list_order` ASC [ RunTime:0.000400s ]
[2026-04-21T23:53:46+08:00][sql] SELECT * FROM `cmf_product_category` WHERE  `parent_id` = 0  AND `recommend` = 1 ORDER BY `list_order` ASC,`create_time` DESC [ RunTime:0.000654s ]
[2026-04-21T23:53:46+08:00][sql] SHOW FULL COLUMNS FROM `cmf_product` [ RunTime:0.004505s ]
[2026-04-21T23:53:46+08:00][sql] SELECT `id`,`title`,`thumbnail`,`industry` FROM `cmf_product` WHERE  `is_recommended` = 1  AND `category_id` = 18 ORDER BY `list_order` ASC LIMIT 6 [ RunTime:0.000973s ]
[2026-04-21T23:53:46+08:00][sql] SELECT `id`,`title`,`thumbnail`,`industry` FROM `cmf_product` WHERE  `is_recommended` = 1  AND `category_id` = 19 ORDER BY `list_order` ASC LIMIT 6 [ RunTime:0.000397s ]
[2026-04-21T23:53:46+08:00][sql] SELECT `id`,`title`,`thumbnail`,`industry` FROM `cmf_product` WHERE  `is_recommended` = 1  AND `category_id` = 20 ORDER BY `list_order` ASC LIMIT 6 [ RunTime:0.000275s ]
[2026-04-21T23:53:46+08:00][sql] SHOW FULL COLUMNS FROM `cmf_portal_post` [ RunTime:0.001558s ]
[2026-04-21T23:53:46+08:00][sql] SELECT `p`.`id`,`p`.`post_title`,`p`.`post_excerpt`,`p`.`thumbnail`,`p`.`create_time`,`c`.`category_id` FROM `cmf_portal_post` `p` INNER JOIN `cmf_portal_category_post` `c` ON `p`.`id`=`c`.`post_id` WHERE (  `p`.`post_type` = '8' ) AND `p`.`delete_time` = '0' ORDER BY `c`.`list_order` ASC,`p`.`create_time` DESC LIMIT 4 [ RunTime:0.000480s ]
[2026-04-21T23:53:46+08:00][sql] SHOW FULL COLUMNS FROM `cmf_theme_file` [ RunTime:0.000958s ]
[2026-04-21T23:53:46+08:00][sql] SELECT `more`,`file`,`id` FROM `cmf_theme_file` WHERE  `theme` = 'simpleboot3'  AND (  `is_public` = 1 OR `file` = 'portal/index' ) ORDER BY `is_public` DESC [ RunTime:0.000282s ]
[2026-04-21T23:53:46+08:00][sql] SELECT `option_value` FROM `cmf_option` WHERE  `option_name` = 'storage' LIMIT 1 [ RunTime:0.000396s ]
[2026-04-21T23:53:47+08:00][sql] CONNECT:[ UseTime:0.000964s ] mysql:host=127.0.0.1;port=3306;dbname=weihua;charset=utf8mb4
[2026-04-21T23:53:47+08:00][sql] SHOW FULL COLUMNS FROM `cmf_option` [ RunTime:0.002452s ]
[2026-04-21T23:53:47+08:00][sql] SELECT `option_value` FROM `cmf_option` WHERE  `option_name` = 'cdn_settings' LIMIT 1 [ RunTime:0.000483s ]
[2026-04-21T23:53:47+08:00][sql] SELECT `option_value` FROM `cmf_option` WHERE  `option_name` = 'cdn_settings' LIMIT 1 [ RunTime:0.000288s ]
[2026-04-21T23:53:47+08:00][sql] SHOW FULL COLUMNS FROM `cmf_product_category` [ RunTime:0.001387s ]
[2026-04-21T23:53:47+08:00][sql] SELECT * FROM `cmf_product_category` WHERE  `parent_id` = 0 ORDER BY `list_order` ASC,`create_time` DESC [ RunTime:0.000489s ]
[2026-04-21T23:53:47+08:00][sql] SELECT * FROM `cmf_product_category` WHERE  `parent_id` IN (18,19,20,21,22,23,24,25,26,27) [ RunTime:0.000266s ]
[2026-04-21T23:53:47+08:00][sql] SHOW FULL COLUMNS FROM `cmf_portal_category` [ RunTime:0.001402s ]
[2026-04-21T23:53:47+08:00][sql] SELECT * FROM `cmf_portal_category` WHERE (  `type` = 8 ) AND `cmf_portal_category`.`delete_time` = '0' ORDER BY `list_order` ASC [ RunTime:0.000424s ]
[2026-04-21T23:53:47+08:00][sql] SHOW FULL COLUMNS FROM `cmf_product` [ RunTime:0.002993s ]
[2026-04-21T23:53:47+08:00][sql] SELECT COUNT(*) AS think_count FROM `cmf_product` LIMIT 1 [ RunTime:0.000383s ]
[2026-04-21T23:53:47+08:00][sql] SELECT `id`,`category_id`,`title`,`thumbnail`,`industry` FROM `cmf_product` ORDER BY `list_order` ASC,`create_time` DESC LIMIT 0,12 [ RunTime:0.000411s ]
[2026-04-21T23:53:47+08:00][sql] SHOW FULL COLUMNS FROM `cmf_slide_item` [ RunTime:0.000971s ]
[2026-04-21T23:53:47+08:00][sql] SELECT `title`,`description`,`image` FROM `cmf_slide_item` WHERE  `slide_id` = 2 ORDER BY `list_order` ASC LIMIT 1 [ RunTime:0.000313s ]
[2026-04-21T23:53:47+08:00][sql] SHOW FULL COLUMNS FROM `cmf_theme_file` [ RunTime:0.000890s ]
[2026-04-21T23:53:47+08:00][sql] SELECT `more`,`file`,`id` FROM `cmf_theme_file` WHERE  `theme` = 'simpleboot3'  AND (  `is_public` = 1 OR `file` = 'portal/product' ) ORDER BY `is_public` DESC [ RunTime:0.000383s ]
[2026-04-21T23:53:47+08:00][sql] SELECT `option_value` FROM `cmf_option` WHERE  `option_name` = 'storage' LIMIT 1 [ RunTime:0.000328s ]
[2026-04-21T23:53:48+08:00][sql] CONNECT:[ UseTime:0.013341s ] mysql:host=127.0.0.1;port=3306;dbname=weihua;charset=utf8mb4
[2026-04-21T23:53:48+08:00][sql] SHOW FULL COLUMNS FROM `cmf_option` [ RunTime:0.002000s ]
[2026-04-21T23:53:48+08:00][sql] SELECT `option_value` FROM `cmf_option` WHERE  `option_name` = 'cdn_settings' LIMIT 1 [ RunTime:0.000785s ]
[2026-04-21T23:53:48+08:00][sql] SELECT `option_value` FROM `cmf_option` WHERE  `option_name` = 'cdn_settings' LIMIT 1 [ RunTime:0.000465s ]
[2026-04-21T23:53:48+08:00][sql] SHOW FULL COLUMNS FROM `cmf_product_category` [ RunTime:0.002128s ]
[2026-04-21T23:53:48+08:00][sql] SELECT * FROM `cmf_product_category` WHERE  `parent_id` = 0 ORDER BY `list_order` ASC,`create_time` DESC [ RunTime:0.000429s ]
[2026-04-21T23:53:48+08:00][sql] SELECT * FROM `cmf_product_category` WHERE  `parent_id` IN (18,19,20,21,22,23,24,25,26,27) [ RunTime:0.000321s ]
[2026-04-21T23:53:48+08:00][sql] SHOW FULL COLUMNS FROM `cmf_portal_category` [ RunTime:0.001445s ]
[2026-04-21T23:53:48+08:00][sql] SELECT * FROM `cmf_portal_category` WHERE (  `type` = 8 ) AND `cmf_portal_category`.`delete_time` = '0' ORDER BY `list_order` ASC [ RunTime:0.000801s ]
[2026-04-21T23:53:48+08:00][sql] SHOW FULL COLUMNS FROM `cmf_slide_item` [ RunTime:0.002256s ]
[2026-04-21T23:53:48+08:00][sql] SELECT `title`,`description`,`image` FROM `cmf_slide_item` WHERE  `slide_id` = 6 ORDER BY `list_order` ASC LIMIT 1 [ RunTime:0.000641s ]
[2026-04-21T23:53:48+08:00][sql] SHOW FULL COLUMNS FROM `cmf_theme_file` [ RunTime:0.002253s ]
[2026-04-21T23:53:48+08:00][sql] SELECT `more`,`file`,`id` FROM `cmf_theme_file` WHERE  `theme` = 'simpleboot3'  AND (  `is_public` = 1 OR `file` = 'portal/service' ) ORDER BY `is_public` DESC [ RunTime:0.000647s ]
[2026-04-21T23:53:48+08:00][sql] SELECT `option_value` FROM `cmf_option` WHERE  `option_name` = 'storage' LIMIT 1 [ RunTime:0.000457s ]
[2026-04-21T23:53:49+08:00][sql] CONNECT:[ UseTime:0.000971s ] mysql:host=127.0.0.1;port=3306;dbname=weihua;charset=utf8mb4
[2026-04-21T23:53:49+08:00][sql] SHOW FULL COLUMNS FROM `cmf_option` [ RunTime:0.002253s ]
[2026-04-21T23:53:49+08:00][sql] SELECT `option_value` FROM `cmf_option` WHERE  `option_name` = 'cdn_settings' LIMIT 1 [ RunTime:0.000474s ]
[2026-04-21T23:53:49+08:00][sql] SELECT `option_value` FROM `cmf_option` WHERE  `option_name` = 'cdn_settings' LIMIT 1 [ RunTime:0.000262s ]
[2026-04-21T23:53:49+08:00][sql] SHOW FULL COLUMNS FROM `cmf_product_category` [ RunTime:0.001421s ]
[2026-04-21T23:53:49+08:00][sql] SELECT * FROM `cmf_product_category` WHERE  `parent_id` = 0 ORDER BY `list_order` ASC,`create_time` DESC [ RunTime:0.000547s ]
[2026-04-21T23:53:49+08:00][sql] SELECT * FROM `cmf_product_category` WHERE  `parent_id` IN (18,19,20,21,22,23,24,25,26,27) [ RunTime:0.000300s ]
[2026-04-21T23:53:49+08:00][sql] SHOW FULL COLUMNS FROM `cmf_portal_category` [ RunTime:0.001228s ]
[2026-04-21T23:53:49+08:00][sql] SELECT * FROM `cmf_portal_category` WHERE (  `type` = 8 ) AND `cmf_portal_category`.`delete_time` = '0' ORDER BY `list_order` ASC [ RunTime:0.000321s ]
[2026-04-21T23:53:49+08:00][sql] SHOW FULL COLUMNS FROM `cmf_slide_item` [ RunTime:0.001620s ]
[2026-04-21T23:53:49+08:00][sql] SELECT `title`,`description`,`image` FROM `cmf_slide_item` WHERE  `slide_id` = 3 ORDER BY `list_order` ASC LIMIT 1 [ RunTime:0.000394s ]
[2026-04-21T23:53:49+08:00][sql] SHOW FULL COLUMNS FROM `cmf_portal_post` [ RunTime:0.001188s ]
[2026-04-21T23:53:49+08:00][sql] SELECT COUNT(*) AS think_count FROM `cmf_portal_post` WHERE (  `post_type` = 3 ) AND `cmf_portal_post`.`delete_time` = '0' LIMIT 1 [ RunTime:0.000425s ]
[2026-04-21T23:53:49+08:00][sql] SELECT `id`,`more`,`post_title`,`post_excerpt` FROM `cmf_portal_post` WHERE (  `post_type` = 3 ) AND `cmf_portal_post`.`delete_time` = '0' ORDER BY `create_time` DESC LIMIT 0,9 [ RunTime:0.000270s ]
[2026-04-21T23:53:49+08:00][sql] SHOW FULL COLUMNS FROM `cmf_theme_file` [ RunTime:0.000954s ]
[2026-04-21T23:53:49+08:00][sql] SELECT `more`,`file`,`id` FROM `cmf_theme_file` WHERE  `theme` = 'simpleboot3'  AND (  `is_public` = 1 OR `file` = 'portal/industries' ) ORDER BY `is_public` DESC [ RunTime:0.000410s ]
[2026-04-21T23:53:49+08:00][sql] SELECT `option_value` FROM `cmf_option` WHERE  `option_name` = 'storage' LIMIT 1 [ RunTime:0.000217s ]
[2026-04-21T23:53:49+08:00][sql] CONNECT:[ UseTime:0.001067s ] mysql:host=127.0.0.1;port=3306;dbname=weihua;charset=utf8mb4
[2026-04-21T23:53:49+08:00][sql] SHOW FULL COLUMNS FROM `cmf_option` [ RunTime:0.002479s ]
[2026-04-21T23:53:49+08:00][sql] SELECT `option_value` FROM `cmf_option` WHERE  `option_name` = 'cdn_settings' LIMIT 1 [ RunTime:0.000443s ]
[2026-04-21T23:53:49+08:00][sql] SELECT `option_value` FROM `cmf_option` WHERE  `option_name` = 'cdn_settings' LIMIT 1 [ RunTime:0.000305s ]
[2026-04-21T23:53:49+08:00][sql] SHOW FULL COLUMNS FROM `cmf_product_category` [ RunTime:0.001356s ]
[2026-04-21T23:53:49+08:00][sql] SELECT * FROM `cmf_product_category` WHERE  `parent_id` = 0 ORDER BY `list_order` ASC,`create_time` DESC [ RunTime:0.000427s ]
[2026-04-21T23:53:49+08:00][sql] SELECT * FROM `cmf_product_category` WHERE  `parent_id` IN (18,19,20,21,22,23,24,25,26,27) [ RunTime:0.000295s ]
[2026-04-21T23:53:49+08:00][sql] SHOW FULL COLUMNS FROM `cmf_portal_category` [ RunTime:0.001240s ]
[2026-04-21T23:53:49+08:00][sql] SELECT * FROM `cmf_portal_category` WHERE (  `type` = 8 ) AND `cmf_portal_category`.`delete_time` = '0' ORDER BY `list_order` ASC [ RunTime:0.000517s ]
[2026-04-21T23:53:49+08:00][sql] SHOW FULL COLUMNS FROM `cmf_slide_item` [ RunTime:0.001307s ]
[2026-04-21T23:53:49+08:00][sql] SELECT `title`,`description`,`image` FROM `cmf_slide_item` WHERE  `slide_id` = 12 ORDER BY `list_order` ASC LIMIT 1 [ RunTime:0.000775s ]
[2026-04-21T23:53:49+08:00][sql] SELECT * FROM `cmf_portal_category` WHERE (  `id` = 0  AND `status` = 1 ) AND `cmf_portal_category`.`delete_time` = '0' LIMIT 1 [ RunTime:0.000611s ]
[2026-04-21T23:53:49+08:00][sql] SHOW FULL COLUMNS FROM `cmf_portal_post` [ RunTime:0.002331s ]
[2026-04-21T23:53:49+08:00][sql] SELECT COUNT(*) AS think_count FROM `cmf_portal_post` `p` LEFT JOIN `cmf_portal_category_post` `c` ON `p`.`id`=`c`.`post_id` WHERE (  `post_type` = 8 ) AND `p`.`delete_time` = '0' LIMIT 1 [ RunTime:0.000528s ]
[2026-04-21T23:53:49+08:00][sql] SELECT `p`.`id`,`p`.`post_title`,`p`.`thumbnail`,`p`.`more`,c.category_id as cid,`p`.`post_excerpt`,`p`.`create_time` FROM `cmf_portal_post` `p` LEFT JOIN `cmf_portal_category_post` `c` ON `p`.`id`=`c`.`post_id` WHERE (  `post_type` = 8 ) AND `p`.`delete_time` = '0' ORDER BY `c`.`list_order` ASC,`p`.`create_time` DESC LIMIT 0,6 [ RunTime:0.000337s ]
[2026-04-21T23:53:49+08:00][sql] SHOW FULL COLUMNS FROM `cmf_theme_file` [ RunTime:0.001167s ]
[2026-04-21T23:53:49+08:00][sql] SELECT `more`,`file`,`id` FROM `cmf_theme_file` WHERE  `theme` = 'simpleboot3'  AND (  `is_public` = 1 OR `file` = 'portal/news' ) ORDER BY `is_public` DESC [ RunTime:0.000335s ]
[2026-04-21T23:53:49+08:00][sql] SELECT `option_value` FROM `cmf_option` WHERE  `option_name` = 'storage' LIMIT 1 [ RunTime:0.000320s ]
[2026-04-21T23:53:51+08:00][sql] CONNECT:[ UseTime:0.001179s ] mysql:host=127.0.0.1;port=3306;dbname=weihua;charset=utf8mb4
[2026-04-21T23:53:51+08:00][sql] SHOW FULL COLUMNS FROM `cmf_option` [ RunTime:0.002967s ]
[2026-04-21T23:53:51+08:00][sql] SELECT `option_value` FROM `cmf_option` WHERE  `option_name` = 'cdn_settings' LIMIT 1 [ RunTime:0.000519s ]
[2026-04-21T23:53:51+08:00][sql] SELECT `option_value` FROM `cmf_option` WHERE  `option_name` = 'cdn_settings' LIMIT 1 [ RunTime:0.000265s ]
[2026-04-21T23:53:51+08:00][sql] SHOW FULL COLUMNS FROM `cmf_product_category` [ RunTime:0.001218s ]
[2026-04-21T23:53:51+08:00][sql] SELECT * FROM `cmf_product_category` WHERE  `parent_id` = 0 ORDER BY `list_order` ASC,`create_time` DESC [ RunTime:0.000435s ]
[2026-04-21T23:53:51+08:00][sql] SELECT * FROM `cmf_product_category` WHERE  `parent_id` IN (18,19,20,21,22,23,24,25,26,27) [ RunTime:0.000548s ]
[2026-04-21T23:53:51+08:00][sql] SHOW FULL COLUMNS FROM `cmf_portal_category` [ RunTime:0.002588s ]
[2026-04-21T23:53:51+08:00][sql] SELECT * FROM `cmf_portal_category` WHERE (  `type` = 8 ) AND `cmf_portal_category`.`delete_time` = '0' ORDER BY `list_order` ASC [ RunTime:0.000710s ]
[2026-04-21T23:53:51+08:00][sql] SHOW FULL COLUMNS FROM `cmf_slide_item` [ RunTime:0.002437s ]
[2026-04-21T23:53:51+08:00][sql] SELECT `title`,`description`,`image` FROM `cmf_slide_item` WHERE  `slide_id` = 4 ORDER BY `list_order` ASC LIMIT 1 [ RunTime:0.000712s ]
[2026-04-21T23:53:51+08:00][sql] SHOW FULL COLUMNS FROM `cmf_theme_file` [ RunTime:0.002158s ]
[2026-04-21T23:53:51+08:00][sql] SELECT `more`,`file`,`id` FROM `cmf_theme_file` WHERE  `theme` = 'simpleboot3'  AND (  `is_public` = 1 OR `file` = 'portal/about' ) ORDER BY `is_public` DESC [ RunTime:0.000650s ]
[2026-04-21T23:53:51+08:00][sql] SELECT `option_value` FROM `cmf_option` WHERE  `option_name` = 'storage' LIMIT 1 [ RunTime:0.000415s ]
[2026-04-21T23:53:51+08:00][sql] CONNECT:[ UseTime:0.001141s ] mysql:host=127.0.0.1;port=3306;dbname=weihua;charset=utf8mb4
[2026-04-21T23:53:51+08:00][sql] SHOW FULL COLUMNS FROM `cmf_option` [ RunTime:0.002210s ]
[2026-04-21T23:53:51+08:00][sql] SELECT `option_value` FROM `cmf_option` WHERE  `option_name` = 'cdn_settings' LIMIT 1 [ RunTime:0.000419s ]
[2026-04-21T23:53:51+08:00][sql] SELECT `option_value` FROM `cmf_option` WHERE  `option_name` = 'cdn_settings' LIMIT 1 [ RunTime:0.000235s ]
[2026-04-21T23:53:51+08:00][sql] SHOW FULL COLUMNS FROM `cmf_product_category` [ RunTime:0.001108s ]
[2026-04-21T23:53:51+08:00][sql] SELECT * FROM `cmf_product_category` WHERE  `parent_id` = 0 ORDER BY `list_order` ASC,`create_time` DESC [ RunTime:0.000345s ]
[2026-04-21T23:53:51+08:00][sql] SELECT * FROM `cmf_product_category` WHERE  `parent_id` IN (18,19,20,21,22,23,24,25,26,27) [ RunTime:0.000251s ]
[2026-04-21T23:53:51+08:00][sql] SHOW FULL COLUMNS FROM `cmf_portal_category` [ RunTime:0.001115s ]
[2026-04-21T23:53:51+08:00][sql] SELECT * FROM `cmf_portal_category` WHERE (  `type` = 8 ) AND `cmf_portal_category`.`delete_time` = '0' ORDER BY `list_order` ASC [ RunTime:0.000501s ]
[2026-04-21T23:53:51+08:00][sql] SHOW FULL COLUMNS FROM `cmf_slide_item` [ RunTime:0.002129s ]
[2026-04-21T23:53:51+08:00][sql] SELECT `title`,`description`,`image` FROM `cmf_slide_item` WHERE  `slide_id` = 5 ORDER BY `list_order` ASC LIMIT 1 [ RunTime:0.000340s ]
[2026-04-21T23:53:51+08:00][sql] SHOW FULL COLUMNS FROM `cmf_theme_file` [ RunTime:0.001746s ]
[2026-04-21T23:53:51+08:00][sql] SELECT `more`,`file`,`id` FROM `cmf_theme_file` WHERE  `theme` = 'simpleboot3'  AND (  `is_public` = 1 OR `file` = 'portal/quote' ) ORDER BY `is_public` DESC [ RunTime:0.000606s ]
[2026-04-21T23:53:51+08:00][sql] SELECT `option_value` FROM `cmf_option` WHERE  `option_name` = 'storage' LIMIT 1 [ RunTime:0.000385s ]
[2026-04-21T23:53:52+08:00][sql] CONNECT:[ UseTime:0.001023s ] mysql:host=127.0.0.1;port=3306;dbname=weihua;charset=utf8mb4
[2026-04-21T23:53:52+08:00][sql] SHOW FULL COLUMNS FROM `cmf_option` [ RunTime:0.002071s ]
[2026-04-21T23:53:52+08:00][sql] SELECT `option_value` FROM `cmf_option` WHERE  `option_name` = 'cdn_settings' LIMIT 1 [ RunTime:0.000366s ]
[2026-04-21T23:53:52+08:00][sql] SELECT `option_value` FROM `cmf_option` WHERE  `option_name` = 'cdn_settings' LIMIT 1 [ RunTime:0.000239s ]
[2026-04-21T23:53:52+08:00][sql] SHOW FULL COLUMNS FROM `cmf_product_category` [ RunTime:0.001172s ]
[2026-04-21T23:53:52+08:00][sql] SELECT * FROM `cmf_product_category` WHERE  `parent_id` = 0 ORDER BY `list_order` ASC,`create_time` DESC [ RunTime:0.000626s ]
[2026-04-21T23:53:52+08:00][sql] SELECT * FROM `cmf_product_category` WHERE  `parent_id` IN (18,19,20,21,22,23,24,25,26,27) [ RunTime:0.000422s ]
[2026-04-21T23:53:52+08:00][sql] SHOW FULL COLUMNS FROM `cmf_portal_category` [ RunTime:0.001798s ]
[2026-04-21T23:53:52+08:00][sql] SELECT * FROM `cmf_portal_category` WHERE (  `type` = 8 ) AND `cmf_portal_category`.`delete_time` = '0' ORDER BY `list_order` ASC [ RunTime:0.000584s ]
[2026-04-21T23:53:52+08:00][sql] SHOW FULL COLUMNS FROM `cmf_slide_item` [ RunTime:0.001350s ]
[2026-04-21T23:53:52+08:00][sql] SELECT `title`,`description`,`image` FROM `cmf_slide_item` WHERE  `slide_id` = 4 ORDER BY `list_order` ASC LIMIT 1 [ RunTime:0.000324s ]
[2026-04-21T23:53:52+08:00][sql] SHOW FULL COLUMNS FROM `cmf_theme_file` [ RunTime:0.001603s ]
[2026-04-21T23:53:52+08:00][sql] SELECT `more`,`file`,`id` FROM `cmf_theme_file` WHERE  `theme` = 'simpleboot3'  AND (  `is_public` = 1 OR `file` = 'portal/about' ) ORDER BY `is_public` DESC [ RunTime:0.000558s ]
[2026-04-21T23:53:52+08:00][sql] SELECT `option_value` FROM `cmf_option` WHERE  `option_name` = 'storage' LIMIT 1 [ RunTime:0.000421s ]
[2026-04-21T23:53:52+08:00][sql] CONNECT:[ UseTime:0.000745s ] mysql:host=127.0.0.1;port=3306;dbname=weihua;charset=utf8mb4
[2026-04-21T23:53:52+08:00][sql] SHOW FULL COLUMNS FROM `cmf_option` [ RunTime:0.001694s ]
[2026-04-21T23:53:52+08:00][sql] SELECT `option_value` FROM `cmf_option` WHERE  `option_name` = 'cdn_settings' LIMIT 1 [ RunTime:0.000312s ]
[2026-04-21T23:53:52+08:00][sql] SELECT `option_value` FROM `cmf_option` WHERE  `option_name` = 'cdn_settings' LIMIT 1 [ RunTime:0.000209s ]
[2026-04-21T23:53:52+08:00][sql] SHOW FULL COLUMNS FROM `cmf_product_category` [ RunTime:0.001099s ]
[2026-04-21T23:53:52+08:00][sql] SELECT * FROM `cmf_product_category` WHERE  `parent_id` = 0 ORDER BY `list_order` ASC,`create_time` DESC [ RunTime:0.000297s ]
[2026-04-21T23:53:52+08:00][sql] SELECT * FROM `cmf_product_category` WHERE  `parent_id` IN (18,19,20,21,22,23,24,25,26,27) [ RunTime:0.000324s ]
[2026-04-21T23:53:52+08:00][sql] SHOW FULL COLUMNS FROM `cmf_portal_category` [ RunTime:0.001260s ]
[2026-04-21T23:53:52+08:00][sql] SELECT * FROM `cmf_portal_category` WHERE (  `type` = 8 ) AND `cmf_portal_category`.`delete_time` = '0' ORDER BY `list_order` ASC [ RunTime:0.000371s ]
[2026-04-21T23:53:52+08:00][sql] SHOW FULL COLUMNS FROM `cmf_slide_item` [ RunTime:0.001086s ]
[2026-04-21T23:53:52+08:00][sql] SELECT `title`,`description`,`image` FROM `cmf_slide_item` WHERE  `slide_id` = 12 ORDER BY `list_order` ASC LIMIT 1 [ RunTime:0.000312s ]
[2026-04-21T23:53:52+08:00][sql] SELECT * FROM `cmf_portal_category` WHERE (  `id` = 0  AND `status` = 1 ) AND `cmf_portal_category`.`delete_time` = '0' LIMIT 1 [ RunTime:0.000239s ]
[2026-04-21T23:53:52+08:00][sql] SHOW FULL COLUMNS FROM `cmf_portal_post` [ RunTime:0.001167s ]
[2026-04-21T23:53:52+08:00][sql] SELECT COUNT(*) AS think_count FROM `cmf_portal_post` `p` LEFT JOIN `cmf_portal_category_post` `c` ON `p`.`id`=`c`.`post_id` WHERE (  `post_type` = 8 ) AND `p`.`delete_time` = '0' LIMIT 1 [ RunTime:0.000456s ]
[2026-04-21T23:53:52+08:00][sql] SELECT `p`.`id`,`p`.`post_title`,`p`.`thumbnail`,`p`.`more`,c.category_id as cid,`p`.`post_excerpt`,`p`.`create_time` FROM `cmf_portal_post` `p` LEFT JOIN `cmf_portal_category_post` `c` ON `p`.`id`=`c`.`post_id` WHERE (  `post_type` = 8 ) AND `p`.`delete_time` = '0' ORDER BY `c`.`list_order` ASC,`p`.`create_time` DESC LIMIT 0,6 [ RunTime:0.000295s ]
[2026-04-21T23:53:52+08:00][sql] SHOW FULL COLUMNS FROM `cmf_theme_file` [ RunTime:0.000898s ]
[2026-04-21T23:53:52+08:00][sql] SELECT `more`,`file`,`id` FROM `cmf_theme_file` WHERE  `theme` = 'simpleboot3'  AND (  `is_public` = 1 OR `file` = 'portal/news' ) ORDER BY `is_public` DESC [ RunTime:0.001346s ]
[2026-04-21T23:53:52+08:00][sql] SELECT `option_value` FROM `cmf_option` WHERE  `option_name` = 'storage' LIMIT 1 [ RunTime:0.000537s ]
[2026-04-21T23:53:53+08:00][sql] CONNECT:[ UseTime:0.000996s ] mysql:host=127.0.0.1;port=3306;dbname=weihua;charset=utf8mb4
[2026-04-21T23:53:53+08:00][sql] SHOW FULL COLUMNS FROM `cmf_option` [ RunTime:0.001992s ]
[2026-04-21T23:53:53+08:00][sql] SELECT `option_value` FROM `cmf_option` WHERE  `option_name` = 'cdn_settings' LIMIT 1 [ RunTime:0.000408s ]
[2026-04-21T23:53:53+08:00][sql] SELECT `option_value` FROM `cmf_option` WHERE  `option_name` = 'cdn_settings' LIMIT 1 [ RunTime:0.000352s ]
[2026-04-21T23:53:53+08:00][sql] SHOW FULL COLUMNS FROM `cmf_product_category` [ RunTime:0.001242s ]
[2026-04-21T23:53:53+08:00][sql] SELECT * FROM `cmf_product_category` WHERE  `parent_id` = 0 ORDER BY `list_order` ASC,`create_time` DESC [ RunTime:0.000395s ]
[2026-04-21T23:53:53+08:00][sql] SELECT * FROM `cmf_product_category` WHERE  `parent_id` IN (18,19,20,21,22,23,24,25,26,27) [ RunTime:0.000269s ]
[2026-04-21T23:53:53+08:00][sql] SHOW FULL COLUMNS FROM `cmf_portal_category` [ RunTime:0.001176s ]
[2026-04-21T23:53:53+08:00][sql] SELECT * FROM `cmf_portal_category` WHERE (  `type` = 8 ) AND `cmf_portal_category`.`delete_time` = '0' ORDER BY `list_order` ASC [ RunTime:0.000398s ]
[2026-04-21T23:53:53+08:00][sql] SHOW FULL COLUMNS FROM `cmf_slide_item` [ RunTime:0.002648s ]
[2026-04-21T23:53:53+08:00][sql] SELECT `title`,`description`,`image` FROM `cmf_slide_item` WHERE  `slide_id` = 3 ORDER BY `list_order` ASC LIMIT 1 [ RunTime:0.000359s ]
[2026-04-21T23:53:53+08:00][sql] SHOW FULL COLUMNS FROM `cmf_portal_post` [ RunTime:0.001249s ]
[2026-04-21T23:53:53+08:00][sql] SELECT COUNT(*) AS think_count FROM `cmf_portal_post` WHERE (  `post_type` = 3 ) AND `cmf_portal_post`.`delete_time` = '0' LIMIT 1 [ RunTime:0.000752s ]
[2026-04-21T23:53:53+08:00][sql] SELECT `id`,`more`,`post_title`,`post_excerpt` FROM `cmf_portal_post` WHERE (  `post_type` = 3 ) AND `cmf_portal_post`.`delete_time` = '0' ORDER BY `create_time` DESC LIMIT 0,9 [ RunTime:0.000640s ]
[2026-04-21T23:53:53+08:00][sql] SHOW FULL COLUMNS FROM `cmf_theme_file` [ RunTime:0.000935s ]
[2026-04-21T23:53:53+08:00][sql] SELECT `more`,`file`,`id` FROM `cmf_theme_file` WHERE  `theme` = 'simpleboot3'  AND (  `is_public` = 1 OR `file` = 'portal/industries' ) ORDER BY `is_public` DESC [ RunTime:0.000293s ]
[2026-04-21T23:53:53+08:00][sql] SELECT `option_value` FROM `cmf_option` WHERE  `option_name` = 'storage' LIMIT 1 [ RunTime:0.000355s ]
[2026-04-21T23:53:53+08:00][sql] CONNECT:[ UseTime:0.000962s ] mysql:host=127.0.0.1;port=3306;dbname=weihua;charset=utf8mb4
[2026-04-21T23:53:53+08:00][sql] SHOW FULL COLUMNS FROM `cmf_option` [ RunTime:0.002012s ]
[2026-04-21T23:53:53+08:00][sql] SELECT `option_value` FROM `cmf_option` WHERE  `option_name` = 'cdn_settings' LIMIT 1 [ RunTime:0.000381s ]
[2026-04-21T23:53:53+08:00][sql] SELECT `option_value` FROM `cmf_option` WHERE  `option_name` = 'cdn_settings' LIMIT 1 [ RunTime:0.000301s ]
[2026-04-21T23:53:53+08:00][sql] SHOW FULL COLUMNS FROM `cmf_product_category` [ RunTime:0.001367s ]
[2026-04-21T23:53:53+08:00][sql] SELECT * FROM `cmf_product_category` WHERE  `parent_id` = 0 ORDER BY `list_order` ASC,`create_time` DESC [ RunTime:0.000403s ]
[2026-04-21T23:53:53+08:00][sql] SELECT * FROM `cmf_product_category` WHERE  `parent_id` IN (18,19,20,21,22,23,24,25,26,27) [ RunTime:0.000316s ]
[2026-04-21T23:53:53+08:00][sql] SHOW FULL COLUMNS FROM `cmf_portal_category` [ RunTime:0.001265s ]
[2026-04-21T23:53:53+08:00][sql] SELECT * FROM `cmf_portal_category` WHERE (  `type` = 8 ) AND `cmf_portal_category`.`delete_time` = '0' ORDER BY `list_order` ASC [ RunTime:0.000336s ]
[2026-04-21T23:53:53+08:00][sql] SHOW FULL COLUMNS FROM `cmf_slide_item` [ RunTime:0.002801s ]
[2026-04-21T23:53:53+08:00][sql] SELECT `title`,`description`,`image` FROM `cmf_slide_item` WHERE  `slide_id` = 6 ORDER BY `list_order` ASC LIMIT 1 [ RunTime:0.000660s ]
[2026-04-21T23:53:53+08:00][sql] SHOW FULL COLUMNS FROM `cmf_theme_file` [ RunTime:0.002209s ]
[2026-04-21T23:53:53+08:00][sql] SELECT `more`,`file`,`id` FROM `cmf_theme_file` WHERE  `theme` = 'simpleboot3'  AND (  `is_public` = 1 OR `file` = 'portal/service' ) ORDER BY `is_public` DESC [ RunTime:0.000629s ]
[2026-04-21T23:53:53+08:00][sql] SELECT `option_value` FROM `cmf_option` WHERE  `option_name` = 'storage' LIMIT 1 [ RunTime:0.000303s ]
[2026-04-21T23:53:54+08:00][sql] CONNECT:[ UseTime:0.001627s ] mysql:host=127.0.0.1;port=3306;dbname=weihua;charset=utf8mb4
[2026-04-21T23:53:54+08:00][sql] SHOW FULL COLUMNS FROM `cmf_option` [ RunTime:0.003177s ]
[2026-04-21T23:53:54+08:00][sql] SELECT `option_value` FROM `cmf_option` WHERE  `option_name` = 'cdn_settings' LIMIT 1 [ RunTime:0.000377s ]
[2026-04-21T23:53:54+08:00][sql] SELECT `option_value` FROM `cmf_option` WHERE  `option_name` = 'cdn_settings' LIMIT 1 [ RunTime:0.000524s ]
[2026-04-21T23:53:54+08:00][sql] SHOW FULL COLUMNS FROM `cmf_product_category` [ RunTime:0.002414s ]
[2026-04-21T23:53:54+08:00][sql] SELECT * FROM `cmf_product_category` WHERE  `parent_id` = 0 ORDER BY `list_order` ASC,`create_time` DESC [ RunTime:0.001352s ]
[2026-04-21T23:53:54+08:00][sql] SELECT * FROM `cmf_product_category` WHERE  `parent_id` IN (18,19,20,21,22,23,24,25,26,27) [ RunTime:0.000550s ]
[2026-04-21T23:53:54+08:00][sql] SHOW FULL COLUMNS FROM `cmf_portal_category` [ RunTime:0.001721s ]
[2026-04-21T23:53:54+08:00][sql] SELECT * FROM `cmf_portal_category` WHERE (  `type` = 8 ) AND `cmf_portal_category`.`delete_time` = '0' ORDER BY `list_order` ASC [ RunTime:0.000317s ]
[2026-04-21T23:53:54+08:00][sql] SHOW FULL COLUMNS FROM `cmf_product` [ RunTime:0.001579s ]
[2026-04-21T23:53:54+08:00][sql] SELECT COUNT(*) AS think_count FROM `cmf_product` LIMIT 1 [ RunTime:0.000455s ]
[2026-04-21T23:53:54+08:00][sql] SELECT `id`,`category_id`,`title`,`thumbnail`,`industry` FROM `cmf_product` ORDER BY `list_order` ASC,`create_time` DESC LIMIT 0,12 [ RunTime:0.000276s ]
[2026-04-21T23:53:54+08:00][sql] SHOW FULL COLUMNS FROM `cmf_slide_item` [ RunTime:0.001302s ]
[2026-04-21T23:53:54+08:00][sql] SELECT `title`,`description`,`image` FROM `cmf_slide_item` WHERE  `slide_id` = 2 ORDER BY `list_order` ASC LIMIT 1 [ RunTime:0.000368s ]
[2026-04-21T23:53:54+08:00][sql] SHOW FULL COLUMNS FROM `cmf_theme_file` [ RunTime:0.001218s ]
[2026-04-21T23:53:54+08:00][sql] SELECT `more`,`file`,`id` FROM `cmf_theme_file` WHERE  `theme` = 'simpleboot3'  AND (  `is_public` = 1 OR `file` = 'portal/product' ) ORDER BY `is_public` DESC [ RunTime:0.000284s ]
[2026-04-21T23:53:54+08:00][sql] SELECT `option_value` FROM `cmf_option` WHERE  `option_name` = 'storage' LIMIT 1 [ RunTime:0.000370s ]
[2026-04-21T23:53:55+08:00][sql] CONNECT:[ UseTime:0.001012s ] mysql:host=127.0.0.1;port=3306;dbname=weihua;charset=utf8mb4
[2026-04-21T23:53:55+08:00][sql] SHOW FULL COLUMNS FROM `cmf_option` [ RunTime:0.001904s ]
[2026-04-21T23:53:55+08:00][sql] SELECT `option_value` FROM `cmf_option` WHERE  `option_name` = 'cdn_settings' LIMIT 1 [ RunTime:0.000541s ]
[2026-04-21T23:53:55+08:00][sql] SELECT `option_value` FROM `cmf_option` WHERE  `option_name` = 'cdn_settings' LIMIT 1 [ RunTime:0.000235s ]
[2026-04-21T23:53:55+08:00][sql] SHOW FULL COLUMNS FROM `cmf_product_category` [ RunTime:0.001228s ]
[2026-04-21T23:53:55+08:00][sql] SELECT * FROM `cmf_product_category` WHERE  `parent_id` = 0 ORDER BY `list_order` ASC,`create_time` DESC [ RunTime:0.000339s ]
[2026-04-21T23:53:55+08:00][sql] SELECT * FROM `cmf_product_category` WHERE  `parent_id` IN (18,19,20,21,22,23,24,25,26,27) [ RunTime:0.000233s ]
[2026-04-21T23:53:55+08:00][sql] SHOW FULL COLUMNS FROM `cmf_portal_category` [ RunTime:0.001019s ]
[2026-04-21T23:53:55+08:00][sql] SELECT * FROM `cmf_portal_category` WHERE (  `type` = 8 ) AND `cmf_portal_category`.`delete_time` = '0' ORDER BY `list_order` ASC [ RunTime:0.000295s ]
[2026-04-21T23:53:55+08:00][sql] SHOW FULL COLUMNS FROM `cmf_slide_item` [ RunTime:0.000961s ]
[2026-04-21T23:53:55+08:00][sql] SELECT `title`,`image`,`content` FROM `cmf_slide_item` WHERE  `slide_id` = 1 ORDER BY `list_order` ASC [ RunTime:0.000281s ]
[2026-04-21T23:53:55+08:00][sql] SELECT * FROM `cmf_product_category` WHERE  `parent_id` = 0  AND `recommend` = 1 ORDER BY `list_order` ASC,`create_time` DESC [ RunTime:0.000268s ]
[2026-04-21T23:53:55+08:00][sql] SHOW FULL COLUMNS FROM `cmf_product` [ RunTime:0.001215s ]
[2026-04-21T23:53:55+08:00][sql] SELECT `id`,`title`,`thumbnail`,`industry` FROM `cmf_product` WHERE  `is_recommended` = 1  AND `category_id` = 18 ORDER BY `list_order` ASC LIMIT 6 [ RunTime:0.000462s ]
[2026-04-21T23:53:55+08:00][sql] SELECT `id`,`title`,`thumbnail`,`industry` FROM `cmf_product` WHERE  `is_recommended` = 1  AND `category_id` = 19 ORDER BY `list_order` ASC LIMIT 6 [ RunTime:0.000201s ]
[2026-04-21T23:53:55+08:00][sql] SELECT `id`,`title`,`thumbnail`,`industry` FROM `cmf_product` WHERE  `is_recommended` = 1  AND `category_id` = 20 ORDER BY `list_order` ASC LIMIT 6 [ RunTime:0.000170s ]
[2026-04-21T23:53:55+08:00][sql] SHOW FULL COLUMNS FROM `cmf_portal_post` [ RunTime:0.003354s ]
[2026-04-21T23:53:55+08:00][sql] SELECT `p`.`id`,`p`.`post_title`,`p`.`post_excerpt`,`p`.`thumbnail`,`p`.`create_time`,`c`.`category_id` FROM `cmf_portal_post` `p` INNER JOIN `cmf_portal_category_post` `c` ON `p`.`id`=`c`.`post_id` WHERE (  `p`.`post_type` = '8' ) AND `p`.`delete_time` = '0' ORDER BY `c`.`list_order` ASC,`p`.`create_time` DESC LIMIT 4 [ RunTime:0.000805s ]
[2026-04-21T23:53:55+08:00][sql] SHOW FULL COLUMNS FROM `cmf_theme_file` [ RunTime:0.002168s ]
[2026-04-21T23:53:55+08:00][sql] SELECT `more`,`file`,`id` FROM `cmf_theme_file` WHERE  `theme` = 'simpleboot3'  AND (  `is_public` = 1 OR `file` = 'portal/index' ) ORDER BY `is_public` DESC [ RunTime:0.000817s ]
[2026-04-21T23:53:55+08:00][sql] SELECT `option_value` FROM `cmf_option` WHERE  `option_name` = 'storage' LIMIT 1 [ RunTime:0.000466s ]
[2026-04-21T23:56:50+08:00][sql] CONNECT:[ UseTime:0.001668s ] mysql:host=127.0.0.1;port=3306;dbname=weihua;charset=utf8mb4
[2026-04-21T23:56:50+08:00][sql] SHOW FULL COLUMNS FROM `cmf_option` [ RunTime:0.003197s ]
[2026-04-21T23:56:50+08:00][sql] SELECT `option_value` FROM `cmf_option` WHERE  `option_name` = 'cdn_settings' LIMIT 1 [ RunTime:0.000615s ]
[2026-04-21T23:56:50+08:00][sql] SELECT `option_value` FROM `cmf_option` WHERE  `option_name` = 'cdn_settings' LIMIT 1 [ RunTime:0.000276s ]
[2026-04-21T23:56:50+08:00][sql] SHOW FULL COLUMNS FROM `cmf_product_category` [ RunTime:0.001593s ]
[2026-04-21T23:56:50+08:00][sql] SELECT * FROM `cmf_product_category` WHERE  `parent_id` = 0 ORDER BY `list_order` ASC,`create_time` DESC [ RunTime:0.000649s ]
[2026-04-21T23:56:50+08:00][sql] SELECT * FROM `cmf_product_category` WHERE  `parent_id` IN (18,19,20,21,22,23,24,25,26,27) [ RunTime:0.000319s ]
[2026-04-21T23:56:50+08:00][sql] SHOW FULL COLUMNS FROM `cmf_portal_category` [ RunTime:0.001604s ]
[2026-04-21T23:56:50+08:00][sql] SELECT * FROM `cmf_portal_category` WHERE (  `type` = 8 ) AND `cmf_portal_category`.`delete_time` = '0' ORDER BY `list_order` ASC [ RunTime:0.000477s ]
[2026-04-21T23:56:50+08:00][sql] SHOW FULL COLUMNS FROM `cmf_slide_item` [ RunTime:0.001405s ]
[2026-04-21T23:56:50+08:00][sql] SELECT `title`,`image`,`content` FROM `cmf_slide_item` WHERE  `slide_id` = 1 ORDER BY `list_order` ASC [ RunTime:0.000457s ]
[2026-04-21T23:56:50+08:00][sql] SELECT * FROM `cmf_product_category` WHERE  `parent_id` = 0  AND `recommend` = 1 ORDER BY `list_order` ASC,`create_time` DESC [ RunTime:0.000298s ]
[2026-04-21T23:56:50+08:00][sql] SHOW FULL COLUMNS FROM `cmf_product` [ RunTime:0.001421s ]
[2026-04-21T23:56:50+08:00][sql] SELECT `id`,`title`,`thumbnail`,`industry` FROM `cmf_product` WHERE  `is_recommended` = 1  AND `category_id` = 18 ORDER BY `list_order` ASC LIMIT 6 [ RunTime:0.000712s ]
[2026-04-21T23:56:50+08:00][sql] SELECT `id`,`title`,`thumbnail`,`industry` FROM `cmf_product` WHERE  `is_recommended` = 1  AND `category_id` = 19 ORDER BY `list_order` ASC LIMIT 6 [ RunTime:0.000232s ]
[2026-04-21T23:56:50+08:00][sql] SELECT `id`,`title`,`thumbnail`,`industry` FROM `cmf_product` WHERE  `is_recommended` = 1  AND `category_id` = 20 ORDER BY `list_order` ASC LIMIT 6 [ RunTime:0.000222s ]
[2026-04-21T23:56:50+08:00][sql] SHOW FULL COLUMNS FROM `cmf_portal_post` [ RunTime:0.001485s ]
[2026-04-21T23:56:50+08:00][sql] SELECT `p`.`id`,`p`.`post_title`,`p`.`post_excerpt`,`p`.`thumbnail`,`p`.`create_time`,`c`.`category_id` FROM `cmf_portal_post` `p` INNER JOIN `cmf_portal_category_post` `c` ON `p`.`id`=`c`.`post_id` WHERE (  `p`.`post_type` = '8' ) AND `p`.`delete_time` = '0' ORDER BY `c`.`list_order` ASC,`p`.`create_time` DESC LIMIT 4 [ RunTime:0.000919s ]
[2026-04-21T23:56:50+08:00][sql] SHOW FULL COLUMNS FROM `cmf_theme_file` [ RunTime:0.001118s ]
[2026-04-21T23:56:50+08:00][sql] SELECT `more`,`file`,`id` FROM `cmf_theme_file` WHERE  `theme` = 'simpleboot3_mobile'  AND (  `is_public` = 1 OR `file` = 'portal/index' ) ORDER BY `is_public` DESC [ RunTime:0.000356s ]
[2026-04-21T23:56:50+08:00][sql] SELECT `option_value` FROM `cmf_option` WHERE  `option_name` = 'storage' LIMIT 1 [ RunTime:0.000240s ]
[2026-04-21T23:57:03+08:00][sql] CONNECT:[ UseTime:0.001474s ] mysql:host=127.0.0.1;port=3306;dbname=weihua;charset=utf8mb4
[2026-04-21T23:57:03+08:00][sql] SHOW FULL COLUMNS FROM `cmf_option` [ RunTime:0.002405s ]
[2026-04-21T23:57:03+08:00][sql] SELECT `option_value` FROM `cmf_option` WHERE  `option_name` = 'cdn_settings' LIMIT 1 [ RunTime:0.000338s ]
[2026-04-21T23:57:03+08:00][sql] SELECT `option_value` FROM `cmf_option` WHERE  `option_name` = 'cdn_settings' LIMIT 1 [ RunTime:0.000241s ]
[2026-04-21T23:57:03+08:00][sql] SHOW FULL COLUMNS FROM `cmf_product_category` [ RunTime:0.001199s ]
[2026-04-21T23:57:03+08:00][sql] SELECT * FROM `cmf_product_category` WHERE  `parent_id` = 0 ORDER BY `list_order` ASC,`create_time` DESC [ RunTime:0.000512s ]
[2026-04-21T23:57:03+08:00][sql] SELECT * FROM `cmf_product_category` WHERE  `parent_id` IN (18,19,20,21,22,23,24,25,26,27) [ RunTime:0.000268s ]
[2026-04-21T23:57:03+08:00][sql] SHOW FULL COLUMNS FROM `cmf_portal_category` [ RunTime:0.001757s ]
[2026-04-21T23:57:03+08:00][sql] SELECT * FROM `cmf_portal_category` WHERE (  `type` = 8 ) AND `cmf_portal_category`.`delete_time` = '0' ORDER BY `list_order` ASC [ RunTime:0.000471s ]
[2026-04-21T23:57:03+08:00][sql] SHOW FULL COLUMNS FROM `cmf_slide_item` [ RunTime:0.002285s ]
[2026-04-21T23:57:03+08:00][sql] SELECT `title`,`image`,`content` FROM `cmf_slide_item` WHERE  `slide_id` = 1 ORDER BY `list_order` ASC [ RunTime:0.000731s ]
[2026-04-21T23:57:03+08:00][sql] SELECT * FROM `cmf_product_category` WHERE  `parent_id` = 0  AND `recommend` = 1 ORDER BY `list_order` ASC,`create_time` DESC [ RunTime:0.000656s ]
[2026-04-21T23:57:03+08:00][sql] SHOW FULL COLUMNS FROM `cmf_product` [ RunTime:0.003139s ]
[2026-04-21T23:57:03+08:00][sql] SELECT `id`,`title`,`thumbnail`,`industry` FROM `cmf_product` WHERE  `is_recommended` = 1  AND `category_id` = 18 ORDER BY `list_order` ASC LIMIT 6 [ RunTime:0.000822s ]
[2026-04-21T23:57:03+08:00][sql] SELECT `id`,`title`,`thumbnail`,`industry` FROM `cmf_product` WHERE  `is_recommended` = 1  AND `category_id` = 19 ORDER BY `list_order` ASC LIMIT 6 [ RunTime:0.000470s ]
[2026-04-21T23:57:03+08:00][sql] SELECT `id`,`title`,`thumbnail`,`industry` FROM `cmf_product` WHERE  `is_recommended` = 1  AND `category_id` = 20 ORDER BY `list_order` ASC LIMIT 6 [ RunTime:0.000419s ]
[2026-04-21T23:57:03+08:00][sql] SHOW FULL COLUMNS FROM `cmf_portal_post` [ RunTime:0.001199s ]
[2026-04-21T23:57:03+08:00][sql] SELECT `p`.`id`,`p`.`post_title`,`p`.`post_excerpt`,`p`.`thumbnail`,`p`.`create_time`,`c`.`category_id` FROM `cmf_portal_post` `p` INNER JOIN `cmf_portal_category_post` `c` ON `p`.`id`=`c`.`post_id` WHERE (  `p`.`post_type` = '8' ) AND `p`.`delete_time` = '0' ORDER BY `c`.`list_order` ASC,`p`.`create_time` DESC LIMIT 4 [ RunTime:0.000478s ]
[2026-04-21T23:57:03+08:00][sql] SHOW FULL COLUMNS FROM `cmf_theme_file` [ RunTime:0.000954s ]
[2026-04-21T23:57:03+08:00][sql] SELECT `more`,`file`,`id` FROM `cmf_theme_file` WHERE  `theme` = 'simpleboot3'  AND (  `is_public` = 1 OR `file` = 'portal/index' ) ORDER BY `is_public` DESC [ RunTime:0.000401s ]
[2026-04-21T23:57:03+08:00][sql] SELECT `option_value` FROM `cmf_option` WHERE  `option_name` = 'storage' LIMIT 1 [ RunTime:0.000542s ]
[2026-04-21T23:57:06+08:00][sql] CONNECT:[ UseTime:0.001047s ] mysql:host=127.0.0.1;port=3306;dbname=weihua;charset=utf8mb4
[2026-04-21T23:57:06+08:00][sql] SHOW FULL COLUMNS FROM `cmf_option` [ RunTime:0.002988s ]
[2026-04-21T23:57:06+08:00][sql] SELECT `option_value` FROM `cmf_option` WHERE  `option_name` = 'cdn_settings' LIMIT 1 [ RunTime:0.000719s ]
[2026-04-21T23:57:06+08:00][sql] SELECT `option_value` FROM `cmf_option` WHERE  `option_name` = 'cdn_settings' LIMIT 1 [ RunTime:0.000479s ]
[2026-04-21T23:57:06+08:00][sql] SHOW FULL COLUMNS FROM `cmf_product_category` [ RunTime:0.001165s ]
[2026-04-21T23:57:06+08:00][sql] SELECT * FROM `cmf_product_category` WHERE  `parent_id` = 0 ORDER BY `list_order` ASC,`create_time` DESC [ RunTime:0.000408s ]
[2026-04-21T23:57:06+08:00][sql] SELECT * FROM `cmf_product_category` WHERE  `parent_id` IN (18,19,20,21,22,23,24,25,26,27) [ RunTime:0.000257s ]
[2026-04-21T23:57:06+08:00][sql] SHOW FULL COLUMNS FROM `cmf_portal_category` [ RunTime:0.001124s ]
[2026-04-21T23:57:06+08:00][sql] SELECT * FROM `cmf_portal_category` WHERE (  `type` = 8 ) AND `cmf_portal_category`.`delete_time` = '0' ORDER BY `list_order` ASC [ RunTime:0.000604s ]
[2026-04-21T23:57:06+08:00][sql] SHOW FULL COLUMNS FROM `cmf_slide_item` [ RunTime:0.002245s ]
[2026-04-21T23:57:06+08:00][sql] SELECT `title`,`image`,`content` FROM `cmf_slide_item` WHERE  `slide_id` = 1 ORDER BY `list_order` ASC [ RunTime:0.000579s ]
[2026-04-21T23:57:06+08:00][sql] SELECT * FROM `cmf_product_category` WHERE  `parent_id` = 0  AND `recommend` = 1 ORDER BY `list_order` ASC,`create_time` DESC [ RunTime:0.000580s ]
[2026-04-21T23:57:06+08:00][sql] SHOW FULL COLUMNS FROM `cmf_product` [ RunTime:0.001717s ]
[2026-04-21T23:57:06+08:00][sql] SELECT `id`,`title`,`thumbnail`,`industry` FROM `cmf_product` WHERE  `is_recommended` = 1  AND `category_id` = 18 ORDER BY `list_order` ASC LIMIT 6 [ RunTime:0.000704s ]
[2026-04-21T23:57:06+08:00][sql] SELECT `id`,`title`,`thumbnail`,`industry` FROM `cmf_product` WHERE  `is_recommended` = 1  AND `category_id` = 19 ORDER BY `list_order` ASC LIMIT 6 [ RunTime:0.000483s ]
[2026-04-21T23:57:06+08:00][sql] SELECT `id`,`title`,`thumbnail`,`industry` FROM `cmf_product` WHERE  `is_recommended` = 1  AND `category_id` = 20 ORDER BY `list_order` ASC LIMIT 6 [ RunTime:0.000455s ]
[2026-04-21T23:57:06+08:00][sql] SHOW FULL COLUMNS FROM `cmf_portal_post` [ RunTime:0.002536s ]
[2026-04-21T23:57:06+08:00][sql] SELECT `p`.`id`,`p`.`post_title`,`p`.`post_excerpt`,`p`.`thumbnail`,`p`.`create_time`,`c`.`category_id` FROM `cmf_portal_post` `p` INNER JOIN `cmf_portal_category_post` `c` ON `p`.`id`=`c`.`post_id` WHERE (  `p`.`post_type` = '8' ) AND `p`.`delete_time` = '0' ORDER BY `c`.`list_order` ASC,`p`.`create_time` DESC LIMIT 4 [ RunTime:0.000944s ]
[2026-04-21T23:57:06+08:00][sql] SHOW FULL COLUMNS FROM `cmf_theme_file` [ RunTime:0.002078s ]
[2026-04-21T23:57:06+08:00][sql] SELECT `more`,`file`,`id` FROM `cmf_theme_file` WHERE  `theme` = 'simpleboot3_mobile'  AND (  `is_public` = 1 OR `file` = 'portal/index' ) ORDER BY `is_public` DESC [ RunTime:0.000575s ]
[2026-04-21T23:57:06+08:00][sql] SELECT `option_value` FROM `cmf_option` WHERE  `option_name` = 'storage' LIMIT 1 [ RunTime:0.000401s ]
[2026-04-21T23:57:57+08:00][sql] CONNECT:[ UseTime:0.001493s ] mysql:host=127.0.0.1;port=3306;dbname=weihua;charset=utf8mb4
[2026-04-21T23:57:57+08:00][sql] SHOW FULL COLUMNS FROM `cmf_option` [ RunTime:0.014461s ]
[2026-04-21T23:57:57+08:00][sql] SELECT `option_value` FROM `cmf_option` WHERE  `option_name` = 'cdn_settings' LIMIT 1 [ RunTime:0.000824s ]
[2026-04-21T23:57:57+08:00][sql] SELECT `option_value` FROM `cmf_option` WHERE  `option_name` = 'cdn_settings' LIMIT 1 [ RunTime:0.000274s ]
[2026-04-21T23:57:57+08:00][sql] SHOW FULL COLUMNS FROM `cmf_product_category` [ RunTime:0.001656s ]
[2026-04-21T23:57:57+08:00][sql] SELECT * FROM `cmf_product_category` WHERE  `parent_id` = 0 ORDER BY `list_order` ASC,`create_time` DESC [ RunTime:0.000517s ]
[2026-04-21T23:57:57+08:00][sql] SELECT * FROM `cmf_product_category` WHERE  `parent_id` IN (18,19,20,21,22,23,24,25,26,27) [ RunTime:0.000296s ]
[2026-04-21T23:57:57+08:00][sql] SHOW FULL COLUMNS FROM `cmf_portal_category` [ RunTime:0.001262s ]
[2026-04-21T23:57:57+08:00][sql] SELECT * FROM `cmf_portal_category` WHERE (  `type` = 8 ) AND `cmf_portal_category`.`delete_time` = '0' ORDER BY `list_order` ASC [ RunTime:0.000587s ]
[2026-04-21T23:57:57+08:00][sql] SHOW FULL COLUMNS FROM `cmf_slide_item` [ RunTime:0.001939s ]
[2026-04-21T23:57:57+08:00][sql] SELECT `title`,`image`,`content` FROM `cmf_slide_item` WHERE  `slide_id` = 1 ORDER BY `list_order` ASC [ RunTime:0.000369s ]
[2026-04-21T23:57:57+08:00][sql] SELECT * FROM `cmf_product_category` WHERE  `parent_id` = 0  AND `recommend` = 1 ORDER BY `list_order` ASC,`create_time` DESC [ RunTime:0.000245s ]
[2026-04-21T23:57:57+08:00][sql] SHOW FULL COLUMNS FROM `cmf_product` [ RunTime:0.001401s ]
[2026-04-21T23:57:57+08:00][sql] SELECT `id`,`title`,`thumbnail`,`industry` FROM `cmf_product` WHERE  `is_recommended` = 1  AND `category_id` = 18 ORDER BY `list_order` ASC LIMIT 6 [ RunTime:0.000471s ]
[2026-04-21T23:57:57+08:00][sql] SELECT `id`,`title`,`thumbnail`,`industry` FROM `cmf_product` WHERE  `is_recommended` = 1  AND `category_id` = 19 ORDER BY `list_order` ASC LIMIT 6 [ RunTime:0.000238s ]
[2026-04-21T23:57:57+08:00][sql] SELECT `id`,`title`,`thumbnail`,`industry` FROM `cmf_product` WHERE  `is_recommended` = 1  AND `category_id` = 20 ORDER BY `list_order` ASC LIMIT 6 [ RunTime:0.000216s ]
[2026-04-21T23:57:57+08:00][sql] SHOW FULL COLUMNS FROM `cmf_portal_post` [ RunTime:0.001319s ]
[2026-04-21T23:57:57+08:00][sql] SELECT `p`.`id`,`p`.`post_title`,`p`.`post_excerpt`,`p`.`thumbnail`,`p`.`create_time`,`c`.`category_id` FROM `cmf_portal_post` `p` INNER JOIN `cmf_portal_category_post` `c` ON `p`.`id`=`c`.`post_id` WHERE (  `p`.`post_type` = '8' ) AND `p`.`delete_time` = '0' ORDER BY `c`.`list_order` ASC,`p`.`create_time` DESC LIMIT 4 [ RunTime:0.000454s ]
[2026-04-21T23:57:57+08:00][sql] SHOW FULL COLUMNS FROM `cmf_theme_file` [ RunTime:0.001073s ]
[2026-04-21T23:57:57+08:00][sql] SELECT `more`,`file`,`id` FROM `cmf_theme_file` WHERE  `theme` = 'simpleboot3_mobile'  AND (  `is_public` = 1 OR `file` = 'portal/index' ) ORDER BY `is_public` DESC [ RunTime:0.000372s ]
[2026-04-21T23:57:57+08:00][sql] SELECT `option_value` FROM `cmf_option` WHERE  `option_name` = 'storage' LIMIT 1 [ RunTime:0.000411s ]
