[2026-06-05T16:17:59+08:00][sql] CONNECT:[ UseTime:0.001488s ] mysql:host=127.0.0.1;port=3306;dbname=weihua;charset=utf8mb4
[2026-06-05T16:17:59+08:00][sql] SHOW FULL COLUMNS FROM `cmf_hook` [ RunTime:0.002329s ]
[2026-06-05T16:17:59+08:00][sql] SELECT `hook`,`id` FROM `cmf_hook` WHERE  (  (  `app` = '' OR `app` = 'cmf' )  AND `type` = 3 ) OR `type` = 1 [ RunTime:0.002133s ]
[2026-06-05T16:17:59+08:00][sql] SHOW FULL COLUMNS FROM `cmf_hook_plugin` [ RunTime:0.001117s ]
[2026-06-05T16:17:59+08:00][sql] SELECT `hook`,`plugin` FROM `cmf_hook_plugin` WHERE  `status` = 1  AND `hook` IN ('app_begin','module_init','action_begin','view_filter','app_end','log_write','response_end','admin_init','home_init','send_mobile_verification_code','body_start','before_head_end','footer_start','before_footer','before_footer_end','before_body_end','left_sidebar_start','before_left_sidebar_end','right_sidebar_start','before_right_sidebar_end','comment','guestbook','switch_theme','after_content','before_content','log_write_done','switch_admin_theme','captcha_image','user_login_start') ORDER BY `list_order` ASC [ RunTime:0.000525s ]
[2026-06-05T16:17:59+08:00][sql] SELECT `hook` FROM `cmf_hook` WHERE  `app` = 'portal' [ RunTime:0.000736s ]
[2026-06-05T16:17:59+08:00][sql] SELECT `hook`,`plugin` FROM `cmf_hook_plugin` WHERE  `status` = 1  AND `hook` IN ('portal_before_assign_article','portal_admin_after_save_article','portal_admin_article_index_view','portal_admin_article_add_view','portal_admin_article_edit_view','portal_admin_category_index_view','portal_admin_category_add_view','portal_admin_category_edit_view','portal_admin_page_index_view','portal_admin_page_add_view','portal_admin_page_edit_view','portal_admin_tag_index_view','portal_admin_article_edit_view_right_sidebar','portal_admin_article_edit_view_main') ORDER BY `list_order` ASC [ RunTime:0.000559s ]
[2026-06-05T16:17:59+08:00][sql] SHOW FULL COLUMNS FROM `cmf_plugin` [ RunTime:0.002636s ]
[2026-06-05T16:17:59+08:00][sql] SELECT `config` FROM `cmf_plugin` WHERE  `name` = 'SwitchTheme' LIMIT 1 [ RunTime:0.000810s ]
[2026-06-05T16:17:59+08:00][sql] SHOW FULL COLUMNS FROM `cmf_option` [ RunTime:0.002739s ]
[2026-06-05T16:17:59+08:00][sql] SELECT `option_value` FROM `cmf_option` WHERE  `option_name` = 'cdn_settings' LIMIT 1 [ RunTime:0.000796s ]
[2026-06-05T16:17:59+08:00][sql] SELECT `option_value` FROM `cmf_option` WHERE  `option_name` = 'cdn_settings' LIMIT 1 [ RunTime:0.000718s ]
[2026-06-05T16:17:59+08:00][sql] SHOW FULL COLUMNS FROM `cmf_product_category` [ RunTime:0.001769s ]
[2026-06-05T16:17:59+08:00][sql] SELECT * FROM `cmf_product_category` WHERE  `parent_id` = 0 ORDER BY `list_order` ASC,`create_time` DESC [ RunTime:0.000692s ]
[2026-06-05T16:17:59+08:00][sql] SELECT * FROM `cmf_product_category` WHERE  `parent_id` IN (28,19,22,23,25,27,30) [ RunTime:0.000531s ]
[2026-06-05T16:17:59+08:00][sql] SHOW FULL COLUMNS FROM `cmf_portal_category` [ RunTime:0.002639s ]
[2026-06-05T16:17:59+08:00][sql] SELECT * FROM `cmf_portal_category` WHERE (  `type` = 8 ) AND `cmf_portal_category`.`delete_time` = '0' ORDER BY `list_order` ASC [ RunTime:0.000712s ]
[2026-06-05T16:17:59+08:00][sql] SELECT `option_value` FROM `cmf_option` WHERE  `option_name` = 'site_info' LIMIT 1 [ RunTime:0.000372s ]
[2026-06-05T16:17:59+08:00][sql] SHOW FULL COLUMNS FROM `cmf_slide_item` [ RunTime:0.001710s ]
[2026-06-05T16:17:59+08:00][sql] SELECT `title`,`description`,`image`,`url`,`target`,`content` FROM `cmf_slide_item` WHERE  `slide_id` = 1 ORDER BY `list_order` ASC [ RunTime:0.001076s ]
[2026-06-05T16:17:59+08:00][sql] SHOW FULL COLUMNS FROM `cmf_slide` [ RunTime:0.001237s ]
[2026-06-05T16:17:59+08:00][sql] SELECT * FROM `cmf_slide` WHERE  `name` LIKE '%choose%' OR `name` LIKE '%选择%' LIMIT 1 [ RunTime:0.000684s ]
[2026-06-05T16:17:59+08:00][sql] SELECT `title`,`description`,`image`,`url`,`target`,`content` FROM `cmf_slide_item` WHERE  `slide_id` = 14  AND `status` = 1 ORDER BY `list_order` ASC [ RunTime:0.000391s ]
[2026-06-05T16:17:59+08:00][sql] SELECT * FROM `cmf_product_category` WHERE  `parent_id` = 0  AND `recommend` = 1 ORDER BY `list_order` ASC,`create_time` DESC [ RunTime:0.000444s ]
[2026-06-05T16:17:59+08:00][sql] SHOW FULL COLUMNS FROM `cmf_product` [ RunTime:0.002169s ]
[2026-06-05T16:17:59+08:00][sql] SELECT `id`,`title`,`thumbnail`,`industry` FROM `cmf_product` WHERE  `is_recommended` = 1  AND `category_id` = 28 ORDER BY `list_order` ASC LIMIT 6 [ RunTime:0.002236s ]
[2026-06-05T16:17:59+08:00][sql] SELECT `id`,`title`,`thumbnail`,`industry` FROM `cmf_product` WHERE  `is_recommended` = 1  AND `category_id` = 19 ORDER BY `list_order` ASC LIMIT 6 [ RunTime:0.000809s ]
[2026-06-05T16:17:59+08:00][sql] SELECT `id`,`title`,`thumbnail`,`industry` FROM `cmf_product` WHERE  `is_recommended` = 1  AND `category_id` = 23 ORDER BY `list_order` ASC LIMIT 6 [ RunTime:0.000714s ]
[2026-06-05T16:17:59+08:00][sql] SELECT `option_value` FROM `cmf_option` WHERE  `option_name` = 'index_setting' LIMIT 1 [ RunTime:0.000427s ]
[2026-06-05T16:17:59+08:00][sql] SELECT `option_value` FROM `cmf_option` WHERE  `option_name` = 'about_site' LIMIT 1 [ RunTime:0.000630s ]
[2026-06-05T16:17:59+08:00][sql] SHOW FULL COLUMNS FROM `cmf_portal_post` [ RunTime:0.002809s ]
[2026-06-05T16:17:59+08:00][sql] SELECT `p`.`id`,`p`.`post_title`,`p`.`post_excerpt`,`p`.`thumbnail`,`p`.`create_time`,`p`.`post_alias`,`c`.`category_id` FROM `cmf_portal_post` `p` INNER JOIN `cmf_portal_category_post` `c` ON `p`.`id`=`c`.`post_id` WHERE (  `p`.`post_type` = '8' ) AND `p`.`delete_time` = '0' ORDER BY `c`.`list_order` ASC,`p`.`create_time` DESC [ RunTime:0.001653s ]
[2026-06-05T16:17:59+08:00][sql] SELECT `id`,`post_title`,`post_excerpt`,`more` FROM `cmf_portal_post` WHERE (  `post_type` = 3 ) AND `cmf_portal_post`.`delete_time` = '0' ORDER BY `create_time` DESC [ RunTime:0.000754s ]
[2026-06-05T16:17:59+08:00][sql] SHOW FULL COLUMNS FROM `cmf_theme_file` [ RunTime:0.002003s ]
[2026-06-05T16:17:59+08:00][sql] SELECT `more`,`file`,`id` FROM `cmf_theme_file` WHERE  `theme` = 'simpleboot3'  AND (  `is_public` = 1 OR `file` = 'portal/index' ) ORDER BY `is_public` DESC [ RunTime:0.000671s ]
[2026-06-05T16:17:59+08:00][sql] SHOW FULL COLUMNS FROM `cmf_route` [ RunTime:0.001713s ]
[2026-06-05T16:17:59+08:00][sql] SELECT * FROM `cmf_route` WHERE  `status` = 1 ORDER BY `list_order` ASC [ RunTime:0.000589s ]
[2026-06-05T16:17:59+08:00][sql] SELECT `option_value` FROM `cmf_option` WHERE  `option_name` = 'storage' LIMIT 1 [ RunTime:0.000629s ]
[2026-06-05T16:18:03+08:00][sql] CONNECT:[ UseTime:0.000926s ] mysql:host=127.0.0.1;port=3306;dbname=weihua;charset=utf8mb4
[2026-06-05T16:18:03+08:00][sql] SHOW FULL COLUMNS FROM `cmf_option` [ RunTime:0.001991s ]
[2026-06-05T16:18:03+08:00][sql] SELECT `option_value` FROM `cmf_option` WHERE  `option_name` = 'cdn_settings' LIMIT 1 [ RunTime:0.000336s ]
[2026-06-05T16:18:03+08:00][sql] SELECT `option_value` FROM `cmf_option` WHERE  `option_name` = 'cdn_settings' LIMIT 1 [ RunTime:0.000372s ]
[2026-06-05T16:18:03+08:00][sql] SHOW FULL COLUMNS FROM `cmf_product_category` [ RunTime:0.001225s ]
[2026-06-05T16:18:03+08:00][sql] SELECT * FROM `cmf_product_category` WHERE  `parent_id` = 0 ORDER BY `list_order` ASC,`create_time` DESC [ RunTime:0.000572s ]
[2026-06-05T16:18:03+08:00][sql] SELECT * FROM `cmf_product_category` WHERE  `parent_id` IN (28,19,22,23,25,27,30) [ RunTime:0.000432s ]
[2026-06-05T16:18:03+08:00][sql] SHOW FULL COLUMNS FROM `cmf_portal_category` [ RunTime:0.001969s ]
[2026-06-05T16:18:03+08:00][sql] SELECT * FROM `cmf_portal_category` WHERE (  `type` = 8 ) AND `cmf_portal_category`.`delete_time` = '0' ORDER BY `list_order` ASC [ RunTime:0.000607s ]
[2026-06-05T16:18:03+08:00][sql] SHOW FULL COLUMNS FROM `cmf_slide_item` [ RunTime:0.001835s ]
[2026-06-05T16:18:03+08:00][sql] SELECT `title`,`description`,`image` FROM `cmf_slide_item` WHERE  `slide_id` = 12  AND `status` = 1 ORDER BY `list_order` ASC,`id` DESC LIMIT 1 [ RunTime:0.000534s ]
[2026-06-05T16:18:03+08:00][sql] SELECT * FROM `cmf_portal_category` WHERE (  `id` = 0  AND `status` = 1 ) AND `cmf_portal_category`.`delete_time` = '0' LIMIT 1 [ RunTime:0.000317s ]
[2026-06-05T16:18:03+08:00][sql] SHOW FULL COLUMNS FROM `cmf_portal_post` [ RunTime:0.001480s ]
[2026-06-05T16:18:03+08:00][sql] SELECT COUNT(*) AS think_count FROM `cmf_portal_post` `p` LEFT JOIN `cmf_portal_category_post` `c` ON `p`.`id`=`c`.`post_id` WHERE (  `post_type` = 8 ) AND `p`.`delete_time` = '0' LIMIT 1 [ RunTime:0.000760s ]
[2026-06-05T16:18:03+08:00][sql] SELECT `p`.`id`,`p`.`post_title`,`p`.`thumbnail`,`p`.`more`,`p`.`post_alias`,c.category_id as cid,`p`.`post_excerpt`,`p`.`create_time` FROM `cmf_portal_post` `p` LEFT JOIN `cmf_portal_category_post` `c` ON `p`.`id`=`c`.`post_id` WHERE (  `post_type` = 8 ) AND `p`.`delete_time` = '0' ORDER BY `c`.`list_order` ASC,`p`.`create_time` DESC LIMIT 0,6 [ RunTime:0.000720s ]
[2026-06-05T16:18:03+08:00][sql] SHOW FULL COLUMNS FROM `cmf_theme_file` [ RunTime:0.001246s ]
[2026-06-05T16:18:03+08:00][sql] SELECT `more`,`file`,`id` FROM `cmf_theme_file` WHERE  `theme` = 'simpleboot3'  AND (  `is_public` = 1 OR `file` = 'portal/news' ) ORDER BY `is_public` DESC [ RunTime:0.000362s ]
[2026-06-05T16:18:03+08:00][sql] SELECT `option_value` FROM `cmf_option` WHERE  `option_name` = 'storage' LIMIT 1 [ RunTime:0.000472s ]
[2026-06-05T16:18:04+08:00][sql] CONNECT:[ UseTime:0.000900s ] mysql:host=127.0.0.1;port=3306;dbname=weihua;charset=utf8mb4
[2026-06-05T16:18:04+08:00][sql] SHOW FULL COLUMNS FROM `cmf_option` [ RunTime:0.001068s ]
[2026-06-05T16:18:04+08:00][sql] SELECT `option_value` FROM `cmf_option` WHERE  `option_name` = 'cdn_settings' LIMIT 1 [ RunTime:0.000218s ]
[2026-06-05T16:18:04+08:00][sql] SELECT `option_value` FROM `cmf_option` WHERE  `option_name` = 'cdn_settings' LIMIT 1 [ RunTime:0.000212s ]
[2026-06-05T16:18:04+08:00][sql] SHOW FULL COLUMNS FROM `cmf_product_category` [ RunTime:0.000846s ]
[2026-06-05T16:18:04+08:00][sql] SELECT * FROM `cmf_product_category` WHERE  `parent_id` = 0 ORDER BY `list_order` ASC,`create_time` DESC [ RunTime:0.000420s ]
[2026-06-05T16:18:04+08:00][sql] SELECT * FROM `cmf_product_category` WHERE  `parent_id` IN (28,19,22,23,25,27,30) [ RunTime:0.000491s ]
[2026-06-05T16:18:04+08:00][sql] SHOW FULL COLUMNS FROM `cmf_portal_category` [ RunTime:0.001353s ]
[2026-06-05T16:18:04+08:00][sql] SELECT * FROM `cmf_portal_category` WHERE (  `type` = 8 ) AND `cmf_portal_category`.`delete_time` = '0' ORDER BY `list_order` ASC [ RunTime:0.000367s ]
[2026-06-05T16:18:04+08:00][sql] SELECT * FROM `cmf_portal_category` WHERE (  `id` = 1  AND `status` = 1 ) AND `cmf_portal_category`.`delete_time` = '0' LIMIT 1 [ RunTime:0.000941s ]
[2026-06-05T16:18:04+08:00][sql] SHOW FULL COLUMNS FROM `cmf_portal_post` [ RunTime:0.001587s ]
[2026-06-05T16:18:04+08:00][sql] SELECT `post`.* FROM `cmf_portal_post` `post` LEFT JOIN `cmf_portal_category_post` `relation` ON `post`.`id`=`relation`.`post_id` WHERE (  `post`.`post_type` = '8'  AND `relation`.`category_id` = '1'  AND `post`.`id` = '26'  AND ( post.delete_time IS NULL OR post.delete_time = 0 ) ) AND `post`.`delete_time` = '0' LIMIT 1 [ RunTime:0.000664s ]
[2026-06-05T16:18:04+08:00][sql] SHOW FULL COLUMNS FROM `cmf_slide_item` [ RunTime:0.000963s ]
[2026-06-05T16:18:04+08:00][sql] SELECT `title`,`description`,`image` FROM `cmf_slide_item` WHERE  `slide_id` = 12  AND `status` = 1 ORDER BY `list_order` ASC,`id` DESC LIMIT 1 [ RunTime:0.000453s ]
[2026-06-05T16:18:04+08:00][sql] UPDATE `cmf_portal_post`  SET `post_hits` = `post_hits` + 1  WHERE (  `id` = 26 ) AND `cmf_portal_post`.`delete_time` = '0' [ RunTime:0.003790s ]
[2026-06-05T16:18:04+08:00][sql] SELECT `post`.* FROM `cmf_portal_post` `post` LEFT JOIN `cmf_portal_category_post` `relation` ON `post`.`id`=`relation`.`post_id` WHERE (  `post`.`post_type` = '8'  AND `relation`.`category_id` = '1'  AND `post`.`id` < '26'  AND ( post.delete_time IS NULL OR post.delete_time = 0 ) ) AND `post`.`delete_time` = '0' ORDER BY `post`.`id` DESC LIMIT 1 [ RunTime:0.000476s ]
[2026-06-05T16:18:04+08:00][sql] SELECT `post`.* FROM `cmf_portal_post` `post` LEFT JOIN `cmf_portal_category_post` `relation` ON `post`.`id`=`relation`.`post_id` WHERE (  `post`.`post_type` = '8'  AND `relation`.`category_id` = '1'  AND `post`.`id` > '26'  AND ( post.delete_time IS NULL OR post.delete_time = 0 ) ) AND `post`.`delete_time` = '0' ORDER BY `post`.`id` ASC LIMIT 1 [ RunTime:0.000331s ]
[2026-06-05T16:18:04+08:00][sql] SHOW FULL COLUMNS FROM `cmf_theme_file` [ RunTime:0.000974s ]
[2026-06-05T16:18:04+08:00][sql] SELECT `more`,`file`,`id` FROM `cmf_theme_file` WHERE  `theme` = 'simpleboot3'  AND (  `is_public` = 1 OR `file` = 'portal/news-info' ) ORDER BY `is_public` DESC [ RunTime:0.000288s ]
[2026-06-05T16:18:04+08:00][sql] SELECT `option_value` FROM `cmf_option` WHERE  `option_name` = 'storage' LIMIT 1 [ RunTime:0.000429s ]
[2026-06-05T16:18:06+08:00][sql] CONNECT:[ UseTime:0.000877s ] mysql:host=127.0.0.1;port=3306;dbname=weihua;charset=utf8mb4
[2026-06-05T16:18:06+08:00][sql] SHOW FULL COLUMNS FROM `cmf_option` [ RunTime:0.001389s ]
[2026-06-05T16:18:06+08:00][sql] SELECT `option_value` FROM `cmf_option` WHERE  `option_name` = 'cdn_settings' LIMIT 1 [ RunTime:0.000271s ]
[2026-06-05T16:18:06+08:00][sql] SELECT `option_value` FROM `cmf_option` WHERE  `option_name` = 'cdn_settings' LIMIT 1 [ RunTime:0.000310s ]
[2026-06-05T16:18:06+08:00][sql] SHOW FULL COLUMNS FROM `cmf_product_category` [ RunTime:0.001019s ]
[2026-06-05T16:18:06+08:00][sql] SELECT * FROM `cmf_product_category` WHERE  `parent_id` = 0 ORDER BY `list_order` ASC,`create_time` DESC [ RunTime:0.000343s ]
[2026-06-05T16:18:06+08:00][sql] SELECT * FROM `cmf_product_category` WHERE  `parent_id` IN (28,19,22,23,25,27,30) [ RunTime:0.000294s ]
[2026-06-05T16:18:06+08:00][sql] SHOW FULL COLUMNS FROM `cmf_portal_category` [ RunTime:0.001488s ]
[2026-06-05T16:18:06+08:00][sql] SELECT * FROM `cmf_portal_category` WHERE (  `type` = 8 ) AND `cmf_portal_category`.`delete_time` = '0' ORDER BY `list_order` ASC [ RunTime:0.000382s ]
[2026-06-05T16:18:06+08:00][sql] SELECT * FROM `cmf_portal_category` WHERE (  `id` = 1  AND `status` = 1 ) AND `cmf_portal_category`.`delete_time` = '0' LIMIT 1 [ RunTime:0.000374s ]
[2026-06-05T16:18:06+08:00][sql] SHOW FULL COLUMNS FROM `cmf_portal_post` [ RunTime:0.001145s ]
[2026-06-05T16:18:06+08:00][sql] SELECT `post`.* FROM `cmf_portal_post` `post` LEFT JOIN `cmf_portal_category_post` `relation` ON `post`.`id`=`relation`.`post_id` WHERE (  `post`.`post_type` = '8'  AND `relation`.`category_id` = '1'  AND `post`.`id` = '15'  AND ( post.delete_time IS NULL OR post.delete_time = 0 ) ) AND `post`.`delete_time` = '0' LIMIT 1 [ RunTime:0.000482s ]
[2026-06-05T16:18:06+08:00][sql] SHOW FULL COLUMNS FROM `cmf_slide_item` [ RunTime:0.001294s ]
[2026-06-05T16:18:06+08:00][sql] SELECT `title`,`description`,`image` FROM `cmf_slide_item` WHERE  `slide_id` = 12  AND `status` = 1 ORDER BY `list_order` ASC,`id` DESC LIMIT 1 [ RunTime:0.000377s ]
[2026-06-05T16:18:06+08:00][sql] UPDATE `cmf_portal_post`  SET `post_hits` = `post_hits` + 1  WHERE (  `id` = 15 ) AND `cmf_portal_post`.`delete_time` = '0' [ RunTime:0.003977s ]
[2026-06-05T16:18:06+08:00][sql] SELECT `post`.* FROM `cmf_portal_post` `post` LEFT JOIN `cmf_portal_category_post` `relation` ON `post`.`id`=`relation`.`post_id` WHERE (  `post`.`post_type` = '8'  AND `relation`.`category_id` = '1'  AND `post`.`id` < '15'  AND ( post.delete_time IS NULL OR post.delete_time = 0 ) ) AND `post`.`delete_time` = '0' ORDER BY `post`.`id` DESC LIMIT 1 [ RunTime:0.000898s ]
[2026-06-05T16:18:06+08:00][sql] SELECT `post`.* FROM `cmf_portal_post` `post` LEFT JOIN `cmf_portal_category_post` `relation` ON `post`.`id`=`relation`.`post_id` WHERE (  `post`.`post_type` = '8'  AND `relation`.`category_id` = '1'  AND `post`.`id` > '15'  AND ( post.delete_time IS NULL OR post.delete_time = 0 ) ) AND `post`.`delete_time` = '0' ORDER BY `post`.`id` ASC LIMIT 1 [ RunTime:0.000609s ]
[2026-06-05T16:18:06+08:00][sql] SHOW FULL COLUMNS FROM `cmf_theme_file` [ RunTime:0.002249s ]
[2026-06-05T16:18:06+08:00][sql] SELECT `more`,`file`,`id` FROM `cmf_theme_file` WHERE  `theme` = 'simpleboot3'  AND (  `is_public` = 1 OR `file` = 'portal/news-info' ) ORDER BY `is_public` DESC [ RunTime:0.001044s ]
[2026-06-05T16:18:06+08:00][sql] SELECT `option_value` FROM `cmf_option` WHERE  `option_name` = 'storage' LIMIT 1 [ RunTime:0.000397s ]
[2026-06-05T16:18:51+08:00][sql] CONNECT:[ UseTime:0.001092s ] mysql:host=127.0.0.1;port=3306;dbname=weihua;charset=utf8mb4
[2026-06-05T16:18:51+08:00][sql] SHOW FULL COLUMNS FROM `cmf_option` [ RunTime:0.002061s ]
[2026-06-05T16:18:51+08:00][sql] SELECT `option_value` FROM `cmf_option` WHERE  `option_name` = 'cdn_settings' LIMIT 1 [ RunTime:0.000367s ]
[2026-06-05T16:18:51+08:00][sql] SELECT `option_value` FROM `cmf_option` WHERE  `option_name` = 'cdn_settings' LIMIT 1 [ RunTime:0.000762s ]
[2026-06-05T16:18:51+08:00][sql] SHOW FULL COLUMNS FROM `cmf_product_category` [ RunTime:0.001205s ]
[2026-06-05T16:18:51+08:00][sql] SELECT * FROM `cmf_product_category` WHERE  `parent_id` = 0 ORDER BY `list_order` ASC,`create_time` DESC [ RunTime:0.000359s ]
[2026-06-05T16:18:51+08:00][sql] SELECT * FROM `cmf_product_category` WHERE  `parent_id` IN (28,19,22,23,25,27,30) [ RunTime:0.000325s ]
[2026-06-05T16:18:51+08:00][sql] SHOW FULL COLUMNS FROM `cmf_portal_category` [ RunTime:0.001360s ]
[2026-06-05T16:18:51+08:00][sql] SELECT * FROM `cmf_portal_category` WHERE (  `type` = 8 ) AND `cmf_portal_category`.`delete_time` = '0' ORDER BY `list_order` ASC [ RunTime:0.000321s ]
[2026-06-05T16:18:51+08:00][sql] SHOW FULL COLUMNS FROM `cmf_slide_item` [ RunTime:0.001027s ]
[2026-06-05T16:18:51+08:00][sql] SELECT `title`,`description`,`image`,`url`,`target`,`content` FROM `cmf_slide_item` WHERE  `slide_id` = 1 ORDER BY `list_order` ASC [ RunTime:0.000332s ]
[2026-06-05T16:18:51+08:00][sql] SHOW FULL COLUMNS FROM `cmf_slide` [ RunTime:0.000916s ]
[2026-06-05T16:18:51+08:00][sql] SELECT * FROM `cmf_slide` WHERE  `name` LIKE '%choose%' OR `name` LIKE '%选择%' LIMIT 1 [ RunTime:0.000957s ]
[2026-06-05T16:18:51+08:00][sql] SELECT `title`,`description`,`image`,`url`,`target`,`content` FROM `cmf_slide_item` WHERE  `slide_id` = 14  AND `status` = 1 ORDER BY `list_order` ASC [ RunTime:0.000369s ]
[2026-06-05T16:18:51+08:00][sql] SELECT * FROM `cmf_product_category` WHERE  `parent_id` = 0  AND `recommend` = 1 ORDER BY `list_order` ASC,`create_time` DESC [ RunTime:0.000323s ]
[2026-06-05T16:18:51+08:00][sql] SHOW FULL COLUMNS FROM `cmf_product` [ RunTime:0.001361s ]
[2026-06-05T16:18:51+08:00][sql] SELECT `id`,`title`,`thumbnail`,`industry` FROM `cmf_product` WHERE  `is_recommended` = 1  AND `category_id` = 28 ORDER BY `list_order` ASC LIMIT 6 [ RunTime:0.000717s ]
[2026-06-05T16:18:51+08:00][sql] SELECT `id`,`title`,`thumbnail`,`industry` FROM `cmf_product` WHERE  `is_recommended` = 1  AND `category_id` = 19 ORDER BY `list_order` ASC LIMIT 6 [ RunTime:0.000419s ]
[2026-06-05T16:18:51+08:00][sql] SELECT `id`,`title`,`thumbnail`,`industry` FROM `cmf_product` WHERE  `is_recommended` = 1  AND `category_id` = 23 ORDER BY `list_order` ASC LIMIT 6 [ RunTime:0.000350s ]
[2026-06-05T16:18:51+08:00][sql] SHOW FULL COLUMNS FROM `cmf_portal_post` [ RunTime:0.001347s ]
[2026-06-05T16:18:51+08:00][sql] SELECT `p`.`id`,`p`.`post_title`,`p`.`post_excerpt`,`p`.`thumbnail`,`p`.`create_time`,`c`.`category_id` FROM `cmf_portal_post` `p` INNER JOIN `cmf_portal_category_post` `c` ON `p`.`id`=`c`.`post_id` WHERE (  `p`.`post_type` = '8' ) AND `p`.`delete_time` = '0' ORDER BY `c`.`list_order` ASC,`p`.`create_time` DESC [ RunTime:0.000654s ]
[2026-06-05T16:18:51+08:00][sql] SELECT `id`,`post_title`,`post_excerpt`,`more` FROM `cmf_portal_post` WHERE (  `post_type` = 3 ) AND `cmf_portal_post`.`delete_time` = '0' ORDER BY `create_time` DESC [ RunTime:0.000356s ]
[2026-06-05T16:18:51+08:00][sql] SHOW FULL COLUMNS FROM `cmf_theme_file` [ RunTime:0.001000s ]
[2026-06-05T16:18:51+08:00][sql] SELECT `more`,`file`,`id` FROM `cmf_theme_file` WHERE  `theme` = 'simpleboot3'  AND (  `is_public` = 1 OR `file` = 'portal/index' ) ORDER BY `is_public` DESC [ RunTime:0.000443s ]
[2026-06-05T16:18:51+08:00][sql] SELECT `option_value` FROM `cmf_option` WHERE  `option_name` = 'storage' LIMIT 1 [ RunTime:0.000419s ]
[2026-06-05T16:18:53+08:00][sql] CONNECT:[ UseTime:0.000790s ] mysql:host=127.0.0.1;port=3306;dbname=weihua;charset=utf8mb4
[2026-06-05T16:18:53+08:00][sql] SHOW FULL COLUMNS FROM `cmf_option` [ RunTime:0.001283s ]
[2026-06-05T16:18:53+08:00][sql] SELECT `option_value` FROM `cmf_option` WHERE  `option_name` = 'cdn_settings' LIMIT 1 [ RunTime:0.000305s ]
[2026-06-05T16:18:53+08:00][sql] SELECT `option_value` FROM `cmf_option` WHERE  `option_name` = 'cdn_settings' LIMIT 1 [ RunTime:0.000289s ]
[2026-06-05T16:18:53+08:00][sql] SHOW FULL COLUMNS FROM `cmf_product_category` [ RunTime:0.002226s ]
[2026-06-05T16:18:53+08:00][sql] SELECT * FROM `cmf_product_category` WHERE  `parent_id` = 0 ORDER BY `list_order` ASC,`create_time` DESC [ RunTime:0.000576s ]
[2026-06-05T16:18:53+08:00][sql] SELECT * FROM `cmf_product_category` WHERE  `parent_id` IN (28,19,22,23,25,27,30) [ RunTime:0.000483s ]
[2026-06-05T16:18:53+08:00][sql] SHOW FULL COLUMNS FROM `cmf_portal_category` [ RunTime:0.001191s ]
[2026-06-05T16:18:53+08:00][sql] SELECT * FROM `cmf_portal_category` WHERE (  `type` = 8 ) AND `cmf_portal_category`.`delete_time` = '0' ORDER BY `list_order` ASC [ RunTime:0.000330s ]
[2026-06-05T16:18:53+08:00][sql] SHOW FULL COLUMNS FROM `cmf_slide_item` [ RunTime:0.000994s ]
[2026-06-05T16:18:53+08:00][sql] SELECT `title`,`description`,`image` FROM `cmf_slide_item` WHERE  `slide_id` = 12  AND `status` = 1 ORDER BY `list_order` ASC,`id` DESC LIMIT 1 [ RunTime:0.000473s ]
[2026-06-05T16:18:53+08:00][sql] SELECT * FROM `cmf_portal_category` WHERE (  `id` = 0  AND `status` = 1 ) AND `cmf_portal_category`.`delete_time` = '0' LIMIT 1 [ RunTime:0.000273s ]
[2026-06-05T16:18:53+08:00][sql] SHOW FULL COLUMNS FROM `cmf_portal_post` [ RunTime:0.001069s ]
[2026-06-05T16:18:53+08:00][sql] SELECT COUNT(*) AS think_count FROM `cmf_portal_post` `p` LEFT JOIN `cmf_portal_category_post` `c` ON `p`.`id`=`c`.`post_id` WHERE (  `post_type` = 8 ) AND `p`.`delete_time` = '0' LIMIT 1 [ RunTime:0.000437s ]
[2026-06-05T16:18:53+08:00][sql] SELECT `p`.`id`,`p`.`post_title`,`p`.`thumbnail`,`p`.`more`,c.category_id as cid,`p`.`post_excerpt`,`p`.`create_time` FROM `cmf_portal_post` `p` LEFT JOIN `cmf_portal_category_post` `c` ON `p`.`id`=`c`.`post_id` WHERE (  `post_type` = 8 ) AND `p`.`delete_time` = '0' ORDER BY `c`.`list_order` ASC,`p`.`create_time` DESC LIMIT 0,6 [ RunTime:0.000489s ]
[2026-06-05T16:18:53+08:00][sql] SHOW FULL COLUMNS FROM `cmf_theme_file` [ RunTime:0.001693s ]
[2026-06-05T16:18:53+08:00][sql] SELECT `more`,`file`,`id` FROM `cmf_theme_file` WHERE  `theme` = 'simpleboot3'  AND (  `is_public` = 1 OR `file` = 'portal/news' ) ORDER BY `is_public` DESC [ RunTime:0.000340s ]
[2026-06-05T16:18:53+08:00][sql] SELECT `option_value` FROM `cmf_option` WHERE  `option_name` = 'storage' LIMIT 1 [ RunTime:0.000607s ]
[2026-06-05T16:18:54+08:00][sql] CONNECT:[ UseTime:0.000916s ] mysql:host=127.0.0.1;port=3306;dbname=weihua;charset=utf8mb4
[2026-06-05T16:18:54+08:00][sql] SHOW FULL COLUMNS FROM `cmf_option` [ RunTime:0.001500s ]
[2026-06-05T16:18:54+08:00][sql] SELECT `option_value` FROM `cmf_option` WHERE  `option_name` = 'cdn_settings' LIMIT 1 [ RunTime:0.000286s ]
[2026-06-05T16:18:54+08:00][sql] SELECT `option_value` FROM `cmf_option` WHERE  `option_name` = 'cdn_settings' LIMIT 1 [ RunTime:0.000276s ]
[2026-06-05T16:18:54+08:00][sql] SHOW FULL COLUMNS FROM `cmf_product_category` [ RunTime:0.001280s ]
[2026-06-05T16:18:54+08:00][sql] SELECT * FROM `cmf_product_category` WHERE  `parent_id` = 0 ORDER BY `list_order` ASC,`create_time` DESC [ RunTime:0.000418s ]
[2026-06-05T16:18:54+08:00][sql] SELECT * FROM `cmf_product_category` WHERE  `parent_id` IN (28,19,22,23,25,27,30) [ RunTime:0.000331s ]
[2026-06-05T16:18:54+08:00][sql] SHOW FULL COLUMNS FROM `cmf_portal_category` [ RunTime:0.001995s ]
[2026-06-05T16:18:54+08:00][sql] SELECT * FROM `cmf_portal_category` WHERE (  `type` = 8 ) AND `cmf_portal_category`.`delete_time` = '0' ORDER BY `list_order` ASC [ RunTime:0.000390s ]
[2026-06-05T16:18:54+08:00][sql] SELECT * FROM `cmf_portal_category` WHERE (  `id` = 1  AND `status` = 1 ) AND `cmf_portal_category`.`delete_time` = '0' LIMIT 1 [ RunTime:0.000388s ]
[2026-06-05T16:18:54+08:00][sql] SHOW FULL COLUMNS FROM `cmf_portal_post` [ RunTime:0.001263s ]
[2026-06-05T16:18:54+08:00][sql] SELECT `post`.* FROM `cmf_portal_post` `post` LEFT JOIN `cmf_portal_category_post` `relation` ON `post`.`id`=`relation`.`post_id` WHERE (  `post`.`post_type` = '8'  AND `relation`.`category_id` = '1'  AND `post`.`id` = '15'  AND ( post.delete_time IS NULL OR post.delete_time = 0 ) ) AND `post`.`delete_time` = '0' LIMIT 1 [ RunTime:0.000442s ]
[2026-06-05T16:18:54+08:00][sql] SHOW FULL COLUMNS FROM `cmf_slide_item` [ RunTime:0.000941s ]
[2026-06-05T16:18:54+08:00][sql] SELECT `title`,`description`,`image` FROM `cmf_slide_item` WHERE  `slide_id` = 12  AND `status` = 1 ORDER BY `list_order` ASC,`id` DESC LIMIT 1 [ RunTime:0.000350s ]
[2026-06-05T16:18:54+08:00][sql] UPDATE `cmf_portal_post`  SET `post_hits` = `post_hits` + 1  WHERE (  `id` = 15 ) AND `cmf_portal_post`.`delete_time` = '0' [ RunTime:0.003273s ]
[2026-06-05T16:18:54+08:00][sql] SELECT `post`.* FROM `cmf_portal_post` `post` LEFT JOIN `cmf_portal_category_post` `relation` ON `post`.`id`=`relation`.`post_id` WHERE (  `post`.`post_type` = '8'  AND `relation`.`category_id` = '1'  AND `post`.`id` < '15'  AND ( post.delete_time IS NULL OR post.delete_time = 0 ) ) AND `post`.`delete_time` = '0' ORDER BY `post`.`id` DESC LIMIT 1 [ RunTime:0.000467s ]
[2026-06-05T16:18:54+08:00][sql] SELECT `post`.* FROM `cmf_portal_post` `post` LEFT JOIN `cmf_portal_category_post` `relation` ON `post`.`id`=`relation`.`post_id` WHERE (  `post`.`post_type` = '8'  AND `relation`.`category_id` = '1'  AND `post`.`id` > '15'  AND ( post.delete_time IS NULL OR post.delete_time = 0 ) ) AND `post`.`delete_time` = '0' ORDER BY `post`.`id` ASC LIMIT 1 [ RunTime:0.000440s ]
[2026-06-05T16:18:54+08:00][sql] SHOW FULL COLUMNS FROM `cmf_theme_file` [ RunTime:0.001356s ]
[2026-06-05T16:18:54+08:00][sql] SELECT `more`,`file`,`id` FROM `cmf_theme_file` WHERE  `theme` = 'simpleboot3'  AND (  `is_public` = 1 OR `file` = 'portal/news-info' ) ORDER BY `is_public` DESC [ RunTime:0.000471s ]
[2026-06-05T16:18:54+08:00][sql] SELECT `option_value` FROM `cmf_option` WHERE  `option_name` = 'storage' LIMIT 1 [ RunTime:0.000359s ]
[2026-06-05T16:18:56+08:00][sql] CONNECT:[ UseTime:0.000886s ] mysql:host=127.0.0.1;port=3306;dbname=weihua;charset=utf8mb4
[2026-06-05T16:18:56+08:00][sql] SHOW FULL COLUMNS FROM `cmf_option` [ RunTime:0.001229s ]
[2026-06-05T16:18:56+08:00][sql] SELECT `option_value` FROM `cmf_option` WHERE  `option_name` = 'cdn_settings' LIMIT 1 [ RunTime:0.000308s ]
[2026-06-05T16:18:56+08:00][sql] SELECT `option_value` FROM `cmf_option` WHERE  `option_name` = 'cdn_settings' LIMIT 1 [ RunTime:0.000308s ]
[2026-06-05T16:18:56+08:00][sql] SHOW FULL COLUMNS FROM `cmf_product_category` [ RunTime:0.000872s ]
[2026-06-05T16:18:56+08:00][sql] SELECT * FROM `cmf_product_category` WHERE  `parent_id` = 0 ORDER BY `list_order` ASC,`create_time` DESC [ RunTime:0.000268s ]
[2026-06-05T16:18:56+08:00][sql] SELECT * FROM `cmf_product_category` WHERE  `parent_id` IN (28,19,22,23,25,27,30) [ RunTime:0.000274s ]
[2026-06-05T16:18:56+08:00][sql] SHOW FULL COLUMNS FROM `cmf_portal_category` [ RunTime:0.000896s ]
[2026-06-05T16:18:56+08:00][sql] SELECT * FROM `cmf_portal_category` WHERE (  `type` = 8 ) AND `cmf_portal_category`.`delete_time` = '0' ORDER BY `list_order` ASC [ RunTime:0.000325s ]
[2026-06-05T16:18:56+08:00][sql] SELECT * FROM `cmf_portal_category` WHERE (  `id` = 1  AND `status` = 1 ) AND `cmf_portal_category`.`delete_time` = '0' LIMIT 1 [ RunTime:0.000306s ]
[2026-06-05T16:18:56+08:00][sql] SHOW FULL COLUMNS FROM `cmf_portal_post` [ RunTime:0.000920s ]
[2026-06-05T16:18:56+08:00][sql] SELECT `post`.* FROM `cmf_portal_post` `post` LEFT JOIN `cmf_portal_category_post` `relation` ON `post`.`id`=`relation`.`post_id` WHERE (  `post`.`post_type` = '8'  AND `relation`.`category_id` = '1'  AND `post`.`id` = '26'  AND ( post.delete_time IS NULL OR post.delete_time = 0 ) ) AND `post`.`delete_time` = '0' LIMIT 1 [ RunTime:0.000404s ]
[2026-06-05T16:18:56+08:00][sql] SHOW FULL COLUMNS FROM `cmf_slide_item` [ RunTime:0.001077s ]
[2026-06-05T16:18:56+08:00][sql] SELECT `title`,`description`,`image` FROM `cmf_slide_item` WHERE  `slide_id` = 12  AND `status` = 1 ORDER BY `list_order` ASC,`id` DESC LIMIT 1 [ RunTime:0.000456s ]
[2026-06-05T16:18:56+08:00][sql] UPDATE `cmf_portal_post`  SET `post_hits` = `post_hits` + 1  WHERE (  `id` = 26 ) AND `cmf_portal_post`.`delete_time` = '0' [ RunTime:0.003392s ]
[2026-06-05T16:18:56+08:00][sql] SELECT `post`.* FROM `cmf_portal_post` `post` LEFT JOIN `cmf_portal_category_post` `relation` ON `post`.`id`=`relation`.`post_id` WHERE (  `post`.`post_type` = '8'  AND `relation`.`category_id` = '1'  AND `post`.`id` < '26'  AND ( post.delete_time IS NULL OR post.delete_time = 0 ) ) AND `post`.`delete_time` = '0' ORDER BY `post`.`id` DESC LIMIT 1 [ RunTime:0.000604s ]
[2026-06-05T16:18:56+08:00][sql] SELECT `post`.* FROM `cmf_portal_post` `post` LEFT JOIN `cmf_portal_category_post` `relation` ON `post`.`id`=`relation`.`post_id` WHERE (  `post`.`post_type` = '8'  AND `relation`.`category_id` = '1'  AND `post`.`id` > '26'  AND ( post.delete_time IS NULL OR post.delete_time = 0 ) ) AND `post`.`delete_time` = '0' ORDER BY `post`.`id` ASC LIMIT 1 [ RunTime:0.000389s ]
[2026-06-05T16:18:56+08:00][sql] SHOW FULL COLUMNS FROM `cmf_theme_file` [ RunTime:0.001395s ]
[2026-06-05T16:18:56+08:00][sql] SELECT `more`,`file`,`id` FROM `cmf_theme_file` WHERE  `theme` = 'simpleboot3'  AND (  `is_public` = 1 OR `file` = 'portal/news-info' ) ORDER BY `is_public` DESC [ RunTime:0.000378s ]
[2026-06-05T16:18:56+08:00][sql] SELECT `option_value` FROM `cmf_option` WHERE  `option_name` = 'storage' LIMIT 1 [ RunTime:0.000491s ]
[2026-06-05T16:18:58+08:00][sql] CONNECT:[ UseTime:0.000819s ] mysql:host=127.0.0.1;port=3306;dbname=weihua;charset=utf8mb4
[2026-06-05T16:18:58+08:00][sql] SHOW FULL COLUMNS FROM `cmf_option` [ RunTime:0.001292s ]
[2026-06-05T16:18:58+08:00][sql] SELECT `option_value` FROM `cmf_option` WHERE  `option_name` = 'cdn_settings' LIMIT 1 [ RunTime:0.000277s ]
[2026-06-05T16:18:58+08:00][sql] SELECT `option_value` FROM `cmf_option` WHERE  `option_name` = 'cdn_settings' LIMIT 1 [ RunTime:0.000271s ]
[2026-06-05T16:18:58+08:00][sql] SHOW FULL COLUMNS FROM `cmf_product_category` [ RunTime:0.001494s ]
[2026-06-05T16:18:58+08:00][sql] SELECT * FROM `cmf_product_category` WHERE  `parent_id` = 0 ORDER BY `list_order` ASC,`create_time` DESC [ RunTime:0.000628s ]
[2026-06-05T16:18:58+08:00][sql] SELECT * FROM `cmf_product_category` WHERE  `parent_id` IN (28,19,22,23,25,27,30) [ RunTime:0.000399s ]
[2026-06-05T16:18:58+08:00][sql] SHOW FULL COLUMNS FROM `cmf_portal_category` [ RunTime:0.001084s ]
[2026-06-05T16:18:58+08:00][sql] SELECT * FROM `cmf_portal_category` WHERE (  `type` = 8 ) AND `cmf_portal_category`.`delete_time` = '0' ORDER BY `list_order` ASC [ RunTime:0.000353s ]
[2026-06-05T16:18:58+08:00][sql] SELECT * FROM `cmf_portal_category` WHERE (  `id` = 1  AND `status` = 1 ) AND `cmf_portal_category`.`delete_time` = '0' LIMIT 1 [ RunTime:0.000354s ]
[2026-06-05T16:18:58+08:00][sql] SHOW FULL COLUMNS FROM `cmf_portal_post` [ RunTime:0.001307s ]
[2026-06-05T16:18:58+08:00][sql] SELECT `post`.* FROM `cmf_portal_post` `post` LEFT JOIN `cmf_portal_category_post` `relation` ON `post`.`id`=`relation`.`post_id` WHERE (  `post`.`post_type` = '8'  AND `relation`.`category_id` = '1'  AND `post`.`id` = '14'  AND ( post.delete_time IS NULL OR post.delete_time = 0 ) ) AND `post`.`delete_time` = '0' LIMIT 1 [ RunTime:0.000431s ]
[2026-06-05T16:18:58+08:00][sql] SHOW FULL COLUMNS FROM `cmf_slide_item` [ RunTime:0.000953s ]
[2026-06-05T16:18:58+08:00][sql] SELECT `title`,`description`,`image` FROM `cmf_slide_item` WHERE  `slide_id` = 12  AND `status` = 1 ORDER BY `list_order` ASC,`id` DESC LIMIT 1 [ RunTime:0.000604s ]
[2026-06-05T16:18:58+08:00][sql] UPDATE `cmf_portal_post`  SET `post_hits` = `post_hits` + 1  WHERE (  `id` = 14 ) AND `cmf_portal_post`.`delete_time` = '0' [ RunTime:0.004910s ]
[2026-06-05T16:18:58+08:00][sql] SELECT `post`.* FROM `cmf_portal_post` `post` LEFT JOIN `cmf_portal_category_post` `relation` ON `post`.`id`=`relation`.`post_id` WHERE (  `post`.`post_type` = '8'  AND `relation`.`category_id` = '1'  AND `post`.`id` < '14'  AND ( post.delete_time IS NULL OR post.delete_time = 0 ) ) AND `post`.`delete_time` = '0' ORDER BY `post`.`id` DESC LIMIT 1 [ RunTime:0.001004s ]
[2026-06-05T16:18:58+08:00][sql] SELECT `post`.* FROM `cmf_portal_post` `post` LEFT JOIN `cmf_portal_category_post` `relation` ON `post`.`id`=`relation`.`post_id` WHERE (  `post`.`post_type` = '8'  AND `relation`.`category_id` = '1'  AND `post`.`id` > '14'  AND ( post.delete_time IS NULL OR post.delete_time = 0 ) ) AND `post`.`delete_time` = '0' ORDER BY `post`.`id` ASC LIMIT 1 [ RunTime:0.000567s ]
[2026-06-05T16:18:58+08:00][sql] SHOW FULL COLUMNS FROM `cmf_theme_file` [ RunTime:0.001124s ]
[2026-06-05T16:18:58+08:00][sql] SELECT `more`,`file`,`id` FROM `cmf_theme_file` WHERE  `theme` = 'simpleboot3'  AND (  `is_public` = 1 OR `file` = 'portal/news-info' ) ORDER BY `is_public` DESC [ RunTime:0.000347s ]
[2026-06-05T16:18:58+08:00][sql] SELECT `option_value` FROM `cmf_option` WHERE  `option_name` = 'storage' LIMIT 1 [ RunTime:0.000312s ]
[2026-06-05T16:19:06+08:00][sql] CONNECT:[ UseTime:0.001322s ] mysql:host=127.0.0.1;port=3306;dbname=weihua;charset=utf8mb4
[2026-06-05T16:19:06+08:00][sql] SHOW FULL COLUMNS FROM `cmf_option` [ RunTime:0.002424s ]
[2026-06-05T16:19:06+08:00][sql] SELECT `option_value` FROM `cmf_option` WHERE  `option_name` = 'cdn_settings' LIMIT 1 [ RunTime:0.000598s ]
[2026-06-05T16:19:06+08:00][sql] SELECT `option_value` FROM `cmf_option` WHERE  `option_name` = 'cdn_settings' LIMIT 1 [ RunTime:0.000361s ]
[2026-06-05T16:19:06+08:00][sql] SHOW FULL COLUMNS FROM `cmf_product_category` [ RunTime:0.001694s ]
[2026-06-05T16:19:06+08:00][sql] SELECT * FROM `cmf_product_category` WHERE  `parent_id` = 0 ORDER BY `list_order` ASC,`create_time` DESC [ RunTime:0.000835s ]
[2026-06-05T16:19:06+08:00][sql] SELECT * FROM `cmf_product_category` WHERE  `parent_id` IN (28,19,22,23,25,27,30) [ RunTime:0.000612s ]
[2026-06-05T16:19:06+08:00][sql] SHOW FULL COLUMNS FROM `cmf_portal_category` [ RunTime:0.002288s ]
[2026-06-05T16:19:06+08:00][sql] SELECT * FROM `cmf_portal_category` WHERE (  `type` = 8 ) AND `cmf_portal_category`.`delete_time` = '0' ORDER BY `list_order` ASC [ RunTime:0.001344s ]
[2026-06-05T16:19:06+08:00][sql] SHOW FULL COLUMNS FROM `cmf_slide_item` [ RunTime:0.002427s ]
[2026-06-05T16:19:06+08:00][sql] SELECT `title`,`description`,`image` FROM `cmf_slide_item` WHERE  `slide_id` = 3  AND `status` = 1 ORDER BY `list_order` ASC,`id` DESC LIMIT 1 [ RunTime:0.001006s ]
[2026-06-05T16:19:06+08:00][sql] SHOW FULL COLUMNS FROM `cmf_portal_post` [ RunTime:0.001448s ]
[2026-06-05T16:19:06+08:00][sql] SELECT COUNT(*) AS think_count FROM `cmf_portal_post` WHERE (  `post_type` = 3 ) AND `cmf_portal_post`.`delete_time` = '0' LIMIT 1 [ RunTime:0.001083s ]
[2026-06-05T16:19:06+08:00][sql] SELECT `id`,`more`,`post_title`,`post_excerpt` FROM `cmf_portal_post` WHERE (  `post_type` = 3 ) AND `cmf_portal_post`.`delete_time` = '0' ORDER BY `create_time` DESC LIMIT 0,9 [ RunTime:0.000385s ]
[2026-06-05T16:19:06+08:00][sql] SHOW FULL COLUMNS FROM `cmf_theme_file` [ RunTime:0.001260s ]
[2026-06-05T16:19:06+08:00][sql] SELECT `more`,`file`,`id` FROM `cmf_theme_file` WHERE  `theme` = 'simpleboot3'  AND (  `is_public` = 1 OR `file` = 'portal/industries' ) ORDER BY `is_public` DESC [ RunTime:0.000844s ]
[2026-06-05T16:19:06+08:00][sql] SELECT `option_value` FROM `cmf_option` WHERE  `option_name` = 'storage' LIMIT 1 [ RunTime:0.000448s ]
[2026-06-05T16:19:07+08:00][sql] CONNECT:[ UseTime:0.000947s ] mysql:host=127.0.0.1;port=3306;dbname=weihua;charset=utf8mb4
[2026-06-05T16:19:07+08:00][sql] SHOW FULL COLUMNS FROM `cmf_option` [ RunTime:0.001629s ]
[2026-06-05T16:19:07+08:00][sql] SELECT `option_value` FROM `cmf_option` WHERE  `option_name` = 'cdn_settings' LIMIT 1 [ RunTime:0.000321s ]
[2026-06-05T16:19:07+08:00][sql] SELECT `option_value` FROM `cmf_option` WHERE  `option_name` = 'cdn_settings' LIMIT 1 [ RunTime:0.000553s ]
[2026-06-05T16:19:07+08:00][sql] SHOW FULL COLUMNS FROM `cmf_product_category` [ RunTime:0.001152s ]
[2026-06-05T16:19:07+08:00][sql] SELECT * FROM `cmf_product_category` WHERE  `parent_id` = 0 ORDER BY `list_order` ASC,`create_time` DESC [ RunTime:0.000310s ]
[2026-06-05T16:19:07+08:00][sql] SELECT * FROM `cmf_product_category` WHERE  `parent_id` IN (28,19,22,23,25,27,30) [ RunTime:0.000308s ]
[2026-06-05T16:19:07+08:00][sql] SHOW FULL COLUMNS FROM `cmf_portal_category` [ RunTime:0.000901s ]
[2026-06-05T16:19:07+08:00][sql] SELECT * FROM `cmf_portal_category` WHERE (  `type` = 8 ) AND `cmf_portal_category`.`delete_time` = '0' ORDER BY `list_order` ASC [ RunTime:0.000305s ]
[2026-06-05T16:19:07+08:00][sql] SELECT * FROM `cmf_portal_category` WHERE (  `id` = 0  AND `status` = 1 ) AND `cmf_portal_category`.`delete_time` = '0' LIMIT 1 [ RunTime:0.000286s ]
[2026-06-05T16:19:07+08:00][sql] SHOW FULL COLUMNS FROM `cmf_slide_item` [ RunTime:0.000830s ]
[2026-06-05T16:19:07+08:00][sql] SELECT `title`,`description`,`image` FROM `cmf_slide_item` WHERE  `slide_id` = 3  AND `status` = 1 ORDER BY `list_order` ASC,`id` DESC LIMIT 1 [ RunTime:0.000356s ]
[2026-06-05T16:19:07+08:00][sql] SHOW FULL COLUMNS FROM `cmf_portal_post` [ RunTime:0.000898s ]
[2026-06-05T16:19:07+08:00][sql] UPDATE `cmf_portal_post`  SET `post_hits` = `post_hits` + 1  WHERE (  `id` = 23 ) AND `cmf_portal_post`.`delete_time` = '0' [ RunTime:0.004853s ]
[2026-06-05T16:19:07+08:00][sql] SELECT * FROM `cmf_portal_post` WHERE (  `post_type` = 3  AND `id` = 23  AND ( delete_time IS NULL OR delete_time = 0 ) ) AND `cmf_portal_post`.`delete_time` = '0' LIMIT 1 [ RunTime:0.000481s ]
[2026-06-05T16:19:07+08:00][sql] SELECT * FROM `cmf_portal_post` WHERE (  `post_type` = 3  AND `id` < 23  AND ( delete_time IS NULL OR delete_time = 0 ) ) AND `cmf_portal_post`.`delete_time` = '0' ORDER BY `id` DESC LIMIT 1 [ RunTime:0.000723s ]
[2026-06-05T16:19:07+08:00][sql] SELECT * FROM `cmf_portal_post` WHERE (  `post_type` = 3  AND `id` > 23  AND ( delete_time IS NULL OR delete_time = 0 ) ) AND `cmf_portal_post`.`delete_time` = '0' ORDER BY `id` ASC LIMIT 1 [ RunTime:0.000328s ]
[2026-06-05T16:19:07+08:00][sql] SHOW FULL COLUMNS FROM `cmf_theme_file` [ RunTime:0.000981s ]
[2026-06-05T16:19:07+08:00][sql] SELECT `more`,`file`,`id` FROM `cmf_theme_file` WHERE  `theme` = 'simpleboot3'  AND (  `is_public` = 1 OR `file` = 'portal/industries-info' ) ORDER BY `is_public` DESC [ RunTime:0.000287s ]
[2026-06-05T16:19:07+08:00][sql] SELECT `option_value` FROM `cmf_option` WHERE  `option_name` = 'storage' LIMIT 1 [ RunTime:0.000626s ]
[2026-06-05T16:19:16+08:00][sql] CONNECT:[ UseTime:0.000873s ] mysql:host=127.0.0.1;port=3306;dbname=weihua;charset=utf8mb4
[2026-06-05T16:19:16+08:00][sql] SHOW FULL COLUMNS FROM `cmf_hook` [ RunTime:0.001337s ]
[2026-06-05T16:19:16+08:00][sql] SELECT `hook` FROM `cmf_hook` WHERE  `app` = 'admin' [ RunTime:0.000498s ]
[2026-06-05T16:19:16+08:00][sql] SHOW FULL COLUMNS FROM `cmf_hook_plugin` [ RunTime:0.000896s ]
[2026-06-05T16:19:16+08:00][sql] SELECT `hook`,`plugin` FROM `cmf_hook_plugin` WHERE  `status` = 1  AND `hook` IN ('admin_dashboard','admin_login','admin_theme_design_view','admin_setting_site_view','admin_setting_clear_cache_view','admin_nav_index_view','admin_link_index_view','admin_slide_index_view','admin_user_index_view','admin_rbac_index_view','admin_index_index_view','admin_recycle_bin_index_view','admin_menu_index_view','admin_custom_login_open','admin_slide_item_index_view','admin_slide_item_add_view','admin_slide_item_edit_view','admin_user_add_view','admin_user_edit_view','admin_rbac_role_add_view','admin_rbac_role_edit_view','admin_rbac_authorize_view','admin_api_import_view') ORDER BY `list_order` ASC [ RunTime:0.000515s ]
[2026-06-05T16:19:16+08:00][sql] SHOW FULL COLUMNS FROM `cmf_option` [ RunTime:0.001809s ]
[2026-06-05T16:19:16+08:00][sql] SELECT `option_value` FROM `cmf_option` WHERE  `option_name` = 'cdn_settings' LIMIT 1 [ RunTime:0.000344s ]
[2026-06-05T16:19:16+08:00][sql] SELECT `option_value` FROM `cmf_option` WHERE  `option_name` = 'admin_settings' LIMIT 1 [ RunTime:0.000421s ]
[2026-06-05T16:19:16+08:00][sql] CONNECT:[ UseTime:0.000769s ] mysql:host=127.0.0.1;port=3306;dbname=weihua;charset=utf8mb4
[2026-06-05T16:19:16+08:00][sql] SHOW FULL COLUMNS FROM `cmf_option` [ RunTime:0.001280s ]
[2026-06-05T16:19:16+08:00][sql] SELECT `option_value` FROM `cmf_option` WHERE  `option_name` = 'cdn_settings' LIMIT 1 [ RunTime:0.000271s ]
[2026-06-05T16:19:30+08:00][sql] CONNECT:[ UseTime:0.010725s ] mysql:host=127.0.0.1;port=3306;dbname=weihua;charset=utf8mb4
[2026-06-05T16:19:30+08:00][sql] SHOW FULL COLUMNS FROM `cmf_option` [ RunTime:0.001399s ]
[2026-06-05T16:19:30+08:00][sql] SELECT `option_value` FROM `cmf_option` WHERE  `option_name` = 'cdn_settings' LIMIT 1 [ RunTime:0.000274s ]
[2026-06-05T16:19:30+08:00][sql] SHOW FULL COLUMNS FROM `cmf_user` [ RunTime:0.001497s ]
[2026-06-05T16:19:30+08:00][sql] SELECT * FROM `cmf_user` WHERE  `user_login` = 'antop002' LIMIT 1 [ RunTime:0.000353s ]
[2026-06-05T16:19:30+08:00][sql] SHOW FULL COLUMNS FROM `cmf_role_user` [ RunTime:0.000883s ]
[2026-06-05T16:19:30+08:00][sql] SELECT `role_id` FROM `cmf_role_user` `a` INNER JOIN `cmf_role` `b` ON `a`.`role_id`=`b`.`id` WHERE  `user_id` = 1  AND `status` = '1' LIMIT 1 [ RunTime:0.000346s ]
[2026-06-05T16:19:30+08:00][sql] SHOW FULL COLUMNS FROM `cmf_user_token` [ RunTime:0.000851s ]
[2026-06-05T16:19:30+08:00][sql] SELECT * FROM `cmf_user_token` WHERE  `user_id` = 1  AND `device_type` = 'web' LIMIT 1 [ RunTime:0.000269s ]
[2026-06-05T16:19:30+08:00][sql] UPDATE `cmf_user`  SET `last_login_ip` = '::1' , `last_login_time` = 1780647570  WHERE  `id` = 1 [ RunTime:0.002524s ]
[2026-06-05T16:19:32+08:00][sql] CONNECT:[ UseTime:0.000852s ] mysql:host=127.0.0.1;port=3306;dbname=weihua;charset=utf8mb4
[2026-06-05T16:19:32+08:00][sql] SHOW FULL COLUMNS FROM `cmf_option` [ RunTime:0.001254s ]
[2026-06-05T16:19:32+08:00][sql] SELECT `option_value` FROM `cmf_option` WHERE  `option_name` = 'cdn_settings' LIMIT 1 [ RunTime:0.000277s ]
[2026-06-05T16:19:32+08:00][sql] SHOW FULL COLUMNS FROM `cmf_user` [ RunTime:0.002018s ]
[2026-06-05T16:19:32+08:00][sql] SELECT * FROM `cmf_user` WHERE  `id` = 1 LIMIT 1 [ RunTime:0.000649s ]
[2026-06-05T16:19:32+08:00][sql] SHOW FULL COLUMNS FROM `cmf_admin_menu` [ RunTime:0.001314s ]
[2026-06-05T16:19:32+08:00][sql] SELECT * FROM `cmf_admin_menu` WHERE  `parent_id` = 0  AND `status` = 1 ORDER BY `list_order` ASC [ RunTime:0.002651s ]
[2026-06-05T16:19:32+08:00][sql] SELECT * FROM `cmf_admin_menu` WHERE  `parent_id` = 71  AND `status` = 1 ORDER BY `list_order` ASC [ RunTime:0.000437s ]
[2026-06-05T16:19:32+08:00][sql] SELECT * FROM `cmf_admin_menu` WHERE  `parent_id` = 78  AND `status` = 1 ORDER BY `list_order` ASC [ RunTime:0.000923s ]
[2026-06-05T16:19:32+08:00][sql] SELECT * FROM `cmf_admin_menu` WHERE  `parent_id` = 213  AND `status` = 1 ORDER BY `list_order` ASC [ RunTime:0.000446s ]
[2026-06-05T16:19:32+08:00][sql] SELECT * FROM `cmf_admin_menu` WHERE  `parent_id` = 214  AND `status` = 1 ORDER BY `list_order` ASC [ RunTime:0.000321s ]
[2026-06-05T16:19:32+08:00][sql] SELECT * FROM `cmf_admin_menu` WHERE  `parent_id` = 215  AND `status` = 1 ORDER BY `list_order` ASC [ RunTime:0.000313s ]
[2026-06-05T16:19:32+08:00][sql] SELECT * FROM `cmf_admin_menu` WHERE  `parent_id` = 217  AND `status` = 1 ORDER BY `list_order` ASC [ RunTime:0.000916s ]
[2026-06-05T16:19:32+08:00][sql] SELECT * FROM `cmf_admin_menu` WHERE  `parent_id` = 219  AND `status` = 1 ORDER BY `list_order` ASC [ RunTime:0.000368s ]
[2026-06-05T16:19:32+08:00][sql] SELECT * FROM `cmf_admin_menu` WHERE  `parent_id` = 220  AND `status` = 1 ORDER BY `list_order` ASC [ RunTime:0.000313s ]
[2026-06-05T16:19:32+08:00][sql] SELECT * FROM `cmf_admin_menu` WHERE  `parent_id` = 225  AND `status` = 1 ORDER BY `list_order` ASC [ RunTime:0.000286s ]
[2026-06-05T16:19:32+08:00][sql] SELECT * FROM `cmf_admin_menu` WHERE  `parent_id` = 221  AND `status` = 1 ORDER BY `list_order` ASC [ RunTime:0.000399s ]
[2026-06-05T16:19:32+08:00][sql] SELECT * FROM `cmf_admin_menu` WHERE  `parent_id` = 222  AND `status` = 1 ORDER BY `list_order` ASC [ RunTime:0.000417s ]
[2026-06-05T16:19:32+08:00][sql] SELECT * FROM `cmf_admin_menu` WHERE  `parent_id` = 223  AND `status` = 1 ORDER BY `list_order` ASC [ RunTime:0.000398s ]
[2026-06-05T16:19:32+08:00][sql] SELECT * FROM `cmf_admin_menu` WHERE  `parent_id` = 224  AND `status` = 1 ORDER BY `list_order` ASC [ RunTime:0.000373s ]
[2026-06-05T16:19:32+08:00][sql] SELECT * FROM `cmf_admin_menu` WHERE  `parent_id` = 226  AND `status` = 1 ORDER BY `list_order` ASC [ RunTime:0.000346s ]
[2026-06-05T16:19:32+08:00][sql] SELECT * FROM `cmf_admin_menu` WHERE  `parent_id` = 227  AND `status` = 1 ORDER BY `list_order` ASC [ RunTime:0.000416s ]
[2026-06-05T16:19:32+08:00][sql] SELECT * FROM `cmf_admin_menu` ORDER BY `app` ASC,`controller` ASC,`action` ASC [ RunTime:0.000932s ]
[2026-06-05T16:19:33+08:00][sql] CONNECT:[ UseTime:0.000952s ] mysql:host=127.0.0.1;port=3306;dbname=weihua;charset=utf8mb4
[2026-06-05T16:19:33+08:00][sql] SHOW FULL COLUMNS FROM `cmf_option` [ RunTime:0.001336s ]
[2026-06-05T16:19:33+08:00][sql] SELECT `option_value` FROM `cmf_option` WHERE  `option_name` = 'cdn_settings' LIMIT 1 [ RunTime:0.000268s ]
[2026-06-05T16:19:33+08:00][sql] SHOW FULL COLUMNS FROM `cmf_user` [ RunTime:0.001315s ]
[2026-06-05T16:19:33+08:00][sql] SELECT * FROM `cmf_user` WHERE  `id` = 1 LIMIT 1 [ RunTime:0.000378s ]
[2026-06-05T16:19:33+08:00][sql] SELECT `option_value` FROM `cmf_option` WHERE  `option_name` = 'cdn_settings' LIMIT 1 [ RunTime:0.000265s ]
[2026-06-05T16:19:33+08:00][sql] SELECT `option_value` FROM `cmf_option` WHERE  `option_name` = 'cmf_settings' LIMIT 1 [ RunTime:0.000226s ]
[2026-06-05T16:19:33+08:00][sql] SELECT `option_value` FROM `cmf_option` WHERE  `option_name` = 'product_setting' LIMIT 1 [ RunTime:0.000274s ]
[2026-06-05T16:19:33+08:00][sql] SELECT `option_value` FROM `cmf_option` WHERE  `option_name` = 'storage' LIMIT 1 [ RunTime:0.000492s ]
[2026-06-05T16:19:39+08:00][sql] CONNECT:[ UseTime:0.000841s ] mysql:host=127.0.0.1;port=3306;dbname=weihua;charset=utf8mb4
[2026-06-05T16:19:39+08:00][sql] SHOW FULL COLUMNS FROM `cmf_option` [ RunTime:0.001455s ]
[2026-06-05T16:19:39+08:00][sql] SELECT `option_value` FROM `cmf_option` WHERE  `option_name` = 'cdn_settings' LIMIT 1 [ RunTime:0.000265s ]
[2026-06-05T16:19:39+08:00][sql] SHOW FULL COLUMNS FROM `cmf_user` [ RunTime:0.001238s ]
[2026-06-05T16:19:39+08:00][sql] SELECT * FROM `cmf_user` WHERE  `id` = 1 LIMIT 1 [ RunTime:0.000847s ]
[2026-06-05T16:19:39+08:00][sql] SHOW FULL COLUMNS FROM `cmf_portal_post` [ RunTime:0.001622s ]
[2026-06-05T16:19:39+08:00][sql] SELECT COUNT(*) AS think_count FROM `cmf_portal_post` `a` INNER JOIN `cmf_user` `u` ON `a`.`user_id`=`u`.`id` WHERE (  `a`.`create_time` >= '0'  AND `a`.`delete_time` = '0'  AND (  `a`.`post_type` = '3' ) ) AND `a`.`delete_time` = '0' LIMIT 1 [ RunTime:0.000405s ]
[2026-06-05T16:19:39+08:00][sql] SELECT `a`.*,`u`.`user_login`,`u`.`user_nickname`,`u`.`user_email` FROM `cmf_portal_post` `a` INNER JOIN `cmf_user` `u` ON `a`.`user_id`=`u`.`id` WHERE (  `a`.`create_time` >= '0'  AND `a`.`delete_time` = '0'  AND (  `a`.`post_type` = '3' ) ) AND `a`.`delete_time` = '0' ORDER BY `update_time` DESC LIMIT 0,10 [ RunTime:0.000456s ]
[2026-06-05T16:19:39+08:00][sql] SHOW FULL COLUMNS FROM `cmf_portal_category` [ RunTime:0.001210s ]
[2026-06-05T16:19:39+08:00][sql] SELECT * FROM `cmf_portal_category` WHERE (  `delete_time` = 0  AND `type` = 3 ) AND `cmf_portal_category`.`delete_time` = '0' ORDER BY `list_order` ASC [ RunTime:0.000517s ]
[2026-06-05T16:19:41+08:00][sql] CONNECT:[ UseTime:0.000903s ] mysql:host=127.0.0.1;port=3306;dbname=weihua;charset=utf8mb4
[2026-06-05T16:19:41+08:00][sql] SHOW FULL COLUMNS FROM `cmf_option` [ RunTime:0.001535s ]
[2026-06-05T16:19:41+08:00][sql] SELECT `option_value` FROM `cmf_option` WHERE  `option_name` = 'cdn_settings' LIMIT 1 [ RunTime:0.000291s ]
[2026-06-05T16:19:41+08:00][sql] SHOW FULL COLUMNS FROM `cmf_user` [ RunTime:0.001844s ]
[2026-06-05T16:19:41+08:00][sql] SELECT * FROM `cmf_user` WHERE  `id` = 1 LIMIT 1 [ RunTime:0.000465s ]
[2026-06-05T16:19:41+08:00][sql] SHOW FULL COLUMNS FROM `cmf_theme_file` [ RunTime:0.001379s ]
[2026-06-05T16:19:41+08:00][sql] SELECT * FROM `cmf_theme_file` WHERE  `theme` = 'default'  AND `action` = 'portal/Article/index' [ RunTime:0.000425s ]
[2026-06-05T16:19:41+08:00][sql] CONNECT:[ UseTime:0.000970s ] mysql:host=127.0.0.1;port=3306;dbname=weihua;charset=utf8mb4
[2026-06-05T16:19:41+08:00][sql] SHOW FULL COLUMNS FROM `cmf_hook` [ RunTime:0.001230s ]
[2026-06-05T16:19:41+08:00][sql] SELECT `hook` FROM `cmf_hook` WHERE  `app` = 'user' [ RunTime:0.001014s ]
[2026-06-05T16:19:41+08:00][sql] SHOW FULL COLUMNS FROM `cmf_hook_plugin` [ RunTime:0.000896s ]
[2026-06-05T16:19:41+08:00][sql] SELECT `hook`,`plugin` FROM `cmf_hook_plugin` WHERE  `status` = 1  AND `hook` IN ('fetch_upload_view','user_admin_index_view','user_admin_asset_index_view','user_admin_oauth_index_view','check_third_party_captcha','user_login_start') ORDER BY `list_order` ASC [ RunTime:0.000392s ]
[2026-06-05T16:19:41+08:00][sql] SHOW FULL COLUMNS FROM `cmf_option` [ RunTime:0.001317s ]
[2026-06-05T16:19:41+08:00][sql] SELECT `option_value` FROM `cmf_option` WHERE  `option_name` = 'cdn_settings' LIMIT 1 [ RunTime:0.000306s ]
[2026-06-05T16:19:41+08:00][sql] SELECT `option_value` FROM `cmf_option` WHERE  `option_name` = 'cdn_settings' LIMIT 1 [ RunTime:0.000295s ]
[2026-06-05T16:19:41+08:00][sql] SELECT `option_value` FROM `cmf_option` WHERE  `option_name` = 'upload_setting' LIMIT 1 [ RunTime:0.000329s ]
[2026-06-05T16:19:44+08:00][sql] CONNECT:[ UseTime:0.025959s ] mysql:host=127.0.0.1;port=3306;dbname=weihua;charset=utf8mb4
[2026-06-05T16:19:44+08:00][sql] SHOW FULL COLUMNS FROM `cmf_option` [ RunTime:0.001601s ]
[2026-06-05T16:19:44+08:00][sql] SELECT `option_value` FROM `cmf_option` WHERE  `option_name` = 'cdn_settings' LIMIT 1 [ RunTime:0.000528s ]
[2026-06-05T16:19:44+08:00][sql] SHOW FULL COLUMNS FROM `cmf_user` [ RunTime:0.001191s ]
[2026-06-05T16:19:44+08:00][sql] SELECT * FROM `cmf_user` WHERE  `id` = 1 LIMIT 1 [ RunTime:0.000277s ]
[2026-06-05T16:19:44+08:00][sql] SHOW FULL COLUMNS FROM `cmf_portal_post` [ RunTime:0.000893s ]
[2026-06-05T16:19:44+08:00][sql] SELECT COUNT(*) AS think_count FROM `cmf_portal_post` `a` INNER JOIN `cmf_user` `u` ON `a`.`user_id`=`u`.`id` WHERE (  `a`.`create_time` >= '0'  AND `a`.`delete_time` = '0'  AND (  `a`.`post_type` = '8' ) ) AND `a`.`delete_time` = '0' LIMIT 1 [ RunTime:0.000335s ]
[2026-06-05T16:19:44+08:00][sql] SELECT `a`.*,`u`.`user_login`,`u`.`user_nickname`,`u`.`user_email` FROM `cmf_portal_post` `a` INNER JOIN `cmf_user` `u` ON `a`.`user_id`=`u`.`id` WHERE (  `a`.`create_time` >= '0'  AND `a`.`delete_time` = '0'  AND (  `a`.`post_type` = '8' ) ) AND `a`.`delete_time` = '0' ORDER BY `update_time` DESC LIMIT 0,10 [ RunTime:0.000629s ]
[2026-06-05T16:19:44+08:00][sql] SHOW FULL COLUMNS FROM `cmf_portal_category` [ RunTime:0.000873s ]
[2026-06-05T16:19:44+08:00][sql] SELECT * FROM `cmf_portal_category` WHERE (  `delete_time` = 0  AND `type` = 8 ) AND `cmf_portal_category`.`delete_time` = '0' ORDER BY `list_order` ASC [ RunTime:0.000413s ]
[2026-06-05T16:19:44+08:00][sql] SHOW FULL COLUMNS FROM `cmf_portal_category_post` [ RunTime:0.001468s ]
[2026-06-05T16:19:44+08:00][sql] SELECT `cmf_portal_category`.*,`pivot`.`id` AS `pivot__id`,`pivot`.`post_id` AS `pivot__post_id`,`pivot`.`category_id` AS `pivot__category_id`,`pivot`.`list_order` AS `pivot__list_order`,`pivot`.`status` AS `pivot__status` FROM `cmf_portal_category` INNER JOIN `cmf_portal_category_post` `pivot` ON `pivot`.`category_id`=`cmf_portal_category`.`id` WHERE (  `pivot`.`post_id` = '26' ) AND `cmf_portal_category`.`delete_time` = '0' [ RunTime:0.000547s ]
[2026-06-05T16:19:44+08:00][sql] SELECT `option_value` FROM `cmf_option` WHERE  `option_name` = 'storage' LIMIT 1 [ RunTime:0.000283s ]
[2026-06-05T16:19:44+08:00][sql] SELECT `cmf_portal_category`.*,`pivot`.`id` AS `pivot__id`,`pivot`.`post_id` AS `pivot__post_id`,`pivot`.`category_id` AS `pivot__category_id`,`pivot`.`list_order` AS `pivot__list_order`,`pivot`.`status` AS `pivot__status` FROM `cmf_portal_category` INNER JOIN `cmf_portal_category_post` `pivot` ON `pivot`.`category_id`=`cmf_portal_category`.`id` WHERE (  `pivot`.`post_id` = '15' ) AND `cmf_portal_category`.`delete_time` = '0' [ RunTime:0.000411s ]
[2026-06-05T16:19:44+08:00][sql] SELECT `cmf_portal_category`.*,`pivot`.`id` AS `pivot__id`,`pivot`.`post_id` AS `pivot__post_id`,`pivot`.`category_id` AS `pivot__category_id`,`pivot`.`list_order` AS `pivot__list_order`,`pivot`.`status` AS `pivot__status` FROM `cmf_portal_category` INNER JOIN `cmf_portal_category_post` `pivot` ON `pivot`.`category_id`=`cmf_portal_category`.`id` WHERE (  `pivot`.`post_id` = '14' ) AND `cmf_portal_category`.`delete_time` = '0' [ RunTime:0.000379s ]
[2026-06-05T16:19:44+08:00][sql] SELECT `cmf_portal_category`.*,`pivot`.`id` AS `pivot__id`,`pivot`.`post_id` AS `pivot__post_id`,`pivot`.`category_id` AS `pivot__category_id`,`pivot`.`list_order` AS `pivot__list_order`,`pivot`.`status` AS `pivot__status` FROM `cmf_portal_category` INNER JOIN `cmf_portal_category_post` `pivot` ON `pivot`.`category_id`=`cmf_portal_category`.`id` WHERE (  `pivot`.`post_id` = '12' ) AND `cmf_portal_category`.`delete_time` = '0' [ RunTime:0.000370s ]
[2026-06-05T16:19:44+08:00][sql] SELECT `cmf_portal_category`.*,`pivot`.`id` AS `pivot__id`,`pivot`.`post_id` AS `pivot__post_id`,`pivot`.`category_id` AS `pivot__category_id`,`pivot`.`list_order` AS `pivot__list_order`,`pivot`.`status` AS `pivot__status` FROM `cmf_portal_category` INNER JOIN `cmf_portal_category_post` `pivot` ON `pivot`.`category_id`=`cmf_portal_category`.`id` WHERE (  `pivot`.`post_id` = '10' ) AND `cmf_portal_category`.`delete_time` = '0' [ RunTime:0.000399s ]
[2026-06-05T16:19:44+08:00][sql] SELECT `cmf_portal_category`.*,`pivot`.`id` AS `pivot__id`,`pivot`.`post_id` AS `pivot__post_id`,`pivot`.`category_id` AS `pivot__category_id`,`pivot`.`list_order` AS `pivot__list_order`,`pivot`.`status` AS `pivot__status` FROM `cmf_portal_category` INNER JOIN `cmf_portal_category_post` `pivot` ON `pivot`.`category_id`=`cmf_portal_category`.`id` WHERE (  `pivot`.`post_id` = '13' ) AND `cmf_portal_category`.`delete_time` = '0' [ RunTime:0.000364s ]
[2026-06-05T16:19:44+08:00][sql] SELECT `cmf_portal_category`.*,`pivot`.`id` AS `pivot__id`,`pivot`.`post_id` AS `pivot__post_id`,`pivot`.`category_id` AS `pivot__category_id`,`pivot`.`list_order` AS `pivot__list_order`,`pivot`.`status` AS `pivot__status` FROM `cmf_portal_category` INNER JOIN `cmf_portal_category_post` `pivot` ON `pivot`.`category_id`=`cmf_portal_category`.`id` WHERE (  `pivot`.`post_id` = '9' ) AND `cmf_portal_category`.`delete_time` = '0' [ RunTime:0.000370s ]
[2026-06-05T16:19:47+08:00][sql] CONNECT:[ UseTime:0.000902s ] mysql:host=127.0.0.1;port=3306;dbname=weihua;charset=utf8mb4
[2026-06-05T16:19:47+08:00][sql] SHOW FULL COLUMNS FROM `cmf_option` [ RunTime:0.001434s ]
[2026-06-05T16:19:47+08:00][sql] SELECT `option_value` FROM `cmf_option` WHERE  `option_name` = 'cdn_settings' LIMIT 1 [ RunTime:0.000296s ]
[2026-06-05T16:19:47+08:00][sql] SHOW FULL COLUMNS FROM `cmf_user` [ RunTime:0.001300s ]
[2026-06-05T16:19:47+08:00][sql] SELECT * FROM `cmf_user` WHERE  `id` = 1 LIMIT 1 [ RunTime:0.000680s ]
[2026-06-05T16:19:47+08:00][sql] SHOW FULL COLUMNS FROM `cmf_portal_post` [ RunTime:0.001005s ]
[2026-06-05T16:19:47+08:00][sql] SELECT * FROM `cmf_portal_post` WHERE (  `id` = 26 ) AND `cmf_portal_post`.`delete_time` = '0' LIMIT 1 [ RunTime:0.000330s ]
[2026-06-05T16:19:47+08:00][sql] SHOW FULL COLUMNS FROM `cmf_portal_category_post` [ RunTime:0.000866s ]
[2026-06-05T16:19:47+08:00][sql] SHOW FULL COLUMNS FROM `cmf_portal_category` [ RunTime:0.001037s ]
[2026-06-05T16:19:47+08:00][sql] SELECT `a`.`name`,`a`.`id` FROM `cmf_portal_category` `a` INNER JOIN `cmf_portal_category_post` `pivot` ON `pivot`.`category_id`=`a`.`id` WHERE (  `pivot`.`post_id` = '26' ) AND `a`.`delete_time` = '0' [ RunTime:0.000636s ]
[2026-06-05T16:19:47+08:00][sql] SHOW FULL COLUMNS FROM `cmf_route` [ RunTime:0.001256s ]
[2026-06-05T16:19:47+08:00][sql] SELECT `url` FROM `cmf_route` WHERE  `full_url` = 'portal/index/news_info?cid=1&id=26' LIMIT 1 [ RunTime:0.000521s ]
[2026-06-05T16:19:47+08:00][sql] SHOW FULL COLUMNS FROM `cmf_theme_file` [ RunTime:0.001959s ]
[2026-06-05T16:19:47+08:00][sql] SELECT * FROM `cmf_theme_file` WHERE  `theme` = 'default'  AND `action` = 'portal/Article/index' [ RunTime:0.000420s ]
[2026-06-05T16:19:47+08:00][sql] SELECT `option_value` FROM `cmf_option` WHERE  `option_name` = 'storage' LIMIT 1 [ RunTime:0.000635s ]
[2026-06-05T16:19:47+08:00][sql] CONNECT:[ UseTime:0.000797s ] mysql:host=127.0.0.1;port=3306;dbname=weihua;charset=utf8mb4
[2026-06-05T16:19:47+08:00][sql] SHOW FULL COLUMNS FROM `cmf_option` [ RunTime:0.001481s ]
[2026-06-05T16:19:47+08:00][sql] SELECT `option_value` FROM `cmf_option` WHERE  `option_name` = 'cdn_settings' LIMIT 1 [ RunTime:0.000426s ]
[2026-06-05T16:19:47+08:00][sql] SELECT `option_value` FROM `cmf_option` WHERE  `option_name` = 'cdn_settings' LIMIT 1 [ RunTime:0.000366s ]
[2026-06-05T16:19:50+08:00][sql] CONNECT:[ UseTime:0.000812s ] mysql:host=127.0.0.1;port=3306;dbname=weihua;charset=utf8mb4
[2026-06-05T16:19:50+08:00][sql] SHOW FULL COLUMNS FROM `cmf_option` [ RunTime:0.001407s ]
[2026-06-05T16:19:50+08:00][sql] SELECT `option_value` FROM `cmf_option` WHERE  `option_name` = 'cdn_settings' LIMIT 1 [ RunTime:0.000274s ]
[2026-06-05T16:19:50+08:00][sql] SHOW FULL COLUMNS FROM `cmf_user` [ RunTime:0.001315s ]
[2026-06-05T16:19:50+08:00][sql] SELECT * FROM `cmf_user` WHERE  `id` = 1 LIMIT 1 [ RunTime:0.000583s ]
[2026-06-05T16:19:50+08:00][sql] SHOW FULL COLUMNS FROM `cmf_theme_file` [ RunTime:0.001130s ]
[2026-06-05T16:19:50+08:00][sql] SELECT * FROM `cmf_theme_file` WHERE  `theme` = 'default'  AND `action` = 'portal/Article/index' [ RunTime:0.000334s ]
[2026-06-05T16:19:51+08:00][sql] CONNECT:[ UseTime:0.000917s ] mysql:host=127.0.0.1;port=3306;dbname=weihua;charset=utf8mb4
[2026-06-05T16:19:51+08:00][sql] SHOW FULL COLUMNS FROM `cmf_option` [ RunTime:0.001365s ]
[2026-06-05T16:19:51+08:00][sql] SELECT `option_value` FROM `cmf_option` WHERE  `option_name` = 'cdn_settings' LIMIT 1 [ RunTime:0.000283s ]
[2026-06-05T16:19:51+08:00][sql] SELECT `option_value` FROM `cmf_option` WHERE  `option_name` = 'cdn_settings' LIMIT 1 [ RunTime:0.000245s ]
[2026-06-05T16:23:50+08:00][sql] CONNECT:[ UseTime:0.000911s ] mysql:host=127.0.0.1;port=3306;dbname=weihua;charset=utf8mb4
[2026-06-05T16:23:50+08:00][sql] SHOW FULL COLUMNS FROM `cmf_option` [ RunTime:0.001735s ]
[2026-06-05T16:23:50+08:00][sql] SELECT `option_value` FROM `cmf_option` WHERE  `option_name` = 'cdn_settings' LIMIT 1 [ RunTime:0.000295s ]
[2026-06-05T16:23:50+08:00][sql] SELECT `option_value` FROM `cmf_option` WHERE  `option_name` = 'cdn_settings' LIMIT 1 [ RunTime:0.000337s ]
[2026-06-05T16:23:50+08:00][sql] SHOW FULL COLUMNS FROM `cmf_product_category` [ RunTime:0.001171s ]
[2026-06-05T16:23:50+08:00][sql] SELECT * FROM `cmf_product_category` WHERE  `parent_id` = 0 ORDER BY `list_order` ASC,`create_time` DESC [ RunTime:0.000365s ]
[2026-06-05T16:23:50+08:00][sql] SELECT * FROM `cmf_product_category` WHERE  `parent_id` IN (28,19,22,23,25,27,30) [ RunTime:0.000296s ]
[2026-06-05T16:23:50+08:00][sql] SHOW FULL COLUMNS FROM `cmf_portal_category` [ RunTime:0.001121s ]
[2026-06-05T16:23:50+08:00][sql] SELECT * FROM `cmf_portal_category` WHERE (  `type` = 8 ) AND `cmf_portal_category`.`delete_time` = '0' ORDER BY `list_order` ASC [ RunTime:0.000335s ]
[2026-06-05T16:23:50+08:00][sql] SHOW FULL COLUMNS FROM `cmf_slide_item` [ RunTime:0.001362s ]
[2026-06-05T16:23:50+08:00][sql] SELECT `title`,`description`,`image` FROM `cmf_slide_item` WHERE  `slide_id` = 3  AND `status` = 1 ORDER BY `list_order` ASC,`id` DESC LIMIT 1 [ RunTime:0.000401s ]
[2026-06-05T16:23:50+08:00][sql] SHOW FULL COLUMNS FROM `cmf_portal_post` [ RunTime:0.001260s ]
[2026-06-05T16:23:50+08:00][sql] SELECT COUNT(*) AS think_count FROM `cmf_portal_post` WHERE (  `post_type` = 3 ) AND `cmf_portal_post`.`delete_time` = '0' LIMIT 1 [ RunTime:0.000377s ]
[2026-06-05T16:23:50+08:00][sql] SELECT `id`,`more`,`post_title`,`post_excerpt` FROM `cmf_portal_post` WHERE (  `post_type` = 3 ) AND `cmf_portal_post`.`delete_time` = '0' ORDER BY `create_time` DESC LIMIT 0,9 [ RunTime:0.000539s ]
[2026-06-05T16:23:50+08:00][sql] SHOW FULL COLUMNS FROM `cmf_theme_file` [ RunTime:0.001441s ]
[2026-06-05T16:23:50+08:00][sql] SELECT `more`,`file`,`id` FROM `cmf_theme_file` WHERE  `theme` = 'simpleboot3'  AND (  `is_public` = 1 OR `file` = 'portal/industries' ) ORDER BY `is_public` DESC [ RunTime:0.000418s ]
[2026-06-05T16:23:50+08:00][sql] SELECT `option_value` FROM `cmf_option` WHERE  `option_name` = 'storage' LIMIT 1 [ RunTime:0.000353s ]
[2026-06-05T16:23:53+08:00][sql] CONNECT:[ UseTime:0.000732s ] mysql:host=127.0.0.1;port=3306;dbname=weihua;charset=utf8mb4
[2026-06-05T16:23:53+08:00][sql] SHOW FULL COLUMNS FROM `cmf_option` [ RunTime:0.001151s ]
[2026-06-05T16:23:53+08:00][sql] SELECT `option_value` FROM `cmf_option` WHERE  `option_name` = 'cdn_settings' LIMIT 1 [ RunTime:0.000257s ]
[2026-06-05T16:23:53+08:00][sql] SELECT `option_value` FROM `cmf_option` WHERE  `option_name` = 'cdn_settings' LIMIT 1 [ RunTime:0.000272s ]
[2026-06-05T16:23:53+08:00][sql] SHOW FULL COLUMNS FROM `cmf_product_category` [ RunTime:0.000816s ]
[2026-06-05T16:23:53+08:00][sql] SELECT * FROM `cmf_product_category` WHERE  `parent_id` = 0 ORDER BY `list_order` ASC,`create_time` DESC [ RunTime:0.000360s ]
[2026-06-05T16:23:53+08:00][sql] SELECT * FROM `cmf_product_category` WHERE  `parent_id` IN (28,19,22,23,25,27,30) [ RunTime:0.000528s ]
[2026-06-05T16:23:53+08:00][sql] SHOW FULL COLUMNS FROM `cmf_portal_category` [ RunTime:0.001347s ]
[2026-06-05T16:23:53+08:00][sql] SELECT * FROM `cmf_portal_category` WHERE (  `type` = 8 ) AND `cmf_portal_category`.`delete_time` = '0' ORDER BY `list_order` ASC [ RunTime:0.000638s ]
[2026-06-05T16:23:53+08:00][sql] SHOW FULL COLUMNS FROM `cmf_slide_item` [ RunTime:0.000816s ]
[2026-06-05T16:23:53+08:00][sql] SELECT `title`,`description`,`image` FROM `cmf_slide_item` WHERE  `slide_id` = 12  AND `status` = 1 ORDER BY `list_order` ASC,`id` DESC LIMIT 1 [ RunTime:0.000290s ]
[2026-06-05T16:23:53+08:00][sql] SELECT * FROM `cmf_portal_category` WHERE (  `id` = 0  AND `status` = 1 ) AND `cmf_portal_category`.`delete_time` = '0' LIMIT 1 [ RunTime:0.000267s ]
[2026-06-05T16:23:53+08:00][sql] SHOW FULL COLUMNS FROM `cmf_portal_post` [ RunTime:0.000935s ]
[2026-06-05T16:23:53+08:00][sql] SELECT COUNT(*) AS think_count FROM `cmf_portal_post` `p` LEFT JOIN `cmf_portal_category_post` `c` ON `p`.`id`=`c`.`post_id` WHERE (  `post_type` = 8 ) AND `p`.`delete_time` = '0' LIMIT 1 [ RunTime:0.000661s ]
[2026-06-05T16:23:53+08:00][sql] SELECT `p`.`id`,`p`.`post_title`,`p`.`thumbnail`,`p`.`more`,c.category_id as cid,`p`.`post_excerpt`,`p`.`create_time` FROM `cmf_portal_post` `p` LEFT JOIN `cmf_portal_category_post` `c` ON `p`.`id`=`c`.`post_id` WHERE (  `post_type` = 8 ) AND `p`.`delete_time` = '0' ORDER BY `c`.`list_order` ASC,`p`.`create_time` DESC LIMIT 0,6 [ RunTime:0.000466s ]
[2026-06-05T16:23:53+08:00][sql] SHOW FULL COLUMNS FROM `cmf_theme_file` [ RunTime:0.001134s ]
[2026-06-05T16:23:53+08:00][sql] SELECT `more`,`file`,`id` FROM `cmf_theme_file` WHERE  `theme` = 'simpleboot3'  AND (  `is_public` = 1 OR `file` = 'portal/news' ) ORDER BY `is_public` DESC [ RunTime:0.000336s ]
[2026-06-05T16:23:53+08:00][sql] SELECT `option_value` FROM `cmf_option` WHERE  `option_name` = 'storage' LIMIT 1 [ RunTime:0.000338s ]
[2026-06-05T16:23:54+08:00][sql] CONNECT:[ UseTime:0.001035s ] mysql:host=127.0.0.1;port=3306;dbname=weihua;charset=utf8mb4
[2026-06-05T16:23:54+08:00][sql] SHOW FULL COLUMNS FROM `cmf_option` [ RunTime:0.001449s ]
[2026-06-05T16:23:54+08:00][sql] SELECT `option_value` FROM `cmf_option` WHERE  `option_name` = 'cdn_settings' LIMIT 1 [ RunTime:0.000270s ]
[2026-06-05T16:23:54+08:00][sql] SELECT `option_value` FROM `cmf_option` WHERE  `option_name` = 'cdn_settings' LIMIT 1 [ RunTime:0.000221s ]
[2026-06-05T16:23:54+08:00][sql] SHOW FULL COLUMNS FROM `cmf_product_category` [ RunTime:0.000801s ]
[2026-06-05T16:23:54+08:00][sql] SELECT * FROM `cmf_product_category` WHERE  `parent_id` = 0 ORDER BY `list_order` ASC,`create_time` DESC [ RunTime:0.000416s ]
[2026-06-05T16:23:54+08:00][sql] SELECT * FROM `cmf_product_category` WHERE  `parent_id` IN (28,19,22,23,25,27,30) [ RunTime:0.000438s ]
[2026-06-05T16:23:54+08:00][sql] SHOW FULL COLUMNS FROM `cmf_portal_category` [ RunTime:0.001532s ]
[2026-06-05T16:23:54+08:00][sql] SELECT * FROM `cmf_portal_category` WHERE (  `type` = 8 ) AND `cmf_portal_category`.`delete_time` = '0' ORDER BY `list_order` ASC [ RunTime:0.000353s ]
[2026-06-05T16:23:54+08:00][sql] SELECT * FROM `cmf_portal_category` WHERE (  `id` = 1  AND `status` = 1 ) AND `cmf_portal_category`.`delete_time` = '0' LIMIT 1 [ RunTime:0.000649s ]
[2026-06-05T16:23:54+08:00][sql] SHOW FULL COLUMNS FROM `cmf_portal_post` [ RunTime:0.001220s ]
[2026-06-05T16:23:54+08:00][sql] SELECT `post`.* FROM `cmf_portal_post` `post` LEFT JOIN `cmf_portal_category_post` `relation` ON `post`.`id`=`relation`.`post_id` WHERE (  `post`.`post_type` = '8'  AND `relation`.`category_id` = '1'  AND `post`.`id` = '26'  AND ( post.delete_time IS NULL OR post.delete_time = 0 ) ) AND `post`.`delete_time` = '0' LIMIT 1 [ RunTime:0.000422s ]
[2026-06-05T16:23:54+08:00][sql] SHOW FULL COLUMNS FROM `cmf_slide_item` [ RunTime:0.000931s ]
[2026-06-05T16:23:54+08:00][sql] SELECT `title`,`description`,`image` FROM `cmf_slide_item` WHERE  `slide_id` = 12  AND `status` = 1 ORDER BY `list_order` ASC,`id` DESC LIMIT 1 [ RunTime:0.000291s ]
[2026-06-05T16:23:54+08:00][sql] UPDATE `cmf_portal_post`  SET `post_hits` = `post_hits` + 1  WHERE (  `id` = 26 ) AND `cmf_portal_post`.`delete_time` = '0' [ RunTime:0.002953s ]
[2026-06-05T16:23:54+08:00][sql] SELECT `post`.* FROM `cmf_portal_post` `post` LEFT JOIN `cmf_portal_category_post` `relation` ON `post`.`id`=`relation`.`post_id` WHERE (  `post`.`post_type` = '8'  AND `relation`.`category_id` = '1'  AND `post`.`id` < '26'  AND ( post.delete_time IS NULL OR post.delete_time = 0 ) ) AND `post`.`delete_time` = '0' ORDER BY `post`.`id` DESC LIMIT 1 [ RunTime:0.000451s ]
[2026-06-05T16:23:54+08:00][sql] SELECT `post`.* FROM `cmf_portal_post` `post` LEFT JOIN `cmf_portal_category_post` `relation` ON `post`.`id`=`relation`.`post_id` WHERE (  `post`.`post_type` = '8'  AND `relation`.`category_id` = '1'  AND `post`.`id` > '26'  AND ( post.delete_time IS NULL OR post.delete_time = 0 ) ) AND `post`.`delete_time` = '0' ORDER BY `post`.`id` ASC LIMIT 1 [ RunTime:0.000338s ]
[2026-06-05T16:23:54+08:00][sql] SHOW FULL COLUMNS FROM `cmf_theme_file` [ RunTime:0.000824s ]
[2026-06-05T16:23:54+08:00][sql] SELECT `more`,`file`,`id` FROM `cmf_theme_file` WHERE  `theme` = 'simpleboot3'  AND (  `is_public` = 1 OR `file` = 'portal/news-info' ) ORDER BY `is_public` DESC [ RunTime:0.000258s ]
[2026-06-05T16:23:54+08:00][sql] SELECT `option_value` FROM `cmf_option` WHERE  `option_name` = 'storage' LIMIT 1 [ RunTime:0.000402s ]
[2026-06-05T16:23:56+08:00][sql] CONNECT:[ UseTime:0.000711s ] mysql:host=127.0.0.1;port=3306;dbname=weihua;charset=utf8mb4
[2026-06-05T16:23:56+08:00][sql] SHOW FULL COLUMNS FROM `cmf_option` [ RunTime:0.001187s ]
[2026-06-05T16:23:56+08:00][sql] SELECT `option_value` FROM `cmf_option` WHERE  `option_name` = 'cdn_settings' LIMIT 1 [ RunTime:0.000281s ]
[2026-06-05T16:23:56+08:00][sql] SELECT `option_value` FROM `cmf_option` WHERE  `option_name` = 'cdn_settings' LIMIT 1 [ RunTime:0.000220s ]
[2026-06-05T16:23:56+08:00][sql] SHOW FULL COLUMNS FROM `cmf_product_category` [ RunTime:0.001124s ]
[2026-06-05T16:23:56+08:00][sql] SELECT * FROM `cmf_product_category` WHERE  `parent_id` = 0 ORDER BY `list_order` ASC,`create_time` DESC [ RunTime:0.000368s ]
[2026-06-05T16:23:56+08:00][sql] SELECT * FROM `cmf_product_category` WHERE  `parent_id` IN (28,19,22,23,25,27,30) [ RunTime:0.000319s ]
[2026-06-05T16:23:56+08:00][sql] SHOW FULL COLUMNS FROM `cmf_portal_category` [ RunTime:0.001022s ]
[2026-06-05T16:23:56+08:00][sql] SELECT * FROM `cmf_portal_category` WHERE (  `type` = 8 ) AND `cmf_portal_category`.`delete_time` = '0' ORDER BY `list_order` ASC [ RunTime:0.000316s ]
[2026-06-05T16:23:56+08:00][sql] SELECT * FROM `cmf_portal_category` WHERE (  `id` = 1  AND `status` = 1 ) AND `cmf_portal_category`.`delete_time` = '0' LIMIT 1 [ RunTime:0.000459s ]
[2026-06-05T16:23:56+08:00][sql] SHOW FULL COLUMNS FROM `cmf_portal_post` [ RunTime:0.001177s ]
[2026-06-05T16:23:56+08:00][sql] SELECT `post`.* FROM `cmf_portal_post` `post` LEFT JOIN `cmf_portal_category_post` `relation` ON `post`.`id`=`relation`.`post_id` WHERE (  `post`.`post_type` = '8'  AND `relation`.`category_id` = '1'  AND `post`.`id` = '15'  AND ( post.delete_time IS NULL OR post.delete_time = 0 ) ) AND `post`.`delete_time` = '0' LIMIT 1 [ RunTime:0.000379s ]
[2026-06-05T16:23:56+08:00][sql] SHOW FULL COLUMNS FROM `cmf_slide_item` [ RunTime:0.000945s ]
[2026-06-05T16:23:56+08:00][sql] SELECT `title`,`description`,`image` FROM `cmf_slide_item` WHERE  `slide_id` = 12  AND `status` = 1 ORDER BY `list_order` ASC,`id` DESC LIMIT 1 [ RunTime:0.000281s ]
[2026-06-05T16:23:56+08:00][sql] UPDATE `cmf_portal_post`  SET `post_hits` = `post_hits` + 1  WHERE (  `id` = 15 ) AND `cmf_portal_post`.`delete_time` = '0' [ RunTime:0.002799s ]
[2026-06-05T16:23:56+08:00][sql] SELECT `post`.* FROM `cmf_portal_post` `post` LEFT JOIN `cmf_portal_category_post` `relation` ON `post`.`id`=`relation`.`post_id` WHERE (  `post`.`post_type` = '8'  AND `relation`.`category_id` = '1'  AND `post`.`id` < '15'  AND ( post.delete_time IS NULL OR post.delete_time = 0 ) ) AND `post`.`delete_time` = '0' ORDER BY `post`.`id` DESC LIMIT 1 [ RunTime:0.000375s ]
[2026-06-05T16:23:56+08:00][sql] SELECT `post`.* FROM `cmf_portal_post` `post` LEFT JOIN `cmf_portal_category_post` `relation` ON `post`.`id`=`relation`.`post_id` WHERE (  `post`.`post_type` = '8'  AND `relation`.`category_id` = '1'  AND `post`.`id` > '15'  AND ( post.delete_time IS NULL OR post.delete_time = 0 ) ) AND `post`.`delete_time` = '0' ORDER BY `post`.`id` ASC LIMIT 1 [ RunTime:0.000351s ]
[2026-06-05T16:23:56+08:00][sql] SHOW FULL COLUMNS FROM `cmf_theme_file` [ RunTime:0.001807s ]
[2026-06-05T16:23:56+08:00][sql] SELECT `more`,`file`,`id` FROM `cmf_theme_file` WHERE  `theme` = 'simpleboot3'  AND (  `is_public` = 1 OR `file` = 'portal/news-info' ) ORDER BY `is_public` DESC [ RunTime:0.000319s ]
[2026-06-05T16:23:56+08:00][sql] SELECT `option_value` FROM `cmf_option` WHERE  `option_name` = 'storage' LIMIT 1 [ RunTime:0.000252s ]
[2026-06-05T16:23:58+08:00][sql] CONNECT:[ UseTime:0.000726s ] mysql:host=127.0.0.1;port=3306;dbname=weihua;charset=utf8mb4
[2026-06-05T16:23:58+08:00][sql] SHOW FULL COLUMNS FROM `cmf_option` [ RunTime:0.001102s ]
[2026-06-05T16:23:58+08:00][sql] SELECT `option_value` FROM `cmf_option` WHERE  `option_name` = 'cdn_settings' LIMIT 1 [ RunTime:0.000766s ]
[2026-06-05T16:23:58+08:00][sql] SELECT `option_value` FROM `cmf_option` WHERE  `option_name` = 'cdn_settings' LIMIT 1 [ RunTime:0.000345s ]
[2026-06-05T16:23:58+08:00][sql] SHOW FULL COLUMNS FROM `cmf_product_category` [ RunTime:0.000978s ]
[2026-06-05T16:23:58+08:00][sql] SELECT * FROM `cmf_product_category` WHERE  `parent_id` = 0 ORDER BY `list_order` ASC,`create_time` DESC [ RunTime:0.000490s ]
[2026-06-05T16:23:58+08:00][sql] SELECT * FROM `cmf_product_category` WHERE  `parent_id` IN (28,19,22,23,25,27,30) [ RunTime:0.000291s ]
[2026-06-05T16:23:58+08:00][sql] SHOW FULL COLUMNS FROM `cmf_portal_category` [ RunTime:0.000854s ]
[2026-06-05T16:23:58+08:00][sql] SELECT * FROM `cmf_portal_category` WHERE (  `type` = 8 ) AND `cmf_portal_category`.`delete_time` = '0' ORDER BY `list_order` ASC [ RunTime:0.000514s ]
[2026-06-05T16:23:58+08:00][sql] SELECT * FROM `cmf_portal_category` WHERE (  `id` = 1  AND `status` = 1 ) AND `cmf_portal_category`.`delete_time` = '0' LIMIT 1 [ RunTime:0.000319s ]
[2026-06-05T16:23:58+08:00][sql] SHOW FULL COLUMNS FROM `cmf_portal_post` [ RunTime:0.000986s ]
[2026-06-05T16:23:58+08:00][sql] SELECT `post`.* FROM `cmf_portal_post` `post` LEFT JOIN `cmf_portal_category_post` `relation` ON `post`.`id`=`relation`.`post_id` WHERE (  `post`.`post_type` = '8'  AND `relation`.`category_id` = '1'  AND `post`.`id` = '10'  AND ( post.delete_time IS NULL OR post.delete_time = 0 ) ) AND `post`.`delete_time` = '0' LIMIT 1 [ RunTime:0.000562s ]
[2026-06-05T16:23:58+08:00][sql] SHOW FULL COLUMNS FROM `cmf_slide_item` [ RunTime:0.000872s ]
[2026-06-05T16:23:58+08:00][sql] SELECT `title`,`description`,`image` FROM `cmf_slide_item` WHERE  `slide_id` = 12  AND `status` = 1 ORDER BY `list_order` ASC,`id` DESC LIMIT 1 [ RunTime:0.000755s ]
[2026-06-05T16:23:58+08:00][sql] UPDATE `cmf_portal_post`  SET `post_hits` = `post_hits` + 1  WHERE (  `id` = 10 ) AND `cmf_portal_post`.`delete_time` = '0' [ RunTime:0.008696s ]
[2026-06-05T16:23:58+08:00][sql] SELECT `post`.* FROM `cmf_portal_post` `post` LEFT JOIN `cmf_portal_category_post` `relation` ON `post`.`id`=`relation`.`post_id` WHERE (  `post`.`post_type` = '8'  AND `relation`.`category_id` = '1'  AND `post`.`id` < '10'  AND ( post.delete_time IS NULL OR post.delete_time = 0 ) ) AND `post`.`delete_time` = '0' ORDER BY `post`.`id` DESC LIMIT 1 [ RunTime:0.001102s ]
[2026-06-05T16:23:58+08:00][sql] SELECT `post`.* FROM `cmf_portal_post` `post` LEFT JOIN `cmf_portal_category_post` `relation` ON `post`.`id`=`relation`.`post_id` WHERE (  `post`.`post_type` = '8'  AND `relation`.`category_id` = '1'  AND `post`.`id` > '10'  AND ( post.delete_time IS NULL OR post.delete_time = 0 ) ) AND `post`.`delete_time` = '0' ORDER BY `post`.`id` ASC LIMIT 1 [ RunTime:0.000589s ]
[2026-06-05T16:23:58+08:00][sql] SHOW FULL COLUMNS FROM `cmf_theme_file` [ RunTime:0.000882s ]
[2026-06-05T16:23:58+08:00][sql] SELECT `more`,`file`,`id` FROM `cmf_theme_file` WHERE  `theme` = 'simpleboot3'  AND (  `is_public` = 1 OR `file` = 'portal/news-info' ) ORDER BY `is_public` DESC [ RunTime:0.000658s ]
[2026-06-05T16:23:58+08:00][sql] SELECT `option_value` FROM `cmf_option` WHERE  `option_name` = 'storage' LIMIT 1 [ RunTime:0.000543s ]
[2026-06-05T16:35:10+08:00][sql] CONNECT:[ UseTime:0.001299s ] mysql:host=127.0.0.1;port=3306;dbname=weihua;charset=utf8mb4
[2026-06-05T16:35:10+08:00][sql] SHOW FULL COLUMNS FROM `cmf_option` [ RunTime:0.002028s ]
[2026-06-05T16:35:10+08:00][sql] SELECT `option_value` FROM `cmf_option` WHERE  `option_name` = 'cdn_settings' LIMIT 1 [ RunTime:0.000372s ]
[2026-06-05T16:35:10+08:00][sql] SELECT `option_value` FROM `cmf_option` WHERE  `option_name` = 'cdn_settings' LIMIT 1 [ RunTime:0.000317s ]
[2026-06-05T16:35:10+08:00][sql] SHOW FULL COLUMNS FROM `cmf_product_category` [ RunTime:0.000926s ]
[2026-06-05T16:35:10+08:00][sql] SELECT * FROM `cmf_product_category` WHERE  `parent_id` = 0 ORDER BY `list_order` ASC,`create_time` DESC [ RunTime:0.000607s ]
[2026-06-05T16:35:10+08:00][sql] SELECT * FROM `cmf_product_category` WHERE  `parent_id` IN (28,19,22,23,25,27,30) [ RunTime:0.000543s ]
[2026-06-05T16:35:10+08:00][sql] SHOW FULL COLUMNS FROM `cmf_portal_category` [ RunTime:0.001197s ]
[2026-06-05T16:35:10+08:00][sql] SELECT * FROM `cmf_portal_category` WHERE (  `type` = 8 ) AND `cmf_portal_category`.`delete_time` = '0' ORDER BY `list_order` ASC [ RunTime:0.000342s ]
[2026-06-05T16:35:10+08:00][sql] SELECT * FROM `cmf_portal_category` WHERE (  `id` = 1  AND `status` = 1 ) AND `cmf_portal_category`.`delete_time` = '0' LIMIT 1 [ RunTime:0.000350s ]
[2026-06-05T16:35:10+08:00][sql] SHOW FULL COLUMNS FROM `cmf_portal_post` [ RunTime:0.001256s ]
[2026-06-05T16:35:10+08:00][sql] SELECT `post`.* FROM `cmf_portal_post` `post` LEFT JOIN `cmf_portal_category_post` `relation` ON `post`.`id`=`relation`.`post_id` WHERE (  `post`.`post_type` = '8'  AND `relation`.`category_id` = '1'  AND `post`.`id` = '10'  AND ( post.delete_time IS NULL OR post.delete_time = 0 ) ) AND `post`.`delete_time` = '0' LIMIT 1 [ RunTime:0.000839s ]
[2026-06-05T16:35:10+08:00][sql] SHOW FULL COLUMNS FROM `cmf_slide_item` [ RunTime:0.000928s ]
[2026-06-05T16:35:10+08:00][sql] SELECT `title`,`description`,`image` FROM `cmf_slide_item` WHERE  `slide_id` = 12  AND `status` = 1 ORDER BY `list_order` ASC,`id` DESC LIMIT 1 [ RunTime:0.000490s ]
[2026-06-05T16:35:10+08:00][sql] UPDATE `cmf_portal_post`  SET `post_hits` = `post_hits` + 1  WHERE (  `id` = 10 ) AND `cmf_portal_post`.`delete_time` = '0' [ RunTime:0.003255s ]
[2026-06-05T16:35:10+08:00][sql] SELECT `post`.* FROM `cmf_portal_post` `post` LEFT JOIN `cmf_portal_category_post` `relation` ON `post`.`id`=`relation`.`post_id` WHERE (  `post`.`post_type` = '8'  AND `relation`.`category_id` = '1'  AND `post`.`id` < '10'  AND ( post.delete_time IS NULL OR post.delete_time = 0 ) ) AND `post`.`delete_time` = '0' ORDER BY `post`.`id` DESC LIMIT 1 [ RunTime:0.000664s ]
[2026-06-05T16:35:10+08:00][sql] SELECT `post`.* FROM `cmf_portal_post` `post` LEFT JOIN `cmf_portal_category_post` `relation` ON `post`.`id`=`relation`.`post_id` WHERE (  `post`.`post_type` = '8'  AND `relation`.`category_id` = '1'  AND `post`.`id` > '10'  AND ( post.delete_time IS NULL OR post.delete_time = 0 ) ) AND `post`.`delete_time` = '0' ORDER BY `post`.`id` ASC LIMIT 1 [ RunTime:0.000494s ]
[2026-06-05T16:35:10+08:00][sql] SHOW FULL COLUMNS FROM `cmf_theme_file` [ RunTime:0.000876s ]
[2026-06-05T16:35:10+08:00][sql] SELECT `more`,`file`,`id` FROM `cmf_theme_file` WHERE  `theme` = 'simpleboot3'  AND (  `is_public` = 1 OR `file` = 'portal/news-info' ) ORDER BY `is_public` DESC [ RunTime:0.000506s ]
[2026-06-05T16:35:10+08:00][sql] SELECT `option_value` FROM `cmf_option` WHERE  `option_name` = 'storage' LIMIT 1 [ RunTime:0.000256s ]
[2026-06-05T16:35:12+08:00][sql] CONNECT:[ UseTime:0.001239s ] mysql:host=127.0.0.1;port=3306;dbname=weihua;charset=utf8mb4
[2026-06-05T16:35:12+08:00][sql] SHOW FULL COLUMNS FROM `cmf_option` [ RunTime:0.001811s ]
[2026-06-05T16:35:12+08:00][sql] SELECT `option_value` FROM `cmf_option` WHERE  `option_name` = 'cdn_settings' LIMIT 1 [ RunTime:0.000278s ]
[2026-06-05T16:35:12+08:00][sql] SELECT `option_value` FROM `cmf_option` WHERE  `option_name` = 'cdn_settings' LIMIT 1 [ RunTime:0.000285s ]
[2026-06-05T16:35:12+08:00][sql] SHOW FULL COLUMNS FROM `cmf_product_category` [ RunTime:0.000966s ]
[2026-06-05T16:35:12+08:00][sql] SELECT * FROM `cmf_product_category` WHERE  `parent_id` = 0 ORDER BY `list_order` ASC,`create_time` DESC [ RunTime:0.000492s ]
[2026-06-05T16:35:12+08:00][sql] SELECT * FROM `cmf_product_category` WHERE  `parent_id` IN (28,19,22,23,25,27,30) [ RunTime:0.000460s ]
[2026-06-05T16:35:12+08:00][sql] SHOW FULL COLUMNS FROM `cmf_portal_category` [ RunTime:0.002216s ]
[2026-06-05T16:35:12+08:00][sql] SELECT * FROM `cmf_portal_category` WHERE (  `type` = 8 ) AND `cmf_portal_category`.`delete_time` = '0' ORDER BY `list_order` ASC [ RunTime:0.000675s ]
[2026-06-05T16:35:12+08:00][sql] SHOW FULL COLUMNS FROM `cmf_slide_item` [ RunTime:0.001296s ]
[2026-06-05T16:35:12+08:00][sql] SELECT `title`,`description`,`image`,`url`,`target`,`content` FROM `cmf_slide_item` WHERE  `slide_id` = 1 ORDER BY `list_order` ASC [ RunTime:0.000375s ]
[2026-06-05T16:35:12+08:00][sql] SHOW FULL COLUMNS FROM `cmf_slide` [ RunTime:0.001013s ]
[2026-06-05T16:35:12+08:00][sql] SELECT * FROM `cmf_slide` WHERE  `name` LIKE '%choose%' OR `name` LIKE '%选择%' LIMIT 1 [ RunTime:0.000554s ]
[2026-06-05T16:35:12+08:00][sql] SELECT `title`,`description`,`image`,`url`,`target`,`content` FROM `cmf_slide_item` WHERE  `slide_id` = 14  AND `status` = 1 ORDER BY `list_order` ASC [ RunTime:0.000511s ]
[2026-06-05T16:35:12+08:00][sql] SELECT * FROM `cmf_product_category` WHERE  `parent_id` = 0  AND `recommend` = 1 ORDER BY `list_order` ASC,`create_time` DESC [ RunTime:0.000538s ]
[2026-06-05T16:35:12+08:00][sql] SHOW FULL COLUMNS FROM `cmf_product` [ RunTime:0.001289s ]
[2026-06-05T16:35:12+08:00][sql] SELECT `id`,`title`,`thumbnail`,`industry` FROM `cmf_product` WHERE  `is_recommended` = 1  AND `category_id` = 28 ORDER BY `list_order` ASC LIMIT 6 [ RunTime:0.000726s ]
[2026-06-05T16:35:12+08:00][sql] SELECT `id`,`title`,`thumbnail`,`industry` FROM `cmf_product` WHERE  `is_recommended` = 1  AND `category_id` = 19 ORDER BY `list_order` ASC LIMIT 6 [ RunTime:0.000440s ]
[2026-06-05T16:35:12+08:00][sql] SELECT `id`,`title`,`thumbnail`,`industry` FROM `cmf_product` WHERE  `is_recommended` = 1  AND `category_id` = 23 ORDER BY `list_order` ASC LIMIT 6 [ RunTime:0.000306s ]
[2026-06-05T16:35:12+08:00][sql] SHOW FULL COLUMNS FROM `cmf_portal_post` [ RunTime:0.001258s ]
[2026-06-05T16:35:12+08:00][sql] SELECT `p`.`id`,`p`.`post_title`,`p`.`post_excerpt`,`p`.`thumbnail`,`p`.`create_time`,`c`.`category_id` FROM `cmf_portal_post` `p` INNER JOIN `cmf_portal_category_post` `c` ON `p`.`id`=`c`.`post_id` WHERE (  `p`.`post_type` = '8' ) AND `p`.`delete_time` = '0' ORDER BY `c`.`list_order` ASC,`p`.`create_time` DESC [ RunTime:0.001144s ]
[2026-06-05T16:35:12+08:00][sql] SELECT `id`,`post_title`,`post_excerpt`,`more` FROM `cmf_portal_post` WHERE (  `post_type` = 3 ) AND `cmf_portal_post`.`delete_time` = '0' ORDER BY `create_time` DESC [ RunTime:0.000560s ]
[2026-06-05T16:35:12+08:00][sql] SHOW FULL COLUMNS FROM `cmf_theme_file` [ RunTime:0.001390s ]
[2026-06-05T16:35:12+08:00][sql] SELECT `more`,`file`,`id` FROM `cmf_theme_file` WHERE  `theme` = 'simpleboot3'  AND (  `is_public` = 1 OR `file` = 'portal/index' ) ORDER BY `is_public` DESC [ RunTime:0.000467s ]
[2026-06-05T16:35:12+08:00][sql] SELECT `option_value` FROM `cmf_option` WHERE  `option_name` = 'storage' LIMIT 1 [ RunTime:0.000466s ]
[2026-06-05T16:35:26+08:00][sql] CONNECT:[ UseTime:0.001139s ] mysql:host=127.0.0.1;port=3306;dbname=weihua;charset=utf8mb4
[2026-06-05T16:35:26+08:00][sql] SHOW FULL COLUMNS FROM `cmf_option` [ RunTime:0.001420s ]
[2026-06-05T16:35:26+08:00][sql] SELECT `option_value` FROM `cmf_option` WHERE  `option_name` = 'cdn_settings' LIMIT 1 [ RunTime:0.000465s ]
[2026-06-05T16:35:26+08:00][sql] SELECT `option_value` FROM `cmf_option` WHERE  `option_name` = 'cdn_settings' LIMIT 1 [ RunTime:0.000453s ]
[2026-06-05T16:35:26+08:00][sql] SHOW FULL COLUMNS FROM `cmf_product_category` [ RunTime:0.001265s ]
[2026-06-05T16:35:26+08:00][sql] SELECT * FROM `cmf_product_category` WHERE  `parent_id` = 0 ORDER BY `list_order` ASC,`create_time` DESC [ RunTime:0.000863s ]
[2026-06-05T16:35:26+08:00][sql] SELECT * FROM `cmf_product_category` WHERE  `parent_id` IN (28,19,22,23,25,27,30) [ RunTime:0.000346s ]
[2026-06-05T16:35:26+08:00][sql] SHOW FULL COLUMNS FROM `cmf_portal_category` [ RunTime:0.001269s ]
[2026-06-05T16:35:26+08:00][sql] SELECT * FROM `cmf_portal_category` WHERE (  `type` = 8 ) AND `cmf_portal_category`.`delete_time` = '0' ORDER BY `list_order` ASC [ RunTime:0.000611s ]
[2026-06-05T16:35:26+08:00][sql] SHOW FULL COLUMNS FROM `cmf_slide_item` [ RunTime:0.001129s ]
[2026-06-05T16:35:26+08:00][sql] SELECT `title`,`description`,`image`,`url`,`target`,`content` FROM `cmf_slide_item` WHERE  `slide_id` = 1 ORDER BY `list_order` ASC [ RunTime:0.000840s ]
[2026-06-05T16:35:26+08:00][sql] SHOW FULL COLUMNS FROM `cmf_slide` [ RunTime:0.001606s ]
[2026-06-05T16:35:26+08:00][sql] SELECT * FROM `cmf_slide` WHERE  `name` LIKE '%choose%' OR `name` LIKE '%选择%' LIMIT 1 [ RunTime:0.000526s ]
[2026-06-05T16:35:26+08:00][sql] SELECT `title`,`description`,`image`,`url`,`target`,`content` FROM `cmf_slide_item` WHERE  `slide_id` = 14  AND `status` = 1 ORDER BY `list_order` ASC [ RunTime:0.000370s ]
[2026-06-05T16:35:26+08:00][sql] SELECT * FROM `cmf_product_category` WHERE  `parent_id` = 0  AND `recommend` = 1 ORDER BY `list_order` ASC,`create_time` DESC [ RunTime:0.000333s ]
[2026-06-05T16:35:26+08:00][sql] SHOW FULL COLUMNS FROM `cmf_product` [ RunTime:0.001320s ]
[2026-06-05T16:35:26+08:00][sql] SELECT `id`,`title`,`thumbnail`,`industry` FROM `cmf_product` WHERE  `is_recommended` = 1  AND `category_id` = 28 ORDER BY `list_order` ASC LIMIT 6 [ RunTime:0.000985s ]
[2026-06-05T16:35:26+08:00][sql] SELECT `id`,`title`,`thumbnail`,`industry` FROM `cmf_product` WHERE  `is_recommended` = 1  AND `category_id` = 19 ORDER BY `list_order` ASC LIMIT 6 [ RunTime:0.000358s ]
[2026-06-05T16:35:26+08:00][sql] SELECT `id`,`title`,`thumbnail`,`industry` FROM `cmf_product` WHERE  `is_recommended` = 1  AND `category_id` = 23 ORDER BY `list_order` ASC LIMIT 6 [ RunTime:0.000382s ]
[2026-06-05T16:35:26+08:00][sql] SHOW FULL COLUMNS FROM `cmf_portal_post` [ RunTime:0.001333s ]
[2026-06-05T16:35:26+08:00][sql] SELECT `p`.`id`,`p`.`post_title`,`p`.`post_excerpt`,`p`.`thumbnail`,`p`.`create_time`,`c`.`category_id` FROM `cmf_portal_post` `p` INNER JOIN `cmf_portal_category_post` `c` ON `p`.`id`=`c`.`post_id` WHERE (  `p`.`post_type` = '8' ) AND `p`.`delete_time` = '0' ORDER BY `c`.`list_order` ASC,`p`.`create_time` DESC [ RunTime:0.000739s ]
[2026-06-05T16:35:26+08:00][sql] SELECT `id`,`post_title`,`post_excerpt`,`more` FROM `cmf_portal_post` WHERE (  `post_type` = 3 ) AND `cmf_portal_post`.`delete_time` = '0' ORDER BY `create_time` DESC [ RunTime:0.000342s ]
[2026-06-05T16:35:26+08:00][sql] SHOW FULL COLUMNS FROM `cmf_theme_file` [ RunTime:0.001047s ]
[2026-06-05T16:35:26+08:00][sql] SELECT `more`,`file`,`id` FROM `cmf_theme_file` WHERE  `theme` = 'simpleboot3'  AND (  `is_public` = 1 OR `file` = 'portal/index' ) ORDER BY `is_public` DESC [ RunTime:0.000445s ]
[2026-06-05T16:35:26+08:00][sql] SELECT `option_value` FROM `cmf_option` WHERE  `option_name` = 'storage' LIMIT 1 [ RunTime:0.000449s ]
[2026-06-05T16:35:29+08:00][sql] CONNECT:[ UseTime:0.001041s ] mysql:host=127.0.0.1;port=3306;dbname=weihua;charset=utf8mb4
[2026-06-05T16:35:29+08:00][sql] SHOW FULL COLUMNS FROM `cmf_option` [ RunTime:0.001822s ]
[2026-06-05T16:35:29+08:00][sql] SELECT `option_value` FROM `cmf_option` WHERE  `option_name` = 'cdn_settings' LIMIT 1 [ RunTime:0.000523s ]
[2026-06-05T16:35:29+08:00][sql] SELECT `option_value` FROM `cmf_option` WHERE  `option_name` = 'cdn_settings' LIMIT 1 [ RunTime:0.001065s ]
[2026-06-05T16:35:29+08:00][sql] SHOW FULL COLUMNS FROM `cmf_product_category` [ RunTime:0.001836s ]
[2026-06-05T16:35:29+08:00][sql] SELECT * FROM `cmf_product_category` WHERE  `parent_id` = 0 ORDER BY `list_order` ASC,`create_time` DESC [ RunTime:0.000609s ]
[2026-06-05T16:35:29+08:00][sql] SELECT * FROM `cmf_product_category` WHERE  `parent_id` IN (28,19,22,23,25,27,30) [ RunTime:0.000760s ]
[2026-06-05T16:35:29+08:00][sql] SHOW FULL COLUMNS FROM `cmf_portal_category` [ RunTime:0.002808s ]
[2026-06-05T16:35:29+08:00][sql] SELECT * FROM `cmf_portal_category` WHERE (  `type` = 8 ) AND `cmf_portal_category`.`delete_time` = '0' ORDER BY `list_order` ASC [ RunTime:0.000975s ]
[2026-06-05T16:35:29+08:00][sql] SHOW FULL COLUMNS FROM `cmf_slide_item` [ RunTime:0.002741s ]
[2026-06-05T16:35:29+08:00][sql] SELECT `title`,`description`,`image` FROM `cmf_slide_item` WHERE  `slide_id` = 12  AND `status` = 1 ORDER BY `list_order` ASC,`id` DESC LIMIT 1 [ RunTime:0.000841s ]
[2026-06-05T16:35:29+08:00][sql] SELECT * FROM `cmf_portal_category` WHERE (  `id` = 0  AND `status` = 1 ) AND `cmf_portal_category`.`delete_time` = '0' LIMIT 1 [ RunTime:0.000566s ]
[2026-06-05T16:35:29+08:00][sql] SHOW FULL COLUMNS FROM `cmf_portal_post` [ RunTime:0.002312s ]
[2026-06-05T16:35:29+08:00][sql] SELECT COUNT(*) AS think_count FROM `cmf_portal_post` `p` LEFT JOIN `cmf_portal_category_post` `c` ON `p`.`id`=`c`.`post_id` WHERE (  `post_type` = 8 ) AND `p`.`delete_time` = '0' LIMIT 1 [ RunTime:0.000840s ]
[2026-06-05T16:35:29+08:00][sql] SELECT `p`.`id`,`p`.`post_title`,`p`.`thumbnail`,`p`.`more`,c.category_id as cid,`p`.`post_excerpt`,`p`.`create_time` FROM `cmf_portal_post` `p` LEFT JOIN `cmf_portal_category_post` `c` ON `p`.`id`=`c`.`post_id` WHERE (  `post_type` = 8 ) AND `p`.`delete_time` = '0' ORDER BY `c`.`list_order` ASC,`p`.`create_time` DESC LIMIT 0,6 [ RunTime:0.000611s ]
[2026-06-05T16:35:29+08:00][sql] SHOW FULL COLUMNS FROM `cmf_theme_file` [ RunTime:0.002164s ]
[2026-06-05T16:35:29+08:00][sql] SELECT `more`,`file`,`id` FROM `cmf_theme_file` WHERE  `theme` = 'simpleboot3'  AND (  `is_public` = 1 OR `file` = 'portal/news' ) ORDER BY `is_public` DESC [ RunTime:0.000675s ]
[2026-06-05T16:35:29+08:00][sql] SELECT `option_value` FROM `cmf_option` WHERE  `option_name` = 'storage' LIMIT 1 [ RunTime:0.000518s ]
[2026-06-05T16:35:30+08:00][sql] CONNECT:[ UseTime:0.000705s ] mysql:host=127.0.0.1;port=3306;dbname=weihua;charset=utf8mb4
[2026-06-05T16:35:30+08:00][sql] SHOW FULL COLUMNS FROM `cmf_option` [ RunTime:0.001241s ]
[2026-06-05T16:35:30+08:00][sql] SELECT `option_value` FROM `cmf_option` WHERE  `option_name` = 'cdn_settings' LIMIT 1 [ RunTime:0.000271s ]
[2026-06-05T16:35:30+08:00][sql] SELECT `option_value` FROM `cmf_option` WHERE  `option_name` = 'cdn_settings' LIMIT 1 [ RunTime:0.000211s ]
[2026-06-05T16:35:30+08:00][sql] SHOW FULL COLUMNS FROM `cmf_product_category` [ RunTime:0.000899s ]
[2026-06-05T16:35:30+08:00][sql] SELECT * FROM `cmf_product_category` WHERE  `parent_id` = 0 ORDER BY `list_order` ASC,`create_time` DESC [ RunTime:0.001027s ]
[2026-06-05T16:35:30+08:00][sql] SELECT * FROM `cmf_product_category` WHERE  `parent_id` IN (28,19,22,23,25,27,30) [ RunTime:0.000279s ]
[2026-06-05T16:35:30+08:00][sql] SHOW FULL COLUMNS FROM `cmf_portal_category` [ RunTime:0.001540s ]
[2026-06-05T16:35:30+08:00][sql] SELECT * FROM `cmf_portal_category` WHERE (  `type` = 8 ) AND `cmf_portal_category`.`delete_time` = '0' ORDER BY `list_order` ASC [ RunTime:0.000379s ]
[2026-06-05T16:35:30+08:00][sql] SELECT * FROM `cmf_portal_category` WHERE (  `id` = 1  AND `status` = 1 ) AND `cmf_portal_category`.`delete_time` = '0' LIMIT 1 [ RunTime:0.000377s ]
[2026-06-05T16:35:30+08:00][sql] SHOW FULL COLUMNS FROM `cmf_portal_post` [ RunTime:0.001042s ]
[2026-06-05T16:35:30+08:00][sql] SELECT `post`.* FROM `cmf_portal_post` `post` LEFT JOIN `cmf_portal_category_post` `relation` ON `post`.`id`=`relation`.`post_id` WHERE (  `post`.`post_type` = '8'  AND `relation`.`category_id` = '1'  AND `post`.`id` = '15'  AND ( post.delete_time IS NULL OR post.delete_time = 0 ) ) AND `post`.`delete_time` = '0' LIMIT 1 [ RunTime:0.000380s ]
[2026-06-05T16:35:30+08:00][sql] SHOW FULL COLUMNS FROM `cmf_slide_item` [ RunTime:0.001028s ]
[2026-06-05T16:35:30+08:00][sql] SELECT `title`,`description`,`image` FROM `cmf_slide_item` WHERE  `slide_id` = 12  AND `status` = 1 ORDER BY `list_order` ASC,`id` DESC LIMIT 1 [ RunTime:0.000356s ]
[2026-06-05T16:35:30+08:00][sql] UPDATE `cmf_portal_post`  SET `post_hits` = `post_hits` + 1  WHERE (  `id` = 15 ) AND `cmf_portal_post`.`delete_time` = '0' [ RunTime:0.003176s ]
[2026-06-05T16:35:30+08:00][sql] SELECT `post`.* FROM `cmf_portal_post` `post` LEFT JOIN `cmf_portal_category_post` `relation` ON `post`.`id`=`relation`.`post_id` WHERE (  `post`.`post_type` = '8'  AND `relation`.`category_id` = '1'  AND `post`.`id` < '15'  AND ( post.delete_time IS NULL OR post.delete_time = 0 ) ) AND `post`.`delete_time` = '0' ORDER BY `post`.`id` DESC LIMIT 1 [ RunTime:0.000645s ]
[2026-06-05T16:35:30+08:00][sql] SELECT `post`.* FROM `cmf_portal_post` `post` LEFT JOIN `cmf_portal_category_post` `relation` ON `post`.`id`=`relation`.`post_id` WHERE (  `post`.`post_type` = '8'  AND `relation`.`category_id` = '1'  AND `post`.`id` > '15'  AND ( post.delete_time IS NULL OR post.delete_time = 0 ) ) AND `post`.`delete_time` = '0' ORDER BY `post`.`id` ASC LIMIT 1 [ RunTime:0.000472s ]
[2026-06-05T16:35:30+08:00][sql] SHOW FULL COLUMNS FROM `cmf_theme_file` [ RunTime:0.001072s ]
[2026-06-05T16:35:30+08:00][sql] SELECT `more`,`file`,`id` FROM `cmf_theme_file` WHERE  `theme` = 'simpleboot3'  AND (  `is_public` = 1 OR `file` = 'portal/news-info' ) ORDER BY `is_public` DESC [ RunTime:0.000302s ]
[2026-06-05T16:35:30+08:00][sql] SELECT `option_value` FROM `cmf_option` WHERE  `option_name` = 'storage' LIMIT 1 [ RunTime:0.000424s ]
[2026-06-05T16:36:05+08:00][sql] CONNECT:[ UseTime:0.000819s ] mysql:host=127.0.0.1;port=3306;dbname=weihua;charset=utf8mb4
[2026-06-05T16:36:05+08:00][sql] SHOW FULL COLUMNS FROM `cmf_option` [ RunTime:0.002362s ]
[2026-06-05T16:36:05+08:00][sql] SELECT `option_value` FROM `cmf_option` WHERE  `option_name` = 'cdn_settings' LIMIT 1 [ RunTime:0.000556s ]
[2026-06-05T16:36:05+08:00][sql] SELECT `option_value` FROM `cmf_option` WHERE  `option_name` = 'cdn_settings' LIMIT 1 [ RunTime:0.000354s ]
[2026-06-05T16:36:05+08:00][sql] SHOW FULL COLUMNS FROM `cmf_product_category` [ RunTime:0.001270s ]
[2026-06-05T16:36:05+08:00][sql] SELECT * FROM `cmf_product_category` WHERE  `parent_id` = 0 ORDER BY `list_order` ASC,`create_time` DESC [ RunTime:0.000352s ]
[2026-06-05T16:36:05+08:00][sql] SELECT * FROM `cmf_product_category` WHERE  `parent_id` IN (28,19,22,23,25,27,30) [ RunTime:0.000282s ]
[2026-06-05T16:36:05+08:00][sql] SHOW FULL COLUMNS FROM `cmf_portal_category` [ RunTime:0.001152s ]
[2026-06-05T16:36:05+08:00][sql] SELECT * FROM `cmf_portal_category` WHERE (  `type` = 8 ) AND `cmf_portal_category`.`delete_time` = '0' ORDER BY `list_order` ASC [ RunTime:0.000331s ]
[2026-06-05T16:36:05+08:00][sql] SELECT * FROM `cmf_portal_category` WHERE (  `id` = 1  AND `status` = 1 ) AND `cmf_portal_category`.`delete_time` = '0' LIMIT 1 [ RunTime:0.000352s ]
[2026-06-05T16:36:05+08:00][sql] SHOW FULL COLUMNS FROM `cmf_portal_post` [ RunTime:0.001804s ]
[2026-06-05T16:36:05+08:00][sql] SELECT `post`.* FROM `cmf_portal_post` `post` LEFT JOIN `cmf_portal_category_post` `relation` ON `post`.`id`=`relation`.`post_id` WHERE (  `post`.`post_type` = '8'  AND `relation`.`category_id` = '1'  AND `post`.`id` = '13'  AND ( post.delete_time IS NULL OR post.delete_time = 0 ) ) AND `post`.`delete_time` = '0' LIMIT 1 [ RunTime:0.000456s ]
[2026-06-05T16:36:05+08:00][sql] SHOW FULL COLUMNS FROM `cmf_slide_item` [ RunTime:0.001020s ]
[2026-06-05T16:36:05+08:00][sql] SELECT `title`,`description`,`image` FROM `cmf_slide_item` WHERE  `slide_id` = 12  AND `status` = 1 ORDER BY `list_order` ASC,`id` DESC LIMIT 1 [ RunTime:0.000292s ]
[2026-06-05T16:36:05+08:00][sql] UPDATE `cmf_portal_post`  SET `post_hits` = `post_hits` + 1  WHERE (  `id` = 13 ) AND `cmf_portal_post`.`delete_time` = '0' [ RunTime:0.004767s ]
[2026-06-05T16:36:05+08:00][sql] SELECT `post`.* FROM `cmf_portal_post` `post` LEFT JOIN `cmf_portal_category_post` `relation` ON `post`.`id`=`relation`.`post_id` WHERE (  `post`.`post_type` = '8'  AND `relation`.`category_id` = '1'  AND `post`.`id` < '13'  AND ( post.delete_time IS NULL OR post.delete_time = 0 ) ) AND `post`.`delete_time` = '0' ORDER BY `post`.`id` DESC LIMIT 1 [ RunTime:0.000485s ]
[2026-06-05T16:36:05+08:00][sql] SELECT `post`.* FROM `cmf_portal_post` `post` LEFT JOIN `cmf_portal_category_post` `relation` ON `post`.`id`=`relation`.`post_id` WHERE (  `post`.`post_type` = '8'  AND `relation`.`category_id` = '1'  AND `post`.`id` > '13'  AND ( post.delete_time IS NULL OR post.delete_time = 0 ) ) AND `post`.`delete_time` = '0' ORDER BY `post`.`id` ASC LIMIT 1 [ RunTime:0.000388s ]
[2026-06-05T16:36:05+08:00][sql] SHOW FULL COLUMNS FROM `cmf_theme_file` [ RunTime:0.001102s ]
[2026-06-05T16:36:05+08:00][sql] SELECT `more`,`file`,`id` FROM `cmf_theme_file` WHERE  `theme` = 'simpleboot3'  AND (  `is_public` = 1 OR `file` = 'portal/news-info' ) ORDER BY `is_public` DESC [ RunTime:0.000269s ]
[2026-06-05T16:36:05+08:00][sql] SELECT `option_value` FROM `cmf_option` WHERE  `option_name` = 'storage' LIMIT 1 [ RunTime:0.000550s ]
[2026-06-05T16:36:46+08:00][sql] CONNECT:[ UseTime:0.001823s ] mysql:host=127.0.0.1;port=3306;dbname=weihua;charset=utf8mb4
[2026-06-05T16:36:46+08:00][sql] SHOW FULL COLUMNS FROM `cmf_option` [ RunTime:0.001486s ]
[2026-06-05T16:36:46+08:00][sql] SELECT `option_value` FROM `cmf_option` WHERE  `option_name` = 'cdn_settings' LIMIT 1 [ RunTime:0.000279s ]
[2026-06-05T16:36:46+08:00][sql] SELECT `option_value` FROM `cmf_option` WHERE  `option_name` = 'cdn_settings' LIMIT 1 [ RunTime:0.000287s ]
[2026-06-05T16:36:46+08:00][sql] SHOW FULL COLUMNS FROM `cmf_product_category` [ RunTime:0.001164s ]
[2026-06-05T16:36:46+08:00][sql] SELECT * FROM `cmf_product_category` WHERE  `parent_id` = 0 ORDER BY `list_order` ASC,`create_time` DESC [ RunTime:0.000327s ]
[2026-06-05T16:36:46+08:00][sql] SELECT * FROM `cmf_product_category` WHERE  `parent_id` IN (28,19,22,23,25,27,30) [ RunTime:0.000290s ]
[2026-06-05T16:36:46+08:00][sql] SHOW FULL COLUMNS FROM `cmf_portal_category` [ RunTime:0.001248s ]
[2026-06-05T16:36:46+08:00][sql] SELECT * FROM `cmf_portal_category` WHERE (  `type` = 8 ) AND `cmf_portal_category`.`delete_time` = '0' ORDER BY `list_order` ASC [ RunTime:0.000414s ]
[2026-06-05T16:36:46+08:00][sql] SHOW FULL COLUMNS FROM `cmf_slide_item` [ RunTime:0.001256s ]
[2026-06-05T16:36:46+08:00][sql] SELECT `title`,`description`,`image` FROM `cmf_slide_item` WHERE  `slide_id` = 3  AND `status` = 1 ORDER BY `list_order` ASC,`id` DESC LIMIT 1 [ RunTime:0.000369s ]
[2026-06-05T16:36:46+08:00][sql] SHOW FULL COLUMNS FROM `cmf_portal_post` [ RunTime:0.001361s ]
[2026-06-05T16:36:46+08:00][sql] SELECT COUNT(*) AS think_count FROM `cmf_portal_post` WHERE (  `post_type` = 3 ) AND `cmf_portal_post`.`delete_time` = '0' LIMIT 1 [ RunTime:0.000369s ]
[2026-06-05T16:36:46+08:00][sql] SELECT `id`,`more`,`post_title`,`post_excerpt` FROM `cmf_portal_post` WHERE (  `post_type` = 3 ) AND `cmf_portal_post`.`delete_time` = '0' ORDER BY `create_time` DESC LIMIT 0,9 [ RunTime:0.000368s ]
[2026-06-05T16:36:46+08:00][sql] SHOW FULL COLUMNS FROM `cmf_theme_file` [ RunTime:0.001101s ]
[2026-06-05T16:36:46+08:00][sql] SELECT `more`,`file`,`id` FROM `cmf_theme_file` WHERE  `theme` = 'simpleboot3'  AND (  `is_public` = 1 OR `file` = 'portal/industries' ) ORDER BY `is_public` DESC [ RunTime:0.000317s ]
[2026-06-05T16:36:46+08:00][sql] SELECT `option_value` FROM `cmf_option` WHERE  `option_name` = 'storage' LIMIT 1 [ RunTime:0.000276s ]
[2026-06-05T16:36:48+08:00][sql] CONNECT:[ UseTime:0.000704s ] mysql:host=127.0.0.1;port=3306;dbname=weihua;charset=utf8mb4
[2026-06-05T16:36:48+08:00][sql] SHOW FULL COLUMNS FROM `cmf_option` [ RunTime:0.001319s ]
[2026-06-05T16:36:48+08:00][sql] SELECT `option_value` FROM `cmf_option` WHERE  `option_name` = 'cdn_settings' LIMIT 1 [ RunTime:0.000298s ]
[2026-06-05T16:36:48+08:00][sql] SELECT `option_value` FROM `cmf_option` WHERE  `option_name` = 'cdn_settings' LIMIT 1 [ RunTime:0.000443s ]
[2026-06-05T16:36:48+08:00][sql] SHOW FULL COLUMNS FROM `cmf_product_category` [ RunTime:0.001473s ]
[2026-06-05T16:36:48+08:00][sql] SELECT * FROM `cmf_product_category` WHERE  `parent_id` = 0 ORDER BY `list_order` ASC,`create_time` DESC [ RunTime:0.000353s ]
[2026-06-05T16:36:48+08:00][sql] SELECT * FROM `cmf_product_category` WHERE  `parent_id` IN (28,19,22,23,25,27,30) [ RunTime:0.000406s ]
[2026-06-05T16:36:48+08:00][sql] SHOW FULL COLUMNS FROM `cmf_portal_category` [ RunTime:0.001476s ]
[2026-06-05T16:36:48+08:00][sql] SELECT * FROM `cmf_portal_category` WHERE (  `type` = 8 ) AND `cmf_portal_category`.`delete_time` = '0' ORDER BY `list_order` ASC [ RunTime:0.000360s ]
[2026-06-05T16:36:48+08:00][sql] SELECT * FROM `cmf_portal_category` WHERE (  `id` = 0  AND `status` = 1 ) AND `cmf_portal_category`.`delete_time` = '0' LIMIT 1 [ RunTime:0.000414s ]
[2026-06-05T16:36:48+08:00][sql] SHOW FULL COLUMNS FROM `cmf_slide_item` [ RunTime:0.000954s ]
[2026-06-05T16:36:48+08:00][sql] SELECT `title`,`description`,`image` FROM `cmf_slide_item` WHERE  `slide_id` = 3  AND `status` = 1 ORDER BY `list_order` ASC,`id` DESC LIMIT 1 [ RunTime:0.000382s ]
[2026-06-05T16:36:48+08:00][sql] SHOW FULL COLUMNS FROM `cmf_portal_post` [ RunTime:0.001034s ]
[2026-06-05T16:36:48+08:00][sql] UPDATE `cmf_portal_post`  SET `post_hits` = `post_hits` + 1  WHERE (  `id` = 23 ) AND `cmf_portal_post`.`delete_time` = '0' [ RunTime:0.003180s ]
[2026-06-05T16:36:48+08:00][sql] SELECT * FROM `cmf_portal_post` WHERE (  `post_type` = 3  AND `id` = 23  AND ( delete_time IS NULL OR delete_time = 0 ) ) AND `cmf_portal_post`.`delete_time` = '0' LIMIT 1 [ RunTime:0.000602s ]
[2026-06-05T16:36:48+08:00][sql] SELECT * FROM `cmf_portal_post` WHERE (  `post_type` = 3  AND `id` < 23  AND ( delete_time IS NULL OR delete_time = 0 ) ) AND `cmf_portal_post`.`delete_time` = '0' ORDER BY `id` DESC LIMIT 1 [ RunTime:0.000667s ]
[2026-06-05T16:36:48+08:00][sql] SELECT * FROM `cmf_portal_post` WHERE (  `post_type` = 3  AND `id` > 23  AND ( delete_time IS NULL OR delete_time = 0 ) ) AND `cmf_portal_post`.`delete_time` = '0' ORDER BY `id` ASC LIMIT 1 [ RunTime:0.000572s ]
[2026-06-05T16:36:48+08:00][sql] SHOW FULL COLUMNS FROM `cmf_theme_file` [ RunTime:0.001708s ]
[2026-06-05T16:36:48+08:00][sql] SELECT `more`,`file`,`id` FROM `cmf_theme_file` WHERE  `theme` = 'simpleboot3'  AND (  `is_public` = 1 OR `file` = 'portal/industries-info' ) ORDER BY `is_public` DESC [ RunTime:0.000306s ]
[2026-06-05T16:36:48+08:00][sql] SELECT `option_value` FROM `cmf_option` WHERE  `option_name` = 'storage' LIMIT 1 [ RunTime:0.000318s ]
[2026-06-05T16:36:52+08:00][sql] CONNECT:[ UseTime:0.000960s ] mysql:host=127.0.0.1;port=3306;dbname=weihua;charset=utf8mb4
[2026-06-05T16:36:52+08:00][sql] SHOW FULL COLUMNS FROM `cmf_option` [ RunTime:0.002054s ]
[2026-06-05T16:36:52+08:00][sql] SELECT `option_value` FROM `cmf_option` WHERE  `option_name` = 'cdn_settings' LIMIT 1 [ RunTime:0.000359s ]
[2026-06-05T16:36:52+08:00][sql] SELECT `option_value` FROM `cmf_option` WHERE  `option_name` = 'cdn_settings' LIMIT 1 [ RunTime:0.000352s ]
[2026-06-05T16:36:52+08:00][sql] SHOW FULL COLUMNS FROM `cmf_product_category` [ RunTime:0.001108s ]
[2026-06-05T16:36:52+08:00][sql] SELECT * FROM `cmf_product_category` WHERE  `parent_id` = 0 ORDER BY `list_order` ASC,`create_time` DESC [ RunTime:0.000307s ]
[2026-06-05T16:36:52+08:00][sql] SELECT * FROM `cmf_product_category` WHERE  `parent_id` IN (28,19,22,23,25,27,30) [ RunTime:0.000234s ]
[2026-06-05T16:36:52+08:00][sql] SHOW FULL COLUMNS FROM `cmf_portal_category` [ RunTime:0.000894s ]
[2026-06-05T16:36:52+08:00][sql] SELECT * FROM `cmf_portal_category` WHERE (  `type` = 8 ) AND `cmf_portal_category`.`delete_time` = '0' ORDER BY `list_order` ASC [ RunTime:0.000243s ]
[2026-06-05T16:36:52+08:00][sql] SHOW FULL COLUMNS FROM `cmf_slide_item` [ RunTime:0.000958s ]
[2026-06-05T16:36:52+08:00][sql] SELECT `title`,`description`,`image` FROM `cmf_slide_item` WHERE  `slide_id` = 3  AND `status` = 1 ORDER BY `list_order` ASC,`id` DESC LIMIT 1 [ RunTime:0.000288s ]
[2026-06-05T16:36:52+08:00][sql] SHOW FULL COLUMNS FROM `cmf_portal_post` [ RunTime:0.002683s ]
[2026-06-05T16:36:52+08:00][sql] SELECT COUNT(*) AS think_count FROM `cmf_portal_post` WHERE (  `post_type` = 3 ) AND `cmf_portal_post`.`delete_time` = '0' LIMIT 1 [ RunTime:0.000559s ]
[2026-06-05T16:36:52+08:00][sql] SELECT `id`,`more`,`post_title`,`post_excerpt` FROM `cmf_portal_post` WHERE (  `post_type` = 3 ) AND `cmf_portal_post`.`delete_time` = '0' ORDER BY `create_time` DESC LIMIT 0,9 [ RunTime:0.000324s ]
[2026-06-05T16:36:52+08:00][sql] SHOW FULL COLUMNS FROM `cmf_theme_file` [ RunTime:0.001132s ]
[2026-06-05T16:36:52+08:00][sql] SELECT `more`,`file`,`id` FROM `cmf_theme_file` WHERE  `theme` = 'simpleboot3'  AND (  `is_public` = 1 OR `file` = 'portal/industries' ) ORDER BY `is_public` DESC [ RunTime:0.000288s ]
[2026-06-05T16:36:52+08:00][sql] SELECT `option_value` FROM `cmf_option` WHERE  `option_name` = 'storage' LIMIT 1 [ RunTime:0.000238s ]
[2026-06-05T16:37:19+08:00][sql] CONNECT:[ UseTime:0.001023s ] mysql:host=127.0.0.1;port=3306;dbname=weihua;charset=utf8mb4
[2026-06-05T16:37:19+08:00][sql] SHOW FULL COLUMNS FROM `cmf_option` [ RunTime:0.001478s ]
[2026-06-05T16:37:19+08:00][sql] SELECT `option_value` FROM `cmf_option` WHERE  `option_name` = 'cdn_settings' LIMIT 1 [ RunTime:0.000298s ]
[2026-06-05T16:37:19+08:00][sql] SELECT `option_value` FROM `cmf_option` WHERE  `option_name` = 'cdn_settings' LIMIT 1 [ RunTime:0.000312s ]
[2026-06-05T16:37:19+08:00][sql] SHOW FULL COLUMNS FROM `cmf_product_category` [ RunTime:0.001217s ]
[2026-06-05T16:37:19+08:00][sql] SELECT * FROM `cmf_product_category` WHERE  `parent_id` = 0 ORDER BY `list_order` ASC,`create_time` DESC [ RunTime:0.000325s ]
[2026-06-05T16:37:19+08:00][sql] SELECT * FROM `cmf_product_category` WHERE  `parent_id` IN (28,19,22,23,25,27,30) [ RunTime:0.000314s ]
[2026-06-05T16:37:19+08:00][sql] SHOW FULL COLUMNS FROM `cmf_portal_category` [ RunTime:0.001598s ]
[2026-06-05T16:37:19+08:00][sql] SELECT * FROM `cmf_portal_category` WHERE (  `type` = 8 ) AND `cmf_portal_category`.`delete_time` = '0' ORDER BY `list_order` ASC [ RunTime:0.000286s ]
[2026-06-05T16:37:19+08:00][sql] SELECT * FROM `cmf_portal_category` WHERE (  `id` = 0  AND `status` = 1 ) AND `cmf_portal_category`.`delete_time` = '0' LIMIT 1 [ RunTime:0.000329s ]
[2026-06-05T16:37:19+08:00][sql] SHOW FULL COLUMNS FROM `cmf_slide_item` [ RunTime:0.000904s ]
[2026-06-05T16:37:19+08:00][sql] SELECT `title`,`description`,`image` FROM `cmf_slide_item` WHERE  `slide_id` = 3  AND `status` = 1 ORDER BY `list_order` ASC,`id` DESC LIMIT 1 [ RunTime:0.000313s ]
[2026-06-05T16:37:19+08:00][sql] SHOW FULL COLUMNS FROM `cmf_portal_post` [ RunTime:0.000946s ]
[2026-06-05T16:37:19+08:00][sql] UPDATE `cmf_portal_post`  SET `post_hits` = `post_hits` + 1  WHERE (  `id` = 23 ) AND `cmf_portal_post`.`delete_time` = '0' [ RunTime:0.004907s ]
[2026-06-05T16:37:19+08:00][sql] SELECT * FROM `cmf_portal_post` WHERE (  `post_type` = 3  AND `id` = 23  AND ( delete_time IS NULL OR delete_time = 0 ) ) AND `cmf_portal_post`.`delete_time` = '0' LIMIT 1 [ RunTime:0.000415s ]
[2026-06-05T16:37:19+08:00][sql] SELECT * FROM `cmf_portal_post` WHERE (  `post_type` = 3  AND `id` < 23  AND ( delete_time IS NULL OR delete_time = 0 ) ) AND `cmf_portal_post`.`delete_time` = '0' ORDER BY `id` DESC LIMIT 1 [ RunTime:0.000459s ]
[2026-06-05T16:37:19+08:00][sql] SELECT * FROM `cmf_portal_post` WHERE (  `post_type` = 3  AND `id` > 23  AND ( delete_time IS NULL OR delete_time = 0 ) ) AND `cmf_portal_post`.`delete_time` = '0' ORDER BY `id` ASC LIMIT 1 [ RunTime:0.000706s ]
[2026-06-05T16:37:19+08:00][sql] SHOW FULL COLUMNS FROM `cmf_theme_file` [ RunTime:0.001438s ]
[2026-06-05T16:37:19+08:00][sql] SELECT `more`,`file`,`id` FROM `cmf_theme_file` WHERE  `theme` = 'simpleboot3'  AND (  `is_public` = 1 OR `file` = 'portal/industries-info' ) ORDER BY `is_public` DESC [ RunTime:0.000527s ]
[2026-06-05T16:37:19+08:00][sql] SELECT `option_value` FROM `cmf_option` WHERE  `option_name` = 'storage' LIMIT 1 [ RunTime:0.000336s ]
[2026-06-05T16:40:49+08:00][sql] CONNECT:[ UseTime:0.001004s ] mysql:host=127.0.0.1;port=3306;dbname=weihua;charset=utf8mb4
[2026-06-05T16:40:49+08:00][sql] SHOW FULL COLUMNS FROM `cmf_option` [ RunTime:0.001737s ]
[2026-06-05T16:40:49+08:00][sql] SELECT `option_value` FROM `cmf_option` WHERE  `option_name` = 'cdn_settings' LIMIT 1 [ RunTime:0.000270s ]
[2026-06-05T16:40:49+08:00][sql] SELECT `option_value` FROM `cmf_option` WHERE  `option_name` = 'cdn_settings' LIMIT 1 [ RunTime:0.000384s ]
[2026-06-05T16:40:49+08:00][sql] SHOW FULL COLUMNS FROM `cmf_product_category` [ RunTime:0.001520s ]
[2026-06-05T16:40:49+08:00][sql] SELECT * FROM `cmf_product_category` WHERE  `parent_id` = 0 ORDER BY `list_order` ASC,`create_time` DESC [ RunTime:0.000409s ]
[2026-06-05T16:40:49+08:00][sql] SELECT * FROM `cmf_product_category` WHERE  `parent_id` IN (28,19,22,23,25,27,30) [ RunTime:0.000330s ]
[2026-06-05T16:40:49+08:00][sql] SHOW FULL COLUMNS FROM `cmf_portal_category` [ RunTime:0.001283s ]
[2026-06-05T16:40:49+08:00][sql] SELECT * FROM `cmf_portal_category` WHERE (  `type` = 8 ) AND `cmf_portal_category`.`delete_time` = '0' ORDER BY `list_order` ASC [ RunTime:0.000350s ]
[2026-06-05T16:40:49+08:00][sql] SELECT * FROM `cmf_portal_category` WHERE (  `id` = 0  AND `status` = 1 ) AND `cmf_portal_category`.`delete_time` = '0' LIMIT 1 [ RunTime:0.000342s ]
[2026-06-05T16:40:49+08:00][sql] SHOW FULL COLUMNS FROM `cmf_slide_item` [ RunTime:0.001120s ]
[2026-06-05T16:40:49+08:00][sql] SELECT `title`,`description`,`image` FROM `cmf_slide_item` WHERE  `slide_id` = 3  AND `status` = 1 ORDER BY `list_order` ASC,`id` DESC LIMIT 1 [ RunTime:0.000356s ]
[2026-06-05T16:40:49+08:00][sql] SHOW FULL COLUMNS FROM `cmf_portal_post` [ RunTime:0.001202s ]
[2026-06-05T16:40:49+08:00][sql] UPDATE `cmf_portal_post`  SET `post_hits` = `post_hits` + 1  WHERE (  `id` = 23 ) AND `cmf_portal_post`.`delete_time` = '0' [ RunTime:0.004474s ]
[2026-06-05T16:40:49+08:00][sql] SELECT * FROM `cmf_portal_post` WHERE (  `post_type` = 3  AND `id` = 23  AND ( delete_time IS NULL OR delete_time = 0 ) ) AND `cmf_portal_post`.`delete_time` = '0' LIMIT 1 [ RunTime:0.000623s ]
[2026-06-05T16:40:49+08:00][sql] SELECT * FROM `cmf_portal_post` WHERE (  `post_type` = 3  AND `id` < 23  AND ( delete_time IS NULL OR delete_time = 0 ) ) AND `cmf_portal_post`.`delete_time` = '0' ORDER BY `id` DESC LIMIT 1 [ RunTime:0.000557s ]
[2026-06-05T16:40:49+08:00][sql] SELECT * FROM `cmf_portal_post` WHERE (  `post_type` = 3  AND `id` > 23  AND ( delete_time IS NULL OR delete_time = 0 ) ) AND `cmf_portal_post`.`delete_time` = '0' ORDER BY `id` ASC LIMIT 1 [ RunTime:0.000472s ]
[2026-06-05T16:40:49+08:00][sql] SHOW FULL COLUMNS FROM `cmf_theme_file` [ RunTime:0.001335s ]
[2026-06-05T16:40:49+08:00][sql] SELECT `more`,`file`,`id` FROM `cmf_theme_file` WHERE  `theme` = 'simpleboot3'  AND (  `is_public` = 1 OR `file` = 'portal/industries-info' ) ORDER BY `is_public` DESC [ RunTime:0.000486s ]
[2026-06-05T16:40:49+08:00][sql] SELECT `option_value` FROM `cmf_option` WHERE  `option_name` = 'storage' LIMIT 1 [ RunTime:0.000474s ]
[2026-06-05T16:40:53+08:00][sql] CONNECT:[ UseTime:0.001081s ] mysql:host=127.0.0.1;port=3306;dbname=weihua;charset=utf8mb4
[2026-06-05T16:40:53+08:00][sql] SHOW FULL COLUMNS FROM `cmf_option` [ RunTime:0.001967s ]
[2026-06-05T16:40:53+08:00][sql] SELECT `option_value` FROM `cmf_option` WHERE  `option_name` = 'cdn_settings' LIMIT 1 [ RunTime:0.000264s ]
[2026-06-05T16:40:53+08:00][sql] SELECT `option_value` FROM `cmf_option` WHERE  `option_name` = 'cdn_settings' LIMIT 1 [ RunTime:0.000231s ]
[2026-06-05T16:40:53+08:00][sql] SHOW FULL COLUMNS FROM `cmf_product_category` [ RunTime:0.000817s ]
[2026-06-05T16:40:53+08:00][sql] SELECT * FROM `cmf_product_category` WHERE  `parent_id` = 0 ORDER BY `list_order` ASC,`create_time` DESC [ RunTime:0.000273s ]
[2026-06-05T16:40:53+08:00][sql] SELECT * FROM `cmf_product_category` WHERE  `parent_id` IN (28,19,22,23,25,27,30) [ RunTime:0.000286s ]
[2026-06-05T16:40:53+08:00][sql] SHOW FULL COLUMNS FROM `cmf_portal_category` [ RunTime:0.000887s ]
[2026-06-05T16:40:53+08:00][sql] SELECT * FROM `cmf_portal_category` WHERE (  `type` = 8 ) AND `cmf_portal_category`.`delete_time` = '0' ORDER BY `list_order` ASC [ RunTime:0.000278s ]
[2026-06-05T16:40:53+08:00][sql] SHOW FULL COLUMNS FROM `cmf_slide_item` [ RunTime:0.000880s ]
[2026-06-05T16:40:53+08:00][sql] SELECT `title`,`description`,`image` FROM `cmf_slide_item` WHERE  `slide_id` = 12  AND `status` = 1 ORDER BY `list_order` ASC,`id` DESC LIMIT 1 [ RunTime:0.000381s ]
[2026-06-05T16:40:53+08:00][sql] SELECT * FROM `cmf_portal_category` WHERE (  `id` = 0  AND `status` = 1 ) AND `cmf_portal_category`.`delete_time` = '0' LIMIT 1 [ RunTime:0.000274s ]
[2026-06-05T16:40:53+08:00][sql] SHOW FULL COLUMNS FROM `cmf_portal_post` [ RunTime:0.001267s ]
[2026-06-05T16:40:53+08:00][sql] SELECT COUNT(*) AS think_count FROM `cmf_portal_post` `p` LEFT JOIN `cmf_portal_category_post` `c` ON `p`.`id`=`c`.`post_id` WHERE (  `post_type` = 8 ) AND `p`.`delete_time` = '0' LIMIT 1 [ RunTime:0.000421s ]
[2026-06-05T16:40:53+08:00][sql] SELECT `p`.`id`,`p`.`post_title`,`p`.`thumbnail`,`p`.`more`,c.category_id as cid,`p`.`post_excerpt`,`p`.`create_time` FROM `cmf_portal_post` `p` LEFT JOIN `cmf_portal_category_post` `c` ON `p`.`id`=`c`.`post_id` WHERE (  `post_type` = 8 ) AND `p`.`delete_time` = '0' ORDER BY `c`.`list_order` ASC,`p`.`create_time` DESC LIMIT 0,6 [ RunTime:0.000375s ]
[2026-06-05T16:40:53+08:00][sql] SHOW FULL COLUMNS FROM `cmf_theme_file` [ RunTime:0.001235s ]
[2026-06-05T16:40:53+08:00][sql] SELECT `more`,`file`,`id` FROM `cmf_theme_file` WHERE  `theme` = 'simpleboot3'  AND (  `is_public` = 1 OR `file` = 'portal/news' ) ORDER BY `is_public` DESC [ RunTime:0.000297s ]
[2026-06-05T16:40:53+08:00][sql] SELECT `option_value` FROM `cmf_option` WHERE  `option_name` = 'storage' LIMIT 1 [ RunTime:0.000557s ]
[2026-06-05T16:40:54+08:00][sql] CONNECT:[ UseTime:0.013547s ] mysql:host=127.0.0.1;port=3306;dbname=weihua;charset=utf8mb4
[2026-06-05T16:40:54+08:00][sql] SHOW FULL COLUMNS FROM `cmf_option` [ RunTime:0.001598s ]
[2026-06-05T16:40:54+08:00][sql] SELECT `option_value` FROM `cmf_option` WHERE  `option_name` = 'cdn_settings' LIMIT 1 [ RunTime:0.000304s ]
[2026-06-05T16:40:54+08:00][sql] SELECT `option_value` FROM `cmf_option` WHERE  `option_name` = 'cdn_settings' LIMIT 1 [ RunTime:0.000284s ]
[2026-06-05T16:40:54+08:00][sql] SHOW FULL COLUMNS FROM `cmf_product_category` [ RunTime:0.001716s ]
[2026-06-05T16:40:54+08:00][sql] SELECT * FROM `cmf_product_category` WHERE  `parent_id` = 0 ORDER BY `list_order` ASC,`create_time` DESC [ RunTime:0.000437s ]
[2026-06-05T16:40:54+08:00][sql] SELECT * FROM `cmf_product_category` WHERE  `parent_id` IN (28,19,22,23,25,27,30) [ RunTime:0.000346s ]
[2026-06-05T16:40:54+08:00][sql] SHOW FULL COLUMNS FROM `cmf_portal_category` [ RunTime:0.001241s ]
[2026-06-05T16:40:54+08:00][sql] SELECT * FROM `cmf_portal_category` WHERE (  `type` = 8 ) AND `cmf_portal_category`.`delete_time` = '0' ORDER BY `list_order` ASC [ RunTime:0.000372s ]
[2026-06-05T16:40:54+08:00][sql] SHOW FULL COLUMNS FROM `cmf_portal_post` [ RunTime:0.001786s ]
[2026-06-05T16:40:54+08:00][sql] SELECT * FROM `cmf_portal_post` WHERE (  `post_alias` = '15'  AND `post_type` = 8 ) AND `cmf_portal_post`.`delete_time` = '0' LIMIT 1 [ RunTime:0.000586s ]
[2026-06-05T16:42:03+08:00][sql] CONNECT:[ UseTime:0.000843s ] mysql:host=127.0.0.1;port=3306;dbname=weihua;charset=utf8mb4
[2026-06-05T16:42:03+08:00][sql] SHOW FULL COLUMNS FROM `cmf_option` [ RunTime:0.001372s ]
[2026-06-05T16:42:03+08:00][sql] SELECT `option_value` FROM `cmf_option` WHERE  `option_name` = 'cdn_settings' LIMIT 1 [ RunTime:0.000261s ]
[2026-06-05T16:42:03+08:00][sql] SELECT `option_value` FROM `cmf_option` WHERE  `option_name` = 'cdn_settings' LIMIT 1 [ RunTime:0.000338s ]
[2026-06-05T16:42:03+08:00][sql] SHOW FULL COLUMNS FROM `cmf_product_category` [ RunTime:0.001098s ]
[2026-06-05T16:42:03+08:00][sql] SELECT * FROM `cmf_product_category` WHERE  `parent_id` = 0 ORDER BY `list_order` ASC,`create_time` DESC [ RunTime:0.000338s ]
[2026-06-05T16:42:03+08:00][sql] SELECT * FROM `cmf_product_category` WHERE  `parent_id` IN (28,19,22,23,25,27,30) [ RunTime:0.000299s ]
[2026-06-05T16:42:03+08:00][sql] SHOW FULL COLUMNS FROM `cmf_portal_category` [ RunTime:0.001113s ]
[2026-06-05T16:42:03+08:00][sql] SELECT * FROM `cmf_portal_category` WHERE (  `type` = 8 ) AND `cmf_portal_category`.`delete_time` = '0' ORDER BY `list_order` ASC [ RunTime:0.000302s ]
[2026-06-05T16:42:03+08:00][sql] SELECT * FROM `cmf_portal_category` WHERE (  `id` = 1  AND `status` = 1 ) AND `cmf_portal_category`.`delete_time` = '0' LIMIT 1 [ RunTime:0.000469s ]
[2026-06-05T16:42:03+08:00][sql] SHOW FULL COLUMNS FROM `cmf_portal_post` [ RunTime:0.001194s ]
[2026-06-05T16:42:03+08:00][sql] SELECT `post`.* FROM `cmf_portal_post` `post` LEFT JOIN `cmf_portal_category_post` `relation` ON `post`.`id`=`relation`.`post_id` WHERE (  `post`.`post_type` = '8'  AND `relation`.`category_id` = '1'  AND `post`.`id` = '15'  AND ( post.delete_time IS NULL OR post.delete_time = 0 ) ) AND `post`.`delete_time` = '0' LIMIT 1 [ RunTime:0.000430s ]
[2026-06-05T16:42:03+08:00][sql] SHOW FULL COLUMNS FROM `cmf_slide_item` [ RunTime:0.001913s ]
[2026-06-05T16:42:03+08:00][sql] SELECT `title`,`description`,`image` FROM `cmf_slide_item` WHERE  `slide_id` = 12  AND `status` = 1 ORDER BY `list_order` ASC,`id` DESC LIMIT 1 [ RunTime:0.000680s ]
[2026-06-05T16:42:03+08:00][sql] UPDATE `cmf_portal_post`  SET `post_hits` = `post_hits` + 1  WHERE (  `id` = 15 ) AND `cmf_portal_post`.`delete_time` = '0' [ RunTime:0.003217s ]
[2026-06-05T16:42:03+08:00][sql] SELECT `post`.* FROM `cmf_portal_post` `post` LEFT JOIN `cmf_portal_category_post` `relation` ON `post`.`id`=`relation`.`post_id` WHERE (  `post`.`post_type` = '8'  AND `relation`.`category_id` = '1'  AND `post`.`id` < '15'  AND ( post.delete_time IS NULL OR post.delete_time = 0 ) ) AND `post`.`delete_time` = '0' ORDER BY `post`.`id` DESC LIMIT 1 [ RunTime:0.000470s ]
[2026-06-05T16:42:03+08:00][sql] SELECT `post`.* FROM `cmf_portal_post` `post` LEFT JOIN `cmf_portal_category_post` `relation` ON `post`.`id`=`relation`.`post_id` WHERE (  `post`.`post_type` = '8'  AND `relation`.`category_id` = '1'  AND `post`.`id` > '15'  AND ( post.delete_time IS NULL OR post.delete_time = 0 ) ) AND `post`.`delete_time` = '0' ORDER BY `post`.`id` ASC LIMIT 1 [ RunTime:0.000405s ]
[2026-06-05T16:42:03+08:00][sql] SHOW FULL COLUMNS FROM `cmf_theme_file` [ RunTime:0.001031s ]
[2026-06-05T16:42:03+08:00][sql] SELECT `more`,`file`,`id` FROM `cmf_theme_file` WHERE  `theme` = 'simpleboot3'  AND (  `is_public` = 1 OR `file` = 'portal/news-info' ) ORDER BY `is_public` DESC [ RunTime:0.000312s ]
[2026-06-05T16:42:03+08:00][sql] SELECT `option_value` FROM `cmf_option` WHERE  `option_name` = 'storage' LIMIT 1 [ RunTime:0.000513s ]
[2026-06-05T16:42:05+08:00][sql] CONNECT:[ UseTime:0.000822s ] mysql:host=127.0.0.1;port=3306;dbname=weihua;charset=utf8mb4
[2026-06-05T16:42:05+08:00][sql] SHOW FULL COLUMNS FROM `cmf_option` [ RunTime:0.001363s ]
[2026-06-05T16:42:05+08:00][sql] SELECT `option_value` FROM `cmf_option` WHERE  `option_name` = 'cdn_settings' LIMIT 1 [ RunTime:0.000330s ]
[2026-06-05T16:42:05+08:00][sql] SELECT `option_value` FROM `cmf_option` WHERE  `option_name` = 'cdn_settings' LIMIT 1 [ RunTime:0.000322s ]
[2026-06-05T16:42:05+08:00][sql] SHOW FULL COLUMNS FROM `cmf_product_category` [ RunTime:0.001199s ]
[2026-06-05T16:42:05+08:00][sql] SELECT * FROM `cmf_product_category` WHERE  `parent_id` = 0 ORDER BY `list_order` ASC,`create_time` DESC [ RunTime:0.000320s ]
[2026-06-05T16:42:05+08:00][sql] SELECT * FROM `cmf_product_category` WHERE  `parent_id` IN (28,19,22,23,25,27,30) [ RunTime:0.000284s ]
[2026-06-05T16:42:05+08:00][sql] SHOW FULL COLUMNS FROM `cmf_portal_category` [ RunTime:0.001254s ]
[2026-06-05T16:42:05+08:00][sql] SELECT * FROM `cmf_portal_category` WHERE (  `type` = 8 ) AND `cmf_portal_category`.`delete_time` = '0' ORDER BY `list_order` ASC [ RunTime:0.000328s ]
[2026-06-05T16:42:05+08:00][sql] SHOW FULL COLUMNS FROM `cmf_slide_item` [ RunTime:0.001187s ]
[2026-06-05T16:42:05+08:00][sql] SELECT `title`,`description`,`image` FROM `cmf_slide_item` WHERE  `slide_id` = 12  AND `status` = 1 ORDER BY `list_order` ASC,`id` DESC LIMIT 1 [ RunTime:0.000339s ]
[2026-06-05T16:42:05+08:00][sql] SELECT * FROM `cmf_portal_category` WHERE (  `id` = 0  AND `status` = 1 ) AND `cmf_portal_category`.`delete_time` = '0' LIMIT 1 [ RunTime:0.000293s ]
[2026-06-05T16:42:05+08:00][sql] SHOW FULL COLUMNS FROM `cmf_portal_post` [ RunTime:0.001331s ]
[2026-06-05T16:42:05+08:00][sql] SELECT COUNT(*) AS think_count FROM `cmf_portal_post` `p` LEFT JOIN `cmf_portal_category_post` `c` ON `p`.`id`=`c`.`post_id` WHERE (  `post_type` = 8 ) AND `p`.`delete_time` = '0' LIMIT 1 [ RunTime:0.000436s ]
[2026-06-05T16:42:05+08:00][sql] SELECT `p`.`id`,`p`.`post_title`,`p`.`thumbnail`,`p`.`more`,c.category_id as cid,`p`.`post_excerpt`,`p`.`create_time` FROM `cmf_portal_post` `p` LEFT JOIN `cmf_portal_category_post` `c` ON `p`.`id`=`c`.`post_id` WHERE (  `post_type` = 8 ) AND `p`.`delete_time` = '0' ORDER BY `c`.`list_order` ASC,`p`.`create_time` DESC LIMIT 0,6 [ RunTime:0.000523s ]
[2026-06-05T16:42:05+08:00][sql] SHOW FULL COLUMNS FROM `cmf_theme_file` [ RunTime:0.001049s ]
[2026-06-05T16:42:05+08:00][sql] SELECT `more`,`file`,`id` FROM `cmf_theme_file` WHERE  `theme` = 'simpleboot3'  AND (  `is_public` = 1 OR `file` = 'portal/news' ) ORDER BY `is_public` DESC [ RunTime:0.000314s ]
[2026-06-05T16:42:05+08:00][sql] SELECT `option_value` FROM `cmf_option` WHERE  `option_name` = 'storage' LIMIT 1 [ RunTime:0.000330s ]
[2026-06-05T16:42:06+08:00][sql] CONNECT:[ UseTime:0.001249s ] mysql:host=127.0.0.1;port=3306;dbname=weihua;charset=utf8mb4
[2026-06-05T16:42:06+08:00][sql] SHOW FULL COLUMNS FROM `cmf_option` [ RunTime:0.001804s ]
[2026-06-05T16:42:06+08:00][sql] SELECT `option_value` FROM `cmf_option` WHERE  `option_name` = 'cdn_settings' LIMIT 1 [ RunTime:0.000358s ]
[2026-06-05T16:42:06+08:00][sql] SELECT `option_value` FROM `cmf_option` WHERE  `option_name` = 'cdn_settings' LIMIT 1 [ RunTime:0.000810s ]
[2026-06-05T16:42:06+08:00][sql] SHOW FULL COLUMNS FROM `cmf_product_category` [ RunTime:0.001782s ]
[2026-06-05T16:42:06+08:00][sql] SELECT * FROM `cmf_product_category` WHERE  `parent_id` = 0 ORDER BY `list_order` ASC,`create_time` DESC [ RunTime:0.000403s ]
[2026-06-05T16:42:06+08:00][sql] SELECT * FROM `cmf_product_category` WHERE  `parent_id` IN (28,19,22,23,25,27,30) [ RunTime:0.000764s ]
[2026-06-05T16:42:06+08:00][sql] SHOW FULL COLUMNS FROM `cmf_portal_category` [ RunTime:0.001803s ]
[2026-06-05T16:42:06+08:00][sql] SELECT * FROM `cmf_portal_category` WHERE (  `type` = 8 ) AND `cmf_portal_category`.`delete_time` = '0' ORDER BY `list_order` ASC [ RunTime:0.000541s ]
[2026-06-05T16:42:06+08:00][sql] SELECT * FROM `cmf_portal_category` WHERE (  `id` = 1  AND `status` = 1 ) AND `cmf_portal_category`.`delete_time` = '0' LIMIT 1 [ RunTime:0.000778s ]
[2026-06-05T16:42:06+08:00][sql] SHOW FULL COLUMNS FROM `cmf_portal_post` [ RunTime:0.002725s ]
[2026-06-05T16:42:06+08:00][sql] SELECT `post`.* FROM `cmf_portal_post` `post` LEFT JOIN `cmf_portal_category_post` `relation` ON `post`.`id`=`relation`.`post_id` WHERE (  `post`.`post_type` = '8'  AND `relation`.`category_id` = '1'  AND `post`.`id` = '15'  AND ( post.delete_time IS NULL OR post.delete_time = 0 ) ) AND `post`.`delete_time` = '0' LIMIT 1 [ RunTime:0.000862s ]
[2026-06-05T16:42:06+08:00][sql] SHOW FULL COLUMNS FROM `cmf_slide_item` [ RunTime:0.001310s ]
[2026-06-05T16:42:06+08:00][sql] SELECT `title`,`description`,`image` FROM `cmf_slide_item` WHERE  `slide_id` = 12  AND `status` = 1 ORDER BY `list_order` ASC,`id` DESC LIMIT 1 [ RunTime:0.000518s ]
[2026-06-05T16:42:06+08:00][sql] UPDATE `cmf_portal_post`  SET `post_hits` = `post_hits` + 1  WHERE (  `id` = 15 ) AND `cmf_portal_post`.`delete_time` = '0' [ RunTime:0.004615s ]
[2026-06-05T16:42:06+08:00][sql] SELECT `post`.* FROM `cmf_portal_post` `post` LEFT JOIN `cmf_portal_category_post` `relation` ON `post`.`id`=`relation`.`post_id` WHERE (  `post`.`post_type` = '8'  AND `relation`.`category_id` = '1'  AND `post`.`id` < '15'  AND ( post.delete_time IS NULL OR post.delete_time = 0 ) ) AND `post`.`delete_time` = '0' ORDER BY `post`.`id` DESC LIMIT 1 [ RunTime:0.000977s ]
[2026-06-05T16:42:06+08:00][sql] SELECT `post`.* FROM `cmf_portal_post` `post` LEFT JOIN `cmf_portal_category_post` `relation` ON `post`.`id`=`relation`.`post_id` WHERE (  `post`.`post_type` = '8'  AND `relation`.`category_id` = '1'  AND `post`.`id` > '15'  AND ( post.delete_time IS NULL OR post.delete_time = 0 ) ) AND `post`.`delete_time` = '0' ORDER BY `post`.`id` ASC LIMIT 1 [ RunTime:0.000564s ]
[2026-06-05T16:42:06+08:00][sql] SHOW FULL COLUMNS FROM `cmf_theme_file` [ RunTime:0.002622s ]
[2026-06-05T16:42:06+08:00][sql] SELECT `more`,`file`,`id` FROM `cmf_theme_file` WHERE  `theme` = 'simpleboot3'  AND (  `is_public` = 1 OR `file` = 'portal/news-info' ) ORDER BY `is_public` DESC [ RunTime:0.000520s ]
[2026-06-05T16:42:06+08:00][sql] SELECT `option_value` FROM `cmf_option` WHERE  `option_name` = 'storage' LIMIT 1 [ RunTime:0.000737s ]
[2026-06-05T16:42:32+08:00][sql] CONNECT:[ UseTime:0.000769s ] mysql:host=127.0.0.1;port=3306;dbname=weihua;charset=utf8mb4
[2026-06-05T16:42:32+08:00][sql] SHOW FULL COLUMNS FROM `cmf_option` [ RunTime:0.001967s ]
[2026-06-05T16:42:32+08:00][sql] SELECT `option_value` FROM `cmf_option` WHERE  `option_name` = 'cdn_settings' LIMIT 1 [ RunTime:0.000420s ]
[2026-06-05T16:42:32+08:00][sql] SELECT `option_value` FROM `cmf_option` WHERE  `option_name` = 'cdn_settings' LIMIT 1 [ RunTime:0.000416s ]
[2026-06-05T16:42:32+08:00][sql] SHOW FULL COLUMNS FROM `cmf_product_category` [ RunTime:0.000974s ]
[2026-06-05T16:42:32+08:00][sql] SELECT * FROM `cmf_product_category` WHERE  `parent_id` = 0 ORDER BY `list_order` ASC,`create_time` DESC [ RunTime:0.000336s ]
[2026-06-05T16:42:32+08:00][sql] SELECT * FROM `cmf_product_category` WHERE  `parent_id` IN (28,19,22,23,25,27,30) [ RunTime:0.000281s ]
[2026-06-05T16:42:32+08:00][sql] SHOW FULL COLUMNS FROM `cmf_portal_category` [ RunTime:0.001356s ]
[2026-06-05T16:42:32+08:00][sql] SELECT * FROM `cmf_portal_category` WHERE (  `type` = 8 ) AND `cmf_portal_category`.`delete_time` = '0' ORDER BY `list_order` ASC [ RunTime:0.000380s ]
[2026-06-05T16:42:32+08:00][sql] SHOW FULL COLUMNS FROM `cmf_slide_item` [ RunTime:0.001350s ]
[2026-06-05T16:42:32+08:00][sql] SELECT `title`,`description`,`image` FROM `cmf_slide_item` WHERE  `slide_id` = 12  AND `status` = 1 ORDER BY `list_order` ASC,`id` DESC LIMIT 1 [ RunTime:0.000446s ]
[2026-06-05T16:42:32+08:00][sql] SELECT * FROM `cmf_portal_category` WHERE (  `id` = 0  AND `status` = 1 ) AND `cmf_portal_category`.`delete_time` = '0' LIMIT 1 [ RunTime:0.000436s ]
[2026-06-05T16:42:32+08:00][sql] SHOW FULL COLUMNS FROM `cmf_portal_post` [ RunTime:0.002119s ]
[2026-06-05T16:42:32+08:00][sql] SELECT COUNT(*) AS think_count FROM `cmf_portal_post` `p` LEFT JOIN `cmf_portal_category_post` `c` ON `p`.`id`=`c`.`post_id` WHERE (  `post_type` = 8 ) AND `p`.`delete_time` = '0' LIMIT 1 [ RunTime:0.000645s ]
[2026-06-05T16:42:32+08:00][sql] SELECT `p`.`id`,`p`.`post_title`,`p`.`thumbnail`,`p`.`more`,c.category_id as cid,`p`.`post_excerpt`,`p`.`create_time` FROM `cmf_portal_post` `p` LEFT JOIN `cmf_portal_category_post` `c` ON `p`.`id`=`c`.`post_id` WHERE (  `post_type` = 8 ) AND `p`.`delete_time` = '0' ORDER BY `c`.`list_order` ASC,`p`.`create_time` DESC LIMIT 0,6 [ RunTime:0.000516s ]
[2026-06-05T16:42:32+08:00][sql] SHOW FULL COLUMNS FROM `cmf_theme_file` [ RunTime:0.001715s ]
[2026-06-05T16:42:32+08:00][sql] SELECT `more`,`file`,`id` FROM `cmf_theme_file` WHERE  `theme` = 'simpleboot3'  AND (  `is_public` = 1 OR `file` = 'portal/news' ) ORDER BY `is_public` DESC [ RunTime:0.000452s ]
[2026-06-05T16:42:32+08:00][sql] SELECT `option_value` FROM `cmf_option` WHERE  `option_name` = 'storage' LIMIT 1 [ RunTime:0.000569s ]
[2026-06-05T16:42:36+08:00][sql] CONNECT:[ UseTime:0.000781s ] mysql:host=127.0.0.1;port=3306;dbname=weihua;charset=utf8mb4
[2026-06-05T16:42:36+08:00][sql] SHOW FULL COLUMNS FROM `cmf_option` [ RunTime:0.001256s ]
[2026-06-05T16:42:36+08:00][sql] SELECT `option_value` FROM `cmf_option` WHERE  `option_name` = 'cdn_settings' LIMIT 1 [ RunTime:0.000249s ]
[2026-06-05T16:42:36+08:00][sql] SELECT `option_value` FROM `cmf_option` WHERE  `option_name` = 'cdn_settings' LIMIT 1 [ RunTime:0.000394s ]
[2026-06-05T16:42:36+08:00][sql] SHOW FULL COLUMNS FROM `cmf_product_category` [ RunTime:0.001163s ]
[2026-06-05T16:42:36+08:00][sql] SELECT * FROM `cmf_product_category` WHERE  `parent_id` = 0 ORDER BY `list_order` ASC,`create_time` DESC [ RunTime:0.000331s ]
[2026-06-05T16:42:36+08:00][sql] SELECT * FROM `cmf_product_category` WHERE  `parent_id` IN (28,19,22,23,25,27,30) [ RunTime:0.000280s ]
[2026-06-05T16:42:36+08:00][sql] SHOW FULL COLUMNS FROM `cmf_portal_category` [ RunTime:0.001071s ]
[2026-06-05T16:42:36+08:00][sql] SELECT * FROM `cmf_portal_category` WHERE (  `type` = 8 ) AND `cmf_portal_category`.`delete_time` = '0' ORDER BY `list_order` ASC [ RunTime:0.000322s ]
[2026-06-05T16:42:36+08:00][sql] SELECT * FROM `cmf_portal_category` WHERE (  `id` = 1  AND `status` = 1 ) AND `cmf_portal_category`.`delete_time` = '0' LIMIT 1 [ RunTime:0.000350s ]
[2026-06-05T16:42:36+08:00][sql] SHOW FULL COLUMNS FROM `cmf_portal_post` [ RunTime:0.001202s ]
[2026-06-05T16:42:36+08:00][sql] SELECT `post`.* FROM `cmf_portal_post` `post` LEFT JOIN `cmf_portal_category_post` `relation` ON `post`.`id`=`relation`.`post_id` WHERE (  `post`.`post_type` = '8'  AND `relation`.`category_id` = '1'  AND `post`.`id` = '26'  AND ( post.delete_time IS NULL OR post.delete_time = 0 ) ) AND `post`.`delete_time` = '0' LIMIT 1 [ RunTime:0.000380s ]
[2026-06-05T16:42:36+08:00][sql] SHOW FULL COLUMNS FROM `cmf_slide_item` [ RunTime:0.000953s ]
[2026-06-05T16:42:36+08:00][sql] SELECT `title`,`description`,`image` FROM `cmf_slide_item` WHERE  `slide_id` = 12  AND `status` = 1 ORDER BY `list_order` ASC,`id` DESC LIMIT 1 [ RunTime:0.000575s ]
[2026-06-05T16:42:36+08:00][sql] UPDATE `cmf_portal_post`  SET `post_hits` = `post_hits` + 1  WHERE (  `id` = 26 ) AND `cmf_portal_post`.`delete_time` = '0' [ RunTime:0.003601s ]
[2026-06-05T16:42:36+08:00][sql] SELECT `post`.* FROM `cmf_portal_post` `post` LEFT JOIN `cmf_portal_category_post` `relation` ON `post`.`id`=`relation`.`post_id` WHERE (  `post`.`post_type` = '8'  AND `relation`.`category_id` = '1'  AND `post`.`id` < '26'  AND ( post.delete_time IS NULL OR post.delete_time = 0 ) ) AND `post`.`delete_time` = '0' ORDER BY `post`.`id` DESC LIMIT 1 [ RunTime:0.000635s ]
[2026-06-05T16:42:36+08:00][sql] SELECT `post`.* FROM `cmf_portal_post` `post` LEFT JOIN `cmf_portal_category_post` `relation` ON `post`.`id`=`relation`.`post_id` WHERE (  `post`.`post_type` = '8'  AND `relation`.`category_id` = '1'  AND `post`.`id` > '26'  AND ( post.delete_time IS NULL OR post.delete_time = 0 ) ) AND `post`.`delete_time` = '0' ORDER BY `post`.`id` ASC LIMIT 1 [ RunTime:0.000404s ]
[2026-06-05T16:42:36+08:00][sql] SHOW FULL COLUMNS FROM `cmf_theme_file` [ RunTime:0.001029s ]
[2026-06-05T16:42:36+08:00][sql] SELECT `more`,`file`,`id` FROM `cmf_theme_file` WHERE  `theme` = 'simpleboot3'  AND (  `is_public` = 1 OR `file` = 'portal/news-info' ) ORDER BY `is_public` DESC [ RunTime:0.000303s ]
[2026-06-05T16:42:36+08:00][sql] SELECT `option_value` FROM `cmf_option` WHERE  `option_name` = 'storage' LIMIT 1 [ RunTime:0.000254s ]
[2026-06-05T16:42:42+08:00][sql] CONNECT:[ UseTime:0.000871s ] mysql:host=127.0.0.1;port=3306;dbname=weihua;charset=utf8mb4
[2026-06-05T16:42:42+08:00][sql] SHOW FULL COLUMNS FROM `cmf_option` [ RunTime:0.001373s ]
[2026-06-05T16:42:42+08:00][sql] SELECT `option_value` FROM `cmf_option` WHERE  `option_name` = 'cdn_settings' LIMIT 1 [ RunTime:0.000292s ]
[2026-06-05T16:42:42+08:00][sql] CONNECT:[ UseTime:0.001235s ] mysql:host=127.0.0.1;port=3306;dbname=weihua;charset=utf8mb4
[2026-06-05T16:42:42+08:00][sql] SHOW FULL COLUMNS FROM `cmf_option` [ RunTime:0.001702s ]
[2026-06-05T16:42:42+08:00][sql] SELECT `option_value` FROM `cmf_option` WHERE  `option_name` = 'cdn_settings' LIMIT 1 [ RunTime:0.000298s ]
[2026-06-05T16:42:57+08:00][sql] CONNECT:[ UseTime:0.000832s ] mysql:host=127.0.0.1;port=3306;dbname=weihua;charset=utf8mb4
[2026-06-05T16:42:57+08:00][sql] SHOW FULL COLUMNS FROM `cmf_option` [ RunTime:0.001398s ]
[2026-06-05T16:42:57+08:00][sql] SELECT `option_value` FROM `cmf_option` WHERE  `option_name` = 'cdn_settings' LIMIT 1 [ RunTime:0.000284s ]
[2026-06-05T16:42:57+08:00][sql] SHOW FULL COLUMNS FROM `cmf_user` [ RunTime:0.002179s ]
[2026-06-05T16:42:57+08:00][sql] SELECT * FROM `cmf_user` WHERE  `user_login` = 'antop002' LIMIT 1 [ RunTime:0.000507s ]
[2026-06-05T16:42:57+08:00][sql] SHOW FULL COLUMNS FROM `cmf_role_user` [ RunTime:0.001086s ]
[2026-06-05T16:42:57+08:00][sql] SELECT `role_id` FROM `cmf_role_user` `a` INNER JOIN `cmf_role` `b` ON `a`.`role_id`=`b`.`id` WHERE  `user_id` = 1  AND `status` = '1' LIMIT 1 [ RunTime:0.001192s ]
[2026-06-05T16:42:57+08:00][sql] SHOW FULL COLUMNS FROM `cmf_user_token` [ RunTime:0.001164s ]
[2026-06-05T16:42:57+08:00][sql] SELECT * FROM `cmf_user_token` WHERE  `user_id` = 1  AND `device_type` = 'web' LIMIT 1 [ RunTime:0.000994s ]
[2026-06-05T16:42:57+08:00][sql] UPDATE `cmf_user`  SET `last_login_ip` = '::1' , `last_login_time` = 1780648977  WHERE  `id` = 1 [ RunTime:0.002822s ]
[2026-06-05T16:42:59+08:00][sql] CONNECT:[ UseTime:0.000878s ] mysql:host=127.0.0.1;port=3306;dbname=weihua;charset=utf8mb4
[2026-06-05T16:42:59+08:00][sql] SHOW FULL COLUMNS FROM `cmf_option` [ RunTime:0.001328s ]
[2026-06-05T16:42:59+08:00][sql] SELECT `option_value` FROM `cmf_option` WHERE  `option_name` = 'cdn_settings' LIMIT 1 [ RunTime:0.000273s ]
[2026-06-05T16:42:59+08:00][sql] SHOW FULL COLUMNS FROM `cmf_user` [ RunTime:0.001471s ]
[2026-06-05T16:42:59+08:00][sql] SELECT * FROM `cmf_user` WHERE  `id` = 1 LIMIT 1 [ RunTime:0.000525s ]
[2026-06-05T16:42:59+08:00][sql] SHOW FULL COLUMNS FROM `cmf_admin_menu` [ RunTime:0.001112s ]
[2026-06-05T16:42:59+08:00][sql] SELECT * FROM `cmf_admin_menu` ORDER BY `app` ASC,`controller` ASC,`action` ASC [ RunTime:0.000824s ]
[2026-06-05T16:42:59+08:00][sql] CONNECT:[ UseTime:0.000883s ] mysql:host=127.0.0.1;port=3306;dbname=weihua;charset=utf8mb4
[2026-06-05T16:42:59+08:00][sql] SHOW FULL COLUMNS FROM `cmf_option` [ RunTime:0.001858s ]
[2026-06-05T16:42:59+08:00][sql] SELECT `option_value` FROM `cmf_option` WHERE  `option_name` = 'cdn_settings' LIMIT 1 [ RunTime:0.000342s ]
[2026-06-05T16:42:59+08:00][sql] SHOW FULL COLUMNS FROM `cmf_user` [ RunTime:0.001391s ]
[2026-06-05T16:42:59+08:00][sql] SELECT * FROM `cmf_user` WHERE  `id` = 1 LIMIT 1 [ RunTime:0.000385s ]
[2026-06-05T16:42:59+08:00][sql] SELECT `option_value` FROM `cmf_option` WHERE  `option_name` = 'cdn_settings' LIMIT 1 [ RunTime:0.000233s ]
[2026-06-05T16:42:59+08:00][sql] SELECT `option_value` FROM `cmf_option` WHERE  `option_name` = 'cmf_settings' LIMIT 1 [ RunTime:0.000224s ]
[2026-06-05T16:42:59+08:00][sql] SELECT `option_value` FROM `cmf_option` WHERE  `option_name` = 'storage' LIMIT 1 [ RunTime:0.000292s ]
[2026-06-05T16:43:02+08:00][sql] CONNECT:[ UseTime:0.000849s ] mysql:host=127.0.0.1;port=3306;dbname=weihua;charset=utf8mb4
[2026-06-05T16:43:02+08:00][sql] SHOW FULL COLUMNS FROM `cmf_option` [ RunTime:0.001369s ]
[2026-06-05T16:43:02+08:00][sql] SELECT `option_value` FROM `cmf_option` WHERE  `option_name` = 'cdn_settings' LIMIT 1 [ RunTime:0.000293s ]
[2026-06-05T16:43:02+08:00][sql] SHOW FULL COLUMNS FROM `cmf_user` [ RunTime:0.001316s ]
[2026-06-05T16:43:02+08:00][sql] SELECT * FROM `cmf_user` WHERE  `id` = 1 LIMIT 1 [ RunTime:0.000327s ]
[2026-06-05T16:43:02+08:00][sql] SHOW FULL COLUMNS FROM `cmf_portal_post` [ RunTime:0.001269s ]
[2026-06-05T16:43:02+08:00][sql] SELECT COUNT(*) AS think_count FROM `cmf_portal_post` `a` INNER JOIN `cmf_user` `u` ON `a`.`user_id`=`u`.`id` WHERE (  `a`.`create_time` >= '0'  AND `a`.`delete_time` = '0'  AND (  `a`.`post_type` = '8' ) ) AND `a`.`delete_time` = '0' LIMIT 1 [ RunTime:0.000398s ]
[2026-06-05T16:43:02+08:00][sql] SELECT `a`.*,`u`.`user_login`,`u`.`user_nickname`,`u`.`user_email` FROM `cmf_portal_post` `a` INNER JOIN `cmf_user` `u` ON `a`.`user_id`=`u`.`id` WHERE (  `a`.`create_time` >= '0'  AND `a`.`delete_time` = '0'  AND (  `a`.`post_type` = '8' ) ) AND `a`.`delete_time` = '0' ORDER BY `update_time` DESC LIMIT 0,10 [ RunTime:0.000695s ]
[2026-06-05T16:43:02+08:00][sql] SHOW FULL COLUMNS FROM `cmf_portal_category` [ RunTime:0.001050s ]
[2026-06-05T16:43:02+08:00][sql] SELECT * FROM `cmf_portal_category` WHERE (  `delete_time` = 0  AND `type` = 8 ) AND `cmf_portal_category`.`delete_time` = '0' ORDER BY `list_order` ASC [ RunTime:0.000348s ]
[2026-06-05T16:43:02+08:00][sql] SHOW FULL COLUMNS FROM `cmf_portal_category_post` [ RunTime:0.001208s ]
[2026-06-05T16:43:02+08:00][sql] SELECT `cmf_portal_category`.*,`pivot`.`id` AS `pivot__id`,`pivot`.`post_id` AS `pivot__post_id`,`pivot`.`category_id` AS `pivot__category_id`,`pivot`.`list_order` AS `pivot__list_order`,`pivot`.`status` AS `pivot__status` FROM `cmf_portal_category` INNER JOIN `cmf_portal_category_post` `pivot` ON `pivot`.`category_id`=`cmf_portal_category`.`id` WHERE (  `pivot`.`post_id` = '26' ) AND `cmf_portal_category`.`delete_time` = '0' [ RunTime:0.000487s ]
[2026-06-05T16:43:02+08:00][sql] SELECT `option_value` FROM `cmf_option` WHERE  `option_name` = 'storage' LIMIT 1 [ RunTime:0.000284s ]
[2026-06-05T16:43:02+08:00][sql] SELECT `cmf_portal_category`.*,`pivot`.`id` AS `pivot__id`,`pivot`.`post_id` AS `pivot__post_id`,`pivot`.`category_id` AS `pivot__category_id`,`pivot`.`list_order` AS `pivot__list_order`,`pivot`.`status` AS `pivot__status` FROM `cmf_portal_category` INNER JOIN `cmf_portal_category_post` `pivot` ON `pivot`.`category_id`=`cmf_portal_category`.`id` WHERE (  `pivot`.`post_id` = '15' ) AND `cmf_portal_category`.`delete_time` = '0' [ RunTime:0.000430s ]
[2026-06-05T16:43:02+08:00][sql] SELECT `cmf_portal_category`.*,`pivot`.`id` AS `pivot__id`,`pivot`.`post_id` AS `pivot__post_id`,`pivot`.`category_id` AS `pivot__category_id`,`pivot`.`list_order` AS `pivot__list_order`,`pivot`.`status` AS `pivot__status` FROM `cmf_portal_category` INNER JOIN `cmf_portal_category_post` `pivot` ON `pivot`.`category_id`=`cmf_portal_category`.`id` WHERE (  `pivot`.`post_id` = '14' ) AND `cmf_portal_category`.`delete_time` = '0' [ RunTime:0.000378s ]
[2026-06-05T16:43:02+08:00][sql] SELECT `cmf_portal_category`.*,`pivot`.`id` AS `pivot__id`,`pivot`.`post_id` AS `pivot__post_id`,`pivot`.`category_id` AS `pivot__category_id`,`pivot`.`list_order` AS `pivot__list_order`,`pivot`.`status` AS `pivot__status` FROM `cmf_portal_category` INNER JOIN `cmf_portal_category_post` `pivot` ON `pivot`.`category_id`=`cmf_portal_category`.`id` WHERE (  `pivot`.`post_id` = '12' ) AND `cmf_portal_category`.`delete_time` = '0' [ RunTime:0.000391s ]
[2026-06-05T16:43:02+08:00][sql] SELECT `cmf_portal_category`.*,`pivot`.`id` AS `pivot__id`,`pivot`.`post_id` AS `pivot__post_id`,`pivot`.`category_id` AS `pivot__category_id`,`pivot`.`list_order` AS `pivot__list_order`,`pivot`.`status` AS `pivot__status` FROM `cmf_portal_category` INNER JOIN `cmf_portal_category_post` `pivot` ON `pivot`.`category_id`=`cmf_portal_category`.`id` WHERE (  `pivot`.`post_id` = '10' ) AND `cmf_portal_category`.`delete_time` = '0' [ RunTime:0.000561s ]
[2026-06-05T16:43:02+08:00][sql] SELECT `cmf_portal_category`.*,`pivot`.`id` AS `pivot__id`,`pivot`.`post_id` AS `pivot__post_id`,`pivot`.`category_id` AS `pivot__category_id`,`pivot`.`list_order` AS `pivot__list_order`,`pivot`.`status` AS `pivot__status` FROM `cmf_portal_category` INNER JOIN `cmf_portal_category_post` `pivot` ON `pivot`.`category_id`=`cmf_portal_category`.`id` WHERE (  `pivot`.`post_id` = '13' ) AND `cmf_portal_category`.`delete_time` = '0' [ RunTime:0.000345s ]
[2026-06-05T16:43:02+08:00][sql] SELECT `cmf_portal_category`.*,`pivot`.`id` AS `pivot__id`,`pivot`.`post_id` AS `pivot__post_id`,`pivot`.`category_id` AS `pivot__category_id`,`pivot`.`list_order` AS `pivot__list_order`,`pivot`.`status` AS `pivot__status` FROM `cmf_portal_category` INNER JOIN `cmf_portal_category_post` `pivot` ON `pivot`.`category_id`=`cmf_portal_category`.`id` WHERE (  `pivot`.`post_id` = '9' ) AND `cmf_portal_category`.`delete_time` = '0' [ RunTime:0.000369s ]
[2026-06-05T16:43:07+08:00][sql] CONNECT:[ UseTime:0.001081s ] mysql:host=127.0.0.1;port=3306;dbname=weihua;charset=utf8mb4
[2026-06-05T16:43:07+08:00][sql] SHOW FULL COLUMNS FROM `cmf_option` [ RunTime:0.001583s ]
[2026-06-05T16:43:07+08:00][sql] SELECT `option_value` FROM `cmf_option` WHERE  `option_name` = 'cdn_settings' LIMIT 1 [ RunTime:0.000230s ]
[2026-06-05T16:43:07+08:00][sql] SHOW FULL COLUMNS FROM `cmf_user` [ RunTime:0.001582s ]
[2026-06-05T16:43:07+08:00][sql] SELECT * FROM `cmf_user` WHERE  `id` = 1 LIMIT 1 [ RunTime:0.000468s ]
[2026-06-05T16:43:07+08:00][sql] SHOW FULL COLUMNS FROM `cmf_theme_file` [ RunTime:0.001399s ]
[2026-06-05T16:43:07+08:00][sql] SELECT * FROM `cmf_theme_file` WHERE  `theme` = 'default'  AND `action` = 'portal/Article/index' [ RunTime:0.000802s ]
[2026-06-05T16:43:07+08:00][sql] CONNECT:[ UseTime:0.001085s ] mysql:host=127.0.0.1;port=3306;dbname=weihua;charset=utf8mb4
[2026-06-05T16:43:07+08:00][sql] SHOW FULL COLUMNS FROM `cmf_option` [ RunTime:0.001257s ]
[2026-06-05T16:43:07+08:00][sql] SELECT `option_value` FROM `cmf_option` WHERE  `option_name` = 'cdn_settings' LIMIT 1 [ RunTime:0.000256s ]
[2026-06-05T16:43:07+08:00][sql] SELECT `option_value` FROM `cmf_option` WHERE  `option_name` = 'cdn_settings' LIMIT 1 [ RunTime:0.000367s ]
[2026-06-05T16:43:32+08:00][sql] CONNECT:[ UseTime:0.000740s ] mysql:host=127.0.0.1;port=3306;dbname=weihua;charset=utf8mb4
[2026-06-05T16:43:32+08:00][sql] SHOW FULL COLUMNS FROM `cmf_option` [ RunTime:0.001109s ]
[2026-06-05T16:43:32+08:00][sql] SELECT `option_value` FROM `cmf_option` WHERE  `option_name` = 'cdn_settings' LIMIT 1 [ RunTime:0.000222s ]
[2026-06-05T16:43:32+08:00][sql] SHOW FULL COLUMNS FROM `cmf_user` [ RunTime:0.000984s ]
[2026-06-05T16:43:32+08:00][sql] SELECT * FROM `cmf_user` WHERE  `id` = 1 LIMIT 1 [ RunTime:0.000320s ]
[2026-06-05T16:43:32+08:00][sql] SHOW FULL COLUMNS FROM `cmf_portal_post` [ RunTime:0.000988s ]
[2026-06-05T16:43:32+08:00][sql] SELECT COUNT(*) AS think_count FROM `cmf_portal_post` `a` INNER JOIN `cmf_user` `u` ON `a`.`user_id`=`u`.`id` WHERE (  `a`.`create_time` >= '0'  AND `a`.`delete_time` = '0'  AND (  `a`.`post_type` = '3' ) ) AND `a`.`delete_time` = '0' LIMIT 1 [ RunTime:0.000307s ]
[2026-06-05T16:43:32+08:00][sql] SELECT `a`.*,`u`.`user_login`,`u`.`user_nickname`,`u`.`user_email` FROM `cmf_portal_post` `a` INNER JOIN `cmf_user` `u` ON `a`.`user_id`=`u`.`id` WHERE (  `a`.`create_time` >= '0'  AND `a`.`delete_time` = '0'  AND (  `a`.`post_type` = '3' ) ) AND `a`.`delete_time` = '0' ORDER BY `update_time` DESC LIMIT 0,10 [ RunTime:0.000337s ]
[2026-06-05T16:43:32+08:00][sql] SHOW FULL COLUMNS FROM `cmf_portal_category` [ RunTime:0.001011s ]
[2026-06-05T16:43:32+08:00][sql] SELECT * FROM `cmf_portal_category` WHERE (  `delete_time` = 0  AND `type` = 3 ) AND `cmf_portal_category`.`delete_time` = '0' ORDER BY `list_order` ASC [ RunTime:0.000327s ]
[2026-06-05T16:43:33+08:00][sql] CONNECT:[ UseTime:0.000757s ] mysql:host=127.0.0.1;port=3306;dbname=weihua;charset=utf8mb4
[2026-06-05T16:43:33+08:00][sql] SHOW FULL COLUMNS FROM `cmf_option` [ RunTime:0.001333s ]
[2026-06-05T16:43:33+08:00][sql] SELECT `option_value` FROM `cmf_option` WHERE  `option_name` = 'cdn_settings' LIMIT 1 [ RunTime:0.000259s ]
[2026-06-05T16:43:33+08:00][sql] SHOW FULL COLUMNS FROM `cmf_user` [ RunTime:0.001181s ]
[2026-06-05T16:43:33+08:00][sql] SELECT * FROM `cmf_user` WHERE  `id` = 1 LIMIT 1 [ RunTime:0.000340s ]
[2026-06-05T16:43:33+08:00][sql] SHOW FULL COLUMNS FROM `cmf_theme_file` [ RunTime:0.001394s ]
[2026-06-05T16:43:33+08:00][sql] SELECT * FROM `cmf_theme_file` WHERE  `theme` = 'default'  AND `action` = 'portal/Article/index' [ RunTime:0.000373s ]
[2026-06-05T16:43:33+08:00][sql] CONNECT:[ UseTime:0.001087s ] mysql:host=127.0.0.1;port=3306;dbname=weihua;charset=utf8mb4
[2026-06-05T16:43:33+08:00][sql] SHOW FULL COLUMNS FROM `cmf_option` [ RunTime:0.001687s ]
[2026-06-05T16:43:33+08:00][sql] SELECT `option_value` FROM `cmf_option` WHERE  `option_name` = 'cdn_settings' LIMIT 1 [ RunTime:0.000333s ]
[2026-06-05T16:43:33+08:00][sql] SELECT `option_value` FROM `cmf_option` WHERE  `option_name` = 'cdn_settings' LIMIT 1 [ RunTime:0.000799s ]
[2026-06-05T16:46:36+08:00][sql] CONNECT:[ UseTime:0.021485s ] mysql:host=127.0.0.1;port=3306;dbname=weihua;charset=utf8mb4
[2026-06-05T16:46:36+08:00][sql] SHOW FULL COLUMNS FROM `cmf_option` [ RunTime:0.001597s ]
[2026-06-05T16:46:36+08:00][sql] SELECT `option_value` FROM `cmf_option` WHERE  `option_name` = 'cdn_settings' LIMIT 1 [ RunTime:0.000281s ]
[2026-06-05T16:46:36+08:00][sql] SHOW FULL COLUMNS FROM `cmf_user` [ RunTime:0.001075s ]
[2026-06-05T16:46:36+08:00][sql] SELECT * FROM `cmf_user` WHERE  `id` = 1 LIMIT 1 [ RunTime:0.000367s ]
[2026-06-05T16:46:36+08:00][sql] SHOW FULL COLUMNS FROM `cmf_portal_post` [ RunTime:0.001020s ]
[2026-06-05T16:46:36+08:00][sql] SELECT COUNT(*) AS think_count FROM `cmf_portal_post` `a` INNER JOIN `cmf_user` `u` ON `a`.`user_id`=`u`.`id` WHERE (  `a`.`create_time` >= '0'  AND `a`.`delete_time` = '0'  AND (  `a`.`post_type` = '8' ) ) AND `a`.`delete_time` = '0' LIMIT 1 [ RunTime:0.000500s ]
[2026-06-05T16:46:36+08:00][sql] SELECT `a`.*,`u`.`user_login`,`u`.`user_nickname`,`u`.`user_email` FROM `cmf_portal_post` `a` INNER JOIN `cmf_user` `u` ON `a`.`user_id`=`u`.`id` WHERE (  `a`.`create_time` >= '0'  AND `a`.`delete_time` = '0'  AND (  `a`.`post_type` = '8' ) ) AND `a`.`delete_time` = '0' ORDER BY `update_time` DESC LIMIT 0,10 [ RunTime:0.000644s ]
[2026-06-05T16:46:36+08:00][sql] SHOW FULL COLUMNS FROM `cmf_portal_category` [ RunTime:0.001088s ]
[2026-06-05T16:46:36+08:00][sql] SELECT * FROM `cmf_portal_category` WHERE (  `delete_time` = 0  AND `type` = 8 ) AND `cmf_portal_category`.`delete_time` = '0' ORDER BY `list_order` ASC [ RunTime:0.000353s ]
[2026-06-05T16:46:36+08:00][sql] SHOW FULL COLUMNS FROM `cmf_portal_category_post` [ RunTime:0.000920s ]
[2026-06-05T16:46:36+08:00][sql] SELECT `cmf_portal_category`.*,`pivot`.`id` AS `pivot__id`,`pivot`.`post_id` AS `pivot__post_id`,`pivot`.`category_id` AS `pivot__category_id`,`pivot`.`list_order` AS `pivot__list_order`,`pivot`.`status` AS `pivot__status` FROM `cmf_portal_category` INNER JOIN `cmf_portal_category_post` `pivot` ON `pivot`.`category_id`=`cmf_portal_category`.`id` WHERE (  `pivot`.`post_id` = '26' ) AND `cmf_portal_category`.`delete_time` = '0' [ RunTime:0.000400s ]
[2026-06-05T16:46:36+08:00][sql] SELECT `option_value` FROM `cmf_option` WHERE  `option_name` = 'storage' LIMIT 1 [ RunTime:0.000244s ]
[2026-06-05T16:46:36+08:00][sql] SELECT `cmf_portal_category`.*,`pivot`.`id` AS `pivot__id`,`pivot`.`post_id` AS `pivot__post_id`,`pivot`.`category_id` AS `pivot__category_id`,`pivot`.`list_order` AS `pivot__list_order`,`pivot`.`status` AS `pivot__status` FROM `cmf_portal_category` INNER JOIN `cmf_portal_category_post` `pivot` ON `pivot`.`category_id`=`cmf_portal_category`.`id` WHERE (  `pivot`.`post_id` = '15' ) AND `cmf_portal_category`.`delete_time` = '0' [ RunTime:0.000409s ]
[2026-06-05T16:46:36+08:00][sql] SELECT `cmf_portal_category`.*,`pivot`.`id` AS `pivot__id`,`pivot`.`post_id` AS `pivot__post_id`,`pivot`.`category_id` AS `pivot__category_id`,`pivot`.`list_order` AS `pivot__list_order`,`pivot`.`status` AS `pivot__status` FROM `cmf_portal_category` INNER JOIN `cmf_portal_category_post` `pivot` ON `pivot`.`category_id`=`cmf_portal_category`.`id` WHERE (  `pivot`.`post_id` = '14' ) AND `cmf_portal_category`.`delete_time` = '0' [ RunTime:0.000370s ]
[2026-06-05T16:46:36+08:00][sql] SELECT `cmf_portal_category`.*,`pivot`.`id` AS `pivot__id`,`pivot`.`post_id` AS `pivot__post_id`,`pivot`.`category_id` AS `pivot__category_id`,`pivot`.`list_order` AS `pivot__list_order`,`pivot`.`status` AS `pivot__status` FROM `cmf_portal_category` INNER JOIN `cmf_portal_category_post` `pivot` ON `pivot`.`category_id`=`cmf_portal_category`.`id` WHERE (  `pivot`.`post_id` = '12' ) AND `cmf_portal_category`.`delete_time` = '0' [ RunTime:0.000350s ]
[2026-06-05T16:46:36+08:00][sql] SELECT `cmf_portal_category`.*,`pivot`.`id` AS `pivot__id`,`pivot`.`post_id` AS `pivot__post_id`,`pivot`.`category_id` AS `pivot__category_id`,`pivot`.`list_order` AS `pivot__list_order`,`pivot`.`status` AS `pivot__status` FROM `cmf_portal_category` INNER JOIN `cmf_portal_category_post` `pivot` ON `pivot`.`category_id`=`cmf_portal_category`.`id` WHERE (  `pivot`.`post_id` = '10' ) AND `cmf_portal_category`.`delete_time` = '0' [ RunTime:0.000334s ]
[2026-06-05T16:46:36+08:00][sql] SELECT `cmf_portal_category`.*,`pivot`.`id` AS `pivot__id`,`pivot`.`post_id` AS `pivot__post_id`,`pivot`.`category_id` AS `pivot__category_id`,`pivot`.`list_order` AS `pivot__list_order`,`pivot`.`status` AS `pivot__status` FROM `cmf_portal_category` INNER JOIN `cmf_portal_category_post` `pivot` ON `pivot`.`category_id`=`cmf_portal_category`.`id` WHERE (  `pivot`.`post_id` = '13' ) AND `cmf_portal_category`.`delete_time` = '0' [ RunTime:0.000523s ]
[2026-06-05T16:46:36+08:00][sql] SELECT `cmf_portal_category`.*,`pivot`.`id` AS `pivot__id`,`pivot`.`post_id` AS `pivot__post_id`,`pivot`.`category_id` AS `pivot__category_id`,`pivot`.`list_order` AS `pivot__list_order`,`pivot`.`status` AS `pivot__status` FROM `cmf_portal_category` INNER JOIN `cmf_portal_category_post` `pivot` ON `pivot`.`category_id`=`cmf_portal_category`.`id` WHERE (  `pivot`.`post_id` = '9' ) AND `cmf_portal_category`.`delete_time` = '0' [ RunTime:0.000395s ]
[2026-06-05T16:46:37+08:00][sql] CONNECT:[ UseTime:0.000687s ] mysql:host=127.0.0.1;port=3306;dbname=weihua;charset=utf8mb4
[2026-06-05T16:46:37+08:00][sql] SHOW FULL COLUMNS FROM `cmf_option` [ RunTime:0.001394s ]
[2026-06-05T16:46:37+08:00][sql] SELECT `option_value` FROM `cmf_option` WHERE  `option_name` = 'cdn_settings' LIMIT 1 [ RunTime:0.000273s ]
[2026-06-05T16:46:37+08:00][sql] SHOW FULL COLUMNS FROM `cmf_user` [ RunTime:0.000882s ]
[2026-06-05T16:46:37+08:00][sql] SELECT * FROM `cmf_user` WHERE  `id` = 1 LIMIT 1 [ RunTime:0.000293s ]
[2026-06-05T16:46:37+08:00][sql] SHOW FULL COLUMNS FROM `cmf_theme_file` [ RunTime:0.000767s ]
[2026-06-05T16:46:37+08:00][sql] SELECT * FROM `cmf_theme_file` WHERE  `theme` = 'default'  AND `action` = 'portal/Article/index' [ RunTime:0.000241s ]
[2026-06-05T16:46:37+08:00][sql] CONNECT:[ UseTime:0.000737s ] mysql:host=127.0.0.1;port=3306;dbname=weihua;charset=utf8mb4
[2026-06-05T16:46:37+08:00][sql] SHOW FULL COLUMNS FROM `cmf_option` [ RunTime:0.001105s ]
[2026-06-05T16:46:37+08:00][sql] SELECT `option_value` FROM `cmf_option` WHERE  `option_name` = 'cdn_settings' LIMIT 1 [ RunTime:0.000191s ]
[2026-06-05T16:46:37+08:00][sql] SELECT `option_value` FROM `cmf_option` WHERE  `option_name` = 'cdn_settings' LIMIT 1 [ RunTime:0.000289s ]
[2026-06-05T16:47:02+08:00][sql] CONNECT:[ UseTime:0.000990s ] mysql:host=127.0.0.1;port=3306;dbname=weihua;charset=utf8mb4
[2026-06-05T16:47:02+08:00][sql] SHOW FULL COLUMNS FROM `cmf_option` [ RunTime:0.001676s ]
[2026-06-05T16:47:02+08:00][sql] SELECT `option_value` FROM `cmf_option` WHERE  `option_name` = 'cdn_settings' LIMIT 1 [ RunTime:0.000306s ]
[2026-06-05T16:47:02+08:00][sql] SHOW FULL COLUMNS FROM `cmf_user` [ RunTime:0.001397s ]
[2026-06-05T16:47:02+08:00][sql] SELECT * FROM `cmf_user` WHERE  `id` = 1 LIMIT 1 [ RunTime:0.000541s ]
[2026-06-05T16:47:02+08:00][sql] SHOW FULL COLUMNS FROM `cmf_portal_post` [ RunTime:0.001443s ]
[2026-06-05T16:47:02+08:00][sql] SELECT COUNT(*) AS think_count FROM `cmf_portal_post` `a` INNER JOIN `cmf_user` `u` ON `a`.`user_id`=`u`.`id` WHERE (  `a`.`create_time` >= '0'  AND `a`.`delete_time` = '0'  AND (  `a`.`post_type` = '8' ) ) AND `a`.`delete_time` = '0' LIMIT 1 [ RunTime:0.000382s ]
[2026-06-05T16:47:02+08:00][sql] SELECT `a`.*,`u`.`user_login`,`u`.`user_nickname`,`u`.`user_email` FROM `cmf_portal_post` `a` INNER JOIN `cmf_user` `u` ON `a`.`user_id`=`u`.`id` WHERE (  `a`.`create_time` >= '0'  AND `a`.`delete_time` = '0'  AND (  `a`.`post_type` = '8' ) ) AND `a`.`delete_time` = '0' ORDER BY `update_time` DESC LIMIT 0,10 [ RunTime:0.000653s ]
[2026-06-05T16:47:02+08:00][sql] SHOW FULL COLUMNS FROM `cmf_portal_category` [ RunTime:0.001119s ]
[2026-06-05T16:47:02+08:00][sql] SELECT * FROM `cmf_portal_category` WHERE (  `delete_time` = 0  AND `type` = 8 ) AND `cmf_portal_category`.`delete_time` = '0' ORDER BY `list_order` ASC [ RunTime:0.000363s ]
[2026-06-05T16:47:02+08:00][sql] SHOW FULL COLUMNS FROM `cmf_portal_category_post` [ RunTime:0.000982s ]
[2026-06-05T16:47:02+08:00][sql] SELECT `cmf_portal_category`.*,`pivot`.`id` AS `pivot__id`,`pivot`.`post_id` AS `pivot__post_id`,`pivot`.`category_id` AS `pivot__category_id`,`pivot`.`list_order` AS `pivot__list_order`,`pivot`.`status` AS `pivot__status` FROM `cmf_portal_category` INNER JOIN `cmf_portal_category_post` `pivot` ON `pivot`.`category_id`=`cmf_portal_category`.`id` WHERE (  `pivot`.`post_id` = '26' ) AND `cmf_portal_category`.`delete_time` = '0' [ RunTime:0.000416s ]
[2026-06-05T16:47:02+08:00][sql] SELECT `option_value` FROM `cmf_option` WHERE  `option_name` = 'storage' LIMIT 1 [ RunTime:0.000248s ]
[2026-06-05T16:47:02+08:00][sql] SELECT `cmf_portal_category`.*,`pivot`.`id` AS `pivot__id`,`pivot`.`post_id` AS `pivot__post_id`,`pivot`.`category_id` AS `pivot__category_id`,`pivot`.`list_order` AS `pivot__list_order`,`pivot`.`status` AS `pivot__status` FROM `cmf_portal_category` INNER JOIN `cmf_portal_category_post` `pivot` ON `pivot`.`category_id`=`cmf_portal_category`.`id` WHERE (  `pivot`.`post_id` = '15' ) AND `cmf_portal_category`.`delete_time` = '0' [ RunTime:0.000587s ]
[2026-06-05T16:47:02+08:00][sql] SELECT `cmf_portal_category`.*,`pivot`.`id` AS `pivot__id`,`pivot`.`post_id` AS `pivot__post_id`,`pivot`.`category_id` AS `pivot__category_id`,`pivot`.`list_order` AS `pivot__list_order`,`pivot`.`status` AS `pivot__status` FROM `cmf_portal_category` INNER JOIN `cmf_portal_category_post` `pivot` ON `pivot`.`category_id`=`cmf_portal_category`.`id` WHERE (  `pivot`.`post_id` = '14' ) AND `cmf_portal_category`.`delete_time` = '0' [ RunTime:0.000587s ]
[2026-06-05T16:47:02+08:00][sql] SELECT `cmf_portal_category`.*,`pivot`.`id` AS `pivot__id`,`pivot`.`post_id` AS `pivot__post_id`,`pivot`.`category_id` AS `pivot__category_id`,`pivot`.`list_order` AS `pivot__list_order`,`pivot`.`status` AS `pivot__status` FROM `cmf_portal_category` INNER JOIN `cmf_portal_category_post` `pivot` ON `pivot`.`category_id`=`cmf_portal_category`.`id` WHERE (  `pivot`.`post_id` = '12' ) AND `cmf_portal_category`.`delete_time` = '0' [ RunTime:0.000441s ]
[2026-06-05T16:47:02+08:00][sql] SELECT `cmf_portal_category`.*,`pivot`.`id` AS `pivot__id`,`pivot`.`post_id` AS `pivot__post_id`,`pivot`.`category_id` AS `pivot__category_id`,`pivot`.`list_order` AS `pivot__list_order`,`pivot`.`status` AS `pivot__status` FROM `cmf_portal_category` INNER JOIN `cmf_portal_category_post` `pivot` ON `pivot`.`category_id`=`cmf_portal_category`.`id` WHERE (  `pivot`.`post_id` = '10' ) AND `cmf_portal_category`.`delete_time` = '0' [ RunTime:0.000413s ]
[2026-06-05T16:47:02+08:00][sql] SELECT `cmf_portal_category`.*,`pivot`.`id` AS `pivot__id`,`pivot`.`post_id` AS `pivot__post_id`,`pivot`.`category_id` AS `pivot__category_id`,`pivot`.`list_order` AS `pivot__list_order`,`pivot`.`status` AS `pivot__status` FROM `cmf_portal_category` INNER JOIN `cmf_portal_category_post` `pivot` ON `pivot`.`category_id`=`cmf_portal_category`.`id` WHERE (  `pivot`.`post_id` = '13' ) AND `cmf_portal_category`.`delete_time` = '0' [ RunTime:0.000412s ]
[2026-06-05T16:47:02+08:00][sql] SELECT `cmf_portal_category`.*,`pivot`.`id` AS `pivot__id`,`pivot`.`post_id` AS `pivot__post_id`,`pivot`.`category_id` AS `pivot__category_id`,`pivot`.`list_order` AS `pivot__list_order`,`pivot`.`status` AS `pivot__status` FROM `cmf_portal_category` INNER JOIN `cmf_portal_category_post` `pivot` ON `pivot`.`category_id`=`cmf_portal_category`.`id` WHERE (  `pivot`.`post_id` = '9' ) AND `cmf_portal_category`.`delete_time` = '0' [ RunTime:0.000409s ]
[2026-06-05T16:47:04+08:00][sql] CONNECT:[ UseTime:0.000722s ] mysql:host=127.0.0.1;port=3306;dbname=weihua;charset=utf8mb4
[2026-06-05T16:47:04+08:00][sql] SHOW FULL COLUMNS FROM `cmf_option` [ RunTime:0.001499s ]
[2026-06-05T16:47:04+08:00][sql] SELECT `option_value` FROM `cmf_option` WHERE  `option_name` = 'cdn_settings' LIMIT 1 [ RunTime:0.000235s ]
[2026-06-05T16:47:04+08:00][sql] SHOW FULL COLUMNS FROM `cmf_user` [ RunTime:0.001329s ]
[2026-06-05T16:47:04+08:00][sql] SELECT * FROM `cmf_user` WHERE  `id` = 1 LIMIT 1 [ RunTime:0.000345s ]
[2026-06-05T16:47:04+08:00][sql] SHOW FULL COLUMNS FROM `cmf_portal_post` [ RunTime:0.001237s ]
[2026-06-05T16:47:04+08:00][sql] SELECT * FROM `cmf_portal_post` WHERE (  `id` = 26 ) AND `cmf_portal_post`.`delete_time` = '0' LIMIT 1 [ RunTime:0.000910s ]
[2026-06-05T16:47:04+08:00][sql] SHOW FULL COLUMNS FROM `cmf_portal_category_post` [ RunTime:0.001645s ]
[2026-06-05T16:47:04+08:00][sql] SHOW FULL COLUMNS FROM `cmf_portal_category` [ RunTime:0.001095s ]
[2026-06-05T16:47:04+08:00][sql] SELECT `a`.`name`,`a`.`id` FROM `cmf_portal_category` `a` INNER JOIN `cmf_portal_category_post` `pivot` ON `pivot`.`category_id`=`a`.`id` WHERE (  `pivot`.`post_id` = '26' ) AND `a`.`delete_time` = '0' [ RunTime:0.000359s ]
[2026-06-05T16:47:04+08:00][sql] SHOW FULL COLUMNS FROM `cmf_route` [ RunTime:0.001315s ]
[2026-06-05T16:47:04+08:00][sql] SELECT `url` FROM `cmf_route` WHERE  `full_url` = 'portal/index/news_info?cid=1&id=26' LIMIT 1 [ RunTime:0.000540s ]
[2026-06-05T16:47:04+08:00][sql] SHOW FULL COLUMNS FROM `cmf_theme_file` [ RunTime:0.001204s ]
[2026-06-05T16:47:04+08:00][sql] SELECT * FROM `cmf_theme_file` WHERE  `theme` = 'default'  AND `action` = 'portal/Article/index' [ RunTime:0.000293s ]
[2026-06-05T16:47:04+08:00][sql] SELECT `option_value` FROM `cmf_option` WHERE  `option_name` = 'storage' LIMIT 1 [ RunTime:0.000823s ]
[2026-06-05T16:47:04+08:00][sql] CONNECT:[ UseTime:0.000859s ] mysql:host=127.0.0.1;port=3306;dbname=weihua;charset=utf8mb4
[2026-06-05T16:47:04+08:00][sql] SHOW FULL COLUMNS FROM `cmf_option` [ RunTime:0.001455s ]
[2026-06-05T16:47:04+08:00][sql] SELECT `option_value` FROM `cmf_option` WHERE  `option_name` = 'cdn_settings' LIMIT 1 [ RunTime:0.000296s ]
[2026-06-05T16:47:04+08:00][sql] SELECT `option_value` FROM `cmf_option` WHERE  `option_name` = 'cdn_settings' LIMIT 1 [ RunTime:0.000663s ]
[2026-06-05T16:47:08+08:00][sql] CONNECT:[ UseTime:0.000960s ] mysql:host=127.0.0.1;port=3306;dbname=weihua;charset=utf8mb4
[2026-06-05T16:47:08+08:00][sql] SHOW FULL COLUMNS FROM `cmf_option` [ RunTime:0.001431s ]
[2026-06-05T16:47:08+08:00][sql] SELECT `option_value` FROM `cmf_option` WHERE  `option_name` = 'cdn_settings' LIMIT 1 [ RunTime:0.000330s ]
[2026-06-05T16:47:08+08:00][sql] SHOW FULL COLUMNS FROM `cmf_user` [ RunTime:0.001284s ]
[2026-06-05T16:47:08+08:00][sql] SELECT * FROM `cmf_user` WHERE  `id` = 1 LIMIT 1 [ RunTime:0.000349s ]
[2026-06-05T16:47:08+08:00][sql] SHOW FULL COLUMNS FROM `cmf_theme_file` [ RunTime:0.001064s ]
[2026-06-05T16:47:08+08:00][sql] SELECT * FROM `cmf_theme_file` WHERE  `theme` = 'default'  AND `action` = 'portal/Article/index' [ RunTime:0.000316s ]
[2026-06-05T16:47:08+08:00][sql] CONNECT:[ UseTime:0.001517s ] mysql:host=127.0.0.1;port=3306;dbname=weihua;charset=utf8mb4
[2026-06-05T16:47:08+08:00][sql] SHOW FULL COLUMNS FROM `cmf_option` [ RunTime:0.001818s ]
[2026-06-05T16:47:08+08:00][sql] SELECT `option_value` FROM `cmf_option` WHERE  `option_name` = 'cdn_settings' LIMIT 1 [ RunTime:0.000280s ]
[2026-06-05T16:47:08+08:00][sql] SELECT `option_value` FROM `cmf_option` WHERE  `option_name` = 'cdn_settings' LIMIT 1 [ RunTime:0.000275s ]
[2026-06-05T16:47:09+08:00][sql] CONNECT:[ UseTime:0.000903s ] mysql:host=127.0.0.1;port=3306;dbname=weihua;charset=utf8mb4
[2026-06-05T16:47:09+08:00][sql] SHOW FULL COLUMNS FROM `cmf_option` [ RunTime:0.001672s ]
[2026-06-05T16:47:09+08:00][sql] SELECT `option_value` FROM `cmf_option` WHERE  `option_name` = 'cdn_settings' LIMIT 1 [ RunTime:0.000279s ]
[2026-06-05T16:47:09+08:00][sql] SHOW FULL COLUMNS FROM `cmf_user` [ RunTime:0.002038s ]
[2026-06-05T16:47:09+08:00][sql] SELECT * FROM `cmf_user` WHERE  `id` = 1 LIMIT 1 [ RunTime:0.000374s ]
[2026-06-05T16:47:09+08:00][sql] SHOW FULL COLUMNS FROM `cmf_portal_category` [ RunTime:0.000980s ]
[2026-06-05T16:47:09+08:00][sql] SELECT * FROM `cmf_portal_category` WHERE (  `delete_time` = 0  AND `type` = 8 ) AND `cmf_portal_category`.`delete_time` = '0' ORDER BY `list_order` ASC [ RunTime:0.000377s ]
[2026-06-05T16:47:09+08:00][sql] SELECT * FROM `cmf_portal_category` WHERE (  `delete_time` = 0 ) AND `cmf_portal_category`.`delete_time` = '0' [ RunTime:0.000636s ]
[2026-06-05T16:47:22+08:00][sql] CONNECT:[ UseTime:0.000799s ] mysql:host=127.0.0.1;port=3306;dbname=weihua;charset=utf8mb4
[2026-06-05T16:47:22+08:00][sql] SHOW FULL COLUMNS FROM `cmf_option` [ RunTime:0.001361s ]
[2026-06-05T16:47:22+08:00][sql] SELECT `option_value` FROM `cmf_option` WHERE  `option_name` = 'cdn_settings' LIMIT 1 [ RunTime:0.000292s ]
[2026-06-05T16:47:22+08:00][sql] SELECT `option_value` FROM `cmf_option` WHERE  `option_name` = 'storage' LIMIT 1 [ RunTime:0.000640s ]
[2026-06-05T16:47:26+08:00][sql] CONNECT:[ UseTime:0.000968s ] mysql:host=127.0.0.1;port=3306;dbname=weihua;charset=utf8mb4
[2026-06-05T16:47:26+08:00][sql] SHOW FULL COLUMNS FROM `cmf_option` [ RunTime:0.001626s ]
[2026-06-05T16:47:26+08:00][sql] SELECT `option_value` FROM `cmf_option` WHERE  `option_name` = 'cdn_settings' LIMIT 1 [ RunTime:0.000644s ]
[2026-06-05T16:47:26+08:00][sql] SELECT * FROM `cmf_option` WHERE  `option_name` = 'cmf_settings' LIMIT 1 [ RunTime:0.000827s ]
[2026-06-05T16:47:26+08:00][sql] SHOW FULL COLUMNS FROM `cmf_asset` [ RunTime:0.001786s ]
[2026-06-05T16:47:26+08:00][sql] SELECT * FROM `cmf_asset` WHERE  `user_id` = 1  AND `file_key` = '98f2e0eee8d626033ec4ae0b5326fb21677bc23f127815b65e6b9f01f50b9618' LIMIT 1 [ RunTime:0.001553s ]
[2026-06-05T16:47:26+08:00][sql] SELECT `option_value` FROM `cmf_option` WHERE  `option_name` = 'storage' LIMIT 1 [ RunTime:0.000324s ]
[2026-06-05T16:47:26+08:00][sql] UPDATE `cmf_asset`  SET `filename` = 'e66d95f383299e06b7169b9cfbcb452f.jpg'  WHERE  `id` = 898 [ RunTime:0.000402s ]
[2026-06-05T16:47:29+08:00][sql] CONNECT:[ UseTime:0.023147s ] mysql:host=127.0.0.1;port=3306;dbname=weihua;charset=utf8mb4
[2026-06-05T16:47:29+08:00][sql] SHOW FULL COLUMNS FROM `cmf_option` [ RunTime:0.003720s ]
[2026-06-05T16:47:29+08:00][sql] SELECT `option_value` FROM `cmf_option` WHERE  `option_name` = 'cdn_settings' LIMIT 1 [ RunTime:0.001200s ]
[2026-06-05T16:47:29+08:00][sql] SHOW FULL COLUMNS FROM `cmf_user` [ RunTime:0.001447s ]
[2026-06-05T16:47:29+08:00][sql] SELECT * FROM `cmf_user` WHERE  `id` = 1 LIMIT 1 [ RunTime:0.000353s ]
[2026-06-05T16:47:29+08:00][sql] SELECT `option_value` FROM `cmf_option` WHERE  `option_name` = 'storage' LIMIT 1 [ RunTime:0.000443s ]
[2026-06-05T16:47:29+08:00][sql] SHOW FULL COLUMNS FROM `cmf_portal_post` [ RunTime:0.001399s ]
[2026-06-05T16:47:29+08:00][sql] INSERT INTO `cmf_portal_post` SET `post_title` = 'test111' , `post_alias` = 'qwewq-qweqwe' , `post_excerpt` = 'qweqwe' , `more` = '{\"thumbnail\":\"admin\\/20260508\\/bd706e677267566fbf2c9cc2f1299a41.jpg\"}' , `post_content` = '&lt;p&gt;qweqwe&lt;/p&gt;' , `post_status` = 1 , `is_top` = 0 , `recommended` = 0 , `post_type` = 8 , `user_id` = 1 , `thumbnail` = 'admin/20260508/bd706e677267566fbf2c9cc2f1299a41.jpg' , `create_time` = 1780649249 , `update_time` = 1780649249 [ RunTime:0.000512s ]
[2026-06-05T16:47:29+08:00][sql] SHOW FULL COLUMNS FROM `cmf_portal_category_post` [ RunTime:0.001247s ]
[2026-06-05T16:47:29+08:00][sql] REPLACE INTO `cmf_portal_category_post` SET `post_id` = 27 , `category_id` = 1 [ RunTime:0.000926s ]
[2026-06-05T16:47:31+08:00][sql] CONNECT:[ UseTime:0.000693s ] mysql:host=127.0.0.1;port=3306;dbname=weihua;charset=utf8mb4
[2026-06-05T16:47:31+08:00][sql] SHOW FULL COLUMNS FROM `cmf_option` [ RunTime:0.001066s ]
[2026-06-05T16:47:31+08:00][sql] SELECT `option_value` FROM `cmf_option` WHERE  `option_name` = 'cdn_settings' LIMIT 1 [ RunTime:0.000218s ]
[2026-06-05T16:47:31+08:00][sql] SHOW FULL COLUMNS FROM `cmf_user` [ RunTime:0.002313s ]
[2026-06-05T16:47:31+08:00][sql] SELECT * FROM `cmf_user` WHERE  `id` = 1 LIMIT 1 [ RunTime:0.000282s ]
[2026-06-05T16:47:31+08:00][sql] SHOW FULL COLUMNS FROM `cmf_portal_post` [ RunTime:0.000939s ]
[2026-06-05T16:47:31+08:00][sql] SELECT COUNT(*) AS think_count FROM `cmf_portal_post` `a` INNER JOIN `cmf_user` `u` ON `a`.`user_id`=`u`.`id` WHERE (  `a`.`create_time` >= '0'  AND `a`.`delete_time` = '0'  AND (  `a`.`post_type` = '8' ) ) AND `a`.`delete_time` = '0' LIMIT 1 [ RunTime:0.000313s ]
[2026-06-05T16:47:31+08:00][sql] SELECT `a`.*,`u`.`user_login`,`u`.`user_nickname`,`u`.`user_email` FROM `cmf_portal_post` `a` INNER JOIN `cmf_user` `u` ON `a`.`user_id`=`u`.`id` WHERE (  `a`.`create_time` >= '0'  AND `a`.`delete_time` = '0'  AND (  `a`.`post_type` = '8' ) ) AND `a`.`delete_time` = '0' ORDER BY `update_time` DESC LIMIT 0,10 [ RunTime:0.000522s ]
[2026-06-05T16:47:31+08:00][sql] SHOW FULL COLUMNS FROM `cmf_portal_category` [ RunTime:0.000797s ]
[2026-06-05T16:47:31+08:00][sql] SELECT * FROM `cmf_portal_category` WHERE (  `delete_time` = 0  AND `type` = 8 ) AND `cmf_portal_category`.`delete_time` = '0' ORDER BY `list_order` ASC [ RunTime:0.000285s ]
[2026-06-05T16:47:31+08:00][sql] SHOW FULL COLUMNS FROM `cmf_portal_category_post` [ RunTime:0.000874s ]
[2026-06-05T16:47:31+08:00][sql] SELECT `cmf_portal_category`.*,`pivot`.`id` AS `pivot__id`,`pivot`.`post_id` AS `pivot__post_id`,`pivot`.`category_id` AS `pivot__category_id`,`pivot`.`list_order` AS `pivot__list_order`,`pivot`.`status` AS `pivot__status` FROM `cmf_portal_category` INNER JOIN `cmf_portal_category_post` `pivot` ON `pivot`.`category_id`=`cmf_portal_category`.`id` WHERE (  `pivot`.`post_id` = '27' ) AND `cmf_portal_category`.`delete_time` = '0' [ RunTime:0.000482s ]
[2026-06-05T16:47:31+08:00][sql] SELECT `option_value` FROM `cmf_option` WHERE  `option_name` = 'storage' LIMIT 1 [ RunTime:0.000222s ]
[2026-06-05T16:47:31+08:00][sql] SELECT `cmf_portal_category`.*,`pivot`.`id` AS `pivot__id`,`pivot`.`post_id` AS `pivot__post_id`,`pivot`.`category_id` AS `pivot__category_id`,`pivot`.`list_order` AS `pivot__list_order`,`pivot`.`status` AS `pivot__status` FROM `cmf_portal_category` INNER JOIN `cmf_portal_category_post` `pivot` ON `pivot`.`category_id`=`cmf_portal_category`.`id` WHERE (  `pivot`.`post_id` = '26' ) AND `cmf_portal_category`.`delete_time` = '0' [ RunTime:0.000360s ]
[2026-06-05T16:47:31+08:00][sql] SELECT `cmf_portal_category`.*,`pivot`.`id` AS `pivot__id`,`pivot`.`post_id` AS `pivot__post_id`,`pivot`.`category_id` AS `pivot__category_id`,`pivot`.`list_order` AS `pivot__list_order`,`pivot`.`status` AS `pivot__status` FROM `cmf_portal_category` INNER JOIN `cmf_portal_category_post` `pivot` ON `pivot`.`category_id`=`cmf_portal_category`.`id` WHERE (  `pivot`.`post_id` = '15' ) AND `cmf_portal_category`.`delete_time` = '0' [ RunTime:0.000320s ]
[2026-06-05T16:47:31+08:00][sql] SELECT `cmf_portal_category`.*,`pivot`.`id` AS `pivot__id`,`pivot`.`post_id` AS `pivot__post_id`,`pivot`.`category_id` AS `pivot__category_id`,`pivot`.`list_order` AS `pivot__list_order`,`pivot`.`status` AS `pivot__status` FROM `cmf_portal_category` INNER JOIN `cmf_portal_category_post` `pivot` ON `pivot`.`category_id`=`cmf_portal_category`.`id` WHERE (  `pivot`.`post_id` = '14' ) AND `cmf_portal_category`.`delete_time` = '0' [ RunTime:0.000298s ]
[2026-06-05T16:47:31+08:00][sql] SELECT `cmf_portal_category`.*,`pivot`.`id` AS `pivot__id`,`pivot`.`post_id` AS `pivot__post_id`,`pivot`.`category_id` AS `pivot__category_id`,`pivot`.`list_order` AS `pivot__list_order`,`pivot`.`status` AS `pivot__status` FROM `cmf_portal_category` INNER JOIN `cmf_portal_category_post` `pivot` ON `pivot`.`category_id`=`cmf_portal_category`.`id` WHERE (  `pivot`.`post_id` = '12' ) AND `cmf_portal_category`.`delete_time` = '0' [ RunTime:0.000305s ]
[2026-06-05T16:47:31+08:00][sql] SELECT `cmf_portal_category`.*,`pivot`.`id` AS `pivot__id`,`pivot`.`post_id` AS `pivot__post_id`,`pivot`.`category_id` AS `pivot__category_id`,`pivot`.`list_order` AS `pivot__list_order`,`pivot`.`status` AS `pivot__status` FROM `cmf_portal_category` INNER JOIN `cmf_portal_category_post` `pivot` ON `pivot`.`category_id`=`cmf_portal_category`.`id` WHERE (  `pivot`.`post_id` = '10' ) AND `cmf_portal_category`.`delete_time` = '0' [ RunTime:0.000294s ]
[2026-06-05T16:47:31+08:00][sql] SELECT `cmf_portal_category`.*,`pivot`.`id` AS `pivot__id`,`pivot`.`post_id` AS `pivot__post_id`,`pivot`.`category_id` AS `pivot__category_id`,`pivot`.`list_order` AS `pivot__list_order`,`pivot`.`status` AS `pivot__status` FROM `cmf_portal_category` INNER JOIN `cmf_portal_category_post` `pivot` ON `pivot`.`category_id`=`cmf_portal_category`.`id` WHERE (  `pivot`.`post_id` = '13' ) AND `cmf_portal_category`.`delete_time` = '0' [ RunTime:0.000297s ]
[2026-06-05T16:47:31+08:00][sql] SELECT `cmf_portal_category`.*,`pivot`.`id` AS `pivot__id`,`pivot`.`post_id` AS `pivot__post_id`,`pivot`.`category_id` AS `pivot__category_id`,`pivot`.`list_order` AS `pivot__list_order`,`pivot`.`status` AS `pivot__status` FROM `cmf_portal_category` INNER JOIN `cmf_portal_category_post` `pivot` ON `pivot`.`category_id`=`cmf_portal_category`.`id` WHERE (  `pivot`.`post_id` = '9' ) AND `cmf_portal_category`.`delete_time` = '0' [ RunTime:0.000294s ]
[2026-06-05T16:47:34+08:00][sql] CONNECT:[ UseTime:0.000768s ] mysql:host=127.0.0.1;port=3306;dbname=weihua;charset=utf8mb4
[2026-06-05T16:47:34+08:00][sql] SHOW FULL COLUMNS FROM `cmf_option` [ RunTime:0.001303s ]
[2026-06-05T16:47:34+08:00][sql] SELECT `option_value` FROM `cmf_option` WHERE  `option_name` = 'cdn_settings' LIMIT 1 [ RunTime:0.000263s ]
[2026-06-05T16:47:34+08:00][sql] SELECT `option_value` FROM `cmf_option` WHERE  `option_name` = 'cdn_settings' LIMIT 1 [ RunTime:0.000261s ]
[2026-06-05T16:47:34+08:00][sql] SHOW FULL COLUMNS FROM `cmf_product_category` [ RunTime:0.001087s ]
[2026-06-05T16:47:34+08:00][sql] SELECT * FROM `cmf_product_category` WHERE  `parent_id` = 0 ORDER BY `list_order` ASC,`create_time` DESC [ RunTime:0.000289s ]
[2026-06-05T16:47:34+08:00][sql] SELECT * FROM `cmf_product_category` WHERE  `parent_id` IN (28,19,22,23,25,27,30) [ RunTime:0.000302s ]
[2026-06-05T16:47:34+08:00][sql] SHOW FULL COLUMNS FROM `cmf_portal_category` [ RunTime:0.001664s ]
[2026-06-05T16:47:34+08:00][sql] SELECT * FROM `cmf_portal_category` WHERE (  `type` = 8 ) AND `cmf_portal_category`.`delete_time` = '0' ORDER BY `list_order` ASC [ RunTime:0.000626s ]
[2026-06-05T16:47:34+08:00][sql] SHOW FULL COLUMNS FROM `cmf_slide_item` [ RunTime:0.000982s ]
[2026-06-05T16:47:34+08:00][sql] SELECT `title`,`description`,`image` FROM `cmf_slide_item` WHERE  `slide_id` = 12  AND `status` = 1 ORDER BY `list_order` ASC,`id` DESC LIMIT 1 [ RunTime:0.000330s ]
[2026-06-05T16:47:34+08:00][sql] SELECT * FROM `cmf_portal_category` WHERE (  `id` = 0  AND `status` = 1 ) AND `cmf_portal_category`.`delete_time` = '0' LIMIT 1 [ RunTime:0.000281s ]
[2026-06-05T16:47:34+08:00][sql] SHOW FULL COLUMNS FROM `cmf_portal_post` [ RunTime:0.001209s ]
[2026-06-05T16:47:34+08:00][sql] SELECT COUNT(*) AS think_count FROM `cmf_portal_post` `p` LEFT JOIN `cmf_portal_category_post` `c` ON `p`.`id`=`c`.`post_id` WHERE (  `post_type` = 8 ) AND `p`.`delete_time` = '0' LIMIT 1 [ RunTime:0.000421s ]
[2026-06-05T16:47:34+08:00][sql] SELECT `p`.`id`,`p`.`post_title`,`p`.`thumbnail`,`p`.`more`,c.category_id as cid,`p`.`post_excerpt`,`p`.`create_time` FROM `cmf_portal_post` `p` LEFT JOIN `cmf_portal_category_post` `c` ON `p`.`id`=`c`.`post_id` WHERE (  `post_type` = 8 ) AND `p`.`delete_time` = '0' ORDER BY `c`.`list_order` ASC,`p`.`create_time` DESC LIMIT 0,6 [ RunTime:0.000476s ]
[2026-06-05T16:47:34+08:00][sql] SHOW FULL COLUMNS FROM `cmf_theme_file` [ RunTime:0.000970s ]
[2026-06-05T16:47:34+08:00][sql] SELECT `more`,`file`,`id` FROM `cmf_theme_file` WHERE  `theme` = 'simpleboot3'  AND (  `is_public` = 1 OR `file` = 'portal/news' ) ORDER BY `is_public` DESC [ RunTime:0.000297s ]
[2026-06-05T16:47:34+08:00][sql] SELECT `option_value` FROM `cmf_option` WHERE  `option_name` = 'storage' LIMIT 1 [ RunTime:0.000908s ]
[2026-06-05T16:47:36+08:00][sql] CONNECT:[ UseTime:0.001099s ] mysql:host=127.0.0.1;port=3306;dbname=weihua;charset=utf8mb4
[2026-06-05T16:47:36+08:00][sql] SHOW FULL COLUMNS FROM `cmf_option` [ RunTime:0.002003s ]
[2026-06-05T16:47:36+08:00][sql] SELECT `option_value` FROM `cmf_option` WHERE  `option_name` = 'cdn_settings' LIMIT 1 [ RunTime:0.000498s ]
[2026-06-05T16:47:36+08:00][sql] SELECT `option_value` FROM `cmf_option` WHERE  `option_name` = 'cdn_settings' LIMIT 1 [ RunTime:0.000601s ]
[2026-06-05T16:47:36+08:00][sql] SHOW FULL COLUMNS FROM `cmf_product_category` [ RunTime:0.001195s ]
[2026-06-05T16:47:36+08:00][sql] SELECT * FROM `cmf_product_category` WHERE  `parent_id` = 0 ORDER BY `list_order` ASC,`create_time` DESC [ RunTime:0.000460s ]
[2026-06-05T16:47:36+08:00][sql] SELECT * FROM `cmf_product_category` WHERE  `parent_id` IN (28,19,22,23,25,27,30) [ RunTime:0.000559s ]
[2026-06-05T16:47:36+08:00][sql] SHOW FULL COLUMNS FROM `cmf_portal_category` [ RunTime:0.001815s ]
[2026-06-05T16:47:36+08:00][sql] SELECT * FROM `cmf_portal_category` WHERE (  `type` = 8 ) AND `cmf_portal_category`.`delete_time` = '0' ORDER BY `list_order` ASC [ RunTime:0.000480s ]
[2026-06-05T16:47:36+08:00][sql] SELECT * FROM `cmf_portal_category` WHERE (  `id` = 1  AND `status` = 1 ) AND `cmf_portal_category`.`delete_time` = '0' LIMIT 1 [ RunTime:0.000942s ]
[2026-06-05T16:47:36+08:00][sql] SHOW FULL COLUMNS FROM `cmf_portal_post` [ RunTime:0.002327s ]
[2026-06-05T16:47:36+08:00][sql] SELECT `post`.* FROM `cmf_portal_post` `post` LEFT JOIN `cmf_portal_category_post` `relation` ON `post`.`id`=`relation`.`post_id` WHERE (  `post`.`post_type` = '8'  AND `relation`.`category_id` = '1'  AND `post`.`id` = '27'  AND ( post.delete_time IS NULL OR post.delete_time = 0 ) ) AND `post`.`delete_time` = '0' LIMIT 1 [ RunTime:0.000606s ]
[2026-06-05T16:47:36+08:00][sql] SHOW FULL COLUMNS FROM `cmf_slide_item` [ RunTime:0.001434s ]
[2026-06-05T16:47:36+08:00][sql] SELECT `title`,`description`,`image` FROM `cmf_slide_item` WHERE  `slide_id` = 12  AND `status` = 1 ORDER BY `list_order` ASC,`id` DESC LIMIT 1 [ RunTime:0.000398s ]
[2026-06-05T16:47:36+08:00][sql] UPDATE `cmf_portal_post`  SET `post_hits` = `post_hits` + 1  WHERE (  `id` = 27 ) AND `cmf_portal_post`.`delete_time` = '0' [ RunTime:0.004382s ]
[2026-06-05T16:47:36+08:00][sql] SELECT `post`.* FROM `cmf_portal_post` `post` LEFT JOIN `cmf_portal_category_post` `relation` ON `post`.`id`=`relation`.`post_id` WHERE (  `post`.`post_type` = '8'  AND `relation`.`category_id` = '1'  AND `post`.`id` < '27'  AND ( post.delete_time IS NULL OR post.delete_time = 0 ) ) AND `post`.`delete_time` = '0' ORDER BY `post`.`id` DESC LIMIT 1 [ RunTime:0.001115s ]
[2026-06-05T16:47:36+08:00][sql] SELECT `post`.* FROM `cmf_portal_post` `post` LEFT JOIN `cmf_portal_category_post` `relation` ON `post`.`id`=`relation`.`post_id` WHERE (  `post`.`post_type` = '8'  AND `relation`.`category_id` = '1'  AND `post`.`id` > '27'  AND ( post.delete_time IS NULL OR post.delete_time = 0 ) ) AND `post`.`delete_time` = '0' ORDER BY `post`.`id` ASC LIMIT 1 [ RunTime:0.000620s ]
[2026-06-05T16:47:36+08:00][sql] SHOW FULL COLUMNS FROM `cmf_theme_file` [ RunTime:0.002446s ]
[2026-06-05T16:47:36+08:00][sql] SELECT `more`,`file`,`id` FROM `cmf_theme_file` WHERE  `theme` = 'simpleboot3'  AND (  `is_public` = 1 OR `file` = 'portal/news-info' ) ORDER BY `is_public` DESC [ RunTime:0.000651s ]
[2026-06-05T16:47:36+08:00][sql] SELECT `option_value` FROM `cmf_option` WHERE  `option_name` = 'storage' LIMIT 1 [ RunTime:0.000641s ]
[2026-06-05T16:47:57+08:00][sql] CONNECT:[ UseTime:0.000731s ] mysql:host=127.0.0.1;port=3306;dbname=weihua;charset=utf8mb4
[2026-06-05T16:47:57+08:00][sql] SHOW FULL COLUMNS FROM `cmf_option` [ RunTime:0.001599s ]
[2026-06-05T16:47:57+08:00][sql] SELECT `option_value` FROM `cmf_option` WHERE  `option_name` = 'cdn_settings' LIMIT 1 [ RunTime:0.000349s ]
[2026-06-05T16:47:57+08:00][sql] SELECT `option_value` FROM `cmf_option` WHERE  `option_name` = 'cdn_settings' LIMIT 1 [ RunTime:0.000288s ]
[2026-06-05T16:47:57+08:00][sql] SHOW FULL COLUMNS FROM `cmf_product_category` [ RunTime:0.001296s ]
[2026-06-05T16:47:57+08:00][sql] SELECT * FROM `cmf_product_category` WHERE  `parent_id` = 0 ORDER BY `list_order` ASC,`create_time` DESC [ RunTime:0.000594s ]
[2026-06-05T16:47:57+08:00][sql] SELECT * FROM `cmf_product_category` WHERE  `parent_id` IN (28,19,22,23,25,27,30) [ RunTime:0.000319s ]
[2026-06-05T16:47:57+08:00][sql] SHOW FULL COLUMNS FROM `cmf_portal_category` [ RunTime:0.001134s ]
[2026-06-05T16:47:57+08:00][sql] SELECT * FROM `cmf_portal_category` WHERE (  `type` = 8 ) AND `cmf_portal_category`.`delete_time` = '0' ORDER BY `list_order` ASC [ RunTime:0.000402s ]
[2026-06-05T16:47:57+08:00][sql] SHOW FULL COLUMNS FROM `cmf_slide_item` [ RunTime:0.001057s ]
[2026-06-05T16:47:57+08:00][sql] SELECT `title`,`description`,`image`,`url`,`target`,`content` FROM `cmf_slide_item` WHERE  `slide_id` = 1 ORDER BY `list_order` ASC [ RunTime:0.000610s ]
[2026-06-05T16:47:57+08:00][sql] SHOW FULL COLUMNS FROM `cmf_slide` [ RunTime:0.000719s ]
[2026-06-05T16:47:57+08:00][sql] SELECT * FROM `cmf_slide` WHERE  `name` LIKE '%choose%' OR `name` LIKE '%选择%' LIMIT 1 [ RunTime:0.000297s ]
[2026-06-05T16:47:57+08:00][sql] SELECT `title`,`description`,`image`,`url`,`target`,`content` FROM `cmf_slide_item` WHERE  `slide_id` = 14  AND `status` = 1 ORDER BY `list_order` ASC [ RunTime:0.000249s ]
[2026-06-05T16:47:57+08:00][sql] SELECT * FROM `cmf_product_category` WHERE  `parent_id` = 0  AND `recommend` = 1 ORDER BY `list_order` ASC,`create_time` DESC [ RunTime:0.000256s ]
[2026-06-05T16:47:57+08:00][sql] SHOW FULL COLUMNS FROM `cmf_product` [ RunTime:0.000922s ]
[2026-06-05T16:47:57+08:00][sql] SELECT `id`,`title`,`thumbnail`,`industry` FROM `cmf_product` WHERE  `is_recommended` = 1  AND `category_id` = 28 ORDER BY `list_order` ASC LIMIT 6 [ RunTime:0.000510s ]
[2026-06-05T16:47:57+08:00][sql] SELECT `id`,`title`,`thumbnail`,`industry` FROM `cmf_product` WHERE  `is_recommended` = 1  AND `category_id` = 19 ORDER BY `list_order` ASC LIMIT 6 [ RunTime:0.000339s ]
[2026-06-05T16:47:57+08:00][sql] SELECT `id`,`title`,`thumbnail`,`industry` FROM `cmf_product` WHERE  `is_recommended` = 1  AND `category_id` = 23 ORDER BY `list_order` ASC LIMIT 6 [ RunTime:0.000422s ]
[2026-06-05T16:47:57+08:00][sql] SHOW FULL COLUMNS FROM `cmf_portal_post` [ RunTime:0.001330s ]
[2026-06-05T16:47:57+08:00][sql] SELECT `p`.`id`,`p`.`post_title`,`p`.`post_excerpt`,`p`.`thumbnail`,`p`.`create_time`,`c`.`category_id` FROM `cmf_portal_post` `p` INNER JOIN `cmf_portal_category_post` `c` ON `p`.`id`=`c`.`post_id` WHERE (  `p`.`post_type` = '8' ) AND `p`.`delete_time` = '0' ORDER BY `c`.`list_order` ASC,`p`.`create_time` DESC [ RunTime:0.001021s ]
[2026-06-05T16:47:57+08:00][sql] SELECT `id`,`post_title`,`post_excerpt`,`more` FROM `cmf_portal_post` WHERE (  `post_type` = 3 ) AND `cmf_portal_post`.`delete_time` = '0' ORDER BY `create_time` DESC [ RunTime:0.000363s ]
[2026-06-05T16:47:57+08:00][sql] SHOW FULL COLUMNS FROM `cmf_theme_file` [ RunTime:0.000945s ]
[2026-06-05T16:47:57+08:00][sql] SELECT `more`,`file`,`id` FROM `cmf_theme_file` WHERE  `theme` = 'simpleboot3'  AND (  `is_public` = 1 OR `file` = 'portal/index' ) ORDER BY `is_public` DESC [ RunTime:0.000444s ]
[2026-06-05T16:47:57+08:00][sql] SELECT `option_value` FROM `cmf_option` WHERE  `option_name` = 'storage' LIMIT 1 [ RunTime:0.000644s ]
[2026-06-05T16:47:59+08:00][sql] CONNECT:[ UseTime:0.000689s ] mysql:host=127.0.0.1;port=3306;dbname=weihua;charset=utf8mb4
[2026-06-05T16:47:59+08:00][sql] SHOW FULL COLUMNS FROM `cmf_option` [ RunTime:0.001080s ]
[2026-06-05T16:47:59+08:00][sql] SELECT `option_value` FROM `cmf_option` WHERE  `option_name` = 'cdn_settings' LIMIT 1 [ RunTime:0.000248s ]
[2026-06-05T16:47:59+08:00][sql] SELECT `option_value` FROM `cmf_option` WHERE  `option_name` = 'cdn_settings' LIMIT 1 [ RunTime:0.000667s ]
[2026-06-05T16:47:59+08:00][sql] SHOW FULL COLUMNS FROM `cmf_product_category` [ RunTime:0.001090s ]
[2026-06-05T16:47:59+08:00][sql] SELECT * FROM `cmf_product_category` WHERE  `parent_id` = 0 ORDER BY `list_order` ASC,`create_time` DESC [ RunTime:0.000258s ]
[2026-06-05T16:47:59+08:00][sql] SELECT * FROM `cmf_product_category` WHERE  `parent_id` IN (28,19,22,23,25,27,30) [ RunTime:0.000239s ]
[2026-06-05T16:47:59+08:00][sql] SHOW FULL COLUMNS FROM `cmf_portal_category` [ RunTime:0.000892s ]
[2026-06-05T16:47:59+08:00][sql] SELECT * FROM `cmf_portal_category` WHERE (  `type` = 8 ) AND `cmf_portal_category`.`delete_time` = '0' ORDER BY `list_order` ASC [ RunTime:0.000308s ]
[2026-06-05T16:47:59+08:00][sql] SHOW FULL COLUMNS FROM `cmf_slide_item` [ RunTime:0.000803s ]
[2026-06-05T16:47:59+08:00][sql] SELECT `title`,`description`,`image` FROM `cmf_slide_item` WHERE  `slide_id` = 12  AND `status` = 1 ORDER BY `list_order` ASC,`id` DESC LIMIT 1 [ RunTime:0.000262s ]
[2026-06-05T16:47:59+08:00][sql] SELECT * FROM `cmf_portal_category` WHERE (  `id` = 0  AND `status` = 1 ) AND `cmf_portal_category`.`delete_time` = '0' LIMIT 1 [ RunTime:0.000219s ]
[2026-06-05T16:47:59+08:00][sql] SHOW FULL COLUMNS FROM `cmf_portal_post` [ RunTime:0.001375s ]
[2026-06-05T16:47:59+08:00][sql] SELECT COUNT(*) AS think_count FROM `cmf_portal_post` `p` LEFT JOIN `cmf_portal_category_post` `c` ON `p`.`id`=`c`.`post_id` WHERE (  `post_type` = 8 ) AND `p`.`delete_time` = '0' LIMIT 1 [ RunTime:0.000621s ]
[2026-06-05T16:47:59+08:00][sql] SELECT `p`.`id`,`p`.`post_title`,`p`.`thumbnail`,`p`.`more`,c.category_id as cid,`p`.`post_excerpt`,`p`.`create_time` FROM `cmf_portal_post` `p` LEFT JOIN `cmf_portal_category_post` `c` ON `p`.`id`=`c`.`post_id` WHERE (  `post_type` = 8 ) AND `p`.`delete_time` = '0' ORDER BY `c`.`list_order` ASC,`p`.`create_time` DESC LIMIT 0,6 [ RunTime:0.000394s ]
[2026-06-05T16:47:59+08:00][sql] SHOW FULL COLUMNS FROM `cmf_theme_file` [ RunTime:0.001401s ]
[2026-06-05T16:47:59+08:00][sql] SELECT `more`,`file`,`id` FROM `cmf_theme_file` WHERE  `theme` = 'simpleboot3'  AND (  `is_public` = 1 OR `file` = 'portal/news' ) ORDER BY `is_public` DESC [ RunTime:0.000474s ]
[2026-06-05T16:47:59+08:00][sql] SELECT `option_value` FROM `cmf_option` WHERE  `option_name` = 'storage' LIMIT 1 [ RunTime:0.000298s ]
[2026-06-05T16:48:00+08:00][sql] CONNECT:[ UseTime:0.000883s ] mysql:host=127.0.0.1;port=3306;dbname=weihua;charset=utf8mb4
[2026-06-05T16:48:00+08:00][sql] SHOW FULL COLUMNS FROM `cmf_option` [ RunTime:0.001318s ]
[2026-06-05T16:48:00+08:00][sql] SELECT `option_value` FROM `cmf_option` WHERE  `option_name` = 'cdn_settings' LIMIT 1 [ RunTime:0.000285s ]
[2026-06-05T16:48:00+08:00][sql] SELECT `option_value` FROM `cmf_option` WHERE  `option_name` = 'cdn_settings' LIMIT 1 [ RunTime:0.000388s ]
[2026-06-05T16:48:00+08:00][sql] SHOW FULL COLUMNS FROM `cmf_product_category` [ RunTime:0.001828s ]
[2026-06-05T16:48:00+08:00][sql] SELECT * FROM `cmf_product_category` WHERE  `parent_id` = 0 ORDER BY `list_order` ASC,`create_time` DESC [ RunTime:0.000366s ]
[2026-06-05T16:48:00+08:00][sql] SELECT * FROM `cmf_product_category` WHERE  `parent_id` IN (28,19,22,23,25,27,30) [ RunTime:0.000303s ]
[2026-06-05T16:48:00+08:00][sql] SHOW FULL COLUMNS FROM `cmf_portal_category` [ RunTime:0.001194s ]
[2026-06-05T16:48:00+08:00][sql] SELECT * FROM `cmf_portal_category` WHERE (  `type` = 8 ) AND `cmf_portal_category`.`delete_time` = '0' ORDER BY `list_order` ASC [ RunTime:0.000330s ]
[2026-06-05T16:48:00+08:00][sql] SELECT * FROM `cmf_portal_category` WHERE (  `id` = 1  AND `status` = 1 ) AND `cmf_portal_category`.`delete_time` = '0' LIMIT 1 [ RunTime:0.000404s ]
[2026-06-05T16:48:00+08:00][sql] SHOW FULL COLUMNS FROM `cmf_portal_post` [ RunTime:0.001181s ]
[2026-06-05T16:48:00+08:00][sql] SELECT `post`.* FROM `cmf_portal_post` `post` LEFT JOIN `cmf_portal_category_post` `relation` ON `post`.`id`=`relation`.`post_id` WHERE (  `post`.`post_type` = '8'  AND `relation`.`category_id` = '1'  AND `post`.`id` = '27'  AND ( post.delete_time IS NULL OR post.delete_time = 0 ) ) AND `post`.`delete_time` = '0' LIMIT 1 [ RunTime:0.000421s ]
[2026-06-05T16:48:00+08:00][sql] SHOW FULL COLUMNS FROM `cmf_slide_item` [ RunTime:0.000950s ]
[2026-06-05T16:48:00+08:00][sql] SELECT `title`,`description`,`image` FROM `cmf_slide_item` WHERE  `slide_id` = 12  AND `status` = 1 ORDER BY `list_order` ASC,`id` DESC LIMIT 1 [ RunTime:0.000342s ]
[2026-06-05T16:48:00+08:00][sql] UPDATE `cmf_portal_post`  SET `post_hits` = `post_hits` + 1  WHERE (  `id` = 27 ) AND `cmf_portal_post`.`delete_time` = '0' [ RunTime:0.007227s ]
[2026-06-05T16:48:00+08:00][sql] SELECT `post`.* FROM `cmf_portal_post` `post` LEFT JOIN `cmf_portal_category_post` `relation` ON `post`.`id`=`relation`.`post_id` WHERE (  `post`.`post_type` = '8'  AND `relation`.`category_id` = '1'  AND `post`.`id` < '27'  AND ( post.delete_time IS NULL OR post.delete_time = 0 ) ) AND `post`.`delete_time` = '0' ORDER BY `post`.`id` DESC LIMIT 1 [ RunTime:0.000620s ]
[2026-06-05T16:48:00+08:00][sql] SELECT `post`.* FROM `cmf_portal_post` `post` LEFT JOIN `cmf_portal_category_post` `relation` ON `post`.`id`=`relation`.`post_id` WHERE (  `post`.`post_type` = '8'  AND `relation`.`category_id` = '1'  AND `post`.`id` > '27'  AND ( post.delete_time IS NULL OR post.delete_time = 0 ) ) AND `post`.`delete_time` = '0' ORDER BY `post`.`id` ASC LIMIT 1 [ RunTime:0.000384s ]
[2026-06-05T16:48:00+08:00][sql] SHOW FULL COLUMNS FROM `cmf_theme_file` [ RunTime:0.001212s ]
[2026-06-05T16:48:00+08:00][sql] SELECT `more`,`file`,`id` FROM `cmf_theme_file` WHERE  `theme` = 'simpleboot3'  AND (  `is_public` = 1 OR `file` = 'portal/news-info' ) ORDER BY `is_public` DESC [ RunTime:0.000322s ]
[2026-06-05T16:48:00+08:00][sql] SELECT `option_value` FROM `cmf_option` WHERE  `option_name` = 'storage' LIMIT 1 [ RunTime:0.000425s ]
[2026-06-05T16:48:09+08:00][sql] CONNECT:[ UseTime:0.000725s ] mysql:host=127.0.0.1;port=3306;dbname=weihua;charset=utf8mb4
[2026-06-05T16:48:09+08:00][sql] SHOW FULL COLUMNS FROM `cmf_option` [ RunTime:0.001610s ]
[2026-06-05T16:48:09+08:00][sql] SELECT `option_value` FROM `cmf_option` WHERE  `option_name` = 'cdn_settings' LIMIT 1 [ RunTime:0.000453s ]
[2026-06-05T16:48:09+08:00][sql] CONNECT:[ UseTime:0.001158s ] mysql:host=127.0.0.1;port=3306;dbname=weihua;charset=utf8mb4
[2026-06-05T16:48:09+08:00][sql] SHOW FULL COLUMNS FROM `cmf_option` [ RunTime:0.001220s ]
[2026-06-05T16:48:09+08:00][sql] SELECT `option_value` FROM `cmf_option` WHERE  `option_name` = 'cdn_settings' LIMIT 1 [ RunTime:0.000275s ]
[2026-06-05T16:48:20+08:00][sql] CONNECT:[ UseTime:0.000896s ] mysql:host=127.0.0.1;port=3306;dbname=weihua;charset=utf8mb4
[2026-06-05T16:48:20+08:00][sql] SHOW FULL COLUMNS FROM `cmf_option` [ RunTime:0.001318s ]
[2026-06-05T16:48:20+08:00][sql] SELECT `option_value` FROM `cmf_option` WHERE  `option_name` = 'cdn_settings' LIMIT 1 [ RunTime:0.000246s ]
[2026-06-05T16:48:20+08:00][sql] SHOW FULL COLUMNS FROM `cmf_user` [ RunTime:0.001528s ]
[2026-06-05T16:48:20+08:00][sql] SELECT * FROM `cmf_user` WHERE  `user_login` = 'antop002' LIMIT 1 [ RunTime:0.000411s ]
[2026-06-05T16:48:20+08:00][sql] SHOW FULL COLUMNS FROM `cmf_role_user` [ RunTime:0.001092s ]
[2026-06-05T16:48:20+08:00][sql] SELECT `role_id` FROM `cmf_role_user` `a` INNER JOIN `cmf_role` `b` ON `a`.`role_id`=`b`.`id` WHERE  `user_id` = 1  AND `status` = '1' LIMIT 1 [ RunTime:0.000705s ]
[2026-06-05T16:48:20+08:00][sql] SHOW FULL COLUMNS FROM `cmf_user_token` [ RunTime:0.001024s ]
[2026-06-05T16:48:20+08:00][sql] SELECT * FROM `cmf_user_token` WHERE  `user_id` = 1  AND `device_type` = 'web' LIMIT 1 [ RunTime:0.000410s ]
[2026-06-05T16:48:20+08:00][sql] UPDATE `cmf_user`  SET `last_login_ip` = '::1' , `last_login_time` = 1780649300  WHERE  `id` = 1 [ RunTime:0.002885s ]
[2026-06-05T16:48:22+08:00][sql] CONNECT:[ UseTime:0.000871s ] mysql:host=127.0.0.1;port=3306;dbname=weihua;charset=utf8mb4
[2026-06-05T16:48:22+08:00][sql] SHOW FULL COLUMNS FROM `cmf_option` [ RunTime:0.001517s ]
[2026-06-05T16:48:22+08:00][sql] SELECT `option_value` FROM `cmf_option` WHERE  `option_name` = 'cdn_settings' LIMIT 1 [ RunTime:0.000332s ]
[2026-06-05T16:48:22+08:00][sql] SHOW FULL COLUMNS FROM `cmf_user` [ RunTime:0.001741s ]
[2026-06-05T16:48:22+08:00][sql] SELECT * FROM `cmf_user` WHERE  `id` = 1 LIMIT 1 [ RunTime:0.000448s ]
[2026-06-05T16:48:22+08:00][sql] SHOW FULL COLUMNS FROM `cmf_admin_menu` [ RunTime:0.001249s ]
[2026-06-05T16:48:22+08:00][sql] SELECT * FROM `cmf_admin_menu` ORDER BY `app` ASC,`controller` ASC,`action` ASC [ RunTime:0.001634s ]
[2026-06-05T16:48:22+08:00][sql] CONNECT:[ UseTime:0.001061s ] mysql:host=127.0.0.1;port=3306;dbname=weihua;charset=utf8mb4
[2026-06-05T16:48:22+08:00][sql] SHOW FULL COLUMNS FROM `cmf_option` [ RunTime:0.001297s ]
[2026-06-05T16:48:22+08:00][sql] SELECT `option_value` FROM `cmf_option` WHERE  `option_name` = 'cdn_settings' LIMIT 1 [ RunTime:0.000272s ]
[2026-06-05T16:48:22+08:00][sql] SHOW FULL COLUMNS FROM `cmf_user` [ RunTime:0.001272s ]
[2026-06-05T16:48:22+08:00][sql] SELECT * FROM `cmf_user` WHERE  `id` = 1 LIMIT 1 [ RunTime:0.000334s ]
[2026-06-05T16:48:22+08:00][sql] SELECT `option_value` FROM `cmf_option` WHERE  `option_name` = 'cdn_settings' LIMIT 1 [ RunTime:0.000299s ]
[2026-06-05T16:48:22+08:00][sql] SELECT `option_value` FROM `cmf_option` WHERE  `option_name` = 'cmf_settings' LIMIT 1 [ RunTime:0.000283s ]
[2026-06-05T16:48:22+08:00][sql] SELECT `option_value` FROM `cmf_option` WHERE  `option_name` = 'storage' LIMIT 1 [ RunTime:0.000432s ]
[2026-06-05T16:48:24+08:00][sql] CONNECT:[ UseTime:0.000833s ] mysql:host=127.0.0.1;port=3306;dbname=weihua;charset=utf8mb4
[2026-06-05T16:48:24+08:00][sql] SHOW FULL COLUMNS FROM `cmf_option` [ RunTime:0.001384s ]
[2026-06-05T16:48:24+08:00][sql] SELECT `option_value` FROM `cmf_option` WHERE  `option_name` = 'cdn_settings' LIMIT 1 [ RunTime:0.000272s ]
[2026-06-05T16:48:24+08:00][sql] SHOW FULL COLUMNS FROM `cmf_user` [ RunTime:0.001330s ]
[2026-06-05T16:48:24+08:00][sql] SELECT * FROM `cmf_user` WHERE  `id` = 1 LIMIT 1 [ RunTime:0.000373s ]
[2026-06-05T16:48:24+08:00][sql] SHOW FULL COLUMNS FROM `cmf_portal_post` [ RunTime:0.001585s ]
[2026-06-05T16:48:24+08:00][sql] SELECT COUNT(*) AS think_count FROM `cmf_portal_post` `a` INNER JOIN `cmf_user` `u` ON `a`.`user_id`=`u`.`id` WHERE (  `a`.`create_time` >= '0'  AND `a`.`delete_time` = '0'  AND (  `a`.`post_type` = '8' ) ) AND `a`.`delete_time` = '0' LIMIT 1 [ RunTime:0.000475s ]
[2026-06-05T16:48:24+08:00][sql] SELECT `a`.*,`u`.`user_login`,`u`.`user_nickname`,`u`.`user_email` FROM `cmf_portal_post` `a` INNER JOIN `cmf_user` `u` ON `a`.`user_id`=`u`.`id` WHERE (  `a`.`create_time` >= '0'  AND `a`.`delete_time` = '0'  AND (  `a`.`post_type` = '8' ) ) AND `a`.`delete_time` = '0' ORDER BY `update_time` DESC LIMIT 0,10 [ RunTime:0.000830s ]
[2026-06-05T16:48:24+08:00][sql] SHOW FULL COLUMNS FROM `cmf_portal_category` [ RunTime:0.001373s ]
[2026-06-05T16:48:24+08:00][sql] SELECT * FROM `cmf_portal_category` WHERE (  `delete_time` = 0  AND `type` = 8 ) AND `cmf_portal_category`.`delete_time` = '0' ORDER BY `list_order` ASC [ RunTime:0.000396s ]
[2026-06-05T16:48:24+08:00][sql] SHOW FULL COLUMNS FROM `cmf_portal_category_post` [ RunTime:0.001355s ]
[2026-06-05T16:48:24+08:00][sql] SELECT `cmf_portal_category`.*,`pivot`.`id` AS `pivot__id`,`pivot`.`post_id` AS `pivot__post_id`,`pivot`.`category_id` AS `pivot__category_id`,`pivot`.`list_order` AS `pivot__list_order`,`pivot`.`status` AS `pivot__status` FROM `cmf_portal_category` INNER JOIN `cmf_portal_category_post` `pivot` ON `pivot`.`category_id`=`cmf_portal_category`.`id` WHERE (  `pivot`.`post_id` = '27' ) AND `cmf_portal_category`.`delete_time` = '0' [ RunTime:0.000675s ]
[2026-06-05T16:48:24+08:00][sql] SELECT `option_value` FROM `cmf_option` WHERE  `option_name` = 'storage' LIMIT 1 [ RunTime:0.000251s ]
[2026-06-05T16:48:24+08:00][sql] SELECT `cmf_portal_category`.*,`pivot`.`id` AS `pivot__id`,`pivot`.`post_id` AS `pivot__post_id`,`pivot`.`category_id` AS `pivot__category_id`,`pivot`.`list_order` AS `pivot__list_order`,`pivot`.`status` AS `pivot__status` FROM `cmf_portal_category` INNER JOIN `cmf_portal_category_post` `pivot` ON `pivot`.`category_id`=`cmf_portal_category`.`id` WHERE (  `pivot`.`post_id` = '26' ) AND `cmf_portal_category`.`delete_time` = '0' [ RunTime:0.000435s ]
[2026-06-05T16:48:24+08:00][sql] SELECT `cmf_portal_category`.*,`pivot`.`id` AS `pivot__id`,`pivot`.`post_id` AS `pivot__post_id`,`pivot`.`category_id` AS `pivot__category_id`,`pivot`.`list_order` AS `pivot__list_order`,`pivot`.`status` AS `pivot__status` FROM `cmf_portal_category` INNER JOIN `cmf_portal_category_post` `pivot` ON `pivot`.`category_id`=`cmf_portal_category`.`id` WHERE (  `pivot`.`post_id` = '15' ) AND `cmf_portal_category`.`delete_time` = '0' [ RunTime:0.000401s ]
[2026-06-05T16:48:24+08:00][sql] SELECT `cmf_portal_category`.*,`pivot`.`id` AS `pivot__id`,`pivot`.`post_id` AS `pivot__post_id`,`pivot`.`category_id` AS `pivot__category_id`,`pivot`.`list_order` AS `pivot__list_order`,`pivot`.`status` AS `pivot__status` FROM `cmf_portal_category` INNER JOIN `cmf_portal_category_post` `pivot` ON `pivot`.`category_id`=`cmf_portal_category`.`id` WHERE (  `pivot`.`post_id` = '14' ) AND `cmf_portal_category`.`delete_time` = '0' [ RunTime:0.000361s ]
[2026-06-05T16:48:24+08:00][sql] SELECT `cmf_portal_category`.*,`pivot`.`id` AS `pivot__id`,`pivot`.`post_id` AS `pivot__post_id`,`pivot`.`category_id` AS `pivot__category_id`,`pivot`.`list_order` AS `pivot__list_order`,`pivot`.`status` AS `pivot__status` FROM `cmf_portal_category` INNER JOIN `cmf_portal_category_post` `pivot` ON `pivot`.`category_id`=`cmf_portal_category`.`id` WHERE (  `pivot`.`post_id` = '12' ) AND `cmf_portal_category`.`delete_time` = '0' [ RunTime:0.000374s ]
[2026-06-05T16:48:24+08:00][sql] SELECT `cmf_portal_category`.*,`pivot`.`id` AS `pivot__id`,`pivot`.`post_id` AS `pivot__post_id`,`pivot`.`category_id` AS `pivot__category_id`,`pivot`.`list_order` AS `pivot__list_order`,`pivot`.`status` AS `pivot__status` FROM `cmf_portal_category` INNER JOIN `cmf_portal_category_post` `pivot` ON `pivot`.`category_id`=`cmf_portal_category`.`id` WHERE (  `pivot`.`post_id` = '10' ) AND `cmf_portal_category`.`delete_time` = '0' [ RunTime:0.000370s ]
[2026-06-05T16:48:24+08:00][sql] SELECT `cmf_portal_category`.*,`pivot`.`id` AS `pivot__id`,`pivot`.`post_id` AS `pivot__post_id`,`pivot`.`category_id` AS `pivot__category_id`,`pivot`.`list_order` AS `pivot__list_order`,`pivot`.`status` AS `pivot__status` FROM `cmf_portal_category` INNER JOIN `cmf_portal_category_post` `pivot` ON `pivot`.`category_id`=`cmf_portal_category`.`id` WHERE (  `pivot`.`post_id` = '13' ) AND `cmf_portal_category`.`delete_time` = '0' [ RunTime:0.000377s ]
[2026-06-05T16:48:24+08:00][sql] SELECT `cmf_portal_category`.*,`pivot`.`id` AS `pivot__id`,`pivot`.`post_id` AS `pivot__post_id`,`pivot`.`category_id` AS `pivot__category_id`,`pivot`.`list_order` AS `pivot__list_order`,`pivot`.`status` AS `pivot__status` FROM `cmf_portal_category` INNER JOIN `cmf_portal_category_post` `pivot` ON `pivot`.`category_id`=`cmf_portal_category`.`id` WHERE (  `pivot`.`post_id` = '9' ) AND `cmf_portal_category`.`delete_time` = '0' [ RunTime:0.000362s ]
[2026-06-05T16:48:26+08:00][sql] CONNECT:[ UseTime:0.000877s ] mysql:host=127.0.0.1;port=3306;dbname=weihua;charset=utf8mb4
[2026-06-05T16:48:26+08:00][sql] SHOW FULL COLUMNS FROM `cmf_option` [ RunTime:0.001464s ]
[2026-06-05T16:48:26+08:00][sql] SELECT `option_value` FROM `cmf_option` WHERE  `option_name` = 'cdn_settings' LIMIT 1 [ RunTime:0.000647s ]
[2026-06-05T16:48:26+08:00][sql] SHOW FULL COLUMNS FROM `cmf_user` [ RunTime:0.001535s ]
[2026-06-05T16:48:26+08:00][sql] SELECT * FROM `cmf_user` WHERE  `id` = 1 LIMIT 1 [ RunTime:0.000414s ]
[2026-06-05T16:48:26+08:00][sql] SHOW FULL COLUMNS FROM `cmf_portal_post` [ RunTime:0.001337s ]
[2026-06-05T16:48:26+08:00][sql] SELECT * FROM `cmf_portal_post` WHERE (  `id` = 27 ) AND `cmf_portal_post`.`delete_time` = '0' LIMIT 1 [ RunTime:0.000408s ]
[2026-06-05T16:48:26+08:00][sql] SHOW FULL COLUMNS FROM `cmf_portal_category_post` [ RunTime:0.001110s ]
[2026-06-05T16:48:26+08:00][sql] SHOW FULL COLUMNS FROM `cmf_portal_category` [ RunTime:0.001130s ]
[2026-06-05T16:48:26+08:00][sql] SELECT `a`.`name`,`a`.`id` FROM `cmf_portal_category` `a` INNER JOIN `cmf_portal_category_post` `pivot` ON `pivot`.`category_id`=`a`.`id` WHERE (  `pivot`.`post_id` = '27' ) AND `a`.`delete_time` = '0' [ RunTime:0.000423s ]
[2026-06-05T16:48:26+08:00][sql] SHOW FULL COLUMNS FROM `cmf_route` [ RunTime:0.001025s ]
[2026-06-05T16:48:26+08:00][sql] SELECT `url` FROM `cmf_route` WHERE  `full_url` = 'portal/index/news_info?cid=1&id=27' LIMIT 1 [ RunTime:0.000346s ]
[2026-06-05T16:48:26+08:00][sql] SHOW FULL COLUMNS FROM `cmf_theme_file` [ RunTime:0.001016s ]
[2026-06-05T16:48:26+08:00][sql] SELECT * FROM `cmf_theme_file` WHERE  `theme` = 'default'  AND `action` = 'portal/Article/index' [ RunTime:0.000313s ]
[2026-06-05T16:48:26+08:00][sql] SELECT `option_value` FROM `cmf_option` WHERE  `option_name` = 'storage' LIMIT 1 [ RunTime:0.000562s ]
[2026-06-05T16:48:26+08:00][sql] CONNECT:[ UseTime:0.000707s ] mysql:host=127.0.0.1;port=3306;dbname=weihua;charset=utf8mb4
[2026-06-05T16:48:26+08:00][sql] SHOW FULL COLUMNS FROM `cmf_option` [ RunTime:0.001469s ]
[2026-06-05T16:48:26+08:00][sql] SELECT `option_value` FROM `cmf_option` WHERE  `option_name` = 'cdn_settings' LIMIT 1 [ RunTime:0.000325s ]
[2026-06-05T16:48:26+08:00][sql] SELECT `option_value` FROM `cmf_option` WHERE  `option_name` = 'cdn_settings' LIMIT 1 [ RunTime:0.000338s ]
[2026-06-05T16:48:31+08:00][sql] CONNECT:[ UseTime:0.000752s ] mysql:host=127.0.0.1;port=3306;dbname=weihua;charset=utf8mb4
[2026-06-05T16:48:31+08:00][sql] SHOW FULL COLUMNS FROM `cmf_option` [ RunTime:0.001361s ]
[2026-06-05T16:48:31+08:00][sql] SELECT `option_value` FROM `cmf_option` WHERE  `option_name` = 'cdn_settings' LIMIT 1 [ RunTime:0.000276s ]
[2026-06-05T16:48:31+08:00][sql] SHOW FULL COLUMNS FROM `cmf_user` [ RunTime:0.001142s ]
[2026-06-05T16:48:31+08:00][sql] SELECT * FROM `cmf_user` WHERE  `id` = 1 LIMIT 1 [ RunTime:0.000317s ]
[2026-06-05T16:48:31+08:00][sql] SHOW FULL COLUMNS FROM `cmf_portal_post` [ RunTime:0.001302s ]
[2026-06-05T16:48:31+08:00][sql] SELECT * FROM `cmf_portal_post` WHERE (  `id` = 27 ) AND `cmf_portal_post`.`delete_time` = '0' LIMIT 1 [ RunTime:0.000328s ]
[2026-06-05T16:48:31+08:00][sql] SELECT `option_value` FROM `cmf_option` WHERE  `option_name` = 'storage' LIMIT 1 [ RunTime:0.000390s ]
[2026-06-05T16:48:31+08:00][sql] UPDATE `cmf_portal_post`  SET `post_alias` = 'qwewqe' , `update_time` = 1780649311  WHERE (  `id` = 27 ) AND `cmf_portal_post`.`delete_time` = '0' [ RunTime:0.001276s ]
[2026-06-05T16:48:31+08:00][sql] SHOW FULL COLUMNS FROM `cmf_portal_category_post` [ RunTime:0.001330s ]
[2026-06-05T16:48:31+08:00][sql] SHOW FULL COLUMNS FROM `cmf_portal_category` [ RunTime:0.001203s ]
[2026-06-05T16:48:31+08:00][sql] SELECT `category_id` FROM `cmf_portal_category` INNER JOIN `cmf_portal_category_post` `pivot` ON `pivot`.`category_id`=`cmf_portal_category`.`id` WHERE (  `pivot`.`post_id` = '27' ) AND `cmf_portal_category`.`delete_time` = '0' [ RunTime:0.000403s ]
[2026-06-05T16:48:31+08:00][sql] SHOW FULL COLUMNS FROM `cmf_route` [ RunTime:0.000937s ]
[2026-06-05T16:48:31+08:00][sql] SELECT * FROM `cmf_route` WHERE  `full_url` = 'portal/index/news_info?cid=1&id=27' LIMIT 1 [ RunTime:0.000348s ]
[2026-06-05T16:48:31+08:00][sql] INSERT INTO `cmf_route` SET `full_url` = 'portal/index/news_info?cid=1&id=27' , `url` = 'qwewqe' , `list_order` = '5000' , `type` = 2 [ RunTime:0.001784s ]
[2026-06-05T16:48:31+08:00][sql] SELECT * FROM `cmf_route` WHERE  `status` = 1 ORDER BY `list_order` ASC [ RunTime:0.000491s ]
[2026-06-05T16:48:33+08:00][sql] CONNECT:[ UseTime:0.000665s ] mysql:host=127.0.0.1;port=3306;dbname=weihua;charset=utf8mb4
[2026-06-05T16:48:33+08:00][sql] SHOW FULL COLUMNS FROM `cmf_option` [ RunTime:0.001039s ]
[2026-06-05T16:48:33+08:00][sql] SELECT `option_value` FROM `cmf_option` WHERE  `option_name` = 'cdn_settings' LIMIT 1 [ RunTime:0.000215s ]
[2026-06-05T16:48:33+08:00][sql] SHOW FULL COLUMNS FROM `cmf_user` [ RunTime:0.001158s ]
[2026-06-05T16:48:33+08:00][sql] SELECT * FROM `cmf_user` WHERE  `id` = 1 LIMIT 1 [ RunTime:0.000319s ]
[2026-06-05T16:48:33+08:00][sql] SHOW FULL COLUMNS FROM `cmf_portal_post` [ RunTime:0.001031s ]
[2026-06-05T16:48:33+08:00][sql] SELECT * FROM `cmf_portal_post` WHERE (  `id` = 27 ) AND `cmf_portal_post`.`delete_time` = '0' LIMIT 1 [ RunTime:0.000559s ]
[2026-06-05T16:48:33+08:00][sql] SHOW FULL COLUMNS FROM `cmf_portal_category_post` [ RunTime:0.000979s ]
[2026-06-05T16:48:33+08:00][sql] SHOW FULL COLUMNS FROM `cmf_portal_category` [ RunTime:0.000862s ]
[2026-06-05T16:48:33+08:00][sql] SELECT `a`.`name`,`a`.`id` FROM `cmf_portal_category` `a` INNER JOIN `cmf_portal_category_post` `pivot` ON `pivot`.`category_id`=`a`.`id` WHERE (  `pivot`.`post_id` = '27' ) AND `a`.`delete_time` = '0' [ RunTime:0.000322s ]
[2026-06-05T16:48:33+08:00][sql] SHOW FULL COLUMNS FROM `cmf_route` [ RunTime:0.000731s ]
[2026-06-05T16:48:33+08:00][sql] SELECT `url` FROM `cmf_route` WHERE  `full_url` = 'portal/index/news_info?cid=1&id=27' LIMIT 1 [ RunTime:0.000401s ]
[2026-06-05T16:48:33+08:00][sql] SHOW FULL COLUMNS FROM `cmf_theme_file` [ RunTime:0.000758s ]
[2026-06-05T16:48:33+08:00][sql] SELECT * FROM `cmf_theme_file` WHERE  `theme` = 'default'  AND `action` = 'portal/Article/index' [ RunTime:0.000246s ]
[2026-06-05T16:48:33+08:00][sql] SELECT `option_value` FROM `cmf_option` WHERE  `option_name` = 'storage' LIMIT 1 [ RunTime:0.000216s ]
[2026-06-05T16:48:33+08:00][sql] CONNECT:[ UseTime:0.000994s ] mysql:host=127.0.0.1;port=3306;dbname=weihua;charset=utf8mb4
[2026-06-05T16:48:33+08:00][sql] SHOW FULL COLUMNS FROM `cmf_option` [ RunTime:0.001662s ]
[2026-06-05T16:48:33+08:00][sql] SELECT `option_value` FROM `cmf_option` WHERE  `option_name` = 'cdn_settings' LIMIT 1 [ RunTime:0.000277s ]
[2026-06-05T16:48:33+08:00][sql] SELECT `option_value` FROM `cmf_option` WHERE  `option_name` = 'cdn_settings' LIMIT 1 [ RunTime:0.000294s ]
[2026-06-05T16:48:37+08:00][sql] CONNECT:[ UseTime:0.000650s ] mysql:host=127.0.0.1;port=3306;dbname=weihua;charset=utf8mb4
[2026-06-05T16:48:37+08:00][sql] SHOW FULL COLUMNS FROM `cmf_option` [ RunTime:0.001105s ]
[2026-06-05T16:48:37+08:00][sql] SELECT `option_value` FROM `cmf_option` WHERE  `option_name` = 'cdn_settings' LIMIT 1 [ RunTime:0.000244s ]
[2026-06-05T16:48:37+08:00][sql] SHOW FULL COLUMNS FROM `cmf_user` [ RunTime:0.001297s ]
[2026-06-05T16:48:37+08:00][sql] SELECT * FROM `cmf_user` WHERE  `id` = 1 LIMIT 1 [ RunTime:0.000304s ]
[2026-06-05T16:48:37+08:00][sql] SHOW FULL COLUMNS FROM `cmf_portal_post` [ RunTime:0.001486s ]
[2026-06-05T16:48:37+08:00][sql] SELECT * FROM `cmf_portal_post` WHERE (  `id` = 27 ) AND `cmf_portal_post`.`delete_time` = '0' LIMIT 1 [ RunTime:0.000517s ]
[2026-06-05T16:48:37+08:00][sql] SHOW FULL COLUMNS FROM `cmf_portal_category_post` [ RunTime:0.000944s ]
[2026-06-05T16:48:37+08:00][sql] SHOW FULL COLUMNS FROM `cmf_portal_category` [ RunTime:0.000993s ]
[2026-06-05T16:48:37+08:00][sql] SELECT `a`.`name`,`a`.`id` FROM `cmf_portal_category` `a` INNER JOIN `cmf_portal_category_post` `pivot` ON `pivot`.`category_id`=`a`.`id` WHERE (  `pivot`.`post_id` = '27' ) AND `a`.`delete_time` = '0' [ RunTime:0.000309s ]
[2026-06-05T16:48:37+08:00][sql] SHOW FULL COLUMNS FROM `cmf_route` [ RunTime:0.000795s ]
[2026-06-05T16:48:37+08:00][sql] SELECT `url` FROM `cmf_route` WHERE  `full_url` = 'portal/index/news_info?cid=1&id=27' LIMIT 1 [ RunTime:0.000259s ]
[2026-06-05T16:48:37+08:00][sql] SHOW FULL COLUMNS FROM `cmf_theme_file` [ RunTime:0.000721s ]
[2026-06-05T16:48:37+08:00][sql] SELECT * FROM `cmf_theme_file` WHERE  `theme` = 'default'  AND `action` = 'portal/Article/index' [ RunTime:0.000209s ]
[2026-06-05T16:48:37+08:00][sql] SELECT `option_value` FROM `cmf_option` WHERE  `option_name` = 'storage' LIMIT 1 [ RunTime:0.000260s ]
[2026-06-05T16:48:37+08:00][sql] CONNECT:[ UseTime:0.000828s ] mysql:host=127.0.0.1;port=3306;dbname=weihua;charset=utf8mb4
[2026-06-05T16:48:37+08:00][sql] SHOW FULL COLUMNS FROM `cmf_option` [ RunTime:0.001332s ]
[2026-06-05T16:48:37+08:00][sql] SELECT `option_value` FROM `cmf_option` WHERE  `option_name` = 'cdn_settings' LIMIT 1 [ RunTime:0.000266s ]
[2026-06-05T16:48:37+08:00][sql] SELECT `option_value` FROM `cmf_option` WHERE  `option_name` = 'cdn_settings' LIMIT 1 [ RunTime:0.000280s ]
[2026-06-05T16:48:40+08:00][sql] CONNECT:[ UseTime:0.001446s ] mysql:host=127.0.0.1;port=3306;dbname=weihua;charset=utf8mb4
[2026-06-05T16:48:40+08:00][sql] SHOW FULL COLUMNS FROM `cmf_option` [ RunTime:0.001077s ]
[2026-06-05T16:48:40+08:00][sql] SELECT `option_value` FROM `cmf_option` WHERE  `option_name` = 'cdn_settings' LIMIT 1 [ RunTime:0.000242s ]
[2026-06-05T16:48:40+08:00][sql] SELECT `option_value` FROM `cmf_option` WHERE  `option_name` = 'cdn_settings' LIMIT 1 [ RunTime:0.000399s ]
[2026-06-05T16:48:40+08:00][sql] SHOW FULL COLUMNS FROM `cmf_product_category` [ RunTime:0.001224s ]
[2026-06-05T16:48:40+08:00][sql] SELECT * FROM `cmf_product_category` WHERE  `parent_id` = 0 ORDER BY `list_order` ASC,`create_time` DESC [ RunTime:0.000373s ]
[2026-06-05T16:48:40+08:00][sql] SELECT * FROM `cmf_product_category` WHERE  `parent_id` IN (28,19,22,23,25,27,30) [ RunTime:0.000490s ]
[2026-06-05T16:48:40+08:00][sql] SHOW FULL COLUMNS FROM `cmf_portal_category` [ RunTime:0.001866s ]
[2026-06-05T16:48:40+08:00][sql] SELECT * FROM `cmf_portal_category` WHERE (  `type` = 8 ) AND `cmf_portal_category`.`delete_time` = '0' ORDER BY `list_order` ASC [ RunTime:0.000782s ]
[2026-06-05T16:48:40+08:00][sql] SELECT * FROM `cmf_portal_category` WHERE (  `id` = 1  AND `status` = 1 ) AND `cmf_portal_category`.`delete_time` = '0' LIMIT 1 [ RunTime:0.000575s ]
[2026-06-05T16:48:40+08:00][sql] SHOW FULL COLUMNS FROM `cmf_portal_post` [ RunTime:0.001519s ]
[2026-06-05T16:48:40+08:00][sql] SELECT `post`.* FROM `cmf_portal_post` `post` LEFT JOIN `cmf_portal_category_post` `relation` ON `post`.`id`=`relation`.`post_id` WHERE (  `post`.`post_type` = '8'  AND `relation`.`category_id` = '1'  AND `post`.`id` = '27'  AND ( post.delete_time IS NULL OR post.delete_time = 0 ) ) AND `post`.`delete_time` = '0' LIMIT 1 [ RunTime:0.000459s ]
[2026-06-05T16:48:40+08:00][sql] SHOW FULL COLUMNS FROM `cmf_slide_item` [ RunTime:0.001000s ]
[2026-06-05T16:48:40+08:00][sql] SELECT `title`,`description`,`image` FROM `cmf_slide_item` WHERE  `slide_id` = 12  AND `status` = 1 ORDER BY `list_order` ASC,`id` DESC LIMIT 1 [ RunTime:0.000316s ]
[2026-06-05T16:48:40+08:00][sql] UPDATE `cmf_portal_post`  SET `post_hits` = `post_hits` + 1  WHERE (  `id` = 27 ) AND `cmf_portal_post`.`delete_time` = '0' [ RunTime:0.003383s ]
[2026-06-05T16:48:40+08:00][sql] SELECT `post`.* FROM `cmf_portal_post` `post` LEFT JOIN `cmf_portal_category_post` `relation` ON `post`.`id`=`relation`.`post_id` WHERE (  `post`.`post_type` = '8'  AND `relation`.`category_id` = '1'  AND `post`.`id` < '27'  AND ( post.delete_time IS NULL OR post.delete_time = 0 ) ) AND `post`.`delete_time` = '0' ORDER BY `post`.`id` DESC LIMIT 1 [ RunTime:0.000480s ]
[2026-06-05T16:48:40+08:00][sql] SELECT `post`.* FROM `cmf_portal_post` `post` LEFT JOIN `cmf_portal_category_post` `relation` ON `post`.`id`=`relation`.`post_id` WHERE (  `post`.`post_type` = '8'  AND `relation`.`category_id` = '1'  AND `post`.`id` > '27'  AND ( post.delete_time IS NULL OR post.delete_time = 0 ) ) AND `post`.`delete_time` = '0' ORDER BY `post`.`id` ASC LIMIT 1 [ RunTime:0.000368s ]
[2026-06-05T16:48:40+08:00][sql] SHOW FULL COLUMNS FROM `cmf_theme_file` [ RunTime:0.001563s ]
[2026-06-05T16:48:40+08:00][sql] SELECT `more`,`file`,`id` FROM `cmf_theme_file` WHERE  `theme` = 'simpleboot3'  AND (  `is_public` = 1 OR `file` = 'portal/news-info' ) ORDER BY `is_public` DESC [ RunTime:0.000455s ]
[2026-06-05T16:48:40+08:00][sql] SELECT `option_value` FROM `cmf_option` WHERE  `option_name` = 'storage' LIMIT 1 [ RunTime:0.000373s ]
[2026-06-05T16:48:42+08:00][sql] CONNECT:[ UseTime:0.025586s ] mysql:host=127.0.0.1;port=3306;dbname=weihua;charset=utf8mb4
[2026-06-05T16:48:42+08:00][sql] SHOW FULL COLUMNS FROM `cmf_option` [ RunTime:0.001230s ]
[2026-06-05T16:48:42+08:00][sql] SELECT `option_value` FROM `cmf_option` WHERE  `option_name` = 'cdn_settings' LIMIT 1 [ RunTime:0.000291s ]
[2026-06-05T16:48:42+08:00][sql] SELECT `option_value` FROM `cmf_option` WHERE  `option_name` = 'cdn_settings' LIMIT 1 [ RunTime:0.000242s ]
[2026-06-05T16:48:42+08:00][sql] SHOW FULL COLUMNS FROM `cmf_product_category` [ RunTime:0.001025s ]
[2026-06-05T16:48:42+08:00][sql] SELECT * FROM `cmf_product_category` WHERE  `parent_id` = 0 ORDER BY `list_order` ASC,`create_time` DESC [ RunTime:0.000296s ]
[2026-06-05T16:48:42+08:00][sql] SELECT * FROM `cmf_product_category` WHERE  `parent_id` IN (28,19,22,23,25,27,30) [ RunTime:0.000309s ]
[2026-06-05T16:48:42+08:00][sql] SHOW FULL COLUMNS FROM `cmf_portal_category` [ RunTime:0.001221s ]
[2026-06-05T16:48:42+08:00][sql] SELECT * FROM `cmf_portal_category` WHERE (  `type` = 8 ) AND `cmf_portal_category`.`delete_time` = '0' ORDER BY `list_order` ASC [ RunTime:0.000395s ]
[2026-06-05T16:48:42+08:00][sql] SHOW FULL COLUMNS FROM `cmf_slide_item` [ RunTime:0.001039s ]
[2026-06-05T16:48:42+08:00][sql] SELECT `title`,`description`,`image` FROM `cmf_slide_item` WHERE  `slide_id` = 12  AND `status` = 1 ORDER BY `list_order` ASC,`id` DESC LIMIT 1 [ RunTime:0.000348s ]
[2026-06-05T16:48:42+08:00][sql] SELECT * FROM `cmf_portal_category` WHERE (  `id` = 0  AND `status` = 1 ) AND `cmf_portal_category`.`delete_time` = '0' LIMIT 1 [ RunTime:0.000299s ]
[2026-06-05T16:48:42+08:00][sql] SHOW FULL COLUMNS FROM `cmf_portal_post` [ RunTime:0.001224s ]
[2026-06-05T16:48:42+08:00][sql] SELECT COUNT(*) AS think_count FROM `cmf_portal_post` `p` LEFT JOIN `cmf_portal_category_post` `c` ON `p`.`id`=`c`.`post_id` WHERE (  `post_type` = 8 ) AND `p`.`delete_time` = '0' LIMIT 1 [ RunTime:0.000438s ]
[2026-06-05T16:48:42+08:00][sql] SELECT `p`.`id`,`p`.`post_title`,`p`.`thumbnail`,`p`.`more`,c.category_id as cid,`p`.`post_excerpt`,`p`.`create_time` FROM `cmf_portal_post` `p` LEFT JOIN `cmf_portal_category_post` `c` ON `p`.`id`=`c`.`post_id` WHERE (  `post_type` = 8 ) AND `p`.`delete_time` = '0' ORDER BY `c`.`list_order` ASC,`p`.`create_time` DESC LIMIT 0,6 [ RunTime:0.000501s ]
[2026-06-05T16:48:42+08:00][sql] SHOW FULL COLUMNS FROM `cmf_theme_file` [ RunTime:0.000947s ]
[2026-06-05T16:48:42+08:00][sql] SELECT `more`,`file`,`id` FROM `cmf_theme_file` WHERE  `theme` = 'simpleboot3'  AND (  `is_public` = 1 OR `file` = 'portal/news' ) ORDER BY `is_public` DESC [ RunTime:0.000305s ]
[2026-06-05T16:48:42+08:00][sql] SELECT `option_value` FROM `cmf_option` WHERE  `option_name` = 'storage' LIMIT 1 [ RunTime:0.000416s ]
[2026-06-05T16:48:44+08:00][sql] CONNECT:[ UseTime:0.014884s ] mysql:host=127.0.0.1;port=3306;dbname=weihua;charset=utf8mb4
[2026-06-05T16:48:44+08:00][sql] SHOW FULL COLUMNS FROM `cmf_option` [ RunTime:0.002413s ]
[2026-06-05T16:48:44+08:00][sql] SELECT `option_value` FROM `cmf_option` WHERE  `option_name` = 'cdn_settings' LIMIT 1 [ RunTime:0.000308s ]
[2026-06-05T16:48:44+08:00][sql] SELECT `option_value` FROM `cmf_option` WHERE  `option_name` = 'cdn_settings' LIMIT 1 [ RunTime:0.000532s ]
[2026-06-05T16:48:44+08:00][sql] SHOW FULL COLUMNS FROM `cmf_product_category` [ RunTime:0.001562s ]
[2026-06-05T16:48:44+08:00][sql] SELECT * FROM `cmf_product_category` WHERE  `parent_id` = 0 ORDER BY `list_order` ASC,`create_time` DESC [ RunTime:0.000479s ]
[2026-06-05T16:48:44+08:00][sql] SELECT * FROM `cmf_product_category` WHERE  `parent_id` IN (28,19,22,23,25,27,30) [ RunTime:0.000760s ]
[2026-06-05T16:48:44+08:00][sql] SHOW FULL COLUMNS FROM `cmf_portal_category` [ RunTime:0.001204s ]
[2026-06-05T16:48:44+08:00][sql] SELECT * FROM `cmf_portal_category` WHERE (  `type` = 8 ) AND `cmf_portal_category`.`delete_time` = '0' ORDER BY `list_order` ASC [ RunTime:0.000373s ]
[2026-06-05T16:48:44+08:00][sql] SELECT * FROM `cmf_portal_category` WHERE (  `id` = 1  AND `status` = 1 ) AND `cmf_portal_category`.`delete_time` = '0' LIMIT 1 [ RunTime:0.000571s ]
[2026-06-05T16:48:44+08:00][sql] SHOW FULL COLUMNS FROM `cmf_portal_post` [ RunTime:0.001572s ]
[2026-06-05T16:48:44+08:00][sql] SELECT `post`.* FROM `cmf_portal_post` `post` LEFT JOIN `cmf_portal_category_post` `relation` ON `post`.`id`=`relation`.`post_id` WHERE (  `post`.`post_type` = '8'  AND `relation`.`category_id` = '1'  AND `post`.`id` = '27'  AND ( post.delete_time IS NULL OR post.delete_time = 0 ) ) AND `post`.`delete_time` = '0' LIMIT 1 [ RunTime:0.000479s ]
[2026-06-05T16:48:44+08:00][sql] SHOW FULL COLUMNS FROM `cmf_slide_item` [ RunTime:0.000985s ]
[2026-06-05T16:48:44+08:00][sql] SELECT `title`,`description`,`image` FROM `cmf_slide_item` WHERE  `slide_id` = 12  AND `status` = 1 ORDER BY `list_order` ASC,`id` DESC LIMIT 1 [ RunTime:0.000313s ]
[2026-06-05T16:48:44+08:00][sql] UPDATE `cmf_portal_post`  SET `post_hits` = `post_hits` + 1  WHERE (  `id` = 27 ) AND `cmf_portal_post`.`delete_time` = '0' [ RunTime:0.004027s ]
[2026-06-05T16:48:44+08:00][sql] SELECT `post`.* FROM `cmf_portal_post` `post` LEFT JOIN `cmf_portal_category_post` `relation` ON `post`.`id`=`relation`.`post_id` WHERE (  `post`.`post_type` = '8'  AND `relation`.`category_id` = '1'  AND `post`.`id` < '27'  AND ( post.delete_time IS NULL OR post.delete_time = 0 ) ) AND `post`.`delete_time` = '0' ORDER BY `post`.`id` DESC LIMIT 1 [ RunTime:0.000950s ]
[2026-06-05T16:48:44+08:00][sql] SELECT `post`.* FROM `cmf_portal_post` `post` LEFT JOIN `cmf_portal_category_post` `relation` ON `post`.`id`=`relation`.`post_id` WHERE (  `post`.`post_type` = '8'  AND `relation`.`category_id` = '1'  AND `post`.`id` > '27'  AND ( post.delete_time IS NULL OR post.delete_time = 0 ) ) AND `post`.`delete_time` = '0' ORDER BY `post`.`id` ASC LIMIT 1 [ RunTime:0.000385s ]
[2026-06-05T16:48:44+08:00][sql] SHOW FULL COLUMNS FROM `cmf_theme_file` [ RunTime:0.001034s ]
[2026-06-05T16:48:44+08:00][sql] SELECT `more`,`file`,`id` FROM `cmf_theme_file` WHERE  `theme` = 'simpleboot3'  AND (  `is_public` = 1 OR `file` = 'portal/news-info' ) ORDER BY `is_public` DESC [ RunTime:0.000384s ]
[2026-06-05T16:48:44+08:00][sql] SELECT `option_value` FROM `cmf_option` WHERE  `option_name` = 'storage' LIMIT 1 [ RunTime:0.000370s ]
[2026-06-05T16:48:46+08:00][sql] CONNECT:[ UseTime:0.001029s ] mysql:host=127.0.0.1;port=3306;dbname=weihua;charset=utf8mb4
[2026-06-05T16:48:46+08:00][sql] SHOW FULL COLUMNS FROM `cmf_option` [ RunTime:0.001455s ]
[2026-06-05T16:48:46+08:00][sql] SELECT `option_value` FROM `cmf_option` WHERE  `option_name` = 'cdn_settings' LIMIT 1 [ RunTime:0.000296s ]
[2026-06-05T16:48:46+08:00][sql] SHOW FULL COLUMNS FROM `cmf_user` [ RunTime:0.001454s ]
[2026-06-05T16:48:46+08:00][sql] SELECT * FROM `cmf_user` WHERE  `id` = 1 LIMIT 1 [ RunTime:0.000390s ]
[2026-06-05T16:48:46+08:00][sql] SHOW FULL COLUMNS FROM `cmf_admin_menu` [ RunTime:0.001284s ]
[2026-06-05T16:48:46+08:00][sql] SELECT * FROM `cmf_admin_menu` ORDER BY `app` ASC,`controller` ASC,`action` ASC [ RunTime:0.001228s ]
[2026-06-05T16:48:46+08:00][sql] CONNECT:[ UseTime:0.000890s ] mysql:host=127.0.0.1;port=3306;dbname=weihua;charset=utf8mb4
[2026-06-05T16:48:46+08:00][sql] SHOW FULL COLUMNS FROM `cmf_option` [ RunTime:0.002048s ]
[2026-06-05T16:48:46+08:00][sql] SELECT `option_value` FROM `cmf_option` WHERE  `option_name` = 'cdn_settings' LIMIT 1 [ RunTime:0.000407s ]
[2026-06-05T16:48:46+08:00][sql] SHOW FULL COLUMNS FROM `cmf_user` [ RunTime:0.002071s ]
[2026-06-05T16:48:46+08:00][sql] SELECT * FROM `cmf_user` WHERE  `id` = 1 LIMIT 1 [ RunTime:0.000450s ]
[2026-06-05T16:48:46+08:00][sql] SELECT `option_value` FROM `cmf_option` WHERE  `option_name` = 'cdn_settings' LIMIT 1 [ RunTime:0.000308s ]
[2026-06-05T16:48:46+08:00][sql] SELECT `option_value` FROM `cmf_option` WHERE  `option_name` = 'cmf_settings' LIMIT 1 [ RunTime:0.000205s ]
[2026-06-05T16:48:46+08:00][sql] SELECT `option_value` FROM `cmf_option` WHERE  `option_name` = 'storage' LIMIT 1 [ RunTime:0.000669s ]
[2026-06-05T16:48:46+08:00][sql] CONNECT:[ UseTime:0.000785s ] mysql:host=127.0.0.1;port=3306;dbname=weihua;charset=utf8mb4
[2026-06-05T16:48:46+08:00][sql] SHOW FULL COLUMNS FROM `cmf_option` [ RunTime:0.001238s ]
[2026-06-05T16:48:46+08:00][sql] SELECT `option_value` FROM `cmf_option` WHERE  `option_name` = 'cdn_settings' LIMIT 1 [ RunTime:0.000266s ]
[2026-06-05T16:48:46+08:00][sql] SHOW FULL COLUMNS FROM `cmf_user` [ RunTime:0.001731s ]
[2026-06-05T16:48:46+08:00][sql] SELECT * FROM `cmf_user` WHERE  `id` = 1 LIMIT 1 [ RunTime:0.000646s ]
[2026-06-05T16:48:46+08:00][sql] SHOW FULL COLUMNS FROM `cmf_portal_post` [ RunTime:0.001716s ]
[2026-06-05T16:48:46+08:00][sql] SELECT COUNT(*) AS think_count FROM `cmf_portal_post` `a` INNER JOIN `cmf_user` `u` ON `a`.`user_id`=`u`.`id` WHERE (  `a`.`create_time` >= '0'  AND `a`.`delete_time` = '0'  AND (  `a`.`post_type` = '8' ) ) AND `a`.`delete_time` = '0' LIMIT 1 [ RunTime:0.000442s ]
[2026-06-05T16:48:46+08:00][sql] SELECT `a`.*,`u`.`user_login`,`u`.`user_nickname`,`u`.`user_email` FROM `cmf_portal_post` `a` INNER JOIN `cmf_user` `u` ON `a`.`user_id`=`u`.`id` WHERE (  `a`.`create_time` >= '0'  AND `a`.`delete_time` = '0'  AND (  `a`.`post_type` = '8' ) ) AND `a`.`delete_time` = '0' ORDER BY `update_time` DESC LIMIT 0,10 [ RunTime:0.000799s ]
[2026-06-05T16:48:46+08:00][sql] SHOW FULL COLUMNS FROM `cmf_portal_category` [ RunTime:0.001776s ]
[2026-06-05T16:48:46+08:00][sql] SELECT * FROM `cmf_portal_category` WHERE (  `delete_time` = 0  AND `type` = 8 ) AND `cmf_portal_category`.`delete_time` = '0' ORDER BY `list_order` ASC [ RunTime:0.000440s ]
[2026-06-05T16:48:46+08:00][sql] SHOW FULL COLUMNS FROM `cmf_portal_category_post` [ RunTime:0.002186s ]
[2026-06-05T16:48:46+08:00][sql] SELECT `cmf_portal_category`.*,`pivot`.`id` AS `pivot__id`,`pivot`.`post_id` AS `pivot__post_id`,`pivot`.`category_id` AS `pivot__category_id`,`pivot`.`list_order` AS `pivot__list_order`,`pivot`.`status` AS `pivot__status` FROM `cmf_portal_category` INNER JOIN `cmf_portal_category_post` `pivot` ON `pivot`.`category_id`=`cmf_portal_category`.`id` WHERE (  `pivot`.`post_id` = '27' ) AND `cmf_portal_category`.`delete_time` = '0' [ RunTime:0.000847s ]
[2026-06-05T16:48:46+08:00][sql] SELECT `option_value` FROM `cmf_option` WHERE  `option_name` = 'storage' LIMIT 1 [ RunTime:0.000665s ]
[2026-06-05T16:48:46+08:00][sql] SELECT `cmf_portal_category`.*,`pivot`.`id` AS `pivot__id`,`pivot`.`post_id` AS `pivot__post_id`,`pivot`.`category_id` AS `pivot__category_id`,`pivot`.`list_order` AS `pivot__list_order`,`pivot`.`status` AS `pivot__status` FROM `cmf_portal_category` INNER JOIN `cmf_portal_category_post` `pivot` ON `pivot`.`category_id`=`cmf_portal_category`.`id` WHERE (  `pivot`.`post_id` = '26' ) AND `cmf_portal_category`.`delete_time` = '0' [ RunTime:0.000687s ]
[2026-06-05T16:48:46+08:00][sql] SELECT `cmf_portal_category`.*,`pivot`.`id` AS `pivot__id`,`pivot`.`post_id` AS `pivot__post_id`,`pivot`.`category_id` AS `pivot__category_id`,`pivot`.`list_order` AS `pivot__list_order`,`pivot`.`status` AS `pivot__status` FROM `cmf_portal_category` INNER JOIN `cmf_portal_category_post` `pivot` ON `pivot`.`category_id`=`cmf_portal_category`.`id` WHERE (  `pivot`.`post_id` = '15' ) AND `cmf_portal_category`.`delete_time` = '0' [ RunTime:0.000559s ]
[2026-06-05T16:48:46+08:00][sql] SELECT `cmf_portal_category`.*,`pivot`.`id` AS `pivot__id`,`pivot`.`post_id` AS `pivot__post_id`,`pivot`.`category_id` AS `pivot__category_id`,`pivot`.`list_order` AS `pivot__list_order`,`pivot`.`status` AS `pivot__status` FROM `cmf_portal_category` INNER JOIN `cmf_portal_category_post` `pivot` ON `pivot`.`category_id`=`cmf_portal_category`.`id` WHERE (  `pivot`.`post_id` = '14' ) AND `cmf_portal_category`.`delete_time` = '0' [ RunTime:0.000345s ]
[2026-06-05T16:48:46+08:00][sql] SELECT `cmf_portal_category`.*,`pivot`.`id` AS `pivot__id`,`pivot`.`post_id` AS `pivot__post_id`,`pivot`.`category_id` AS `pivot__category_id`,`pivot`.`list_order` AS `pivot__list_order`,`pivot`.`status` AS `pivot__status` FROM `cmf_portal_category` INNER JOIN `cmf_portal_category_post` `pivot` ON `pivot`.`category_id`=`cmf_portal_category`.`id` WHERE (  `pivot`.`post_id` = '12' ) AND `cmf_portal_category`.`delete_time` = '0' [ RunTime:0.000319s ]
[2026-06-05T16:48:46+08:00][sql] SELECT `cmf_portal_category`.*,`pivot`.`id` AS `pivot__id`,`pivot`.`post_id` AS `pivot__post_id`,`pivot`.`category_id` AS `pivot__category_id`,`pivot`.`list_order` AS `pivot__list_order`,`pivot`.`status` AS `pivot__status` FROM `cmf_portal_category` INNER JOIN `cmf_portal_category_post` `pivot` ON `pivot`.`category_id`=`cmf_portal_category`.`id` WHERE (  `pivot`.`post_id` = '10' ) AND `cmf_portal_category`.`delete_time` = '0' [ RunTime:0.000347s ]
[2026-06-05T16:48:46+08:00][sql] SELECT `cmf_portal_category`.*,`pivot`.`id` AS `pivot__id`,`pivot`.`post_id` AS `pivot__post_id`,`pivot`.`category_id` AS `pivot__category_id`,`pivot`.`list_order` AS `pivot__list_order`,`pivot`.`status` AS `pivot__status` FROM `cmf_portal_category` INNER JOIN `cmf_portal_category_post` `pivot` ON `pivot`.`category_id`=`cmf_portal_category`.`id` WHERE (  `pivot`.`post_id` = '13' ) AND `cmf_portal_category`.`delete_time` = '0' [ RunTime:0.000292s ]
[2026-06-05T16:48:46+08:00][sql] SELECT `cmf_portal_category`.*,`pivot`.`id` AS `pivot__id`,`pivot`.`post_id` AS `pivot__post_id`,`pivot`.`category_id` AS `pivot__category_id`,`pivot`.`list_order` AS `pivot__list_order`,`pivot`.`status` AS `pivot__status` FROM `cmf_portal_category` INNER JOIN `cmf_portal_category_post` `pivot` ON `pivot`.`category_id`=`cmf_portal_category`.`id` WHERE (  `pivot`.`post_id` = '9' ) AND `cmf_portal_category`.`delete_time` = '0' [ RunTime:0.000275s ]
[2026-06-05T16:48:48+08:00][sql] CONNECT:[ UseTime:0.000901s ] mysql:host=127.0.0.1;port=3306;dbname=weihua;charset=utf8mb4
[2026-06-05T16:48:48+08:00][sql] SHOW FULL COLUMNS FROM `cmf_option` [ RunTime:0.001606s ]
[2026-06-05T16:48:48+08:00][sql] SELECT `option_value` FROM `cmf_option` WHERE  `option_name` = 'cdn_settings' LIMIT 1 [ RunTime:0.000299s ]
[2026-06-05T16:48:48+08:00][sql] SHOW FULL COLUMNS FROM `cmf_user` [ RunTime:0.001409s ]
[2026-06-05T16:48:48+08:00][sql] SELECT * FROM `cmf_user` WHERE  `id` = 1 LIMIT 1 [ RunTime:0.000483s ]
[2026-06-05T16:48:48+08:00][sql] SHOW FULL COLUMNS FROM `cmf_portal_post` [ RunTime:0.001319s ]
[2026-06-05T16:48:48+08:00][sql] SELECT * FROM `cmf_portal_post` WHERE (  `id` = 27 ) AND `cmf_portal_post`.`delete_time` = '0' LIMIT 1 [ RunTime:0.000344s ]
[2026-06-05T16:48:48+08:00][sql] SHOW FULL COLUMNS FROM `cmf_portal_category_post` [ RunTime:0.001019s ]
[2026-06-05T16:48:48+08:00][sql] SHOW FULL COLUMNS FROM `cmf_portal_category` [ RunTime:0.001089s ]
[2026-06-05T16:48:48+08:00][sql] SELECT `a`.`name`,`a`.`id` FROM `cmf_portal_category` `a` INNER JOIN `cmf_portal_category_post` `pivot` ON `pivot`.`category_id`=`a`.`id` WHERE (  `pivot`.`post_id` = '27' ) AND `a`.`delete_time` = '0' [ RunTime:0.000379s ]
[2026-06-05T16:48:48+08:00][sql] SHOW FULL COLUMNS FROM `cmf_route` [ RunTime:0.000893s ]
[2026-06-05T16:48:48+08:00][sql] SELECT `url` FROM `cmf_route` WHERE  `full_url` = 'portal/index/news_info?cid=1&id=27' LIMIT 1 [ RunTime:0.000303s ]
[2026-06-05T16:48:48+08:00][sql] SHOW FULL COLUMNS FROM `cmf_theme_file` [ RunTime:0.000939s ]
[2026-06-05T16:48:48+08:00][sql] SELECT * FROM `cmf_theme_file` WHERE  `theme` = 'default'  AND `action` = 'portal/Article/index' [ RunTime:0.000299s ]
[2026-06-05T16:48:48+08:00][sql] SELECT `option_value` FROM `cmf_option` WHERE  `option_name` = 'storage' LIMIT 1 [ RunTime:0.000352s ]
[2026-06-05T16:48:48+08:00][sql] CONNECT:[ UseTime:0.000785s ] mysql:host=127.0.0.1;port=3306;dbname=weihua;charset=utf8mb4
[2026-06-05T16:48:48+08:00][sql] SHOW FULL COLUMNS FROM `cmf_option` [ RunTime:0.001695s ]
[2026-06-05T16:48:48+08:00][sql] SELECT `option_value` FROM `cmf_option` WHERE  `option_name` = 'cdn_settings' LIMIT 1 [ RunTime:0.000328s ]
[2026-06-05T16:48:48+08:00][sql] SELECT `option_value` FROM `cmf_option` WHERE  `option_name` = 'cdn_settings' LIMIT 1 [ RunTime:0.000227s ]
[2026-06-05T16:48:51+08:00][sql] CONNECT:[ UseTime:0.000681s ] mysql:host=127.0.0.1;port=3306;dbname=weihua;charset=utf8mb4
[2026-06-05T16:48:51+08:00][sql] SHOW FULL COLUMNS FROM `cmf_option` [ RunTime:0.002288s ]
[2026-06-05T16:48:51+08:00][sql] SELECT `option_value` FROM `cmf_option` WHERE  `option_name` = 'cdn_settings' LIMIT 1 [ RunTime:0.000343s ]
[2026-06-05T16:48:51+08:00][sql] SHOW FULL COLUMNS FROM `cmf_user` [ RunTime:0.002458s ]
[2026-06-05T16:48:51+08:00][sql] SELECT * FROM `cmf_user` WHERE  `id` = 1 LIMIT 1 [ RunTime:0.000583s ]
[2026-06-05T16:48:51+08:00][sql] SHOW FULL COLUMNS FROM `cmf_portal_post` [ RunTime:0.001338s ]
[2026-06-05T16:48:51+08:00][sql] SELECT * FROM `cmf_portal_post` WHERE (  `id` = 27 ) AND `cmf_portal_post`.`delete_time` = '0' LIMIT 1 [ RunTime:0.000364s ]
[2026-06-05T16:48:51+08:00][sql] SELECT `option_value` FROM `cmf_option` WHERE  `option_name` = 'storage' LIMIT 1 [ RunTime:0.000372s ]
[2026-06-05T16:48:51+08:00][sql] SHOW FULL COLUMNS FROM `cmf_portal_category_post` [ RunTime:0.001142s ]
[2026-06-05T16:48:51+08:00][sql] SHOW FULL COLUMNS FROM `cmf_portal_category` [ RunTime:0.001162s ]
[2026-06-05T16:48:51+08:00][sql] SELECT `category_id` FROM `cmf_portal_category` INNER JOIN `cmf_portal_category_post` `pivot` ON `pivot`.`category_id`=`cmf_portal_category`.`id` WHERE (  `pivot`.`post_id` = '27' ) AND `cmf_portal_category`.`delete_time` = '0' [ RunTime:0.000365s ]
[2026-06-05T16:48:51+08:00][sql] SHOW FULL COLUMNS FROM `cmf_route` [ RunTime:0.001013s ]
[2026-06-05T16:48:51+08:00][sql] SELECT * FROM `cmf_route` WHERE  `full_url` = 'portal/index/news_info?cid=1&id=27' LIMIT 1 [ RunTime:0.000537s ]
[2026-06-05T16:48:51+08:00][sql] UPDATE `cmf_route`  SET `url` = 'qwewqe' , `list_order` = '5000' , `type` = 2  WHERE  `id` = 246 [ RunTime:0.000270s ]
[2026-06-05T16:48:51+08:00][sql] SELECT * FROM `cmf_route` WHERE  `status` = 1 ORDER BY `list_order` ASC [ RunTime:0.000457s ]
[2026-06-05T16:48:53+08:00][sql] CONNECT:[ UseTime:0.000827s ] mysql:host=127.0.0.1;port=3306;dbname=weihua;charset=utf8mb4
[2026-06-05T16:48:53+08:00][sql] SHOW FULL COLUMNS FROM `cmf_option` [ RunTime:0.001776s ]
[2026-06-05T16:48:53+08:00][sql] SELECT `option_value` FROM `cmf_option` WHERE  `option_name` = 'cdn_settings' LIMIT 1 [ RunTime:0.000352s ]
[2026-06-05T16:48:53+08:00][sql] SHOW FULL COLUMNS FROM `cmf_user` [ RunTime:0.001601s ]
[2026-06-05T16:48:53+08:00][sql] SELECT * FROM `cmf_user` WHERE  `id` = 1 LIMIT 1 [ RunTime:0.000466s ]
[2026-06-05T16:48:53+08:00][sql] SHOW FULL COLUMNS FROM `cmf_portal_post` [ RunTime:0.001268s ]
[2026-06-05T16:48:53+08:00][sql] SELECT * FROM `cmf_portal_post` WHERE (  `id` = 27 ) AND `cmf_portal_post`.`delete_time` = '0' LIMIT 1 [ RunTime:0.000302s ]
[2026-06-05T16:48:53+08:00][sql] SHOW FULL COLUMNS FROM `cmf_portal_category_post` [ RunTime:0.000918s ]
[2026-06-05T16:48:53+08:00][sql] SHOW FULL COLUMNS FROM `cmf_portal_category` [ RunTime:0.001032s ]
[2026-06-05T16:48:53+08:00][sql] SELECT `a`.`name`,`a`.`id` FROM `cmf_portal_category` `a` INNER JOIN `cmf_portal_category_post` `pivot` ON `pivot`.`category_id`=`a`.`id` WHERE (  `pivot`.`post_id` = '27' ) AND `a`.`delete_time` = '0' [ RunTime:0.000544s ]
[2026-06-05T16:48:53+08:00][sql] SHOW FULL COLUMNS FROM `cmf_route` [ RunTime:0.001599s ]
[2026-06-05T16:48:53+08:00][sql] SELECT `url` FROM `cmf_route` WHERE  `full_url` = 'portal/index/news_info?cid=1&id=27' LIMIT 1 [ RunTime:0.000348s ]
[2026-06-05T16:48:53+08:00][sql] SHOW FULL COLUMNS FROM `cmf_theme_file` [ RunTime:0.000831s ]
[2026-06-05T16:48:53+08:00][sql] SELECT * FROM `cmf_theme_file` WHERE  `theme` = 'default'  AND `action` = 'portal/Article/index' [ RunTime:0.000285s ]
[2026-06-05T16:48:53+08:00][sql] SELECT `option_value` FROM `cmf_option` WHERE  `option_name` = 'storage' LIMIT 1 [ RunTime:0.000231s ]
[2026-06-05T16:48:54+08:00][sql] CONNECT:[ UseTime:0.001027s ] mysql:host=127.0.0.1;port=3306;dbname=weihua;charset=utf8mb4
[2026-06-05T16:48:54+08:00][sql] SHOW FULL COLUMNS FROM `cmf_option` [ RunTime:0.001179s ]
[2026-06-05T16:48:54+08:00][sql] SELECT `option_value` FROM `cmf_option` WHERE  `option_name` = 'cdn_settings' LIMIT 1 [ RunTime:0.000267s ]
[2026-06-05T16:48:54+08:00][sql] SELECT `option_value` FROM `cmf_option` WHERE  `option_name` = 'cdn_settings' LIMIT 1 [ RunTime:0.000327s ]
[2026-06-05T16:48:59+08:00][sql] CONNECT:[ UseTime:0.000845s ] mysql:host=127.0.0.1;port=3306;dbname=weihua;charset=utf8mb4
[2026-06-05T16:48:59+08:00][sql] SHOW FULL COLUMNS FROM `cmf_option` [ RunTime:0.004053s ]
[2026-06-05T16:48:59+08:00][sql] SELECT `option_value` FROM `cmf_option` WHERE  `option_name` = 'cdn_settings' LIMIT 1 [ RunTime:0.000367s ]
[2026-06-05T16:48:59+08:00][sql] SELECT `option_value` FROM `cmf_option` WHERE  `option_name` = 'cdn_settings' LIMIT 1 [ RunTime:0.000363s ]
[2026-06-05T16:48:59+08:00][sql] SHOW FULL COLUMNS FROM `cmf_product_category` [ RunTime:0.001100s ]
[2026-06-05T16:48:59+08:00][sql] SELECT * FROM `cmf_product_category` WHERE  `parent_id` = 0 ORDER BY `list_order` ASC,`create_time` DESC [ RunTime:0.000330s ]
[2026-06-05T16:48:59+08:00][sql] SELECT * FROM `cmf_product_category` WHERE  `parent_id` IN (28,19,22,23,25,27,30) [ RunTime:0.000397s ]
[2026-06-05T16:48:59+08:00][sql] SHOW FULL COLUMNS FROM `cmf_portal_category` [ RunTime:0.001399s ]
[2026-06-05T16:48:59+08:00][sql] SELECT * FROM `cmf_portal_category` WHERE (  `type` = 8 ) AND `cmf_portal_category`.`delete_time` = '0' ORDER BY `list_order` ASC [ RunTime:0.000355s ]
[2026-06-05T16:48:59+08:00][sql] SHOW FULL COLUMNS FROM `cmf_slide_item` [ RunTime:0.001124s ]
[2026-06-05T16:48:59+08:00][sql] SELECT `title`,`description`,`image` FROM `cmf_slide_item` WHERE  `slide_id` = 12  AND `status` = 1 ORDER BY `list_order` ASC,`id` DESC LIMIT 1 [ RunTime:0.000354s ]
[2026-06-05T16:48:59+08:00][sql] SELECT * FROM `cmf_portal_category` WHERE (  `id` = 0  AND `status` = 1 ) AND `cmf_portal_category`.`delete_time` = '0' LIMIT 1 [ RunTime:0.000317s ]
[2026-06-05T16:48:59+08:00][sql] SHOW FULL COLUMNS FROM `cmf_portal_post` [ RunTime:0.001202s ]
[2026-06-05T16:48:59+08:00][sql] SELECT COUNT(*) AS think_count FROM `cmf_portal_post` `p` LEFT JOIN `cmf_portal_category_post` `c` ON `p`.`id`=`c`.`post_id` WHERE (  `post_type` = 8 ) AND `p`.`delete_time` = '0' LIMIT 1 [ RunTime:0.000436s ]
[2026-06-05T16:48:59+08:00][sql] SELECT `p`.`id`,`p`.`post_title`,`p`.`thumbnail`,`p`.`more`,c.category_id as cid,`p`.`post_excerpt`,`p`.`create_time` FROM `cmf_portal_post` `p` LEFT JOIN `cmf_portal_category_post` `c` ON `p`.`id`=`c`.`post_id` WHERE (  `post_type` = 8 ) AND `p`.`delete_time` = '0' ORDER BY `c`.`list_order` ASC,`p`.`create_time` DESC LIMIT 0,6 [ RunTime:0.000477s ]
[2026-06-05T16:48:59+08:00][sql] SHOW FULL COLUMNS FROM `cmf_theme_file` [ RunTime:0.000975s ]
[2026-06-05T16:48:59+08:00][sql] SELECT `more`,`file`,`id` FROM `cmf_theme_file` WHERE  `theme` = 'simpleboot3'  AND (  `is_public` = 1 OR `file` = 'portal/news' ) ORDER BY `is_public` DESC [ RunTime:0.000291s ]
[2026-06-05T16:48:59+08:00][sql] SELECT `option_value` FROM `cmf_option` WHERE  `option_name` = 'storage' LIMIT 1 [ RunTime:0.000371s ]
[2026-06-05T16:49:00+08:00][sql] CONNECT:[ UseTime:0.000707s ] mysql:host=127.0.0.1;port=3306;dbname=weihua;charset=utf8mb4
[2026-06-05T16:49:00+08:00][sql] SHOW FULL COLUMNS FROM `cmf_option` [ RunTime:0.001546s ]
[2026-06-05T16:49:00+08:00][sql] SELECT `option_value` FROM `cmf_option` WHERE  `option_name` = 'cdn_settings' LIMIT 1 [ RunTime:0.000255s ]
[2026-06-05T16:49:00+08:00][sql] SELECT `option_value` FROM `cmf_option` WHERE  `option_name` = 'cdn_settings' LIMIT 1 [ RunTime:0.000448s ]
[2026-06-05T16:49:00+08:00][sql] SHOW FULL COLUMNS FROM `cmf_product_category` [ RunTime:0.001102s ]
[2026-06-05T16:49:00+08:00][sql] SELECT * FROM `cmf_product_category` WHERE  `parent_id` = 0 ORDER BY `list_order` ASC,`create_time` DESC [ RunTime:0.000289s ]
[2026-06-05T16:49:00+08:00][sql] SELECT * FROM `cmf_product_category` WHERE  `parent_id` IN (28,19,22,23,25,27,30) [ RunTime:0.000352s ]
[2026-06-05T16:49:00+08:00][sql] SHOW FULL COLUMNS FROM `cmf_portal_category` [ RunTime:0.001023s ]
[2026-06-05T16:49:00+08:00][sql] SELECT * FROM `cmf_portal_category` WHERE (  `type` = 8 ) AND `cmf_portal_category`.`delete_time` = '0' ORDER BY `list_order` ASC [ RunTime:0.000335s ]
[2026-06-05T16:49:00+08:00][sql] SELECT * FROM `cmf_portal_category` WHERE (  `id` = 1  AND `status` = 1 ) AND `cmf_portal_category`.`delete_time` = '0' LIMIT 1 [ RunTime:0.000323s ]
[2026-06-05T16:49:00+08:00][sql] SHOW FULL COLUMNS FROM `cmf_portal_post` [ RunTime:0.000975s ]
[2026-06-05T16:49:00+08:00][sql] SELECT `post`.* FROM `cmf_portal_post` `post` LEFT JOIN `cmf_portal_category_post` `relation` ON `post`.`id`=`relation`.`post_id` WHERE (  `post`.`post_type` = '8'  AND `relation`.`category_id` = '1'  AND `post`.`id` = '27'  AND ( post.delete_time IS NULL OR post.delete_time = 0 ) ) AND `post`.`delete_time` = '0' LIMIT 1 [ RunTime:0.000548s ]
[2026-06-05T16:49:00+08:00][sql] SHOW FULL COLUMNS FROM `cmf_slide_item` [ RunTime:0.000922s ]
[2026-06-05T16:49:00+08:00][sql] SELECT `title`,`description`,`image` FROM `cmf_slide_item` WHERE  `slide_id` = 12  AND `status` = 1 ORDER BY `list_order` ASC,`id` DESC LIMIT 1 [ RunTime:0.000306s ]
[2026-06-05T16:49:00+08:00][sql] UPDATE `cmf_portal_post`  SET `post_hits` = `post_hits` + 1  WHERE (  `id` = 27 ) AND `cmf_portal_post`.`delete_time` = '0' [ RunTime:0.004260s ]
[2026-06-05T16:49:00+08:00][sql] SELECT `post`.* FROM `cmf_portal_post` `post` LEFT JOIN `cmf_portal_category_post` `relation` ON `post`.`id`=`relation`.`post_id` WHERE (  `post`.`post_type` = '8'  AND `relation`.`category_id` = '1'  AND `post`.`id` < '27'  AND ( post.delete_time IS NULL OR post.delete_time = 0 ) ) AND `post`.`delete_time` = '0' ORDER BY `post`.`id` DESC LIMIT 1 [ RunTime:0.000640s ]
[2026-06-05T16:49:00+08:00][sql] SELECT `post`.* FROM `cmf_portal_post` `post` LEFT JOIN `cmf_portal_category_post` `relation` ON `post`.`id`=`relation`.`post_id` WHERE (  `post`.`post_type` = '8'  AND `relation`.`category_id` = '1'  AND `post`.`id` > '27'  AND ( post.delete_time IS NULL OR post.delete_time = 0 ) ) AND `post`.`delete_time` = '0' ORDER BY `post`.`id` ASC LIMIT 1 [ RunTime:0.000360s ]
[2026-06-05T16:49:00+08:00][sql] SHOW FULL COLUMNS FROM `cmf_theme_file` [ RunTime:0.001494s ]
[2026-06-05T16:49:00+08:00][sql] SELECT `more`,`file`,`id` FROM `cmf_theme_file` WHERE  `theme` = 'simpleboot3'  AND (  `is_public` = 1 OR `file` = 'portal/news-info' ) ORDER BY `is_public` DESC [ RunTime:0.000455s ]
[2026-06-05T16:49:00+08:00][sql] SELECT `option_value` FROM `cmf_option` WHERE  `option_name` = 'storage' LIMIT 1 [ RunTime:0.000360s ]
[2026-06-05T16:49:04+08:00][sql] CONNECT:[ UseTime:0.000973s ] mysql:host=127.0.0.1;port=3306;dbname=weihua;charset=utf8mb4
[2026-06-05T16:49:04+08:00][sql] SHOW FULL COLUMNS FROM `cmf_option` [ RunTime:0.002365s ]
[2026-06-05T16:49:04+08:00][sql] SELECT `option_value` FROM `cmf_option` WHERE  `option_name` = 'cdn_settings' LIMIT 1 [ RunTime:0.000508s ]
[2026-06-05T16:49:04+08:00][sql] SHOW FULL COLUMNS FROM `cmf_user` [ RunTime:0.002131s ]
[2026-06-05T16:49:04+08:00][sql] SELECT * FROM `cmf_user` WHERE  `id` = 1 LIMIT 1 [ RunTime:0.000393s ]
[2026-06-05T16:49:04+08:00][sql] SELECT `option_value` FROM `cmf_option` WHERE  `option_name` = 'cdn_settings' LIMIT 1 [ RunTime:0.000305s ]
[2026-06-05T16:49:04+08:00][sql] SELECT `option_value` FROM `cmf_option` WHERE  `option_name` = 'cmf_settings' LIMIT 1 [ RunTime:0.000221s ]
[2026-06-05T16:49:04+08:00][sql] SELECT `option_value` FROM `cmf_option` WHERE  `option_name` = 'storage' LIMIT 1 [ RunTime:0.000394s ]
[2026-06-05T16:49:05+08:00][sql] CONNECT:[ UseTime:0.001048s ] mysql:host=127.0.0.1;port=3306;dbname=weihua;charset=utf8mb4
[2026-06-05T16:49:05+08:00][sql] SHOW FULL COLUMNS FROM `cmf_option` [ RunTime:0.001687s ]
[2026-06-05T16:49:05+08:00][sql] SELECT `option_value` FROM `cmf_option` WHERE  `option_name` = 'cdn_settings' LIMIT 1 [ RunTime:0.000298s ]
[2026-06-05T16:49:05+08:00][sql] SHOW FULL COLUMNS FROM `cmf_user` [ RunTime:0.001195s ]
[2026-06-05T16:49:05+08:00][sql] SELECT * FROM `cmf_user` WHERE  `id` = 1 LIMIT 1 [ RunTime:0.000359s ]
[2026-06-05T16:49:05+08:00][sql] SHOW FULL COLUMNS FROM `cmf_admin_menu` [ RunTime:0.000996s ]
[2026-06-05T16:49:05+08:00][sql] SELECT * FROM `cmf_admin_menu` ORDER BY `app` ASC,`controller` ASC,`action` ASC [ RunTime:0.001351s ]
[2026-06-05T16:49:05+08:00][sql] CONNECT:[ UseTime:0.000813s ] mysql:host=127.0.0.1;port=3306;dbname=weihua;charset=utf8mb4
[2026-06-05T16:49:05+08:00][sql] SHOW FULL COLUMNS FROM `cmf_option` [ RunTime:0.001094s ]
[2026-06-05T16:49:05+08:00][sql] SELECT `option_value` FROM `cmf_option` WHERE  `option_name` = 'cdn_settings' LIMIT 1 [ RunTime:0.000298s ]
[2026-06-05T16:49:05+08:00][sql] SHOW FULL COLUMNS FROM `cmf_user` [ RunTime:0.001208s ]
[2026-06-05T16:49:05+08:00][sql] SELECT * FROM `cmf_user` WHERE  `id` = 1 LIMIT 1 [ RunTime:0.000473s ]
[2026-06-05T16:49:05+08:00][sql] SELECT `option_value` FROM `cmf_option` WHERE  `option_name` = 'cdn_settings' LIMIT 1 [ RunTime:0.000228s ]
[2026-06-05T16:49:05+08:00][sql] SELECT `option_value` FROM `cmf_option` WHERE  `option_name` = 'cmf_settings' LIMIT 1 [ RunTime:0.000221s ]
[2026-06-05T16:49:05+08:00][sql] SELECT `option_value` FROM `cmf_option` WHERE  `option_name` = 'storage' LIMIT 1 [ RunTime:0.000421s ]
[2026-06-05T16:49:05+08:00][sql] CONNECT:[ UseTime:0.000740s ] mysql:host=127.0.0.1;port=3306;dbname=weihua;charset=utf8mb4
[2026-06-05T16:49:05+08:00][sql] SHOW FULL COLUMNS FROM `cmf_option` [ RunTime:0.001744s ]
[2026-06-05T16:49:05+08:00][sql] SELECT `option_value` FROM `cmf_option` WHERE  `option_name` = 'cdn_settings' LIMIT 1 [ RunTime:0.000253s ]
[2026-06-05T16:49:05+08:00][sql] SHOW FULL COLUMNS FROM `cmf_user` [ RunTime:0.000933s ]
[2026-06-05T16:49:05+08:00][sql] SELECT * FROM `cmf_user` WHERE  `id` = 1 LIMIT 1 [ RunTime:0.000391s ]
[2026-06-05T16:49:05+08:00][sql] SELECT `option_value` FROM `cmf_option` WHERE  `option_name` = 'cdn_settings' LIMIT 1 [ RunTime:0.000192s ]
[2026-06-05T16:49:05+08:00][sql] SELECT `option_value` FROM `cmf_option` WHERE  `option_name` = 'cmf_settings' LIMIT 1 [ RunTime:0.000170s ]
[2026-06-05T16:49:05+08:00][sql] SELECT `option_value` FROM `cmf_option` WHERE  `option_name` = 'storage' LIMIT 1 [ RunTime:0.000743s ]
[2026-06-05T16:49:07+08:00][sql] CONNECT:[ UseTime:0.000764s ] mysql:host=127.0.0.1;port=3306;dbname=weihua;charset=utf8mb4
[2026-06-05T16:49:07+08:00][sql] SHOW FULL COLUMNS FROM `cmf_option` [ RunTime:0.001414s ]
[2026-06-05T16:49:07+08:00][sql] SELECT `option_value` FROM `cmf_option` WHERE  `option_name` = 'cdn_settings' LIMIT 1 [ RunTime:0.000279s ]
[2026-06-05T16:49:07+08:00][sql] SHOW FULL COLUMNS FROM `cmf_user` [ RunTime:0.001275s ]
[2026-06-05T16:49:07+08:00][sql] SELECT * FROM `cmf_user` WHERE  `id` = 1 LIMIT 1 [ RunTime:0.000316s ]
[2026-06-05T16:49:07+08:00][sql] SHOW FULL COLUMNS FROM `cmf_portal_post` [ RunTime:0.001354s ]
[2026-06-05T16:49:07+08:00][sql] SELECT COUNT(*) AS think_count FROM `cmf_portal_post` `a` INNER JOIN `cmf_user` `u` ON `a`.`user_id`=`u`.`id` WHERE (  `a`.`create_time` >= '0'  AND `a`.`delete_time` = '0'  AND (  `a`.`post_type` = '8' ) ) AND `a`.`delete_time` = '0' LIMIT 1 [ RunTime:0.000578s ]
[2026-06-05T16:49:07+08:00][sql] SELECT `a`.*,`u`.`user_login`,`u`.`user_nickname`,`u`.`user_email` FROM `cmf_portal_post` `a` INNER JOIN `cmf_user` `u` ON `a`.`user_id`=`u`.`id` WHERE (  `a`.`create_time` >= '0'  AND `a`.`delete_time` = '0'  AND (  `a`.`post_type` = '8' ) ) AND `a`.`delete_time` = '0' ORDER BY `update_time` DESC LIMIT 0,10 [ RunTime:0.000763s ]
[2026-06-05T16:49:07+08:00][sql] SHOW FULL COLUMNS FROM `cmf_portal_category` [ RunTime:0.001199s ]
[2026-06-05T16:49:07+08:00][sql] SELECT * FROM `cmf_portal_category` WHERE (  `delete_time` = 0  AND `type` = 8 ) AND `cmf_portal_category`.`delete_time` = '0' ORDER BY `list_order` ASC [ RunTime:0.000362s ]
[2026-06-05T16:49:07+08:00][sql] SHOW FULL COLUMNS FROM `cmf_portal_category_post` [ RunTime:0.001127s ]
[2026-06-05T16:49:07+08:00][sql] SELECT `cmf_portal_category`.*,`pivot`.`id` AS `pivot__id`,`pivot`.`post_id` AS `pivot__post_id`,`pivot`.`category_id` AS `pivot__category_id`,`pivot`.`list_order` AS `pivot__list_order`,`pivot`.`status` AS `pivot__status` FROM `cmf_portal_category` INNER JOIN `cmf_portal_category_post` `pivot` ON `pivot`.`category_id`=`cmf_portal_category`.`id` WHERE (  `pivot`.`post_id` = '27' ) AND `cmf_portal_category`.`delete_time` = '0' [ RunTime:0.000421s ]
[2026-06-05T16:49:07+08:00][sql] SELECT `option_value` FROM `cmf_option` WHERE  `option_name` = 'storage' LIMIT 1 [ RunTime:0.000229s ]
[2026-06-05T16:49:07+08:00][sql] SELECT `cmf_portal_category`.*,`pivot`.`id` AS `pivot__id`,`pivot`.`post_id` AS `pivot__post_id`,`pivot`.`category_id` AS `pivot__category_id`,`pivot`.`list_order` AS `pivot__list_order`,`pivot`.`status` AS `pivot__status` FROM `cmf_portal_category` INNER JOIN `cmf_portal_category_post` `pivot` ON `pivot`.`category_id`=`cmf_portal_category`.`id` WHERE (  `pivot`.`post_id` = '26' ) AND `cmf_portal_category`.`delete_time` = '0' [ RunTime:0.000390s ]
[2026-06-05T16:49:07+08:00][sql] SELECT `cmf_portal_category`.*,`pivot`.`id` AS `pivot__id`,`pivot`.`post_id` AS `pivot__post_id`,`pivot`.`category_id` AS `pivot__category_id`,`pivot`.`list_order` AS `pivot__list_order`,`pivot`.`status` AS `pivot__status` FROM `cmf_portal_category` INNER JOIN `cmf_portal_category_post` `pivot` ON `pivot`.`category_id`=`cmf_portal_category`.`id` WHERE (  `pivot`.`post_id` = '15' ) AND `cmf_portal_category`.`delete_time` = '0' [ RunTime:0.000359s ]
[2026-06-05T16:49:07+08:00][sql] SELECT `cmf_portal_category`.*,`pivot`.`id` AS `pivot__id`,`pivot`.`post_id` AS `pivot__post_id`,`pivot`.`category_id` AS `pivot__category_id`,`pivot`.`list_order` AS `pivot__list_order`,`pivot`.`status` AS `pivot__status` FROM `cmf_portal_category` INNER JOIN `cmf_portal_category_post` `pivot` ON `pivot`.`category_id`=`cmf_portal_category`.`id` WHERE (  `pivot`.`post_id` = '14' ) AND `cmf_portal_category`.`delete_time` = '0' [ RunTime:0.000355s ]
[2026-06-05T16:49:07+08:00][sql] SELECT `cmf_portal_category`.*,`pivot`.`id` AS `pivot__id`,`pivot`.`post_id` AS `pivot__post_id`,`pivot`.`category_id` AS `pivot__category_id`,`pivot`.`list_order` AS `pivot__list_order`,`pivot`.`status` AS `pivot__status` FROM `cmf_portal_category` INNER JOIN `cmf_portal_category_post` `pivot` ON `pivot`.`category_id`=`cmf_portal_category`.`id` WHERE (  `pivot`.`post_id` = '12' ) AND `cmf_portal_category`.`delete_time` = '0' [ RunTime:0.000377s ]
[2026-06-05T16:49:07+08:00][sql] SELECT `cmf_portal_category`.*,`pivot`.`id` AS `pivot__id`,`pivot`.`post_id` AS `pivot__post_id`,`pivot`.`category_id` AS `pivot__category_id`,`pivot`.`list_order` AS `pivot__list_order`,`pivot`.`status` AS `pivot__status` FROM `cmf_portal_category` INNER JOIN `cmf_portal_category_post` `pivot` ON `pivot`.`category_id`=`cmf_portal_category`.`id` WHERE (  `pivot`.`post_id` = '10' ) AND `cmf_portal_category`.`delete_time` = '0' [ RunTime:0.000491s ]
[2026-06-05T16:49:07+08:00][sql] SELECT `cmf_portal_category`.*,`pivot`.`id` AS `pivot__id`,`pivot`.`post_id` AS `pivot__post_id`,`pivot`.`category_id` AS `pivot__category_id`,`pivot`.`list_order` AS `pivot__list_order`,`pivot`.`status` AS `pivot__status` FROM `cmf_portal_category` INNER JOIN `cmf_portal_category_post` `pivot` ON `pivot`.`category_id`=`cmf_portal_category`.`id` WHERE (  `pivot`.`post_id` = '13' ) AND `cmf_portal_category`.`delete_time` = '0' [ RunTime:0.000405s ]
[2026-06-05T16:49:07+08:00][sql] SELECT `cmf_portal_category`.*,`pivot`.`id` AS `pivot__id`,`pivot`.`post_id` AS `pivot__post_id`,`pivot`.`category_id` AS `pivot__category_id`,`pivot`.`list_order` AS `pivot__list_order`,`pivot`.`status` AS `pivot__status` FROM `cmf_portal_category` INNER JOIN `cmf_portal_category_post` `pivot` ON `pivot`.`category_id`=`cmf_portal_category`.`id` WHERE (  `pivot`.`post_id` = '9' ) AND `cmf_portal_category`.`delete_time` = '0' [ RunTime:0.000377s ]
[2026-06-05T16:49:08+08:00][sql] CONNECT:[ UseTime:0.001439s ] mysql:host=127.0.0.1;port=3306;dbname=weihua;charset=utf8mb4
[2026-06-05T16:49:08+08:00][sql] SHOW FULL COLUMNS FROM `cmf_option` [ RunTime:0.001448s ]
[2026-06-05T16:49:08+08:00][sql] SELECT `option_value` FROM `cmf_option` WHERE  `option_name` = 'cdn_settings' LIMIT 1 [ RunTime:0.000292s ]
[2026-06-05T16:49:08+08:00][sql] SHOW FULL COLUMNS FROM `cmf_user` [ RunTime:0.001159s ]
[2026-06-05T16:49:08+08:00][sql] SELECT * FROM `cmf_user` WHERE  `id` = 1 LIMIT 1 [ RunTime:0.000333s ]
[2026-06-05T16:49:08+08:00][sql] SHOW FULL COLUMNS FROM `cmf_portal_post` [ RunTime:0.001286s ]
[2026-06-05T16:49:08+08:00][sql] SELECT * FROM `cmf_portal_post` WHERE (  `id` = 27 ) AND `cmf_portal_post`.`delete_time` = '0' LIMIT 1 [ RunTime:0.000361s ]
[2026-06-05T16:49:08+08:00][sql] SHOW FULL COLUMNS FROM `cmf_portal_category_post` [ RunTime:0.001310s ]
[2026-06-05T16:49:08+08:00][sql] SHOW FULL COLUMNS FROM `cmf_portal_category` [ RunTime:0.000952s ]
[2026-06-05T16:49:08+08:00][sql] SELECT `a`.`name`,`a`.`id` FROM `cmf_portal_category` `a` INNER JOIN `cmf_portal_category_post` `pivot` ON `pivot`.`category_id`=`a`.`id` WHERE (  `pivot`.`post_id` = '27' ) AND `a`.`delete_time` = '0' [ RunTime:0.000304s ]
[2026-06-05T16:49:08+08:00][sql] SHOW FULL COLUMNS FROM `cmf_route` [ RunTime:0.001069s ]
[2026-06-05T16:49:08+08:00][sql] SELECT `url` FROM `cmf_route` WHERE  `full_url` = 'portal/index/news_info?cid=1&id=27' LIMIT 1 [ RunTime:0.000455s ]
[2026-06-05T16:49:08+08:00][sql] SHOW FULL COLUMNS FROM `cmf_theme_file` [ RunTime:0.001298s ]
[2026-06-05T16:49:08+08:00][sql] SELECT * FROM `cmf_theme_file` WHERE  `theme` = 'default'  AND `action` = 'portal/Article/index' [ RunTime:0.000278s ]
[2026-06-05T16:49:08+08:00][sql] SELECT `option_value` FROM `cmf_option` WHERE  `option_name` = 'storage' LIMIT 1 [ RunTime:0.000412s ]
[2026-06-05T16:49:08+08:00][sql] CONNECT:[ UseTime:0.018333s ] mysql:host=127.0.0.1;port=3306;dbname=weihua;charset=utf8mb4
[2026-06-05T16:49:08+08:00][sql] SHOW FULL COLUMNS FROM `cmf_option` [ RunTime:0.001689s ]
[2026-06-05T16:49:08+08:00][sql] SELECT `option_value` FROM `cmf_option` WHERE  `option_name` = 'cdn_settings' LIMIT 1 [ RunTime:0.000392s ]
[2026-06-05T16:49:08+08:00][sql] SELECT `option_value` FROM `cmf_option` WHERE  `option_name` = 'cdn_settings' LIMIT 1 [ RunTime:0.000260s ]
[2026-06-05T16:49:14+08:00][sql] CONNECT:[ UseTime:0.000820s ] mysql:host=127.0.0.1;port=3306;dbname=weihua;charset=utf8mb4
[2026-06-05T16:49:14+08:00][sql] SHOW FULL COLUMNS FROM `cmf_option` [ RunTime:0.001216s ]
[2026-06-05T16:49:14+08:00][sql] SELECT `option_value` FROM `cmf_option` WHERE  `option_name` = 'cdn_settings' LIMIT 1 [ RunTime:0.000216s ]
[2026-06-05T16:49:14+08:00][sql] SHOW FULL COLUMNS FROM `cmf_user` [ RunTime:0.000931s ]
[2026-06-05T16:49:14+08:00][sql] SELECT * FROM `cmf_user` WHERE  `id` = 1 LIMIT 1 [ RunTime:0.000291s ]
[2026-06-05T16:49:14+08:00][sql] SHOW FULL COLUMNS FROM `cmf_portal_post` [ RunTime:0.001080s ]
[2026-06-05T16:49:14+08:00][sql] SELECT * FROM `cmf_portal_post` WHERE (  `id` = 27 ) AND `cmf_portal_post`.`delete_time` = '0' LIMIT 1 [ RunTime:0.000289s ]
[2026-06-05T16:49:14+08:00][sql] SELECT `option_value` FROM `cmf_option` WHERE  `option_name` = 'storage' LIMIT 1 [ RunTime:0.000258s ]
[2026-06-05T16:49:14+08:00][sql] UPDATE `cmf_portal_post`  SET `post_alias` = 'qw-qweqw' , `update_time` = 1780649354  WHERE (  `id` = 27 ) AND `cmf_portal_post`.`delete_time` = '0' [ RunTime:0.000385s ]
[2026-06-05T16:49:14+08:00][sql] SHOW FULL COLUMNS FROM `cmf_portal_category_post` [ RunTime:0.001615s ]
[2026-06-05T16:49:14+08:00][sql] SHOW FULL COLUMNS FROM `cmf_portal_category` [ RunTime:0.000907s ]
[2026-06-05T16:49:14+08:00][sql] SELECT `category_id` FROM `cmf_portal_category` INNER JOIN `cmf_portal_category_post` `pivot` ON `pivot`.`category_id`=`cmf_portal_category`.`id` WHERE (  `pivot`.`post_id` = '27' ) AND `cmf_portal_category`.`delete_time` = '0' [ RunTime:0.000448s ]
[2026-06-05T16:49:14+08:00][sql] SHOW FULL COLUMNS FROM `cmf_route` [ RunTime:0.000951s ]
[2026-06-05T16:49:14+08:00][sql] SELECT * FROM `cmf_route` WHERE  `full_url` = 'portal/index/news_info?cid=1&id=27' LIMIT 1 [ RunTime:0.000532s ]
[2026-06-05T16:49:14+08:00][sql] UPDATE `cmf_route`  SET `url` = 'qw-qweqw' , `list_order` = '5000' , `type` = 2  WHERE  `id` = 246 [ RunTime:0.002730s ]
[2026-06-05T16:49:14+08:00][sql] SELECT * FROM `cmf_route` WHERE  `status` = 1 ORDER BY `list_order` ASC [ RunTime:0.000397s ]
[2026-06-05T16:49:16+08:00][sql] CONNECT:[ UseTime:0.001152s ] mysql:host=127.0.0.1;port=3306;dbname=weihua;charset=utf8mb4
[2026-06-05T16:49:16+08:00][sql] SHOW FULL COLUMNS FROM `cmf_option` [ RunTime:0.001713s ]
[2026-06-05T16:49:16+08:00][sql] SELECT `option_value` FROM `cmf_option` WHERE  `option_name` = 'cdn_settings' LIMIT 1 [ RunTime:0.000407s ]
[2026-06-05T16:49:16+08:00][sql] SHOW FULL COLUMNS FROM `cmf_user` [ RunTime:0.001639s ]
[2026-06-05T16:49:16+08:00][sql] SELECT * FROM `cmf_user` WHERE  `id` = 1 LIMIT 1 [ RunTime:0.000460s ]
[2026-06-05T16:49:16+08:00][sql] SHOW FULL COLUMNS FROM `cmf_portal_post` [ RunTime:0.000926s ]
[2026-06-05T16:49:16+08:00][sql] SELECT * FROM `cmf_portal_post` WHERE (  `id` = 27 ) AND `cmf_portal_post`.`delete_time` = '0' LIMIT 1 [ RunTime:0.000269s ]
[2026-06-05T16:49:16+08:00][sql] SHOW FULL COLUMNS FROM `cmf_portal_category_post` [ RunTime:0.000901s ]
[2026-06-05T16:49:16+08:00][sql] SHOW FULL COLUMNS FROM `cmf_portal_category` [ RunTime:0.001169s ]
[2026-06-05T16:49:16+08:00][sql] SELECT `a`.`name`,`a`.`id` FROM `cmf_portal_category` `a` INNER JOIN `cmf_portal_category_post` `pivot` ON `pivot`.`category_id`=`a`.`id` WHERE (  `pivot`.`post_id` = '27' ) AND `a`.`delete_time` = '0' [ RunTime:0.000402s ]
[2026-06-05T16:49:16+08:00][sql] SHOW FULL COLUMNS FROM `cmf_route` [ RunTime:0.000894s ]
[2026-06-05T16:49:16+08:00][sql] SELECT `url` FROM `cmf_route` WHERE  `full_url` = 'portal/index/news_info?cid=1&id=27' LIMIT 1 [ RunTime:0.000250s ]
[2026-06-05T16:49:16+08:00][sql] SHOW FULL COLUMNS FROM `cmf_theme_file` [ RunTime:0.001160s ]
[2026-06-05T16:49:16+08:00][sql] SELECT * FROM `cmf_theme_file` WHERE  `theme` = 'default'  AND `action` = 'portal/Article/index' [ RunTime:0.000293s ]
[2026-06-05T16:49:16+08:00][sql] SELECT `option_value` FROM `cmf_option` WHERE  `option_name` = 'storage' LIMIT 1 [ RunTime:0.000263s ]
[2026-06-05T16:49:16+08:00][sql] CONNECT:[ UseTime:0.000795s ] mysql:host=127.0.0.1;port=3306;dbname=weihua;charset=utf8mb4
[2026-06-05T16:49:16+08:00][sql] SHOW FULL COLUMNS FROM `cmf_option` [ RunTime:0.001733s ]
[2026-06-05T16:49:16+08:00][sql] SELECT `option_value` FROM `cmf_option` WHERE  `option_name` = 'cdn_settings' LIMIT 1 [ RunTime:0.000302s ]
[2026-06-05T16:49:16+08:00][sql] SELECT `option_value` FROM `cmf_option` WHERE  `option_name` = 'cdn_settings' LIMIT 1 [ RunTime:0.000280s ]
[2026-06-05T16:49:19+08:00][sql] CONNECT:[ UseTime:0.001117s ] mysql:host=127.0.0.1;port=3306;dbname=weihua;charset=utf8mb4
[2026-06-05T16:49:19+08:00][sql] SHOW FULL COLUMNS FROM `cmf_option` [ RunTime:0.001551s ]
[2026-06-05T16:49:19+08:00][sql] SELECT `option_value` FROM `cmf_option` WHERE  `option_name` = 'cdn_settings' LIMIT 1 [ RunTime:0.000353s ]
[2026-06-05T16:49:19+08:00][sql] SHOW FULL COLUMNS FROM `cmf_user` [ RunTime:0.002352s ]
[2026-06-05T16:49:19+08:00][sql] SELECT * FROM `cmf_user` WHERE  `id` = 1 LIMIT 1 [ RunTime:0.000402s ]
[2026-06-05T16:49:19+08:00][sql] SHOW FULL COLUMNS FROM `cmf_portal_post` [ RunTime:0.002000s ]
[2026-06-05T16:49:19+08:00][sql] SELECT * FROM `cmf_portal_post` WHERE (  `id` = 27 ) AND `cmf_portal_post`.`delete_time` = '0' LIMIT 1 [ RunTime:0.000563s ]
[2026-06-05T16:49:19+08:00][sql] SHOW FULL COLUMNS FROM `cmf_portal_category_post` [ RunTime:0.001224s ]
[2026-06-05T16:49:19+08:00][sql] SHOW FULL COLUMNS FROM `cmf_portal_category` [ RunTime:0.001198s ]
[2026-06-05T16:49:19+08:00][sql] SELECT `a`.`name`,`a`.`id` FROM `cmf_portal_category` `a` INNER JOIN `cmf_portal_category_post` `pivot` ON `pivot`.`category_id`=`a`.`id` WHERE (  `pivot`.`post_id` = '27' ) AND `a`.`delete_time` = '0' [ RunTime:0.000408s ]
[2026-06-05T16:49:19+08:00][sql] SHOW FULL COLUMNS FROM `cmf_route` [ RunTime:0.001016s ]
[2026-06-05T16:49:19+08:00][sql] SELECT `url` FROM `cmf_route` WHERE  `full_url` = 'portal/index/news_info?cid=1&id=27' LIMIT 1 [ RunTime:0.000497s ]
[2026-06-05T16:49:19+08:00][sql] SHOW FULL COLUMNS FROM `cmf_theme_file` [ RunTime:0.001119s ]
[2026-06-05T16:49:19+08:00][sql] SELECT * FROM `cmf_theme_file` WHERE  `theme` = 'default'  AND `action` = 'portal/Article/index' [ RunTime:0.000277s ]
[2026-06-05T16:49:19+08:00][sql] SELECT `option_value` FROM `cmf_option` WHERE  `option_name` = 'storage' LIMIT 1 [ RunTime:0.000538s ]
[2026-06-05T16:49:19+08:00][sql] CONNECT:[ UseTime:0.001201s ] mysql:host=127.0.0.1;port=3306;dbname=weihua;charset=utf8mb4
[2026-06-05T16:49:19+08:00][sql] SHOW FULL COLUMNS FROM `cmf_option` [ RunTime:0.001657s ]
[2026-06-05T16:49:19+08:00][sql] SELECT `option_value` FROM `cmf_option` WHERE  `option_name` = 'cdn_settings' LIMIT 1 [ RunTime:0.000344s ]
[2026-06-05T16:49:19+08:00][sql] SELECT `option_value` FROM `cmf_option` WHERE  `option_name` = 'cdn_settings' LIMIT 1 [ RunTime:0.000449s ]
[2026-06-05T16:49:22+08:00][sql] CONNECT:[ UseTime:0.000808s ] mysql:host=127.0.0.1;port=3306;dbname=weihua;charset=utf8mb4
[2026-06-05T16:49:22+08:00][sql] SHOW FULL COLUMNS FROM `cmf_option` [ RunTime:0.001427s ]
[2026-06-05T16:49:22+08:00][sql] SELECT `option_value` FROM `cmf_option` WHERE  `option_name` = 'cdn_settings' LIMIT 1 [ RunTime:0.000283s ]
[2026-06-05T16:49:22+08:00][sql] SELECT `option_value` FROM `cmf_option` WHERE  `option_name` = 'cdn_settings' LIMIT 1 [ RunTime:0.000441s ]
[2026-06-05T16:49:22+08:00][sql] SHOW FULL COLUMNS FROM `cmf_product_category` [ RunTime:0.001297s ]
[2026-06-05T16:49:22+08:00][sql] SELECT * FROM `cmf_product_category` WHERE  `parent_id` = 0 ORDER BY `list_order` ASC,`create_time` DESC [ RunTime:0.000382s ]
[2026-06-05T16:49:22+08:00][sql] SELECT * FROM `cmf_product_category` WHERE  `parent_id` IN (28,19,22,23,25,27,30) [ RunTime:0.000521s ]
[2026-06-05T16:49:22+08:00][sql] SHOW FULL COLUMNS FROM `cmf_portal_category` [ RunTime:0.001282s ]
[2026-06-05T16:49:22+08:00][sql] SELECT * FROM `cmf_portal_category` WHERE (  `type` = 8 ) AND `cmf_portal_category`.`delete_time` = '0' ORDER BY `list_order` ASC [ RunTime:0.000347s ]
[2026-06-05T16:49:22+08:00][sql] SHOW FULL COLUMNS FROM `cmf_slide_item` [ RunTime:0.001009s ]
[2026-06-05T16:49:22+08:00][sql] SELECT `title`,`description`,`image` FROM `cmf_slide_item` WHERE  `slide_id` = 12  AND `status` = 1 ORDER BY `list_order` ASC,`id` DESC LIMIT 1 [ RunTime:0.000399s ]
[2026-06-05T16:49:22+08:00][sql] SELECT * FROM `cmf_portal_category` WHERE (  `id` = 0  AND `status` = 1 ) AND `cmf_portal_category`.`delete_time` = '0' LIMIT 1 [ RunTime:0.000297s ]
[2026-06-05T16:49:22+08:00][sql] SHOW FULL COLUMNS FROM `cmf_portal_post` [ RunTime:0.001281s ]
[2026-06-05T16:49:22+08:00][sql] SELECT COUNT(*) AS think_count FROM `cmf_portal_post` `p` LEFT JOIN `cmf_portal_category_post` `c` ON `p`.`id`=`c`.`post_id` WHERE (  `post_type` = 8 ) AND `p`.`delete_time` = '0' LIMIT 1 [ RunTime:0.000467s ]
[2026-06-05T16:49:22+08:00][sql] SELECT `p`.`id`,`p`.`post_title`,`p`.`thumbnail`,`p`.`more`,c.category_id as cid,`p`.`post_excerpt`,`p`.`create_time` FROM `cmf_portal_post` `p` LEFT JOIN `cmf_portal_category_post` `c` ON `p`.`id`=`c`.`post_id` WHERE (  `post_type` = 8 ) AND `p`.`delete_time` = '0' ORDER BY `c`.`list_order` ASC,`p`.`create_time` DESC LIMIT 0,6 [ RunTime:0.000468s ]
[2026-06-05T16:49:22+08:00][sql] SHOW FULL COLUMNS FROM `cmf_theme_file` [ RunTime:0.000940s ]
[2026-06-05T16:49:22+08:00][sql] SELECT `more`,`file`,`id` FROM `cmf_theme_file` WHERE  `theme` = 'simpleboot3'  AND (  `is_public` = 1 OR `file` = 'portal/news' ) ORDER BY `is_public` DESC [ RunTime:0.000299s ]
[2026-06-05T16:49:22+08:00][sql] SELECT `option_value` FROM `cmf_option` WHERE  `option_name` = 'storage' LIMIT 1 [ RunTime:0.000390s ]
[2026-06-05T16:49:23+08:00][sql] CONNECT:[ UseTime:0.000918s ] mysql:host=127.0.0.1;port=3306;dbname=weihua;charset=utf8mb4
[2026-06-05T16:49:23+08:00][sql] SHOW FULL COLUMNS FROM `cmf_option` [ RunTime:0.001263s ]
[2026-06-05T16:49:23+08:00][sql] SELECT `option_value` FROM `cmf_option` WHERE  `option_name` = 'cdn_settings' LIMIT 1 [ RunTime:0.000349s ]
[2026-06-05T16:49:23+08:00][sql] SELECT `option_value` FROM `cmf_option` WHERE  `option_name` = 'cdn_settings' LIMIT 1 [ RunTime:0.000341s ]
[2026-06-05T16:49:23+08:00][sql] SHOW FULL COLUMNS FROM `cmf_product_category` [ RunTime:0.001518s ]
[2026-06-05T16:49:23+08:00][sql] SELECT * FROM `cmf_product_category` WHERE  `parent_id` = 0 ORDER BY `list_order` ASC,`create_time` DESC [ RunTime:0.000433s ]
[2026-06-05T16:49:23+08:00][sql] SELECT * FROM `cmf_product_category` WHERE  `parent_id` IN (28,19,22,23,25,27,30) [ RunTime:0.000475s ]
[2026-06-05T16:49:23+08:00][sql] SHOW FULL COLUMNS FROM `cmf_portal_category` [ RunTime:0.002096s ]
[2026-06-05T16:49:23+08:00][sql] SELECT * FROM `cmf_portal_category` WHERE (  `type` = 8 ) AND `cmf_portal_category`.`delete_time` = '0' ORDER BY `list_order` ASC [ RunTime:0.000530s ]
[2026-06-05T16:49:23+08:00][sql] SELECT * FROM `cmf_portal_category` WHERE (  `id` = 1  AND `status` = 1 ) AND `cmf_portal_category`.`delete_time` = '0' LIMIT 1 [ RunTime:0.000449s ]
[2026-06-05T16:49:23+08:00][sql] SHOW FULL COLUMNS FROM `cmf_portal_post` [ RunTime:0.001137s ]
[2026-06-05T16:49:23+08:00][sql] SELECT `post`.* FROM `cmf_portal_post` `post` LEFT JOIN `cmf_portal_category_post` `relation` ON `post`.`id`=`relation`.`post_id` WHERE (  `post`.`post_type` = '8'  AND `relation`.`category_id` = '1'  AND `post`.`id` = '27'  AND ( post.delete_time IS NULL OR post.delete_time = 0 ) ) AND `post`.`delete_time` = '0' LIMIT 1 [ RunTime:0.000406s ]
[2026-06-05T16:49:23+08:00][sql] SHOW FULL COLUMNS FROM `cmf_slide_item` [ RunTime:0.000941s ]
[2026-06-05T16:49:23+08:00][sql] SELECT `title`,`description`,`image` FROM `cmf_slide_item` WHERE  `slide_id` = 12  AND `status` = 1 ORDER BY `list_order` ASC,`id` DESC LIMIT 1 [ RunTime:0.000365s ]
[2026-06-05T16:49:23+08:00][sql] UPDATE `cmf_portal_post`  SET `post_hits` = `post_hits` + 1  WHERE (  `id` = 27 ) AND `cmf_portal_post`.`delete_time` = '0' [ RunTime:0.002790s ]
[2026-06-05T16:49:23+08:00][sql] SELECT `post`.* FROM `cmf_portal_post` `post` LEFT JOIN `cmf_portal_category_post` `relation` ON `post`.`id`=`relation`.`post_id` WHERE (  `post`.`post_type` = '8'  AND `relation`.`category_id` = '1'  AND `post`.`id` < '27'  AND ( post.delete_time IS NULL OR post.delete_time = 0 ) ) AND `post`.`delete_time` = '0' ORDER BY `post`.`id` DESC LIMIT 1 [ RunTime:0.000500s ]
[2026-06-05T16:49:23+08:00][sql] SELECT `post`.* FROM `cmf_portal_post` `post` LEFT JOIN `cmf_portal_category_post` `relation` ON `post`.`id`=`relation`.`post_id` WHERE (  `post`.`post_type` = '8'  AND `relation`.`category_id` = '1'  AND `post`.`id` > '27'  AND ( post.delete_time IS NULL OR post.delete_time = 0 ) ) AND `post`.`delete_time` = '0' ORDER BY `post`.`id` ASC LIMIT 1 [ RunTime:0.000395s ]
[2026-06-05T16:49:23+08:00][sql] SHOW FULL COLUMNS FROM `cmf_theme_file` [ RunTime:0.001021s ]
[2026-06-05T16:49:23+08:00][sql] SELECT `more`,`file`,`id` FROM `cmf_theme_file` WHERE  `theme` = 'simpleboot3'  AND (  `is_public` = 1 OR `file` = 'portal/news-info' ) ORDER BY `is_public` DESC [ RunTime:0.000421s ]
[2026-06-05T16:49:23+08:00][sql] SELECT `option_value` FROM `cmf_option` WHERE  `option_name` = 'storage' LIMIT 1 [ RunTime:0.000343s ]
[2026-06-05T16:49:25+08:00][sql] CONNECT:[ UseTime:0.001227s ] mysql:host=127.0.0.1;port=3306;dbname=weihua;charset=utf8mb4
[2026-06-05T16:49:25+08:00][sql] SHOW FULL COLUMNS FROM `cmf_option` [ RunTime:0.001345s ]
[2026-06-05T16:49:25+08:00][sql] SELECT `option_value` FROM `cmf_option` WHERE  `option_name` = 'cdn_settings' LIMIT 1 [ RunTime:0.000262s ]
[2026-06-05T16:49:25+08:00][sql] SHOW FULL COLUMNS FROM `cmf_user` [ RunTime:0.002071s ]
[2026-06-05T16:49:25+08:00][sql] SELECT * FROM `cmf_user` WHERE  `id` = 1 LIMIT 1 [ RunTime:0.000453s ]
[2026-06-05T16:49:25+08:00][sql] SHOW FULL COLUMNS FROM `cmf_admin_menu` [ RunTime:0.001022s ]
[2026-06-05T16:49:25+08:00][sql] SELECT * FROM `cmf_admin_menu` ORDER BY `app` ASC,`controller` ASC,`action` ASC [ RunTime:0.000843s ]
[2026-06-05T16:49:25+08:00][sql] CONNECT:[ UseTime:0.016150s ] mysql:host=127.0.0.1;port=3306;dbname=weihua;charset=utf8mb4
[2026-06-05T16:49:25+08:00][sql] SHOW FULL COLUMNS FROM `cmf_option` [ RunTime:0.002129s ]
[2026-06-05T16:49:25+08:00][sql] SELECT `option_value` FROM `cmf_option` WHERE  `option_name` = 'cdn_settings' LIMIT 1 [ RunTime:0.000359s ]
[2026-06-05T16:49:25+08:00][sql] SHOW FULL COLUMNS FROM `cmf_user` [ RunTime:0.001538s ]
[2026-06-05T16:49:25+08:00][sql] SELECT * FROM `cmf_user` WHERE  `id` = 1 LIMIT 1 [ RunTime:0.000398s ]
[2026-06-05T16:49:25+08:00][sql] SELECT `option_value` FROM `cmf_option` WHERE  `option_name` = 'cdn_settings' LIMIT 1 [ RunTime:0.000258s ]
[2026-06-05T16:49:25+08:00][sql] SELECT `option_value` FROM `cmf_option` WHERE  `option_name` = 'cmf_settings' LIMIT 1 [ RunTime:0.000263s ]
[2026-06-05T16:49:25+08:00][sql] SELECT `option_value` FROM `cmf_option` WHERE  `option_name` = 'storage' LIMIT 1 [ RunTime:0.000423s ]
[2026-06-05T16:49:25+08:00][sql] CONNECT:[ UseTime:0.001444s ] mysql:host=127.0.0.1;port=3306;dbname=weihua;charset=utf8mb4
[2026-06-05T16:49:25+08:00][sql] SHOW FULL COLUMNS FROM `cmf_option` [ RunTime:0.001998s ]
[2026-06-05T16:49:25+08:00][sql] SELECT `option_value` FROM `cmf_option` WHERE  `option_name` = 'cdn_settings' LIMIT 1 [ RunTime:0.000358s ]
[2026-06-05T16:49:25+08:00][sql] SHOW FULL COLUMNS FROM `cmf_user` [ RunTime:0.002005s ]
[2026-06-05T16:49:25+08:00][sql] SELECT * FROM `cmf_user` WHERE  `id` = 1 LIMIT 1 [ RunTime:0.000411s ]
[2026-06-05T16:49:25+08:00][sql] SHOW FULL COLUMNS FROM `cmf_portal_post` [ RunTime:0.002633s ]
[2026-06-05T16:49:25+08:00][sql] SELECT COUNT(*) AS think_count FROM `cmf_portal_post` `a` INNER JOIN `cmf_user` `u` ON `a`.`user_id`=`u`.`id` WHERE (  `a`.`create_time` >= '0'  AND `a`.`delete_time` = '0'  AND (  `a`.`post_type` = '8' ) ) AND `a`.`delete_time` = '0' LIMIT 1 [ RunTime:0.000844s ]
[2026-06-05T16:49:25+08:00][sql] SELECT `a`.*,`u`.`user_login`,`u`.`user_nickname`,`u`.`user_email` FROM `cmf_portal_post` `a` INNER JOIN `cmf_user` `u` ON `a`.`user_id`=`u`.`id` WHERE (  `a`.`create_time` >= '0'  AND `a`.`delete_time` = '0'  AND (  `a`.`post_type` = '8' ) ) AND `a`.`delete_time` = '0' ORDER BY `update_time` DESC LIMIT 0,10 [ RunTime:0.001037s ]
[2026-06-05T16:49:25+08:00][sql] SHOW FULL COLUMNS FROM `cmf_portal_category` [ RunTime:0.001565s ]
[2026-06-05T16:49:25+08:00][sql] SELECT * FROM `cmf_portal_category` WHERE (  `delete_time` = 0  AND `type` = 8 ) AND `cmf_portal_category`.`delete_time` = '0' ORDER BY `list_order` ASC [ RunTime:0.000454s ]
[2026-06-05T16:49:25+08:00][sql] SHOW FULL COLUMNS FROM `cmf_portal_category_post` [ RunTime:0.001171s ]
[2026-06-05T16:49:25+08:00][sql] SELECT `cmf_portal_category`.*,`pivot`.`id` AS `pivot__id`,`pivot`.`post_id` AS `pivot__post_id`,`pivot`.`category_id` AS `pivot__category_id`,`pivot`.`list_order` AS `pivot__list_order`,`pivot`.`status` AS `pivot__status` FROM `cmf_portal_category` INNER JOIN `cmf_portal_category_post` `pivot` ON `pivot`.`category_id`=`cmf_portal_category`.`id` WHERE (  `pivot`.`post_id` = '27' ) AND `cmf_portal_category`.`delete_time` = '0' [ RunTime:0.000889s ]
[2026-06-05T16:49:25+08:00][sql] SELECT `option_value` FROM `cmf_option` WHERE  `option_name` = 'storage' LIMIT 1 [ RunTime:0.000500s ]
[2026-06-05T16:49:25+08:00][sql] SELECT `cmf_portal_category`.*,`pivot`.`id` AS `pivot__id`,`pivot`.`post_id` AS `pivot__post_id`,`pivot`.`category_id` AS `pivot__category_id`,`pivot`.`list_order` AS `pivot__list_order`,`pivot`.`status` AS `pivot__status` FROM `cmf_portal_category` INNER JOIN `cmf_portal_category_post` `pivot` ON `pivot`.`category_id`=`cmf_portal_category`.`id` WHERE (  `pivot`.`post_id` = '26' ) AND `cmf_portal_category`.`delete_time` = '0' [ RunTime:0.000733s ]
[2026-06-05T16:49:25+08:00][sql] SELECT `cmf_portal_category`.*,`pivot`.`id` AS `pivot__id`,`pivot`.`post_id` AS `pivot__post_id`,`pivot`.`category_id` AS `pivot__category_id`,`pivot`.`list_order` AS `pivot__list_order`,`pivot`.`status` AS `pivot__status` FROM `cmf_portal_category` INNER JOIN `cmf_portal_category_post` `pivot` ON `pivot`.`category_id`=`cmf_portal_category`.`id` WHERE (  `pivot`.`post_id` = '15' ) AND `cmf_portal_category`.`delete_time` = '0' [ RunTime:0.000728s ]
[2026-06-05T16:49:25+08:00][sql] SELECT `cmf_portal_category`.*,`pivot`.`id` AS `pivot__id`,`pivot`.`post_id` AS `pivot__post_id`,`pivot`.`category_id` AS `pivot__category_id`,`pivot`.`list_order` AS `pivot__list_order`,`pivot`.`status` AS `pivot__status` FROM `cmf_portal_category` INNER JOIN `cmf_portal_category_post` `pivot` ON `pivot`.`category_id`=`cmf_portal_category`.`id` WHERE (  `pivot`.`post_id` = '14' ) AND `cmf_portal_category`.`delete_time` = '0' [ RunTime:0.000676s ]
[2026-06-05T16:49:25+08:00][sql] SELECT `cmf_portal_category`.*,`pivot`.`id` AS `pivot__id`,`pivot`.`post_id` AS `pivot__post_id`,`pivot`.`category_id` AS `pivot__category_id`,`pivot`.`list_order` AS `pivot__list_order`,`pivot`.`status` AS `pivot__status` FROM `cmf_portal_category` INNER JOIN `cmf_portal_category_post` `pivot` ON `pivot`.`category_id`=`cmf_portal_category`.`id` WHERE (  `pivot`.`post_id` = '12' ) AND `cmf_portal_category`.`delete_time` = '0' [ RunTime:0.000437s ]
[2026-06-05T16:49:25+08:00][sql] SELECT `cmf_portal_category`.*,`pivot`.`id` AS `pivot__id`,`pivot`.`post_id` AS `pivot__post_id`,`pivot`.`category_id` AS `pivot__category_id`,`pivot`.`list_order` AS `pivot__list_order`,`pivot`.`status` AS `pivot__status` FROM `cmf_portal_category` INNER JOIN `cmf_portal_category_post` `pivot` ON `pivot`.`category_id`=`cmf_portal_category`.`id` WHERE (  `pivot`.`post_id` = '10' ) AND `cmf_portal_category`.`delete_time` = '0' [ RunTime:0.000485s ]
[2026-06-05T16:49:25+08:00][sql] SELECT `cmf_portal_category`.*,`pivot`.`id` AS `pivot__id`,`pivot`.`post_id` AS `pivot__post_id`,`pivot`.`category_id` AS `pivot__category_id`,`pivot`.`list_order` AS `pivot__list_order`,`pivot`.`status` AS `pivot__status` FROM `cmf_portal_category` INNER JOIN `cmf_portal_category_post` `pivot` ON `pivot`.`category_id`=`cmf_portal_category`.`id` WHERE (  `pivot`.`post_id` = '13' ) AND `cmf_portal_category`.`delete_time` = '0' [ RunTime:0.000450s ]
[2026-06-05T16:49:25+08:00][sql] SELECT `cmf_portal_category`.*,`pivot`.`id` AS `pivot__id`,`pivot`.`post_id` AS `pivot__post_id`,`pivot`.`category_id` AS `pivot__category_id`,`pivot`.`list_order` AS `pivot__list_order`,`pivot`.`status` AS `pivot__status` FROM `cmf_portal_category` INNER JOIN `cmf_portal_category_post` `pivot` ON `pivot`.`category_id`=`cmf_portal_category`.`id` WHERE (  `pivot`.`post_id` = '9' ) AND `cmf_portal_category`.`delete_time` = '0' [ RunTime:0.000439s ]
[2026-06-05T16:49:25+08:00][sql] CONNECT:[ UseTime:0.000841s ] mysql:host=127.0.0.1;port=3306;dbname=weihua;charset=utf8mb4
[2026-06-05T16:49:25+08:00][sql] SHOW FULL COLUMNS FROM `cmf_option` [ RunTime:0.001428s ]
[2026-06-05T16:49:25+08:00][sql] SELECT `option_value` FROM `cmf_option` WHERE  `option_name` = 'cdn_settings' LIMIT 1 [ RunTime:0.000269s ]
[2026-06-05T16:49:25+08:00][sql] SHOW FULL COLUMNS FROM `cmf_user` [ RunTime:0.001164s ]
[2026-06-05T16:49:25+08:00][sql] SELECT * FROM `cmf_user` WHERE  `id` = 1 LIMIT 1 [ RunTime:0.000349s ]
[2026-06-05T16:49:25+08:00][sql] SHOW FULL COLUMNS FROM `cmf_theme_file` [ RunTime:0.001083s ]
[2026-06-05T16:49:25+08:00][sql] SELECT * FROM `cmf_theme_file` WHERE  `theme` = 'default'  AND `action` = 'portal/Article/index' [ RunTime:0.000321s ]
[2026-06-05T16:49:26+08:00][sql] CONNECT:[ UseTime:0.000761s ] mysql:host=127.0.0.1;port=3306;dbname=weihua;charset=utf8mb4
[2026-06-05T16:49:26+08:00][sql] SHOW FULL COLUMNS FROM `cmf_option` [ RunTime:0.001312s ]
[2026-06-05T16:49:26+08:00][sql] SELECT `option_value` FROM `cmf_option` WHERE  `option_name` = 'cdn_settings' LIMIT 1 [ RunTime:0.000275s ]
[2026-06-05T16:49:26+08:00][sql] SELECT `option_value` FROM `cmf_option` WHERE  `option_name` = 'cdn_settings' LIMIT 1 [ RunTime:0.000266s ]
[2026-06-05T16:49:26+08:00][sql] CONNECT:[ UseTime:0.000803s ] mysql:host=127.0.0.1;port=3306;dbname=weihua;charset=utf8mb4
[2026-06-05T16:49:26+08:00][sql] SHOW FULL COLUMNS FROM `cmf_option` [ RunTime:0.001414s ]
[2026-06-05T16:49:26+08:00][sql] SELECT `option_value` FROM `cmf_option` WHERE  `option_name` = 'cdn_settings' LIMIT 1 [ RunTime:0.000257s ]
[2026-06-05T16:49:26+08:00][sql] SHOW FULL COLUMNS FROM `cmf_user` [ RunTime:0.001327s ]
[2026-06-05T16:49:26+08:00][sql] SELECT * FROM `cmf_user` WHERE  `id` = 1 LIMIT 1 [ RunTime:0.000734s ]
[2026-06-05T16:49:26+08:00][sql] SHOW FULL COLUMNS FROM `cmf_portal_category` [ RunTime:0.001148s ]
[2026-06-05T16:49:26+08:00][sql] SELECT * FROM `cmf_portal_category` WHERE (  `delete_time` = 0  AND `type` = 8 ) AND `cmf_portal_category`.`delete_time` = '0' ORDER BY `list_order` ASC [ RunTime:0.000359s ]
[2026-06-05T16:49:26+08:00][sql] SELECT * FROM `cmf_portal_category` WHERE (  `delete_time` = 0 ) AND `cmf_portal_category`.`delete_time` = '0' [ RunTime:0.000402s ]
[2026-06-05T16:49:34+08:00][sql] CONNECT:[ UseTime:0.000845s ] mysql:host=127.0.0.1;port=3306;dbname=weihua;charset=utf8mb4
[2026-06-05T16:49:34+08:00][sql] SHOW FULL COLUMNS FROM `cmf_option` [ RunTime:0.001441s ]
[2026-06-05T16:49:34+08:00][sql] SELECT `option_value` FROM `cmf_option` WHERE  `option_name` = 'cdn_settings' LIMIT 1 [ RunTime:0.000244s ]
[2026-06-05T16:49:34+08:00][sql] SELECT `option_value` FROM `cmf_option` WHERE  `option_name` = 'storage' LIMIT 1 [ RunTime:0.000220s ]
[2026-06-05T16:49:39+08:00][sql] CONNECT:[ UseTime:0.001046s ] mysql:host=127.0.0.1;port=3306;dbname=weihua;charset=utf8mb4
[2026-06-05T16:49:39+08:00][sql] SHOW FULL COLUMNS FROM `cmf_option` [ RunTime:0.001598s ]
[2026-06-05T16:49:39+08:00][sql] SELECT `option_value` FROM `cmf_option` WHERE  `option_name` = 'cdn_settings' LIMIT 1 [ RunTime:0.000295s ]
[2026-06-05T16:49:39+08:00][sql] SELECT * FROM `cmf_option` WHERE  `option_name` = 'cmf_settings' LIMIT 1 [ RunTime:0.000484s ]
[2026-06-05T16:49:39+08:00][sql] SHOW FULL COLUMNS FROM `cmf_asset` [ RunTime:0.001673s ]
[2026-06-05T16:49:39+08:00][sql] SELECT * FROM `cmf_asset` WHERE  `user_id` = 1  AND `file_key` = 'f2c7b483488711e31dd56be01072cf662836baafc93ae68d68eaa521a4ed38b4' LIMIT 1 [ RunTime:0.001102s ]
[2026-06-05T16:49:39+08:00][sql] SELECT `option_value` FROM `cmf_option` WHERE  `option_name` = 'storage' LIMIT 1 [ RunTime:0.000354s ]
[2026-06-05T16:49:39+08:00][sql] UPDATE `cmf_asset`  SET `filename` = '68e49ad85c001e9cfe3b9e71c0dfabe4.jpg'  WHERE  `id` = 896 [ RunTime:0.000396s ]
[2026-06-05T16:49:44+08:00][sql] CONNECT:[ UseTime:0.000741s ] mysql:host=127.0.0.1;port=3306;dbname=weihua;charset=utf8mb4
[2026-06-05T16:49:44+08:00][sql] SHOW FULL COLUMNS FROM `cmf_option` [ RunTime:0.001380s ]
[2026-06-05T16:49:44+08:00][sql] SELECT `option_value` FROM `cmf_option` WHERE  `option_name` = 'cdn_settings' LIMIT 1 [ RunTime:0.000237s ]
[2026-06-05T16:49:44+08:00][sql] SHOW FULL COLUMNS FROM `cmf_user` [ RunTime:0.001197s ]
[2026-06-05T16:49:44+08:00][sql] SELECT * FROM `cmf_user` WHERE  `id` = 1 LIMIT 1 [ RunTime:0.000323s ]
[2026-06-05T16:49:44+08:00][sql] SELECT `option_value` FROM `cmf_option` WHERE  `option_name` = 'storage' LIMIT 1 [ RunTime:0.000390s ]
[2026-06-05T16:49:44+08:00][sql] SHOW FULL COLUMNS FROM `cmf_portal_post` [ RunTime:0.001407s ]
[2026-06-05T16:49:44+08:00][sql] INSERT INTO `cmf_portal_post` SET `post_title` = '12321' , `post_alias` = 'qwe-www' , `post_excerpt` = 'qwewq' , `more` = '{\"thumbnail\":\"admin\\/20260508\\/c0be7107a1ed8cd0d6b7a6126aea22d6.jpg\"}' , `post_content` = '&lt;p&gt;qweqw&lt;/p&gt;' , `post_status` = 1 , `is_top` = 0 , `recommended` = 0 , `post_type` = 8 , `user_id` = 1 , `thumbnail` = 'admin/20260508/c0be7107a1ed8cd0d6b7a6126aea22d6.jpg' , `create_time` = 1780649384 , `update_time` = 1780649384 [ RunTime:0.000439s ]
[2026-06-05T16:49:44+08:00][sql] SHOW FULL COLUMNS FROM `cmf_portal_category_post` [ RunTime:0.000957s ]
[2026-06-05T16:49:44+08:00][sql] REPLACE INTO `cmf_portal_category_post` SET `post_id` = 28 , `category_id` = 1 [ RunTime:0.000904s ]
[2026-06-05T16:49:46+08:00][sql] CONNECT:[ UseTime:0.000788s ] mysql:host=127.0.0.1;port=3306;dbname=weihua;charset=utf8mb4
[2026-06-05T16:49:46+08:00][sql] SHOW FULL COLUMNS FROM `cmf_option` [ RunTime:0.001418s ]
[2026-06-05T16:49:46+08:00][sql] SELECT `option_value` FROM `cmf_option` WHERE  `option_name` = 'cdn_settings' LIMIT 1 [ RunTime:0.000306s ]
[2026-06-05T16:49:46+08:00][sql] SHOW FULL COLUMNS FROM `cmf_user` [ RunTime:0.001241s ]
[2026-06-05T16:49:46+08:00][sql] SELECT * FROM `cmf_user` WHERE  `id` = 1 LIMIT 1 [ RunTime:0.000334s ]
[2026-06-05T16:49:46+08:00][sql] SHOW FULL COLUMNS FROM `cmf_portal_post` [ RunTime:0.001476s ]
[2026-06-05T16:49:46+08:00][sql] SELECT COUNT(*) AS think_count FROM `cmf_portal_post` `a` INNER JOIN `cmf_user` `u` ON `a`.`user_id`=`u`.`id` WHERE (  `a`.`create_time` >= '0'  AND `a`.`delete_time` = '0'  AND (  `a`.`post_type` = '8' ) ) AND `a`.`delete_time` = '0' LIMIT 1 [ RunTime:0.000399s ]
[2026-06-05T16:49:46+08:00][sql] SELECT `a`.*,`u`.`user_login`,`u`.`user_nickname`,`u`.`user_email` FROM `cmf_portal_post` `a` INNER JOIN `cmf_user` `u` ON `a`.`user_id`=`u`.`id` WHERE (  `a`.`create_time` >= '0'  AND `a`.`delete_time` = '0'  AND (  `a`.`post_type` = '8' ) ) AND `a`.`delete_time` = '0' ORDER BY `update_time` DESC LIMIT 0,10 [ RunTime:0.000795s ]
[2026-06-05T16:49:46+08:00][sql] SHOW FULL COLUMNS FROM `cmf_portal_category` [ RunTime:0.001074s ]
[2026-06-05T16:49:46+08:00][sql] SELECT * FROM `cmf_portal_category` WHERE (  `delete_time` = 0  AND `type` = 8 ) AND `cmf_portal_category`.`delete_time` = '0' ORDER BY `list_order` ASC [ RunTime:0.000334s ]
[2026-06-05T16:49:46+08:00][sql] SHOW FULL COLUMNS FROM `cmf_portal_category_post` [ RunTime:0.001388s ]
[2026-06-05T16:49:46+08:00][sql] SELECT `cmf_portal_category`.*,`pivot`.`id` AS `pivot__id`,`pivot`.`post_id` AS `pivot__post_id`,`pivot`.`category_id` AS `pivot__category_id`,`pivot`.`list_order` AS `pivot__list_order`,`pivot`.`status` AS `pivot__status` FROM `cmf_portal_category` INNER JOIN `cmf_portal_category_post` `pivot` ON `pivot`.`category_id`=`cmf_portal_category`.`id` WHERE (  `pivot`.`post_id` = '28' ) AND `cmf_portal_category`.`delete_time` = '0' [ RunTime:0.000522s ]
[2026-06-05T16:49:46+08:00][sql] SELECT `option_value` FROM `cmf_option` WHERE  `option_name` = 'storage' LIMIT 1 [ RunTime:0.000328s ]
[2026-06-05T16:49:46+08:00][sql] SELECT `cmf_portal_category`.*,`pivot`.`id` AS `pivot__id`,`pivot`.`post_id` AS `pivot__post_id`,`pivot`.`category_id` AS `pivot__category_id`,`pivot`.`list_order` AS `pivot__list_order`,`pivot`.`status` AS `pivot__status` FROM `cmf_portal_category` INNER JOIN `cmf_portal_category_post` `pivot` ON `pivot`.`category_id`=`cmf_portal_category`.`id` WHERE (  `pivot`.`post_id` = '27' ) AND `cmf_portal_category`.`delete_time` = '0' [ RunTime:0.000580s ]
[2026-06-05T16:49:46+08:00][sql] SELECT `cmf_portal_category`.*,`pivot`.`id` AS `pivot__id`,`pivot`.`post_id` AS `pivot__post_id`,`pivot`.`category_id` AS `pivot__category_id`,`pivot`.`list_order` AS `pivot__list_order`,`pivot`.`status` AS `pivot__status` FROM `cmf_portal_category` INNER JOIN `cmf_portal_category_post` `pivot` ON `pivot`.`category_id`=`cmf_portal_category`.`id` WHERE (  `pivot`.`post_id` = '26' ) AND `cmf_portal_category`.`delete_time` = '0' [ RunTime:0.000487s ]
[2026-06-05T16:49:46+08:00][sql] SELECT `cmf_portal_category`.*,`pivot`.`id` AS `pivot__id`,`pivot`.`post_id` AS `pivot__post_id`,`pivot`.`category_id` AS `pivot__category_id`,`pivot`.`list_order` AS `pivot__list_order`,`pivot`.`status` AS `pivot__status` FROM `cmf_portal_category` INNER JOIN `cmf_portal_category_post` `pivot` ON `pivot`.`category_id`=`cmf_portal_category`.`id` WHERE (  `pivot`.`post_id` = '15' ) AND `cmf_portal_category`.`delete_time` = '0' [ RunTime:0.000503s ]
[2026-06-05T16:49:46+08:00][sql] SELECT `cmf_portal_category`.*,`pivot`.`id` AS `pivot__id`,`pivot`.`post_id` AS `pivot__post_id`,`pivot`.`category_id` AS `pivot__category_id`,`pivot`.`list_order` AS `pivot__list_order`,`pivot`.`status` AS `pivot__status` FROM `cmf_portal_category` INNER JOIN `cmf_portal_category_post` `pivot` ON `pivot`.`category_id`=`cmf_portal_category`.`id` WHERE (  `pivot`.`post_id` = '14' ) AND `cmf_portal_category`.`delete_time` = '0' [ RunTime:0.000422s ]
[2026-06-05T16:49:46+08:00][sql] SELECT `cmf_portal_category`.*,`pivot`.`id` AS `pivot__id`,`pivot`.`post_id` AS `pivot__post_id`,`pivot`.`category_id` AS `pivot__category_id`,`pivot`.`list_order` AS `pivot__list_order`,`pivot`.`status` AS `pivot__status` FROM `cmf_portal_category` INNER JOIN `cmf_portal_category_post` `pivot` ON `pivot`.`category_id`=`cmf_portal_category`.`id` WHERE (  `pivot`.`post_id` = '12' ) AND `cmf_portal_category`.`delete_time` = '0' [ RunTime:0.000394s ]
[2026-06-05T16:49:46+08:00][sql] SELECT `cmf_portal_category`.*,`pivot`.`id` AS `pivot__id`,`pivot`.`post_id` AS `pivot__post_id`,`pivot`.`category_id` AS `pivot__category_id`,`pivot`.`list_order` AS `pivot__list_order`,`pivot`.`status` AS `pivot__status` FROM `cmf_portal_category` INNER JOIN `cmf_portal_category_post` `pivot` ON `pivot`.`category_id`=`cmf_portal_category`.`id` WHERE (  `pivot`.`post_id` = '10' ) AND `cmf_portal_category`.`delete_time` = '0' [ RunTime:0.000365s ]
[2026-06-05T16:49:46+08:00][sql] SELECT `cmf_portal_category`.*,`pivot`.`id` AS `pivot__id`,`pivot`.`post_id` AS `pivot__post_id`,`pivot`.`category_id` AS `pivot__category_id`,`pivot`.`list_order` AS `pivot__list_order`,`pivot`.`status` AS `pivot__status` FROM `cmf_portal_category` INNER JOIN `cmf_portal_category_post` `pivot` ON `pivot`.`category_id`=`cmf_portal_category`.`id` WHERE (  `pivot`.`post_id` = '13' ) AND `cmf_portal_category`.`delete_time` = '0' [ RunTime:0.000399s ]
[2026-06-05T16:49:46+08:00][sql] SELECT `cmf_portal_category`.*,`pivot`.`id` AS `pivot__id`,`pivot`.`post_id` AS `pivot__post_id`,`pivot`.`category_id` AS `pivot__category_id`,`pivot`.`list_order` AS `pivot__list_order`,`pivot`.`status` AS `pivot__status` FROM `cmf_portal_category` INNER JOIN `cmf_portal_category_post` `pivot` ON `pivot`.`category_id`=`cmf_portal_category`.`id` WHERE (  `pivot`.`post_id` = '9' ) AND `cmf_portal_category`.`delete_time` = '0' [ RunTime:0.000384s ]
[2026-06-05T16:49:48+08:00][sql] CONNECT:[ UseTime:0.000741s ] mysql:host=127.0.0.1;port=3306;dbname=weihua;charset=utf8mb4
[2026-06-05T16:49:48+08:00][sql] SHOW FULL COLUMNS FROM `cmf_option` [ RunTime:0.001083s ]
[2026-06-05T16:49:48+08:00][sql] SELECT `option_value` FROM `cmf_option` WHERE  `option_name` = 'cdn_settings' LIMIT 1 [ RunTime:0.000197s ]
[2026-06-05T16:49:48+08:00][sql] SHOW FULL COLUMNS FROM `cmf_user` [ RunTime:0.002920s ]
[2026-06-05T16:49:48+08:00][sql] SELECT * FROM `cmf_user` WHERE  `id` = 1 LIMIT 1 [ RunTime:0.000409s ]
[2026-06-05T16:49:48+08:00][sql] SHOW FULL COLUMNS FROM `cmf_portal_post` [ RunTime:0.001072s ]
[2026-06-05T16:49:48+08:00][sql] SELECT * FROM `cmf_portal_post` WHERE (  `id` = 28 ) AND `cmf_portal_post`.`delete_time` = '0' LIMIT 1 [ RunTime:0.000318s ]
[2026-06-05T16:49:48+08:00][sql] SHOW FULL COLUMNS FROM `cmf_portal_category_post` [ RunTime:0.000873s ]
[2026-06-05T16:49:48+08:00][sql] SHOW FULL COLUMNS FROM `cmf_portal_category` [ RunTime:0.001076s ]
[2026-06-05T16:49:48+08:00][sql] SELECT `a`.`name`,`a`.`id` FROM `cmf_portal_category` `a` INNER JOIN `cmf_portal_category_post` `pivot` ON `pivot`.`category_id`=`a`.`id` WHERE (  `pivot`.`post_id` = '28' ) AND `a`.`delete_time` = '0' [ RunTime:0.000317s ]
[2026-06-05T16:49:48+08:00][sql] SHOW FULL COLUMNS FROM `cmf_route` [ RunTime:0.000911s ]
[2026-06-05T16:49:48+08:00][sql] SELECT `url` FROM `cmf_route` WHERE  `full_url` = 'portal/index/news_info?cid=1&id=28' LIMIT 1 [ RunTime:0.000285s ]
[2026-06-05T16:49:48+08:00][sql] SHOW FULL COLUMNS FROM `cmf_theme_file` [ RunTime:0.001073s ]
[2026-06-05T16:49:48+08:00][sql] SELECT * FROM `cmf_theme_file` WHERE  `theme` = 'default'  AND `action` = 'portal/Article/index' [ RunTime:0.000272s ]
[2026-06-05T16:49:48+08:00][sql] SELECT `option_value` FROM `cmf_option` WHERE  `option_name` = 'storage' LIMIT 1 [ RunTime:0.000249s ]
[2026-06-05T16:49:48+08:00][sql] CONNECT:[ UseTime:0.000978s ] mysql:host=127.0.0.1;port=3306;dbname=weihua;charset=utf8mb4
[2026-06-05T16:49:48+08:00][sql] SHOW FULL COLUMNS FROM `cmf_option` [ RunTime:0.001633s ]
[2026-06-05T16:49:48+08:00][sql] SELECT `option_value` FROM `cmf_option` WHERE  `option_name` = 'cdn_settings' LIMIT 1 [ RunTime:0.000354s ]
[2026-06-05T16:49:48+08:00][sql] SELECT `option_value` FROM `cmf_option` WHERE  `option_name` = 'cdn_settings' LIMIT 1 [ RunTime:0.000581s ]
[2026-06-05T16:53:20+08:00][sql] CONNECT:[ UseTime:0.001752s ] mysql:host=127.0.0.1;port=3306;dbname=weihua;charset=utf8mb4
[2026-06-05T16:53:20+08:00][sql] SHOW FULL COLUMNS FROM `cmf_option` [ RunTime:0.002616s ]
[2026-06-05T16:53:20+08:00][sql] SELECT `option_value` FROM `cmf_option` WHERE  `option_name` = 'cdn_settings' LIMIT 1 [ RunTime:0.000365s ]
[2026-06-05T16:53:20+08:00][sql] SHOW FULL COLUMNS FROM `cmf_user` [ RunTime:0.001417s ]
[2026-06-05T16:53:20+08:00][sql] SELECT * FROM `cmf_user` WHERE  `id` = 1 LIMIT 1 [ RunTime:0.000330s ]
[2026-06-05T16:53:20+08:00][sql] SHOW FULL COLUMNS FROM `cmf_admin_menu` [ RunTime:0.001251s ]
[2026-06-05T16:53:20+08:00][sql] SELECT * FROM `cmf_admin_menu` ORDER BY `app` ASC,`controller` ASC,`action` ASC [ RunTime:0.000880s ]
[2026-06-05T16:53:20+08:00][sql] CONNECT:[ UseTime:0.001109s ] mysql:host=127.0.0.1;port=3306;dbname=weihua;charset=utf8mb4
[2026-06-05T16:53:20+08:00][sql] SHOW FULL COLUMNS FROM `cmf_option` [ RunTime:0.001703s ]
[2026-06-05T16:53:20+08:00][sql] SELECT `option_value` FROM `cmf_option` WHERE  `option_name` = 'cdn_settings' LIMIT 1 [ RunTime:0.000361s ]
[2026-06-05T16:53:20+08:00][sql] SHOW FULL COLUMNS FROM `cmf_user` [ RunTime:0.002003s ]
[2026-06-05T16:53:20+08:00][sql] SELECT * FROM `cmf_user` WHERE  `id` = 1 LIMIT 1 [ RunTime:0.000715s ]
[2026-06-05T16:53:20+08:00][sql] SELECT `option_value` FROM `cmf_option` WHERE  `option_name` = 'cdn_settings' LIMIT 1 [ RunTime:0.001542s ]
[2026-06-05T16:53:20+08:00][sql] SELECT `option_value` FROM `cmf_option` WHERE  `option_name` = 'cmf_settings' LIMIT 1 [ RunTime:0.000333s ]
[2026-06-05T16:53:20+08:00][sql] SELECT `option_value` FROM `cmf_option` WHERE  `option_name` = 'storage' LIMIT 1 [ RunTime:0.000712s ]
[2026-06-05T16:53:20+08:00][sql] CONNECT:[ UseTime:0.001474s ] mysql:host=127.0.0.1;port=3306;dbname=weihua;charset=utf8mb4
[2026-06-05T16:53:20+08:00][sql] SHOW FULL COLUMNS FROM `cmf_option` [ RunTime:0.002382s ]
[2026-06-05T16:53:20+08:00][sql] SELECT `option_value` FROM `cmf_option` WHERE  `option_name` = 'cdn_settings' LIMIT 1 [ RunTime:0.000458s ]
[2026-06-05T16:53:20+08:00][sql] SHOW FULL COLUMNS FROM `cmf_user` [ RunTime:0.002181s ]
[2026-06-05T16:53:20+08:00][sql] SELECT * FROM `cmf_user` WHERE  `id` = 1 LIMIT 1 [ RunTime:0.000547s ]
[2026-06-05T16:53:20+08:00][sql] SHOW FULL COLUMNS FROM `cmf_portal_post` [ RunTime:0.002383s ]
[2026-06-05T16:53:20+08:00][sql] SELECT COUNT(*) AS think_count FROM `cmf_portal_post` `a` INNER JOIN `cmf_user` `u` ON `a`.`user_id`=`u`.`id` WHERE (  `a`.`create_time` >= '0'  AND `a`.`delete_time` = '0'  AND (  `a`.`post_type` = '8' ) ) AND `a`.`delete_time` = '0' LIMIT 1 [ RunTime:0.000801s ]
[2026-06-05T16:53:20+08:00][sql] SELECT `a`.*,`u`.`user_login`,`u`.`user_nickname`,`u`.`user_email` FROM `cmf_portal_post` `a` INNER JOIN `cmf_user` `u` ON `a`.`user_id`=`u`.`id` WHERE (  `a`.`create_time` >= '0'  AND `a`.`delete_time` = '0'  AND (  `a`.`post_type` = '8' ) ) AND `a`.`delete_time` = '0' ORDER BY `update_time` DESC LIMIT 0,10 [ RunTime:0.000922s ]
[2026-06-05T16:53:20+08:00][sql] SHOW FULL COLUMNS FROM `cmf_portal_category` [ RunTime:0.002808s ]
[2026-06-05T16:53:20+08:00][sql] SELECT * FROM `cmf_portal_category` WHERE (  `delete_time` = 0  AND `type` = 8 ) AND `cmf_portal_category`.`delete_time` = '0' ORDER BY `list_order` ASC [ RunTime:0.000906s ]
[2026-06-05T16:53:20+08:00][sql] SHOW FULL COLUMNS FROM `cmf_portal_category_post` [ RunTime:0.002262s ]
[2026-06-05T16:53:20+08:00][sql] SELECT `cmf_portal_category`.*,`pivot`.`id` AS `pivot__id`,`pivot`.`post_id` AS `pivot__post_id`,`pivot`.`category_id` AS `pivot__category_id`,`pivot`.`list_order` AS `pivot__list_order`,`pivot`.`status` AS `pivot__status` FROM `cmf_portal_category` INNER JOIN `cmf_portal_category_post` `pivot` ON `pivot`.`category_id`=`cmf_portal_category`.`id` WHERE (  `pivot`.`post_id` = '28' ) AND `cmf_portal_category`.`delete_time` = '0' [ RunTime:0.000729s ]
[2026-06-05T16:53:20+08:00][sql] SELECT `option_value` FROM `cmf_option` WHERE  `option_name` = 'storage' LIMIT 1 [ RunTime:0.000702s ]
[2026-06-05T16:53:20+08:00][sql] SELECT `cmf_portal_category`.*,`pivot`.`id` AS `pivot__id`,`pivot`.`post_id` AS `pivot__post_id`,`pivot`.`category_id` AS `pivot__category_id`,`pivot`.`list_order` AS `pivot__list_order`,`pivot`.`status` AS `pivot__status` FROM `cmf_portal_category` INNER JOIN `cmf_portal_category_post` `pivot` ON `pivot`.`category_id`=`cmf_portal_category`.`id` WHERE (  `pivot`.`post_id` = '27' ) AND `cmf_portal_category`.`delete_time` = '0' [ RunTime:0.000905s ]
[2026-06-05T16:53:20+08:00][sql] SELECT `cmf_portal_category`.*,`pivot`.`id` AS `pivot__id`,`pivot`.`post_id` AS `pivot__post_id`,`pivot`.`category_id` AS `pivot__category_id`,`pivot`.`list_order` AS `pivot__list_order`,`pivot`.`status` AS `pivot__status` FROM `cmf_portal_category` INNER JOIN `cmf_portal_category_post` `pivot` ON `pivot`.`category_id`=`cmf_portal_category`.`id` WHERE (  `pivot`.`post_id` = '26' ) AND `cmf_portal_category`.`delete_time` = '0' [ RunTime:0.000596s ]
[2026-06-05T16:53:20+08:00][sql] SELECT `cmf_portal_category`.*,`pivot`.`id` AS `pivot__id`,`pivot`.`post_id` AS `pivot__post_id`,`pivot`.`category_id` AS `pivot__category_id`,`pivot`.`list_order` AS `pivot__list_order`,`pivot`.`status` AS `pivot__status` FROM `cmf_portal_category` INNER JOIN `cmf_portal_category_post` `pivot` ON `pivot`.`category_id`=`cmf_portal_category`.`id` WHERE (  `pivot`.`post_id` = '15' ) AND `cmf_portal_category`.`delete_time` = '0' [ RunTime:0.000431s ]
[2026-06-05T16:53:20+08:00][sql] SELECT `cmf_portal_category`.*,`pivot`.`id` AS `pivot__id`,`pivot`.`post_id` AS `pivot__post_id`,`pivot`.`category_id` AS `pivot__category_id`,`pivot`.`list_order` AS `pivot__list_order`,`pivot`.`status` AS `pivot__status` FROM `cmf_portal_category` INNER JOIN `cmf_portal_category_post` `pivot` ON `pivot`.`category_id`=`cmf_portal_category`.`id` WHERE (  `pivot`.`post_id` = '14' ) AND `cmf_portal_category`.`delete_time` = '0' [ RunTime:0.000383s ]
[2026-06-05T16:53:20+08:00][sql] SELECT `cmf_portal_category`.*,`pivot`.`id` AS `pivot__id`,`pivot`.`post_id` AS `pivot__post_id`,`pivot`.`category_id` AS `pivot__category_id`,`pivot`.`list_order` AS `pivot__list_order`,`pivot`.`status` AS `pivot__status` FROM `cmf_portal_category` INNER JOIN `cmf_portal_category_post` `pivot` ON `pivot`.`category_id`=`cmf_portal_category`.`id` WHERE (  `pivot`.`post_id` = '12' ) AND `cmf_portal_category`.`delete_time` = '0' [ RunTime:0.000413s ]
[2026-06-05T16:53:20+08:00][sql] SELECT `cmf_portal_category`.*,`pivot`.`id` AS `pivot__id`,`pivot`.`post_id` AS `pivot__post_id`,`pivot`.`category_id` AS `pivot__category_id`,`pivot`.`list_order` AS `pivot__list_order`,`pivot`.`status` AS `pivot__status` FROM `cmf_portal_category` INNER JOIN `cmf_portal_category_post` `pivot` ON `pivot`.`category_id`=`cmf_portal_category`.`id` WHERE (  `pivot`.`post_id` = '10' ) AND `cmf_portal_category`.`delete_time` = '0' [ RunTime:0.000389s ]
[2026-06-05T16:53:20+08:00][sql] SELECT `cmf_portal_category`.*,`pivot`.`id` AS `pivot__id`,`pivot`.`post_id` AS `pivot__post_id`,`pivot`.`category_id` AS `pivot__category_id`,`pivot`.`list_order` AS `pivot__list_order`,`pivot`.`status` AS `pivot__status` FROM `cmf_portal_category` INNER JOIN `cmf_portal_category_post` `pivot` ON `pivot`.`category_id`=`cmf_portal_category`.`id` WHERE (  `pivot`.`post_id` = '13' ) AND `cmf_portal_category`.`delete_time` = '0' [ RunTime:0.000395s ]
[2026-06-05T16:53:20+08:00][sql] SELECT `cmf_portal_category`.*,`pivot`.`id` AS `pivot__id`,`pivot`.`post_id` AS `pivot__post_id`,`pivot`.`category_id` AS `pivot__category_id`,`pivot`.`list_order` AS `pivot__list_order`,`pivot`.`status` AS `pivot__status` FROM `cmf_portal_category` INNER JOIN `cmf_portal_category_post` `pivot` ON `pivot`.`category_id`=`cmf_portal_category`.`id` WHERE (  `pivot`.`post_id` = '9' ) AND `cmf_portal_category`.`delete_time` = '0' [ RunTime:0.000378s ]
[2026-06-05T16:53:22+08:00][sql] CONNECT:[ UseTime:0.000833s ] mysql:host=127.0.0.1;port=3306;dbname=weihua;charset=utf8mb4
[2026-06-05T16:53:22+08:00][sql] SHOW FULL COLUMNS FROM `cmf_option` [ RunTime:0.001547s ]
[2026-06-05T16:53:22+08:00][sql] SELECT `option_value` FROM `cmf_option` WHERE  `option_name` = 'cdn_settings' LIMIT 1 [ RunTime:0.000285s ]
[2026-06-05T16:53:22+08:00][sql] SHOW FULL COLUMNS FROM `cmf_user` [ RunTime:0.001101s ]
[2026-06-05T16:53:22+08:00][sql] SELECT * FROM `cmf_user` WHERE  `id` = 1 LIMIT 1 [ RunTime:0.000307s ]
[2026-06-05T16:53:22+08:00][sql] SHOW FULL COLUMNS FROM `cmf_theme_file` [ RunTime:0.000864s ]
[2026-06-05T16:53:22+08:00][sql] SELECT * FROM `cmf_theme_file` WHERE  `theme` = 'default'  AND `action` = 'portal/Article/index' [ RunTime:0.000288s ]
[2026-06-05T16:53:22+08:00][sql] CONNECT:[ UseTime:0.000758s ] mysql:host=127.0.0.1;port=3306;dbname=weihua;charset=utf8mb4
[2026-06-05T16:53:22+08:00][sql] SHOW FULL COLUMNS FROM `cmf_option` [ RunTime:0.001212s ]
[2026-06-05T16:53:22+08:00][sql] SELECT `option_value` FROM `cmf_option` WHERE  `option_name` = 'cdn_settings' LIMIT 1 [ RunTime:0.000252s ]
[2026-06-05T16:53:22+08:00][sql] SELECT `option_value` FROM `cmf_option` WHERE  `option_name` = 'cdn_settings' LIMIT 1 [ RunTime:0.000291s ]
[2026-06-05T16:53:23+08:00][sql] CONNECT:[ UseTime:0.000904s ] mysql:host=127.0.0.1;port=3306;dbname=weihua;charset=utf8mb4
[2026-06-05T16:53:23+08:00][sql] SHOW FULL COLUMNS FROM `cmf_option` [ RunTime:0.001359s ]
[2026-06-05T16:53:23+08:00][sql] SELECT `option_value` FROM `cmf_option` WHERE  `option_name` = 'cdn_settings' LIMIT 1 [ RunTime:0.000255s ]
[2026-06-05T16:53:23+08:00][sql] SHOW FULL COLUMNS FROM `cmf_user` [ RunTime:0.001716s ]
[2026-06-05T16:53:23+08:00][sql] SELECT * FROM `cmf_user` WHERE  `id` = 1 LIMIT 1 [ RunTime:0.000402s ]
[2026-06-05T16:53:23+08:00][sql] SHOW FULL COLUMNS FROM `cmf_portal_category` [ RunTime:0.001397s ]
[2026-06-05T16:53:23+08:00][sql] SELECT * FROM `cmf_portal_category` WHERE (  `delete_time` = 0  AND `type` = 8 ) AND `cmf_portal_category`.`delete_time` = '0' ORDER BY `list_order` ASC [ RunTime:0.000438s ]
[2026-06-05T16:53:23+08:00][sql] SELECT * FROM `cmf_portal_category` WHERE (  `delete_time` = 0 ) AND `cmf_portal_category`.`delete_time` = '0' [ RunTime:0.000444s ]
[2026-06-05T16:53:34+08:00][sql] CONNECT:[ UseTime:0.000831s ] mysql:host=127.0.0.1;port=3306;dbname=weihua;charset=utf8mb4
[2026-06-05T16:53:34+08:00][sql] SHOW FULL COLUMNS FROM `cmf_option` [ RunTime:0.001329s ]
[2026-06-05T16:53:34+08:00][sql] SELECT `option_value` FROM `cmf_option` WHERE  `option_name` = 'cdn_settings' LIMIT 1 [ RunTime:0.000451s ]
[2026-06-05T16:53:34+08:00][sql] SELECT `option_value` FROM `cmf_option` WHERE  `option_name` = 'storage' LIMIT 1 [ RunTime:0.000420s ]
[2026-06-05T16:53:37+08:00][sql] CONNECT:[ UseTime:0.001011s ] mysql:host=127.0.0.1;port=3306;dbname=weihua;charset=utf8mb4
[2026-06-05T16:53:37+08:00][sql] SHOW FULL COLUMNS FROM `cmf_option` [ RunTime:0.001022s ]
[2026-06-05T16:53:37+08:00][sql] SELECT `option_value` FROM `cmf_option` WHERE  `option_name` = 'cdn_settings' LIMIT 1 [ RunTime:0.000281s ]
[2026-06-05T16:53:37+08:00][sql] SELECT * FROM `cmf_option` WHERE  `option_name` = 'cmf_settings' LIMIT 1 [ RunTime:0.000422s ]
[2026-06-05T16:53:37+08:00][sql] SHOW FULL COLUMNS FROM `cmf_asset` [ RunTime:0.001166s ]
[2026-06-05T16:53:37+08:00][sql] SELECT * FROM `cmf_asset` WHERE  `user_id` = 1  AND `file_key` = 'f2c7b483488711e31dd56be01072cf662836baafc93ae68d68eaa521a4ed38b4' LIMIT 1 [ RunTime:0.000646s ]
[2026-06-05T16:53:37+08:00][sql] SELECT `option_value` FROM `cmf_option` WHERE  `option_name` = 'storage' LIMIT 1 [ RunTime:0.000197s ]
[2026-06-05T16:53:37+08:00][sql] UPDATE `cmf_asset`  SET `filename` = '68e49ad85c001e9cfe3b9e71c0dfabe4.jpg'  WHERE  `id` = 896 [ RunTime:0.000269s ]
[2026-06-05T16:53:41+08:00][sql] CONNECT:[ UseTime:0.000768s ] mysql:host=127.0.0.1;port=3306;dbname=weihua;charset=utf8mb4
[2026-06-05T16:53:41+08:00][sql] SHOW FULL COLUMNS FROM `cmf_option` [ RunTime:0.001307s ]
[2026-06-05T16:53:41+08:00][sql] SELECT `option_value` FROM `cmf_option` WHERE  `option_name` = 'cdn_settings' LIMIT 1 [ RunTime:0.000257s ]
[2026-06-05T16:53:41+08:00][sql] SHOW FULL COLUMNS FROM `cmf_user` [ RunTime:0.001326s ]
[2026-06-05T16:53:41+08:00][sql] SELECT * FROM `cmf_user` WHERE  `id` = 1 LIMIT 1 [ RunTime:0.000278s ]
[2026-06-05T16:53:41+08:00][sql] SELECT `option_value` FROM `cmf_option` WHERE  `option_name` = 'storage' LIMIT 1 [ RunTime:0.000242s ]
[2026-06-05T16:53:41+08:00][sql] SHOW FULL COLUMNS FROM `cmf_portal_post` [ RunTime:0.000967s ]
[2026-06-05T16:53:41+08:00][sql] INSERT INTO `cmf_portal_post` SET `post_title` = 'eeee' , `post_alias` = 'ww-ww' , `post_excerpt` = 'qweqw' , `more` = '{\"thumbnail\":\"admin\\/20260508\\/c0be7107a1ed8cd0d6b7a6126aea22d6.jpg\"}' , `post_content` = '&lt;p&gt;weqwe&lt;/p&gt;' , `post_status` = 1 , `is_top` = 0 , `recommended` = 0 , `post_type` = 8 , `user_id` = 1 , `thumbnail` = 'admin/20260508/c0be7107a1ed8cd0d6b7a6126aea22d6.jpg' , `create_time` = 1780649621 , `update_time` = 1780649621 [ RunTime:0.000386s ]
[2026-06-05T16:53:41+08:00][sql] SHOW FULL COLUMNS FROM `cmf_portal_category_post` [ RunTime:0.000909s ]
[2026-06-05T16:53:41+08:00][sql] REPLACE INTO `cmf_portal_category_post` SET `post_id` = 29 , `category_id` = 1 [ RunTime:0.000253s ]
[2026-06-05T16:53:43+08:00][sql] CONNECT:[ UseTime:0.001077s ] mysql:host=127.0.0.1;port=3306;dbname=weihua;charset=utf8mb4
[2026-06-05T16:53:43+08:00][sql] SHOW FULL COLUMNS FROM `cmf_option` [ RunTime:0.002059s ]
[2026-06-05T16:53:43+08:00][sql] SELECT `option_value` FROM `cmf_option` WHERE  `option_name` = 'cdn_settings' LIMIT 1 [ RunTime:0.000501s ]
[2026-06-05T16:53:43+08:00][sql] SHOW FULL COLUMNS FROM `cmf_user` [ RunTime:0.001902s ]
[2026-06-05T16:53:43+08:00][sql] SELECT * FROM `cmf_user` WHERE  `id` = 1 LIMIT 1 [ RunTime:0.000518s ]
[2026-06-05T16:53:43+08:00][sql] SHOW FULL COLUMNS FROM `cmf_portal_post` [ RunTime:0.002446s ]
[2026-06-05T16:53:43+08:00][sql] SELECT COUNT(*) AS think_count FROM `cmf_portal_post` `a` INNER JOIN `cmf_user` `u` ON `a`.`user_id`=`u`.`id` WHERE (  `a`.`create_time` >= '0'  AND `a`.`delete_time` = '0'  AND (  `a`.`post_type` = '8' ) ) AND `a`.`delete_time` = '0' LIMIT 1 [ RunTime:0.000674s ]
[2026-06-05T16:53:43+08:00][sql] SELECT `a`.*,`u`.`user_login`,`u`.`user_nickname`,`u`.`user_email` FROM `cmf_portal_post` `a` INNER JOIN `cmf_user` `u` ON `a`.`user_id`=`u`.`id` WHERE (  `a`.`create_time` >= '0'  AND `a`.`delete_time` = '0'  AND (  `a`.`post_type` = '8' ) ) AND `a`.`delete_time` = '0' ORDER BY `update_time` DESC LIMIT 0,10 [ RunTime:0.001120s ]
[2026-06-05T16:53:43+08:00][sql] SHOW FULL COLUMNS FROM `cmf_portal_category` [ RunTime:0.002027s ]
[2026-06-05T16:53:43+08:00][sql] SELECT * FROM `cmf_portal_category` WHERE (  `delete_time` = 0  AND `type` = 8 ) AND `cmf_portal_category`.`delete_time` = '0' ORDER BY `list_order` ASC [ RunTime:0.000493s ]
[2026-06-05T16:53:43+08:00][sql] SHOW FULL COLUMNS FROM `cmf_portal_category_post` [ RunTime:0.001828s ]
[2026-06-05T16:53:43+08:00][sql] SELECT `cmf_portal_category`.*,`pivot`.`id` AS `pivot__id`,`pivot`.`post_id` AS `pivot__post_id`,`pivot`.`category_id` AS `pivot__category_id`,`pivot`.`list_order` AS `pivot__list_order`,`pivot`.`status` AS `pivot__status` FROM `cmf_portal_category` INNER JOIN `cmf_portal_category_post` `pivot` ON `pivot`.`category_id`=`cmf_portal_category`.`id` WHERE (  `pivot`.`post_id` = '29' ) AND `cmf_portal_category`.`delete_time` = '0' [ RunTime:0.000543s ]
[2026-06-05T16:53:43+08:00][sql] SELECT `option_value` FROM `cmf_option` WHERE  `option_name` = 'storage' LIMIT 1 [ RunTime:0.000481s ]
[2026-06-05T16:53:43+08:00][sql] SELECT `cmf_portal_category`.*,`pivot`.`id` AS `pivot__id`,`pivot`.`post_id` AS `pivot__post_id`,`pivot`.`category_id` AS `pivot__category_id`,`pivot`.`list_order` AS `pivot__list_order`,`pivot`.`status` AS `pivot__status` FROM `cmf_portal_category` INNER JOIN `cmf_portal_category_post` `pivot` ON `pivot`.`category_id`=`cmf_portal_category`.`id` WHERE (  `pivot`.`post_id` = '28' ) AND `cmf_portal_category`.`delete_time` = '0' [ RunTime:0.001043s ]
[2026-06-05T16:53:43+08:00][sql] SELECT `cmf_portal_category`.*,`pivot`.`id` AS `pivot__id`,`pivot`.`post_id` AS `pivot__post_id`,`pivot`.`category_id` AS `pivot__category_id`,`pivot`.`list_order` AS `pivot__list_order`,`pivot`.`status` AS `pivot__status` FROM `cmf_portal_category` INNER JOIN `cmf_portal_category_post` `pivot` ON `pivot`.`category_id`=`cmf_portal_category`.`id` WHERE (  `pivot`.`post_id` = '27' ) AND `cmf_portal_category`.`delete_time` = '0' [ RunTime:0.000707s ]
[2026-06-05T16:53:43+08:00][sql] SELECT `cmf_portal_category`.*,`pivot`.`id` AS `pivot__id`,`pivot`.`post_id` AS `pivot__post_id`,`pivot`.`category_id` AS `pivot__category_id`,`pivot`.`list_order` AS `pivot__list_order`,`pivot`.`status` AS `pivot__status` FROM `cmf_portal_category` INNER JOIN `cmf_portal_category_post` `pivot` ON `pivot`.`category_id`=`cmf_portal_category`.`id` WHERE (  `pivot`.`post_id` = '26' ) AND `cmf_portal_category`.`delete_time` = '0' [ RunTime:0.000598s ]
[2026-06-05T16:53:43+08:00][sql] SELECT `cmf_portal_category`.*,`pivot`.`id` AS `pivot__id`,`pivot`.`post_id` AS `pivot__post_id`,`pivot`.`category_id` AS `pivot__category_id`,`pivot`.`list_order` AS `pivot__list_order`,`pivot`.`status` AS `pivot__status` FROM `cmf_portal_category` INNER JOIN `cmf_portal_category_post` `pivot` ON `pivot`.`category_id`=`cmf_portal_category`.`id` WHERE (  `pivot`.`post_id` = '15' ) AND `cmf_portal_category`.`delete_time` = '0' [ RunTime:0.000445s ]
[2026-06-05T16:53:43+08:00][sql] SELECT `cmf_portal_category`.*,`pivot`.`id` AS `pivot__id`,`pivot`.`post_id` AS `pivot__post_id`,`pivot`.`category_id` AS `pivot__category_id`,`pivot`.`list_order` AS `pivot__list_order`,`pivot`.`status` AS `pivot__status` FROM `cmf_portal_category` INNER JOIN `cmf_portal_category_post` `pivot` ON `pivot`.`category_id`=`cmf_portal_category`.`id` WHERE (  `pivot`.`post_id` = '14' ) AND `cmf_portal_category`.`delete_time` = '0' [ RunTime:0.000459s ]
[2026-06-05T16:53:43+08:00][sql] SELECT `cmf_portal_category`.*,`pivot`.`id` AS `pivot__id`,`pivot`.`post_id` AS `pivot__post_id`,`pivot`.`category_id` AS `pivot__category_id`,`pivot`.`list_order` AS `pivot__list_order`,`pivot`.`status` AS `pivot__status` FROM `cmf_portal_category` INNER JOIN `cmf_portal_category_post` `pivot` ON `pivot`.`category_id`=`cmf_portal_category`.`id` WHERE (  `pivot`.`post_id` = '12' ) AND `cmf_portal_category`.`delete_time` = '0' [ RunTime:0.000439s ]
[2026-06-05T16:53:43+08:00][sql] SELECT `cmf_portal_category`.*,`pivot`.`id` AS `pivot__id`,`pivot`.`post_id` AS `pivot__post_id`,`pivot`.`category_id` AS `pivot__category_id`,`pivot`.`list_order` AS `pivot__list_order`,`pivot`.`status` AS `pivot__status` FROM `cmf_portal_category` INNER JOIN `cmf_portal_category_post` `pivot` ON `pivot`.`category_id`=`cmf_portal_category`.`id` WHERE (  `pivot`.`post_id` = '10' ) AND `cmf_portal_category`.`delete_time` = '0' [ RunTime:0.000381s ]
[2026-06-05T16:53:43+08:00][sql] SELECT `cmf_portal_category`.*,`pivot`.`id` AS `pivot__id`,`pivot`.`post_id` AS `pivot__post_id`,`pivot`.`category_id` AS `pivot__category_id`,`pivot`.`list_order` AS `pivot__list_order`,`pivot`.`status` AS `pivot__status` FROM `cmf_portal_category` INNER JOIN `cmf_portal_category_post` `pivot` ON `pivot`.`category_id`=`cmf_portal_category`.`id` WHERE (  `pivot`.`post_id` = '13' ) AND `cmf_portal_category`.`delete_time` = '0' [ RunTime:0.000441s ]
[2026-06-05T16:53:43+08:00][sql] SELECT `cmf_portal_category`.*,`pivot`.`id` AS `pivot__id`,`pivot`.`post_id` AS `pivot__post_id`,`pivot`.`category_id` AS `pivot__category_id`,`pivot`.`list_order` AS `pivot__list_order`,`pivot`.`status` AS `pivot__status` FROM `cmf_portal_category` INNER JOIN `cmf_portal_category_post` `pivot` ON `pivot`.`category_id`=`cmf_portal_category`.`id` WHERE (  `pivot`.`post_id` = '9' ) AND `cmf_portal_category`.`delete_time` = '0' [ RunTime:0.000382s ]
[2026-06-05T16:53:45+08:00][sql] CONNECT:[ UseTime:0.000899s ] mysql:host=127.0.0.1;port=3306;dbname=weihua;charset=utf8mb4
[2026-06-05T16:53:45+08:00][sql] SHOW FULL COLUMNS FROM `cmf_option` [ RunTime:0.001439s ]
[2026-06-05T16:53:45+08:00][sql] SELECT `option_value` FROM `cmf_option` WHERE  `option_name` = 'cdn_settings' LIMIT 1 [ RunTime:0.000249s ]
[2026-06-05T16:53:45+08:00][sql] SHOW FULL COLUMNS FROM `cmf_user` [ RunTime:0.001267s ]
[2026-06-05T16:53:45+08:00][sql] SELECT * FROM `cmf_user` WHERE  `id` = 1 LIMIT 1 [ RunTime:0.000366s ]
[2026-06-05T16:53:45+08:00][sql] SHOW FULL COLUMNS FROM `cmf_portal_post` [ RunTime:0.001107s ]
[2026-06-05T16:53:45+08:00][sql] SELECT * FROM `cmf_portal_post` WHERE (  `id` = 29 ) AND `cmf_portal_post`.`delete_time` = '0' LIMIT 1 [ RunTime:0.000327s ]
[2026-06-05T16:53:45+08:00][sql] SHOW FULL COLUMNS FROM `cmf_portal_category_post` [ RunTime:0.000872s ]
[2026-06-05T16:53:45+08:00][sql] SHOW FULL COLUMNS FROM `cmf_portal_category` [ RunTime:0.001102s ]
[2026-06-05T16:53:45+08:00][sql] SELECT `a`.`name`,`a`.`id` FROM `cmf_portal_category` `a` INNER JOIN `cmf_portal_category_post` `pivot` ON `pivot`.`category_id`=`a`.`id` WHERE (  `pivot`.`post_id` = '29' ) AND `a`.`delete_time` = '0' [ RunTime:0.000412s ]
[2026-06-05T16:53:45+08:00][sql] SHOW FULL COLUMNS FROM `cmf_route` [ RunTime:0.000836s ]
[2026-06-05T16:53:45+08:00][error] [10501]SQLSTATE[42S22]: Column not found: 1054 Unknown column 'route' in 'where clause'[C:\laragon\www\weihua\vendor\topthink\think-orm\src\db\PDOConnection.php:797]
[2026-06-05T16:54:52+08:00][sql] CONNECT:[ UseTime:0.000728s ] mysql:host=127.0.0.1;port=3306;dbname=weihua;charset=utf8mb4
[2026-06-05T16:54:52+08:00][sql] SHOW FULL COLUMNS FROM `cmf_option` [ RunTime:0.001090s ]
[2026-06-05T16:54:52+08:00][sql] SELECT `option_value` FROM `cmf_option` WHERE  `option_name` = 'cdn_settings' LIMIT 1 [ RunTime:0.000250s ]
[2026-06-05T16:54:52+08:00][sql] SHOW FULL COLUMNS FROM `cmf_user` [ RunTime:0.001195s ]
[2026-06-05T16:54:52+08:00][sql] SELECT * FROM `cmf_user` WHERE  `id` = 1 LIMIT 1 [ RunTime:0.000405s ]
[2026-06-05T16:54:52+08:00][sql] SHOW FULL COLUMNS FROM `cmf_admin_menu` [ RunTime:0.001324s ]
[2026-06-05T16:54:52+08:00][sql] SELECT * FROM `cmf_admin_menu` ORDER BY `app` ASC,`controller` ASC,`action` ASC [ RunTime:0.001478s ]
[2026-06-05T16:54:52+08:00][sql] CONNECT:[ UseTime:0.000794s ] mysql:host=127.0.0.1;port=3306;dbname=weihua;charset=utf8mb4
[2026-06-05T16:54:52+08:00][sql] SHOW FULL COLUMNS FROM `cmf_option` [ RunTime:0.001094s ]
[2026-06-05T16:54:52+08:00][sql] SELECT `option_value` FROM `cmf_option` WHERE  `option_name` = 'cdn_settings' LIMIT 1 [ RunTime:0.000232s ]
[2026-06-05T16:54:52+08:00][sql] SHOW FULL COLUMNS FROM `cmf_user` [ RunTime:0.001166s ]
[2026-06-05T16:54:52+08:00][sql] SELECT * FROM `cmf_user` WHERE  `id` = 1 LIMIT 1 [ RunTime:0.000313s ]
[2026-06-05T16:54:52+08:00][sql] SELECT `option_value` FROM `cmf_option` WHERE  `option_name` = 'cdn_settings' LIMIT 1 [ RunTime:0.000375s ]
[2026-06-05T16:54:52+08:00][sql] SELECT `option_value` FROM `cmf_option` WHERE  `option_name` = 'cmf_settings' LIMIT 1 [ RunTime:0.000311s ]
[2026-06-05T16:54:52+08:00][sql] SELECT `option_value` FROM `cmf_option` WHERE  `option_name` = 'storage' LIMIT 1 [ RunTime:0.000319s ]
[2026-06-05T16:54:53+08:00][sql] CONNECT:[ UseTime:0.000786s ] mysql:host=127.0.0.1;port=3306;dbname=weihua;charset=utf8mb4
[2026-06-05T16:54:53+08:00][sql] SHOW FULL COLUMNS FROM `cmf_option` [ RunTime:0.001305s ]
[2026-06-05T16:54:53+08:00][sql] SELECT `option_value` FROM `cmf_option` WHERE  `option_name` = 'cdn_settings' LIMIT 1 [ RunTime:0.000217s ]
[2026-06-05T16:54:53+08:00][sql] SHOW FULL COLUMNS FROM `cmf_user` [ RunTime:0.002311s ]
[2026-06-05T16:54:53+08:00][sql] SELECT * FROM `cmf_user` WHERE  `id` = 1 LIMIT 1 [ RunTime:0.000569s ]
[2026-06-05T16:54:53+08:00][sql] SHOW FULL COLUMNS FROM `cmf_portal_post` [ RunTime:0.001664s ]
[2026-06-05T16:54:53+08:00][sql] SELECT COUNT(*) AS think_count FROM `cmf_portal_post` `a` INNER JOIN `cmf_user` `u` ON `a`.`user_id`=`u`.`id` WHERE (  `a`.`create_time` >= '0'  AND `a`.`delete_time` = '0'  AND (  `a`.`post_type` = '8' ) ) AND `a`.`delete_time` = '0' LIMIT 1 [ RunTime:0.000781s ]
[2026-06-05T16:54:53+08:00][sql] SELECT `a`.*,`u`.`user_login`,`u`.`user_nickname`,`u`.`user_email` FROM `cmf_portal_post` `a` INNER JOIN `cmf_user` `u` ON `a`.`user_id`=`u`.`id` WHERE (  `a`.`create_time` >= '0'  AND `a`.`delete_time` = '0'  AND (  `a`.`post_type` = '8' ) ) AND `a`.`delete_time` = '0' ORDER BY `update_time` DESC LIMIT 0,10 [ RunTime:0.000735s ]
[2026-06-05T16:54:53+08:00][sql] SHOW FULL COLUMNS FROM `cmf_portal_category` [ RunTime:0.002089s ]
[2026-06-05T16:54:53+08:00][sql] SELECT * FROM `cmf_portal_category` WHERE (  `delete_time` = 0  AND `type` = 8 ) AND `cmf_portal_category`.`delete_time` = '0' ORDER BY `list_order` ASC [ RunTime:0.000528s ]
[2026-06-05T16:54:53+08:00][sql] SHOW FULL COLUMNS FROM `cmf_portal_category_post` [ RunTime:0.002273s ]
[2026-06-05T16:54:53+08:00][sql] SELECT `cmf_portal_category`.*,`pivot`.`id` AS `pivot__id`,`pivot`.`post_id` AS `pivot__post_id`,`pivot`.`category_id` AS `pivot__category_id`,`pivot`.`list_order` AS `pivot__list_order`,`pivot`.`status` AS `pivot__status` FROM `cmf_portal_category` INNER JOIN `cmf_portal_category_post` `pivot` ON `pivot`.`category_id`=`cmf_portal_category`.`id` WHERE (  `pivot`.`post_id` = '29' ) AND `cmf_portal_category`.`delete_time` = '0' [ RunTime:0.000623s ]
[2026-06-05T16:54:53+08:00][sql] SELECT `option_value` FROM `cmf_option` WHERE  `option_name` = 'storage' LIMIT 1 [ RunTime:0.000587s ]
[2026-06-05T16:54:53+08:00][sql] SELECT `cmf_portal_category`.*,`pivot`.`id` AS `pivot__id`,`pivot`.`post_id` AS `pivot__post_id`,`pivot`.`category_id` AS `pivot__category_id`,`pivot`.`list_order` AS `pivot__list_order`,`pivot`.`status` AS `pivot__status` FROM `cmf_portal_category` INNER JOIN `cmf_portal_category_post` `pivot` ON `pivot`.`category_id`=`cmf_portal_category`.`id` WHERE (  `pivot`.`post_id` = '28' ) AND `cmf_portal_category`.`delete_time` = '0' [ RunTime:0.001264s ]
[2026-06-05T16:54:53+08:00][sql] SELECT `cmf_portal_category`.*,`pivot`.`id` AS `pivot__id`,`pivot`.`post_id` AS `pivot__post_id`,`pivot`.`category_id` AS `pivot__category_id`,`pivot`.`list_order` AS `pivot__list_order`,`pivot`.`status` AS `pivot__status` FROM `cmf_portal_category` INNER JOIN `cmf_portal_category_post` `pivot` ON `pivot`.`category_id`=`cmf_portal_category`.`id` WHERE (  `pivot`.`post_id` = '27' ) AND `cmf_portal_category`.`delete_time` = '0' [ RunTime:0.000754s ]
[2026-06-05T16:54:53+08:00][sql] SELECT `cmf_portal_category`.*,`pivot`.`id` AS `pivot__id`,`pivot`.`post_id` AS `pivot__post_id`,`pivot`.`category_id` AS `pivot__category_id`,`pivot`.`list_order` AS `pivot__list_order`,`pivot`.`status` AS `pivot__status` FROM `cmf_portal_category` INNER JOIN `cmf_portal_category_post` `pivot` ON `pivot`.`category_id`=`cmf_portal_category`.`id` WHERE (  `pivot`.`post_id` = '26' ) AND `cmf_portal_category`.`delete_time` = '0' [ RunTime:0.000683s ]
[2026-06-05T16:54:53+08:00][sql] SELECT `cmf_portal_category`.*,`pivot`.`id` AS `pivot__id`,`pivot`.`post_id` AS `pivot__post_id`,`pivot`.`category_id` AS `pivot__category_id`,`pivot`.`list_order` AS `pivot__list_order`,`pivot`.`status` AS `pivot__status` FROM `cmf_portal_category` INNER JOIN `cmf_portal_category_post` `pivot` ON `pivot`.`category_id`=`cmf_portal_category`.`id` WHERE (  `pivot`.`post_id` = '15' ) AND `cmf_portal_category`.`delete_time` = '0' [ RunTime:0.000637s ]
[2026-06-05T16:54:53+08:00][sql] SELECT `cmf_portal_category`.*,`pivot`.`id` AS `pivot__id`,`pivot`.`post_id` AS `pivot__post_id`,`pivot`.`category_id` AS `pivot__category_id`,`pivot`.`list_order` AS `pivot__list_order`,`pivot`.`status` AS `pivot__status` FROM `cmf_portal_category` INNER JOIN `cmf_portal_category_post` `pivot` ON `pivot`.`category_id`=`cmf_portal_category`.`id` WHERE (  `pivot`.`post_id` = '14' ) AND `cmf_portal_category`.`delete_time` = '0' [ RunTime:0.000438s ]
[2026-06-05T16:54:53+08:00][sql] SELECT `cmf_portal_category`.*,`pivot`.`id` AS `pivot__id`,`pivot`.`post_id` AS `pivot__post_id`,`pivot`.`category_id` AS `pivot__category_id`,`pivot`.`list_order` AS `pivot__list_order`,`pivot`.`status` AS `pivot__status` FROM `cmf_portal_category` INNER JOIN `cmf_portal_category_post` `pivot` ON `pivot`.`category_id`=`cmf_portal_category`.`id` WHERE (  `pivot`.`post_id` = '12' ) AND `cmf_portal_category`.`delete_time` = '0' [ RunTime:0.000401s ]
[2026-06-05T16:54:53+08:00][sql] SELECT `cmf_portal_category`.*,`pivot`.`id` AS `pivot__id`,`pivot`.`post_id` AS `pivot__post_id`,`pivot`.`category_id` AS `pivot__category_id`,`pivot`.`list_order` AS `pivot__list_order`,`pivot`.`status` AS `pivot__status` FROM `cmf_portal_category` INNER JOIN `cmf_portal_category_post` `pivot` ON `pivot`.`category_id`=`cmf_portal_category`.`id` WHERE (  `pivot`.`post_id` = '10' ) AND `cmf_portal_category`.`delete_time` = '0' [ RunTime:0.000390s ]
[2026-06-05T16:54:53+08:00][sql] SELECT `cmf_portal_category`.*,`pivot`.`id` AS `pivot__id`,`pivot`.`post_id` AS `pivot__post_id`,`pivot`.`category_id` AS `pivot__category_id`,`pivot`.`list_order` AS `pivot__list_order`,`pivot`.`status` AS `pivot__status` FROM `cmf_portal_category` INNER JOIN `cmf_portal_category_post` `pivot` ON `pivot`.`category_id`=`cmf_portal_category`.`id` WHERE (  `pivot`.`post_id` = '13' ) AND `cmf_portal_category`.`delete_time` = '0' [ RunTime:0.000368s ]
[2026-06-05T16:54:53+08:00][sql] SELECT `cmf_portal_category`.*,`pivot`.`id` AS `pivot__id`,`pivot`.`post_id` AS `pivot__post_id`,`pivot`.`category_id` AS `pivot__category_id`,`pivot`.`list_order` AS `pivot__list_order`,`pivot`.`status` AS `pivot__status` FROM `cmf_portal_category` INNER JOIN `cmf_portal_category_post` `pivot` ON `pivot`.`category_id`=`cmf_portal_category`.`id` WHERE (  `pivot`.`post_id` = '9' ) AND `cmf_portal_category`.`delete_time` = '0' [ RunTime:0.000425s ]
[2026-06-05T16:54:55+08:00][sql] CONNECT:[ UseTime:0.000868s ] mysql:host=127.0.0.1;port=3306;dbname=weihua;charset=utf8mb4
[2026-06-05T16:54:55+08:00][sql] SHOW FULL COLUMNS FROM `cmf_option` [ RunTime:0.001652s ]
[2026-06-05T16:54:55+08:00][sql] SELECT `option_value` FROM `cmf_option` WHERE  `option_name` = 'cdn_settings' LIMIT 1 [ RunTime:0.000407s ]
[2026-06-05T16:54:55+08:00][sql] SHOW FULL COLUMNS FROM `cmf_user` [ RunTime:0.001330s ]
[2026-06-05T16:54:55+08:00][sql] SELECT * FROM `cmf_user` WHERE  `id` = 1 LIMIT 1 [ RunTime:0.000415s ]
[2026-06-05T16:54:55+08:00][sql] SHOW FULL COLUMNS FROM `cmf_portal_post` [ RunTime:0.001343s ]
[2026-06-05T16:54:55+08:00][sql] SELECT * FROM `cmf_portal_post` WHERE (  `id` = 29 ) AND `cmf_portal_post`.`delete_time` = '0' LIMIT 1 [ RunTime:0.000350s ]
[2026-06-05T16:54:55+08:00][sql] SHOW FULL COLUMNS FROM `cmf_portal_category_post` [ RunTime:0.001144s ]
[2026-06-05T16:54:55+08:00][sql] SHOW FULL COLUMNS FROM `cmf_portal_category` [ RunTime:0.001023s ]
[2026-06-05T16:54:55+08:00][sql] SELECT `a`.`name`,`a`.`id` FROM `cmf_portal_category` `a` INNER JOIN `cmf_portal_category_post` `pivot` ON `pivot`.`category_id`=`a`.`id` WHERE (  `pivot`.`post_id` = '29' ) AND `a`.`delete_time` = '0' [ RunTime:0.000571s ]
[2026-06-05T16:54:55+08:00][sql] SHOW FULL COLUMNS FROM `cmf_route` [ RunTime:0.001436s ]
[2026-06-05T16:54:55+08:00][sql] SELECT `url` FROM `cmf_route` WHERE  `full_url` = 'portal/index/news_info?cid=1&id=29' LIMIT 1 [ RunTime:0.000427s ]
[2026-06-05T16:54:55+08:00][sql] SHOW FULL COLUMNS FROM `cmf_theme_file` [ RunTime:0.001369s ]
[2026-06-05T16:54:55+08:00][sql] SELECT * FROM `cmf_theme_file` WHERE  `theme` = 'default'  AND `action` = 'portal/Article/index' [ RunTime:0.000357s ]
[2026-06-05T16:54:55+08:00][sql] SELECT `option_value` FROM `cmf_option` WHERE  `option_name` = 'storage' LIMIT 1 [ RunTime:0.000303s ]
[2026-06-05T16:54:55+08:00][sql] CONNECT:[ UseTime:0.000899s ] mysql:host=127.0.0.1;port=3306;dbname=weihua;charset=utf8mb4
[2026-06-05T16:54:55+08:00][sql] SHOW FULL COLUMNS FROM `cmf_option` [ RunTime:0.001130s ]
[2026-06-05T16:54:55+08:00][sql] SELECT `option_value` FROM `cmf_option` WHERE  `option_name` = 'cdn_settings' LIMIT 1 [ RunTime:0.000264s ]
[2026-06-05T16:54:55+08:00][sql] SELECT `option_value` FROM `cmf_option` WHERE  `option_name` = 'cdn_settings' LIMIT 1 [ RunTime:0.000274s ]
[2026-06-05T16:54:59+08:00][sql] CONNECT:[ UseTime:0.000972s ] mysql:host=127.0.0.1;port=3306;dbname=weihua;charset=utf8mb4
[2026-06-05T16:54:59+08:00][sql] SHOW FULL COLUMNS FROM `cmf_option` [ RunTime:0.001544s ]
[2026-06-05T16:54:59+08:00][sql] SELECT `option_value` FROM `cmf_option` WHERE  `option_name` = 'cdn_settings' LIMIT 1 [ RunTime:0.000353s ]
[2026-06-05T16:54:59+08:00][sql] SHOW FULL COLUMNS FROM `cmf_user` [ RunTime:0.001863s ]
[2026-06-05T16:54:59+08:00][sql] SELECT * FROM `cmf_user` WHERE  `id` = 1 LIMIT 1 [ RunTime:0.000424s ]
[2026-06-05T16:54:59+08:00][sql] SHOW FULL COLUMNS FROM `cmf_admin_menu` [ RunTime:0.001275s ]
[2026-06-05T16:54:59+08:00][sql] SELECT * FROM `cmf_admin_menu` ORDER BY `app` ASC,`controller` ASC,`action` ASC [ RunTime:0.000768s ]
[2026-06-05T16:54:59+08:00][sql] CONNECT:[ UseTime:0.001306s ] mysql:host=127.0.0.1;port=3306;dbname=weihua;charset=utf8mb4
[2026-06-05T16:54:59+08:00][sql] SHOW FULL COLUMNS FROM `cmf_option` [ RunTime:0.001489s ]
[2026-06-05T16:54:59+08:00][sql] SELECT `option_value` FROM `cmf_option` WHERE  `option_name` = 'cdn_settings' LIMIT 1 [ RunTime:0.000296s ]
[2026-06-05T16:54:59+08:00][sql] SHOW FULL COLUMNS FROM `cmf_user` [ RunTime:0.001356s ]
[2026-06-05T16:54:59+08:00][sql] SELECT * FROM `cmf_user` WHERE  `id` = 1 LIMIT 1 [ RunTime:0.000452s ]
[2026-06-05T16:54:59+08:00][sql] SELECT `option_value` FROM `cmf_option` WHERE  `option_name` = 'cdn_settings' LIMIT 1 [ RunTime:0.000354s ]
[2026-06-05T16:54:59+08:00][sql] SELECT `option_value` FROM `cmf_option` WHERE  `option_name` = 'cmf_settings' LIMIT 1 [ RunTime:0.000310s ]
[2026-06-05T16:54:59+08:00][sql] SELECT `option_value` FROM `cmf_option` WHERE  `option_name` = 'storage' LIMIT 1 [ RunTime:0.000452s ]
[2026-06-05T16:54:59+08:00][sql] CONNECT:[ UseTime:0.020324s ] mysql:host=127.0.0.1;port=3306;dbname=weihua;charset=utf8mb4
[2026-06-05T16:54:59+08:00][sql] SHOW FULL COLUMNS FROM `cmf_option` [ RunTime:0.002240s ]
[2026-06-05T16:54:59+08:00][sql] SELECT `option_value` FROM `cmf_option` WHERE  `option_name` = 'cdn_settings' LIMIT 1 [ RunTime:0.000353s ]
[2026-06-05T16:54:59+08:00][sql] SHOW FULL COLUMNS FROM `cmf_user` [ RunTime:0.002089s ]
[2026-06-05T16:54:59+08:00][sql] SELECT * FROM `cmf_user` WHERE  `id` = 1 LIMIT 1 [ RunTime:0.000467s ]
[2026-06-05T16:54:59+08:00][sql] SHOW FULL COLUMNS FROM `cmf_portal_post` [ RunTime:0.002586s ]
[2026-06-05T16:54:59+08:00][sql] SELECT COUNT(*) AS think_count FROM `cmf_portal_post` `a` INNER JOIN `cmf_user` `u` ON `a`.`user_id`=`u`.`id` WHERE (  `a`.`create_time` >= '0'  AND `a`.`delete_time` = '0'  AND (  `a`.`post_type` = '8' ) ) AND `a`.`delete_time` = '0' LIMIT 1 [ RunTime:0.000920s ]
[2026-06-05T16:54:59+08:00][sql] SELECT `a`.*,`u`.`user_login`,`u`.`user_nickname`,`u`.`user_email` FROM `cmf_portal_post` `a` INNER JOIN `cmf_user` `u` ON `a`.`user_id`=`u`.`id` WHERE (  `a`.`create_time` >= '0'  AND `a`.`delete_time` = '0'  AND (  `a`.`post_type` = '8' ) ) AND `a`.`delete_time` = '0' ORDER BY `update_time` DESC LIMIT 0,10 [ RunTime:0.001245s ]
[2026-06-05T16:54:59+08:00][sql] SHOW FULL COLUMNS FROM `cmf_portal_category` [ RunTime:0.001798s ]
[2026-06-05T16:54:59+08:00][sql] SELECT * FROM `cmf_portal_category` WHERE (  `delete_time` = 0  AND `type` = 8 ) AND `cmf_portal_category`.`delete_time` = '0' ORDER BY `list_order` ASC [ RunTime:0.000617s ]
[2026-06-05T16:54:59+08:00][sql] SHOW FULL COLUMNS FROM `cmf_portal_category_post` [ RunTime:0.001571s ]
[2026-06-05T16:54:59+08:00][sql] SELECT `cmf_portal_category`.*,`pivot`.`id` AS `pivot__id`,`pivot`.`post_id` AS `pivot__post_id`,`pivot`.`category_id` AS `pivot__category_id`,`pivot`.`list_order` AS `pivot__list_order`,`pivot`.`status` AS `pivot__status` FROM `cmf_portal_category` INNER JOIN `cmf_portal_category_post` `pivot` ON `pivot`.`category_id`=`cmf_portal_category`.`id` WHERE (  `pivot`.`post_id` = '29' ) AND `cmf_portal_category`.`delete_time` = '0' [ RunTime:0.000564s ]
[2026-06-05T16:54:59+08:00][sql] SELECT `option_value` FROM `cmf_option` WHERE  `option_name` = 'storage' LIMIT 1 [ RunTime:0.000346s ]
[2026-06-05T16:54:59+08:00][sql] SELECT `cmf_portal_category`.*,`pivot`.`id` AS `pivot__id`,`pivot`.`post_id` AS `pivot__post_id`,`pivot`.`category_id` AS `pivot__category_id`,`pivot`.`list_order` AS `pivot__list_order`,`pivot`.`status` AS `pivot__status` FROM `cmf_portal_category` INNER JOIN `cmf_portal_category_post` `pivot` ON `pivot`.`category_id`=`cmf_portal_category`.`id` WHERE (  `pivot`.`post_id` = '28' ) AND `cmf_portal_category`.`delete_time` = '0' [ RunTime:0.000615s ]
[2026-06-05T16:54:59+08:00][sql] SELECT `cmf_portal_category`.*,`pivot`.`id` AS `pivot__id`,`pivot`.`post_id` AS `pivot__post_id`,`pivot`.`category_id` AS `pivot__category_id`,`pivot`.`list_order` AS `pivot__list_order`,`pivot`.`status` AS `pivot__status` FROM `cmf_portal_category` INNER JOIN `cmf_portal_category_post` `pivot` ON `pivot`.`category_id`=`cmf_portal_category`.`id` WHERE (  `pivot`.`post_id` = '27' ) AND `cmf_portal_category`.`delete_time` = '0' [ RunTime:0.000524s ]
[2026-06-05T16:54:59+08:00][sql] SELECT `cmf_portal_category`.*,`pivot`.`id` AS `pivot__id`,`pivot`.`post_id` AS `pivot__post_id`,`pivot`.`category_id` AS `pivot__category_id`,`pivot`.`list_order` AS `pivot__list_order`,`pivot`.`status` AS `pivot__status` FROM `cmf_portal_category` INNER JOIN `cmf_portal_category_post` `pivot` ON `pivot`.`category_id`=`cmf_portal_category`.`id` WHERE (  `pivot`.`post_id` = '26' ) AND `cmf_portal_category`.`delete_time` = '0' [ RunTime:0.000392s ]
[2026-06-05T16:54:59+08:00][sql] SELECT `cmf_portal_category`.*,`pivot`.`id` AS `pivot__id`,`pivot`.`post_id` AS `pivot__post_id`,`pivot`.`category_id` AS `pivot__category_id`,`pivot`.`list_order` AS `pivot__list_order`,`pivot`.`status` AS `pivot__status` FROM `cmf_portal_category` INNER JOIN `cmf_portal_category_post` `pivot` ON `pivot`.`category_id`=`cmf_portal_category`.`id` WHERE (  `pivot`.`post_id` = '15' ) AND `cmf_portal_category`.`delete_time` = '0' [ RunTime:0.000446s ]
[2026-06-05T16:54:59+08:00][sql] SELECT `cmf_portal_category`.*,`pivot`.`id` AS `pivot__id`,`pivot`.`post_id` AS `pivot__post_id`,`pivot`.`category_id` AS `pivot__category_id`,`pivot`.`list_order` AS `pivot__list_order`,`pivot`.`status` AS `pivot__status` FROM `cmf_portal_category` INNER JOIN `cmf_portal_category_post` `pivot` ON `pivot`.`category_id`=`cmf_portal_category`.`id` WHERE (  `pivot`.`post_id` = '14' ) AND `cmf_portal_category`.`delete_time` = '0' [ RunTime:0.000423s ]
[2026-06-05T16:54:59+08:00][sql] SELECT `cmf_portal_category`.*,`pivot`.`id` AS `pivot__id`,`pivot`.`post_id` AS `pivot__post_id`,`pivot`.`category_id` AS `pivot__category_id`,`pivot`.`list_order` AS `pivot__list_order`,`pivot`.`status` AS `pivot__status` FROM `cmf_portal_category` INNER JOIN `cmf_portal_category_post` `pivot` ON `pivot`.`category_id`=`cmf_portal_category`.`id` WHERE (  `pivot`.`post_id` = '12' ) AND `cmf_portal_category`.`delete_time` = '0' [ RunTime:0.000471s ]
[2026-06-05T16:54:59+08:00][sql] SELECT `cmf_portal_category`.*,`pivot`.`id` AS `pivot__id`,`pivot`.`post_id` AS `pivot__post_id`,`pivot`.`category_id` AS `pivot__category_id`,`pivot`.`list_order` AS `pivot__list_order`,`pivot`.`status` AS `pivot__status` FROM `cmf_portal_category` INNER JOIN `cmf_portal_category_post` `pivot` ON `pivot`.`category_id`=`cmf_portal_category`.`id` WHERE (  `pivot`.`post_id` = '10' ) AND `cmf_portal_category`.`delete_time` = '0' [ RunTime:0.000490s ]
[2026-06-05T16:54:59+08:00][sql] SELECT `cmf_portal_category`.*,`pivot`.`id` AS `pivot__id`,`pivot`.`post_id` AS `pivot__post_id`,`pivot`.`category_id` AS `pivot__category_id`,`pivot`.`list_order` AS `pivot__list_order`,`pivot`.`status` AS `pivot__status` FROM `cmf_portal_category` INNER JOIN `cmf_portal_category_post` `pivot` ON `pivot`.`category_id`=`cmf_portal_category`.`id` WHERE (  `pivot`.`post_id` = '13' ) AND `cmf_portal_category`.`delete_time` = '0' [ RunTime:0.000472s ]
[2026-06-05T16:54:59+08:00][sql] SELECT `cmf_portal_category`.*,`pivot`.`id` AS `pivot__id`,`pivot`.`post_id` AS `pivot__post_id`,`pivot`.`category_id` AS `pivot__category_id`,`pivot`.`list_order` AS `pivot__list_order`,`pivot`.`status` AS `pivot__status` FROM `cmf_portal_category` INNER JOIN `cmf_portal_category_post` `pivot` ON `pivot`.`category_id`=`cmf_portal_category`.`id` WHERE (  `pivot`.`post_id` = '9' ) AND `cmf_portal_category`.`delete_time` = '0' [ RunTime:0.000358s ]
[2026-06-05T16:55:01+08:00][sql] CONNECT:[ UseTime:0.000823s ] mysql:host=127.0.0.1;port=3306;dbname=weihua;charset=utf8mb4
[2026-06-05T16:55:01+08:00][sql] SHOW FULL COLUMNS FROM `cmf_option` [ RunTime:0.001840s ]
[2026-06-05T16:55:01+08:00][sql] SELECT `option_value` FROM `cmf_option` WHERE  `option_name` = 'cdn_settings' LIMIT 1 [ RunTime:0.000270s ]
[2026-06-05T16:55:01+08:00][sql] SHOW FULL COLUMNS FROM `cmf_user` [ RunTime:0.001195s ]
[2026-06-05T16:55:01+08:00][sql] SELECT * FROM `cmf_user` WHERE  `id` = 1 LIMIT 1 [ RunTime:0.000362s ]
[2026-06-05T16:55:01+08:00][sql] SHOW FULL COLUMNS FROM `cmf_theme_file` [ RunTime:0.001248s ]
[2026-06-05T16:55:01+08:00][sql] SELECT * FROM `cmf_theme_file` WHERE  `theme` = 'default'  AND `action` = 'portal/Article/index' [ RunTime:0.000289s ]
[2026-06-05T16:55:01+08:00][sql] CONNECT:[ UseTime:0.000844s ] mysql:host=127.0.0.1;port=3306;dbname=weihua;charset=utf8mb4
[2026-06-05T16:55:01+08:00][sql] SHOW FULL COLUMNS FROM `cmf_option` [ RunTime:0.001391s ]
[2026-06-05T16:55:01+08:00][sql] SELECT `option_value` FROM `cmf_option` WHERE  `option_name` = 'cdn_settings' LIMIT 1 [ RunTime:0.000343s ]
[2026-06-05T16:55:01+08:00][sql] SELECT `option_value` FROM `cmf_option` WHERE  `option_name` = 'cdn_settings' LIMIT 1 [ RunTime:0.000264s ]
[2026-06-05T16:55:02+08:00][sql] CONNECT:[ UseTime:0.014691s ] mysql:host=127.0.0.1;port=3306;dbname=weihua;charset=utf8mb4
[2026-06-05T16:55:02+08:00][sql] SHOW FULL COLUMNS FROM `cmf_option` [ RunTime:0.001164s ]
[2026-06-05T16:55:02+08:00][sql] SELECT `option_value` FROM `cmf_option` WHERE  `option_name` = 'cdn_settings' LIMIT 1 [ RunTime:0.000443s ]
[2026-06-05T16:55:02+08:00][sql] SHOW FULL COLUMNS FROM `cmf_user` [ RunTime:0.001315s ]
[2026-06-05T16:55:02+08:00][sql] SELECT * FROM `cmf_user` WHERE  `id` = 1 LIMIT 1 [ RunTime:0.000759s ]
[2026-06-05T16:55:02+08:00][sql] SHOW FULL COLUMNS FROM `cmf_portal_category` [ RunTime:0.001566s ]
[2026-06-05T16:55:02+08:00][sql] SELECT * FROM `cmf_portal_category` WHERE (  `delete_time` = 0  AND `type` = 8 ) AND `cmf_portal_category`.`delete_time` = '0' ORDER BY `list_order` ASC [ RunTime:0.000334s ]
[2026-06-05T16:55:02+08:00][sql] SELECT * FROM `cmf_portal_category` WHERE (  `delete_time` = 0 ) AND `cmf_portal_category`.`delete_time` = '0' [ RunTime:0.000364s ]
[2026-06-05T16:55:12+08:00][sql] CONNECT:[ UseTime:0.012927s ] mysql:host=127.0.0.1;port=3306;dbname=weihua;charset=utf8mb4
[2026-06-05T16:55:12+08:00][sql] SHOW FULL COLUMNS FROM `cmf_option` [ RunTime:0.001613s ]
[2026-06-05T16:55:12+08:00][sql] SELECT `option_value` FROM `cmf_option` WHERE  `option_name` = 'cdn_settings' LIMIT 1 [ RunTime:0.000520s ]
[2026-06-05T16:55:12+08:00][sql] SELECT `option_value` FROM `cmf_option` WHERE  `option_name` = 'storage' LIMIT 1 [ RunTime:0.000258s ]
[2026-06-05T16:55:16+08:00][sql] CONNECT:[ UseTime:0.001225s ] mysql:host=127.0.0.1;port=3306;dbname=weihua;charset=utf8mb4
[2026-06-05T16:55:16+08:00][sql] SHOW FULL COLUMNS FROM `cmf_option` [ RunTime:0.001419s ]
[2026-06-05T16:55:16+08:00][sql] SELECT `option_value` FROM `cmf_option` WHERE  `option_name` = 'cdn_settings' LIMIT 1 [ RunTime:0.000247s ]
[2026-06-05T16:55:16+08:00][sql] SELECT * FROM `cmf_option` WHERE  `option_name` = 'cmf_settings' LIMIT 1 [ RunTime:0.000617s ]
[2026-06-05T16:55:16+08:00][sql] SHOW FULL COLUMNS FROM `cmf_asset` [ RunTime:0.001398s ]
[2026-06-05T16:55:16+08:00][sql] SELECT * FROM `cmf_asset` WHERE  `user_id` = 1  AND `file_key` = '98f2e0eee8d626033ec4ae0b5326fb21677bc23f127815b65e6b9f01f50b9618' LIMIT 1 [ RunTime:0.000544s ]
[2026-06-05T16:55:16+08:00][sql] SELECT `option_value` FROM `cmf_option` WHERE  `option_name` = 'storage' LIMIT 1 [ RunTime:0.000195s ]
[2026-06-05T16:55:16+08:00][sql] UPDATE `cmf_asset`  SET `filename` = 'e66d95f383299e06b7169b9cfbcb452f.jpg'  WHERE  `id` = 898 [ RunTime:0.000284s ]
[2026-06-05T16:55:18+08:00][sql] CONNECT:[ UseTime:0.000781s ] mysql:host=127.0.0.1;port=3306;dbname=weihua;charset=utf8mb4
[2026-06-05T16:55:18+08:00][sql] SHOW FULL COLUMNS FROM `cmf_option` [ RunTime:0.001643s ]
[2026-06-05T16:55:18+08:00][sql] SELECT `option_value` FROM `cmf_option` WHERE  `option_name` = 'cdn_settings' LIMIT 1 [ RunTime:0.000309s ]
[2026-06-05T16:55:18+08:00][sql] SHOW FULL COLUMNS FROM `cmf_user` [ RunTime:0.001533s ]
[2026-06-05T16:55:18+08:00][sql] SELECT * FROM `cmf_user` WHERE  `id` = 1 LIMIT 1 [ RunTime:0.000367s ]
[2026-06-05T16:55:18+08:00][sql] SELECT `option_value` FROM `cmf_option` WHERE  `option_name` = 'storage' LIMIT 1 [ RunTime:0.000466s ]
[2026-06-05T16:55:18+08:00][sql] SHOW FULL COLUMNS FROM `cmf_portal_post` [ RunTime:0.001575s ]
[2026-06-05T16:55:18+08:00][sql] INSERT INTO `cmf_portal_post` SET `post_title` = 'qeqw' , `post_alias` = 'qwe-qwewq' , `post_excerpt` = 'rerew' , `more` = '{\"thumbnail\":\"admin\\/20260508\\/bd706e677267566fbf2c9cc2f1299a41.jpg\"}' , `post_content` = '&lt;p&gt;rewr&lt;/p&gt;' , `post_status` = 1 , `is_top` = 0 , `recommended` = 0 , `post_type` = 8 , `user_id` = 1 , `thumbnail` = 'admin/20260508/bd706e677267566fbf2c9cc2f1299a41.jpg' , `create_time` = 1780649718 , `update_time` = 1780649718 [ RunTime:0.000442s ]
[2026-06-05T16:55:18+08:00][sql] SHOW FULL COLUMNS FROM `cmf_portal_category_post` [ RunTime:0.001045s ]
[2026-06-05T16:55:18+08:00][sql] REPLACE INTO `cmf_portal_category_post` SET `post_id` = 30 , `category_id` = 1 [ RunTime:0.000317s ]
[2026-06-05T16:55:20+08:00][sql] CONNECT:[ UseTime:0.000904s ] mysql:host=127.0.0.1;port=3306;dbname=weihua;charset=utf8mb4
[2026-06-05T16:55:20+08:00][sql] SHOW FULL COLUMNS FROM `cmf_option` [ RunTime:0.001225s ]
[2026-06-05T16:55:20+08:00][sql] SELECT `option_value` FROM `cmf_option` WHERE  `option_name` = 'cdn_settings' LIMIT 1 [ RunTime:0.000339s ]
[2026-06-05T16:55:20+08:00][sql] SHOW FULL COLUMNS FROM `cmf_user` [ RunTime:0.001161s ]
[2026-06-05T16:55:20+08:00][sql] SELECT * FROM `cmf_user` WHERE  `id` = 1 LIMIT 1 [ RunTime:0.000338s ]
[2026-06-05T16:55:20+08:00][sql] SHOW FULL COLUMNS FROM `cmf_portal_post` [ RunTime:0.001154s ]
[2026-06-05T16:55:20+08:00][sql] SELECT COUNT(*) AS think_count FROM `cmf_portal_post` `a` INNER JOIN `cmf_user` `u` ON `a`.`user_id`=`u`.`id` WHERE (  `a`.`create_time` >= '0'  AND `a`.`delete_time` = '0'  AND (  `a`.`post_type` = '8' ) ) AND `a`.`delete_time` = '0' LIMIT 1 [ RunTime:0.000363s ]
[2026-06-05T16:55:20+08:00][sql] SELECT `a`.*,`u`.`user_login`,`u`.`user_nickname`,`u`.`user_email` FROM `cmf_portal_post` `a` INNER JOIN `cmf_user` `u` ON `a`.`user_id`=`u`.`id` WHERE (  `a`.`create_time` >= '0'  AND `a`.`delete_time` = '0'  AND (  `a`.`post_type` = '8' ) ) AND `a`.`delete_time` = '0' ORDER BY `update_time` DESC LIMIT 0,10 [ RunTime:0.000715s ]
[2026-06-05T16:55:20+08:00][sql] SHOW FULL COLUMNS FROM `cmf_portal_category` [ RunTime:0.001390s ]
[2026-06-05T16:55:20+08:00][sql] SELECT * FROM `cmf_portal_category` WHERE (  `delete_time` = 0  AND `type` = 8 ) AND `cmf_portal_category`.`delete_time` = '0' ORDER BY `list_order` ASC [ RunTime:0.000379s ]
[2026-06-05T16:55:20+08:00][sql] SHOW FULL COLUMNS FROM `cmf_portal_category_post` [ RunTime:0.001103s ]
[2026-06-05T16:55:20+08:00][sql] SELECT `cmf_portal_category`.*,`pivot`.`id` AS `pivot__id`,`pivot`.`post_id` AS `pivot__post_id`,`pivot`.`category_id` AS `pivot__category_id`,`pivot`.`list_order` AS `pivot__list_order`,`pivot`.`status` AS `pivot__status` FROM `cmf_portal_category` INNER JOIN `cmf_portal_category_post` `pivot` ON `pivot`.`category_id`=`cmf_portal_category`.`id` WHERE (  `pivot`.`post_id` = '30' ) AND `cmf_portal_category`.`delete_time` = '0' [ RunTime:0.000388s ]
[2026-06-05T16:55:20+08:00][sql] SELECT `option_value` FROM `cmf_option` WHERE  `option_name` = 'storage' LIMIT 1 [ RunTime:0.000229s ]
[2026-06-05T16:55:20+08:00][sql] SELECT `cmf_portal_category`.*,`pivot`.`id` AS `pivot__id`,`pivot`.`post_id` AS `pivot__post_id`,`pivot`.`category_id` AS `pivot__category_id`,`pivot`.`list_order` AS `pivot__list_order`,`pivot`.`status` AS `pivot__status` FROM `cmf_portal_category` INNER JOIN `cmf_portal_category_post` `pivot` ON `pivot`.`category_id`=`cmf_portal_category`.`id` WHERE (  `pivot`.`post_id` = '29' ) AND `cmf_portal_category`.`delete_time` = '0' [ RunTime:0.000385s ]
[2026-06-05T16:55:20+08:00][sql] SELECT `cmf_portal_category`.*,`pivot`.`id` AS `pivot__id`,`pivot`.`post_id` AS `pivot__post_id`,`pivot`.`category_id` AS `pivot__category_id`,`pivot`.`list_order` AS `pivot__list_order`,`pivot`.`status` AS `pivot__status` FROM `cmf_portal_category` INNER JOIN `cmf_portal_category_post` `pivot` ON `pivot`.`category_id`=`cmf_portal_category`.`id` WHERE (  `pivot`.`post_id` = '28' ) AND `cmf_portal_category`.`delete_time` = '0' [ RunTime:0.000354s ]
[2026-06-05T16:55:20+08:00][sql] SELECT `cmf_portal_category`.*,`pivot`.`id` AS `pivot__id`,`pivot`.`post_id` AS `pivot__post_id`,`pivot`.`category_id` AS `pivot__category_id`,`pivot`.`list_order` AS `pivot__list_order`,`pivot`.`status` AS `pivot__status` FROM `cmf_portal_category` INNER JOIN `cmf_portal_category_post` `pivot` ON `pivot`.`category_id`=`cmf_portal_category`.`id` WHERE (  `pivot`.`post_id` = '27' ) AND `cmf_portal_category`.`delete_time` = '0' [ RunTime:0.000327s ]
[2026-06-05T16:55:20+08:00][sql] SELECT `cmf_portal_category`.*,`pivot`.`id` AS `pivot__id`,`pivot`.`post_id` AS `pivot__post_id`,`pivot`.`category_id` AS `pivot__category_id`,`pivot`.`list_order` AS `pivot__list_order`,`pivot`.`status` AS `pivot__status` FROM `cmf_portal_category` INNER JOIN `cmf_portal_category_post` `pivot` ON `pivot`.`category_id`=`cmf_portal_category`.`id` WHERE (  `pivot`.`post_id` = '26' ) AND `cmf_portal_category`.`delete_time` = '0' [ RunTime:0.000360s ]
[2026-06-05T16:55:20+08:00][sql] SELECT `cmf_portal_category`.*,`pivot`.`id` AS `pivot__id`,`pivot`.`post_id` AS `pivot__post_id`,`pivot`.`category_id` AS `pivot__category_id`,`pivot`.`list_order` AS `pivot__list_order`,`pivot`.`status` AS `pivot__status` FROM `cmf_portal_category` INNER JOIN `cmf_portal_category_post` `pivot` ON `pivot`.`category_id`=`cmf_portal_category`.`id` WHERE (  `pivot`.`post_id` = '15' ) AND `cmf_portal_category`.`delete_time` = '0' [ RunTime:0.000350s ]
[2026-06-05T16:55:20+08:00][sql] SELECT `cmf_portal_category`.*,`pivot`.`id` AS `pivot__id`,`pivot`.`post_id` AS `pivot__post_id`,`pivot`.`category_id` AS `pivot__category_id`,`pivot`.`list_order` AS `pivot__list_order`,`pivot`.`status` AS `pivot__status` FROM `cmf_portal_category` INNER JOIN `cmf_portal_category_post` `pivot` ON `pivot`.`category_id`=`cmf_portal_category`.`id` WHERE (  `pivot`.`post_id` = '14' ) AND `cmf_portal_category`.`delete_time` = '0' [ RunTime:0.000376s ]
[2026-06-05T16:55:20+08:00][sql] SELECT `cmf_portal_category`.*,`pivot`.`id` AS `pivot__id`,`pivot`.`post_id` AS `pivot__post_id`,`pivot`.`category_id` AS `pivot__category_id`,`pivot`.`list_order` AS `pivot__list_order`,`pivot`.`status` AS `pivot__status` FROM `cmf_portal_category` INNER JOIN `cmf_portal_category_post` `pivot` ON `pivot`.`category_id`=`cmf_portal_category`.`id` WHERE (  `pivot`.`post_id` = '12' ) AND `cmf_portal_category`.`delete_time` = '0' [ RunTime:0.000349s ]
[2026-06-05T16:55:20+08:00][sql] SELECT `cmf_portal_category`.*,`pivot`.`id` AS `pivot__id`,`pivot`.`post_id` AS `pivot__post_id`,`pivot`.`category_id` AS `pivot__category_id`,`pivot`.`list_order` AS `pivot__list_order`,`pivot`.`status` AS `pivot__status` FROM `cmf_portal_category` INNER JOIN `cmf_portal_category_post` `pivot` ON `pivot`.`category_id`=`cmf_portal_category`.`id` WHERE (  `pivot`.`post_id` = '10' ) AND `cmf_portal_category`.`delete_time` = '0' [ RunTime:0.000371s ]
[2026-06-05T16:55:20+08:00][sql] SELECT `cmf_portal_category`.*,`pivot`.`id` AS `pivot__id`,`pivot`.`post_id` AS `pivot__post_id`,`pivot`.`category_id` AS `pivot__category_id`,`pivot`.`list_order` AS `pivot__list_order`,`pivot`.`status` AS `pivot__status` FROM `cmf_portal_category` INNER JOIN `cmf_portal_category_post` `pivot` ON `pivot`.`category_id`=`cmf_portal_category`.`id` WHERE (  `pivot`.`post_id` = '13' ) AND `cmf_portal_category`.`delete_time` = '0' [ RunTime:0.000352s ]
[2026-06-05T16:55:22+08:00][sql] CONNECT:[ UseTime:0.000791s ] mysql:host=127.0.0.1;port=3306;dbname=weihua;charset=utf8mb4
[2026-06-05T16:55:22+08:00][sql] SHOW FULL COLUMNS FROM `cmf_option` [ RunTime:0.001292s ]
[2026-06-05T16:55:22+08:00][sql] SELECT `option_value` FROM `cmf_option` WHERE  `option_name` = 'cdn_settings' LIMIT 1 [ RunTime:0.000256s ]
[2026-06-05T16:55:22+08:00][sql] SHOW FULL COLUMNS FROM `cmf_user` [ RunTime:0.001035s ]
[2026-06-05T16:55:22+08:00][sql] SELECT * FROM `cmf_user` WHERE  `id` = 1 LIMIT 1 [ RunTime:0.000303s ]
[2026-06-05T16:55:22+08:00][sql] SHOW FULL COLUMNS FROM `cmf_portal_post` [ RunTime:0.001237s ]
[2026-06-05T16:55:22+08:00][sql] SELECT * FROM `cmf_portal_post` WHERE (  `id` = 30 ) AND `cmf_portal_post`.`delete_time` = '0' LIMIT 1 [ RunTime:0.000336s ]
[2026-06-05T16:55:22+08:00][sql] SHOW FULL COLUMNS FROM `cmf_portal_category_post` [ RunTime:0.000871s ]
[2026-06-05T16:55:22+08:00][sql] SHOW FULL COLUMNS FROM `cmf_portal_category` [ RunTime:0.001064s ]
[2026-06-05T16:55:22+08:00][sql] SELECT `a`.`name`,`a`.`id` FROM `cmf_portal_category` `a` INNER JOIN `cmf_portal_category_post` `pivot` ON `pivot`.`category_id`=`a`.`id` WHERE (  `pivot`.`post_id` = '30' ) AND `a`.`delete_time` = '0' [ RunTime:0.000483s ]
[2026-06-05T16:55:22+08:00][sql] SHOW FULL COLUMNS FROM `cmf_route` [ RunTime:0.001450s ]
[2026-06-05T16:55:22+08:00][sql] SELECT `url` FROM `cmf_route` WHERE  `full_url` = 'portal/index/news_info?cid=1&id=30' LIMIT 1 [ RunTime:0.000472s ]
[2026-06-05T16:55:22+08:00][sql] SHOW FULL COLUMNS FROM `cmf_theme_file` [ RunTime:0.001662s ]
[2026-06-05T16:55:22+08:00][sql] SELECT * FROM `cmf_theme_file` WHERE  `theme` = 'default'  AND `action` = 'portal/Article/index' [ RunTime:0.000520s ]
[2026-06-05T16:55:22+08:00][sql] SELECT `option_value` FROM `cmf_option` WHERE  `option_name` = 'storage' LIMIT 1 [ RunTime:0.000546s ]
[2026-06-05T16:55:22+08:00][sql] CONNECT:[ UseTime:0.000799s ] mysql:host=127.0.0.1;port=3306;dbname=weihua;charset=utf8mb4
[2026-06-05T16:55:22+08:00][sql] SHOW FULL COLUMNS FROM `cmf_option` [ RunTime:0.001232s ]
[2026-06-05T16:55:22+08:00][sql] SELECT `option_value` FROM `cmf_option` WHERE  `option_name` = 'cdn_settings' LIMIT 1 [ RunTime:0.000286s ]
[2026-06-05T16:55:22+08:00][sql] SELECT `option_value` FROM `cmf_option` WHERE  `option_name` = 'cdn_settings' LIMIT 1 [ RunTime:0.000362s ]
[2026-06-05T16:55:56+08:00][sql] CONNECT:[ UseTime:0.000899s ] mysql:host=127.0.0.1;port=3306;dbname=weihua;charset=utf8mb4
[2026-06-05T16:55:56+08:00][sql] SHOW FULL COLUMNS FROM `cmf_option` [ RunTime:0.001416s ]
[2026-06-05T16:55:56+08:00][sql] SELECT `option_value` FROM `cmf_option` WHERE  `option_name` = 'cdn_settings' LIMIT 1 [ RunTime:0.000266s ]
[2026-06-05T16:55:56+08:00][sql] SHOW FULL COLUMNS FROM `cmf_user` [ RunTime:0.001423s ]
[2026-06-05T16:55:56+08:00][sql] SELECT * FROM `cmf_user` WHERE  `id` = 1 LIMIT 1 [ RunTime:0.000347s ]
[2026-06-05T16:55:56+08:00][sql] SHOW FULL COLUMNS FROM `cmf_admin_menu` [ RunTime:0.001108s ]
[2026-06-05T16:55:56+08:00][sql] SELECT * FROM `cmf_admin_menu` ORDER BY `app` ASC,`controller` ASC,`action` ASC [ RunTime:0.000588s ]
[2026-06-05T16:55:56+08:00][sql] CONNECT:[ UseTime:0.001478s ] mysql:host=127.0.0.1;port=3306;dbname=weihua;charset=utf8mb4
[2026-06-05T16:55:56+08:00][sql] SHOW FULL COLUMNS FROM `cmf_option` [ RunTime:0.001414s ]
[2026-06-05T16:55:56+08:00][sql] SELECT `option_value` FROM `cmf_option` WHERE  `option_name` = 'cdn_settings' LIMIT 1 [ RunTime:0.000303s ]
[2026-06-05T16:55:56+08:00][sql] SHOW FULL COLUMNS FROM `cmf_user` [ RunTime:0.001431s ]
[2026-06-05T16:55:56+08:00][sql] SELECT * FROM `cmf_user` WHERE  `id` = 1 LIMIT 1 [ RunTime:0.000463s ]
[2026-06-05T16:55:56+08:00][sql] SELECT `option_value` FROM `cmf_option` WHERE  `option_name` = 'cdn_settings' LIMIT 1 [ RunTime:0.000271s ]
[2026-06-05T16:55:56+08:00][sql] SELECT `option_value` FROM `cmf_option` WHERE  `option_name` = 'cmf_settings' LIMIT 1 [ RunTime:0.000232s ]
[2026-06-05T16:55:56+08:00][sql] SELECT `option_value` FROM `cmf_option` WHERE  `option_name` = 'storage' LIMIT 1 [ RunTime:0.000406s ]
[2026-06-05T16:55:56+08:00][sql] CONNECT:[ UseTime:0.001215s ] mysql:host=127.0.0.1;port=3306;dbname=weihua;charset=utf8mb4
[2026-06-05T16:55:56+08:00][sql] SHOW FULL COLUMNS FROM `cmf_option` [ RunTime:0.001632s ]
[2026-06-05T16:55:56+08:00][sql] SELECT `option_value` FROM `cmf_option` WHERE  `option_name` = 'cdn_settings' LIMIT 1 [ RunTime:0.000319s ]
[2026-06-05T16:55:56+08:00][sql] SHOW FULL COLUMNS FROM `cmf_user` [ RunTime:0.001758s ]
[2026-06-05T16:55:56+08:00][sql] SELECT * FROM `cmf_user` WHERE  `id` = 1 LIMIT 1 [ RunTime:0.000425s ]
[2026-06-05T16:55:56+08:00][sql] SHOW FULL COLUMNS FROM `cmf_portal_post` [ RunTime:0.002025s ]
[2026-06-05T16:55:56+08:00][sql] SELECT COUNT(*) AS think_count FROM `cmf_portal_post` `a` INNER JOIN `cmf_user` `u` ON `a`.`user_id`=`u`.`id` WHERE (  `a`.`create_time` >= '0'  AND `a`.`delete_time` = '0'  AND (  `a`.`post_type` = '8' ) ) AND `a`.`delete_time` = '0' LIMIT 1 [ RunTime:0.000875s ]
[2026-06-05T16:55:56+08:00][sql] SELECT `a`.*,`u`.`user_login`,`u`.`user_nickname`,`u`.`user_email` FROM `cmf_portal_post` `a` INNER JOIN `cmf_user` `u` ON `a`.`user_id`=`u`.`id` WHERE (  `a`.`create_time` >= '0'  AND `a`.`delete_time` = '0'  AND (  `a`.`post_type` = '8' ) ) AND `a`.`delete_time` = '0' ORDER BY `update_time` DESC LIMIT 0,10 [ RunTime:0.001110s ]
[2026-06-05T16:55:56+08:00][sql] SHOW FULL COLUMNS FROM `cmf_portal_category` [ RunTime:0.001924s ]
[2026-06-05T16:55:56+08:00][sql] SELECT * FROM `cmf_portal_category` WHERE (  `delete_time` = 0  AND `type` = 8 ) AND `cmf_portal_category`.`delete_time` = '0' ORDER BY `list_order` ASC [ RunTime:0.000500s ]
[2026-06-05T16:55:56+08:00][sql] SHOW FULL COLUMNS FROM `cmf_portal_category_post` [ RunTime:0.002335s ]
[2026-06-05T16:55:56+08:00][sql] SELECT `cmf_portal_category`.*,`pivot`.`id` AS `pivot__id`,`pivot`.`post_id` AS `pivot__post_id`,`pivot`.`category_id` AS `pivot__category_id`,`pivot`.`list_order` AS `pivot__list_order`,`pivot`.`status` AS `pivot__status` FROM `cmf_portal_category` INNER JOIN `cmf_portal_category_post` `pivot` ON `pivot`.`category_id`=`cmf_portal_category`.`id` WHERE (  `pivot`.`post_id` = '30' ) AND `cmf_portal_category`.`delete_time` = '0' [ RunTime:0.000910s ]
[2026-06-05T16:55:56+08:00][sql] SELECT `option_value` FROM `cmf_option` WHERE  `option_name` = 'storage' LIMIT 1 [ RunTime:0.000376s ]
[2026-06-05T16:55:56+08:00][sql] SELECT `cmf_portal_category`.*,`pivot`.`id` AS `pivot__id`,`pivot`.`post_id` AS `pivot__post_id`,`pivot`.`category_id` AS `pivot__category_id`,`pivot`.`list_order` AS `pivot__list_order`,`pivot`.`status` AS `pivot__status` FROM `cmf_portal_category` INNER JOIN `cmf_portal_category_post` `pivot` ON `pivot`.`category_id`=`cmf_portal_category`.`id` WHERE (  `pivot`.`post_id` = '29' ) AND `cmf_portal_category`.`delete_time` = '0' [ RunTime:0.000468s ]
[2026-06-05T16:55:56+08:00][sql] SELECT `cmf_portal_category`.*,`pivot`.`id` AS `pivot__id`,`pivot`.`post_id` AS `pivot__post_id`,`pivot`.`category_id` AS `pivot__category_id`,`pivot`.`list_order` AS `pivot__list_order`,`pivot`.`status` AS `pivot__status` FROM `cmf_portal_category` INNER JOIN `cmf_portal_category_post` `pivot` ON `pivot`.`category_id`=`cmf_portal_category`.`id` WHERE (  `pivot`.`post_id` = '28' ) AND `cmf_portal_category`.`delete_time` = '0' [ RunTime:0.000592s ]
[2026-06-05T16:55:56+08:00][sql] SELECT `cmf_portal_category`.*,`pivot`.`id` AS `pivot__id`,`pivot`.`post_id` AS `pivot__post_id`,`pivot`.`category_id` AS `pivot__category_id`,`pivot`.`list_order` AS `pivot__list_order`,`pivot`.`status` AS `pivot__status` FROM `cmf_portal_category` INNER JOIN `cmf_portal_category_post` `pivot` ON `pivot`.`category_id`=`cmf_portal_category`.`id` WHERE (  `pivot`.`post_id` = '27' ) AND `cmf_portal_category`.`delete_time` = '0' [ RunTime:0.000403s ]
[2026-06-05T16:55:56+08:00][sql] SELECT `cmf_portal_category`.*,`pivot`.`id` AS `pivot__id`,`pivot`.`post_id` AS `pivot__post_id`,`pivot`.`category_id` AS `pivot__category_id`,`pivot`.`list_order` AS `pivot__list_order`,`pivot`.`status` AS `pivot__status` FROM `cmf_portal_category` INNER JOIN `cmf_portal_category_post` `pivot` ON `pivot`.`category_id`=`cmf_portal_category`.`id` WHERE (  `pivot`.`post_id` = '26' ) AND `cmf_portal_category`.`delete_time` = '0' [ RunTime:0.000360s ]
[2026-06-05T16:55:56+08:00][sql] SELECT `cmf_portal_category`.*,`pivot`.`id` AS `pivot__id`,`pivot`.`post_id` AS `pivot__post_id`,`pivot`.`category_id` AS `pivot__category_id`,`pivot`.`list_order` AS `pivot__list_order`,`pivot`.`status` AS `pivot__status` FROM `cmf_portal_category` INNER JOIN `cmf_portal_category_post` `pivot` ON `pivot`.`category_id`=`cmf_portal_category`.`id` WHERE (  `pivot`.`post_id` = '15' ) AND `cmf_portal_category`.`delete_time` = '0' [ RunTime:0.000344s ]
[2026-06-05T16:55:56+08:00][sql] SELECT `cmf_portal_category`.*,`pivot`.`id` AS `pivot__id`,`pivot`.`post_id` AS `pivot__post_id`,`pivot`.`category_id` AS `pivot__category_id`,`pivot`.`list_order` AS `pivot__list_order`,`pivot`.`status` AS `pivot__status` FROM `cmf_portal_category` INNER JOIN `cmf_portal_category_post` `pivot` ON `pivot`.`category_id`=`cmf_portal_category`.`id` WHERE (  `pivot`.`post_id` = '14' ) AND `cmf_portal_category`.`delete_time` = '0' [ RunTime:0.000361s ]
[2026-06-05T16:55:56+08:00][sql] SELECT `cmf_portal_category`.*,`pivot`.`id` AS `pivot__id`,`pivot`.`post_id` AS `pivot__post_id`,`pivot`.`category_id` AS `pivot__category_id`,`pivot`.`list_order` AS `pivot__list_order`,`pivot`.`status` AS `pivot__status` FROM `cmf_portal_category` INNER JOIN `cmf_portal_category_post` `pivot` ON `pivot`.`category_id`=`cmf_portal_category`.`id` WHERE (  `pivot`.`post_id` = '12' ) AND `cmf_portal_category`.`delete_time` = '0' [ RunTime:0.000378s ]
[2026-06-05T16:55:56+08:00][sql] SELECT `cmf_portal_category`.*,`pivot`.`id` AS `pivot__id`,`pivot`.`post_id` AS `pivot__post_id`,`pivot`.`category_id` AS `pivot__category_id`,`pivot`.`list_order` AS `pivot__list_order`,`pivot`.`status` AS `pivot__status` FROM `cmf_portal_category` INNER JOIN `cmf_portal_category_post` `pivot` ON `pivot`.`category_id`=`cmf_portal_category`.`id` WHERE (  `pivot`.`post_id` = '10' ) AND `cmf_portal_category`.`delete_time` = '0' [ RunTime:0.000373s ]
[2026-06-05T16:55:56+08:00][sql] SELECT `cmf_portal_category`.*,`pivot`.`id` AS `pivot__id`,`pivot`.`post_id` AS `pivot__post_id`,`pivot`.`category_id` AS `pivot__category_id`,`pivot`.`list_order` AS `pivot__list_order`,`pivot`.`status` AS `pivot__status` FROM `cmf_portal_category` INNER JOIN `cmf_portal_category_post` `pivot` ON `pivot`.`category_id`=`cmf_portal_category`.`id` WHERE (  `pivot`.`post_id` = '13' ) AND `cmf_portal_category`.`delete_time` = '0' [ RunTime:0.000374s ]
[2026-06-05T16:56:04+08:00][sql] CONNECT:[ UseTime:0.000717s ] mysql:host=127.0.0.1;port=3306;dbname=weihua;charset=utf8mb4
[2026-06-05T16:56:04+08:00][sql] SHOW FULL COLUMNS FROM `cmf_option` [ RunTime:0.002145s ]
[2026-06-05T16:56:04+08:00][sql] SELECT `option_value` FROM `cmf_option` WHERE  `option_name` = 'cdn_settings' LIMIT 1 [ RunTime:0.000314s ]
[2026-06-05T16:56:04+08:00][sql] SHOW FULL COLUMNS FROM `cmf_user` [ RunTime:0.001295s ]
[2026-06-05T16:56:04+08:00][sql] SELECT * FROM `cmf_user` WHERE  `id` = 1 LIMIT 1 [ RunTime:0.000371s ]
[2026-06-05T16:56:04+08:00][sql] SHOW FULL COLUMNS FROM `cmf_portal_post` [ RunTime:0.001052s ]
[2026-06-05T16:56:04+08:00][sql] SELECT * FROM `cmf_portal_post` WHERE (  `id` IN (30,29,28,27,26) ) AND `cmf_portal_post`.`delete_time` = '0' [ RunTime:0.000324s ]
[2026-06-05T16:56:04+08:00][sql] UPDATE `cmf_portal_post`  SET `delete_time` = 1780649764  WHERE (  `id` IN (30,29,28,27,26) ) AND `cmf_portal_post`.`delete_time` = '0' [ RunTime:0.003789s ]
[2026-06-05T16:56:04+08:00][sql] SHOW FULL COLUMNS FROM `cmf_portal_category_post` [ RunTime:0.002552s ]
[2026-06-05T16:56:04+08:00][sql] UPDATE `cmf_portal_category_post`  SET `status` = 0  WHERE  `post_id` IN (30,29,28,27,26) [ RunTime:0.003498s ]
[2026-06-05T16:56:04+08:00][sql] SHOW FULL COLUMNS FROM `cmf_portal_tag_post` [ RunTime:0.001067s ]
[2026-06-05T16:56:04+08:00][sql] UPDATE `cmf_portal_tag_post`  SET `status` = 0  WHERE  `post_id` IN (30,29,28,27,26) [ RunTime:0.002074s ]
[2026-06-05T16:56:04+08:00][sql] SHOW FULL COLUMNS FROM `cmf_recycle_bin` [ RunTime:0.001130s ]
[2026-06-05T16:56:04+08:00][sql] INSERT INTO `cmf_recycle_bin` SET `object_id` = 26 , `create_time` = 1780649764 , `table_name` = 'portal_post' , `name` = 'qweqwe' , `user_id` = 1 [ RunTime:0.001868s ]
[2026-06-05T16:56:04+08:00][sql] INSERT INTO `cmf_recycle_bin` SET `object_id` = 27 , `create_time` = 1780649764 , `table_name` = 'portal_post' , `name` = 'test111' , `user_id` = 1 [ RunTime:0.001578s ]
[2026-06-05T16:56:04+08:00][sql] INSERT INTO `cmf_recycle_bin` SET `object_id` = 28 , `create_time` = 1780649764 , `table_name` = 'portal_post' , `name` = '12321' , `user_id` = 1 [ RunTime:0.003026s ]
[2026-06-05T16:56:04+08:00][sql] INSERT INTO `cmf_recycle_bin` SET `object_id` = 29 , `create_time` = 1780649764 , `table_name` = 'portal_post' , `name` = 'eeee' , `user_id` = 1 [ RunTime:0.002323s ]
[2026-06-05T16:56:04+08:00][sql] INSERT INTO `cmf_recycle_bin` SET `object_id` = 30 , `create_time` = 1780649764 , `table_name` = 'portal_post' , `name` = 'qeqw' , `user_id` = 1 [ RunTime:0.002180s ]
[2026-06-05T16:56:06+08:00][sql] CONNECT:[ UseTime:0.000808s ] mysql:host=127.0.0.1;port=3306;dbname=weihua;charset=utf8mb4
[2026-06-05T16:56:06+08:00][sql] SHOW FULL COLUMNS FROM `cmf_option` [ RunTime:0.001091s ]
[2026-06-05T16:56:06+08:00][sql] SELECT `option_value` FROM `cmf_option` WHERE  `option_name` = 'cdn_settings' LIMIT 1 [ RunTime:0.000244s ]
[2026-06-05T16:56:06+08:00][sql] SHOW FULL COLUMNS FROM `cmf_user` [ RunTime:0.000888s ]
[2026-06-05T16:56:06+08:00][sql] SELECT * FROM `cmf_user` WHERE  `id` = 1 LIMIT 1 [ RunTime:0.000276s ]
[2026-06-05T16:56:06+08:00][sql] SHOW FULL COLUMNS FROM `cmf_portal_post` [ RunTime:0.000901s ]
[2026-06-05T16:56:06+08:00][sql] SELECT COUNT(*) AS think_count FROM `cmf_portal_post` `a` INNER JOIN `cmf_user` `u` ON `a`.`user_id`=`u`.`id` WHERE (  `a`.`create_time` >= '0'  AND `a`.`delete_time` = '0'  AND (  `a`.`post_type` = '8' ) ) AND `a`.`delete_time` = '0' LIMIT 1 [ RunTime:0.000319s ]
[2026-06-05T16:56:06+08:00][sql] SELECT `a`.*,`u`.`user_login`,`u`.`user_nickname`,`u`.`user_email` FROM `cmf_portal_post` `a` INNER JOIN `cmf_user` `u` ON `a`.`user_id`=`u`.`id` WHERE (  `a`.`create_time` >= '0'  AND `a`.`delete_time` = '0'  AND (  `a`.`post_type` = '8' ) ) AND `a`.`delete_time` = '0' ORDER BY `update_time` DESC LIMIT 0,10 [ RunTime:0.000576s ]
[2026-06-05T16:56:06+08:00][sql] SHOW FULL COLUMNS FROM `cmf_portal_category` [ RunTime:0.001216s ]
[2026-06-05T16:56:06+08:00][sql] SELECT * FROM `cmf_portal_category` WHERE (  `delete_time` = 0  AND `type` = 8 ) AND `cmf_portal_category`.`delete_time` = '0' ORDER BY `list_order` ASC [ RunTime:0.000409s ]
[2026-06-05T16:56:06+08:00][sql] SHOW FULL COLUMNS FROM `cmf_portal_category_post` [ RunTime:0.000936s ]
[2026-06-05T16:56:06+08:00][sql] SELECT `cmf_portal_category`.*,`pivot`.`id` AS `pivot__id`,`pivot`.`post_id` AS `pivot__post_id`,`pivot`.`category_id` AS `pivot__category_id`,`pivot`.`list_order` AS `pivot__list_order`,`pivot`.`status` AS `pivot__status` FROM `cmf_portal_category` INNER JOIN `cmf_portal_category_post` `pivot` ON `pivot`.`category_id`=`cmf_portal_category`.`id` WHERE (  `pivot`.`post_id` = '15' ) AND `cmf_portal_category`.`delete_time` = '0' [ RunTime:0.000386s ]
[2026-06-05T16:56:06+08:00][sql] SELECT `option_value` FROM `cmf_option` WHERE  `option_name` = 'storage' LIMIT 1 [ RunTime:0.000202s ]
[2026-06-05T16:56:06+08:00][sql] SELECT `cmf_portal_category`.*,`pivot`.`id` AS `pivot__id`,`pivot`.`post_id` AS `pivot__post_id`,`pivot`.`category_id` AS `pivot__category_id`,`pivot`.`list_order` AS `pivot__list_order`,`pivot`.`status` AS `pivot__status` FROM `cmf_portal_category` INNER JOIN `cmf_portal_category_post` `pivot` ON `pivot`.`category_id`=`cmf_portal_category`.`id` WHERE (  `pivot`.`post_id` = '14' ) AND `cmf_portal_category`.`delete_time` = '0' [ RunTime:0.000310s ]
[2026-06-05T16:56:06+08:00][sql] SELECT `cmf_portal_category`.*,`pivot`.`id` AS `pivot__id`,`pivot`.`post_id` AS `pivot__post_id`,`pivot`.`category_id` AS `pivot__category_id`,`pivot`.`list_order` AS `pivot__list_order`,`pivot`.`status` AS `pivot__status` FROM `cmf_portal_category` INNER JOIN `cmf_portal_category_post` `pivot` ON `pivot`.`category_id`=`cmf_portal_category`.`id` WHERE (  `pivot`.`post_id` = '12' ) AND `cmf_portal_category`.`delete_time` = '0' [ RunTime:0.000286s ]
[2026-06-05T16:56:06+08:00][sql] SELECT `cmf_portal_category`.*,`pivot`.`id` AS `pivot__id`,`pivot`.`post_id` AS `pivot__post_id`,`pivot`.`category_id` AS `pivot__category_id`,`pivot`.`list_order` AS `pivot__list_order`,`pivot`.`status` AS `pivot__status` FROM `cmf_portal_category` INNER JOIN `cmf_portal_category_post` `pivot` ON `pivot`.`category_id`=`cmf_portal_category`.`id` WHERE (  `pivot`.`post_id` = '10' ) AND `cmf_portal_category`.`delete_time` = '0' [ RunTime:0.000295s ]
[2026-06-05T16:56:06+08:00][sql] SELECT `cmf_portal_category`.*,`pivot`.`id` AS `pivot__id`,`pivot`.`post_id` AS `pivot__post_id`,`pivot`.`category_id` AS `pivot__category_id`,`pivot`.`list_order` AS `pivot__list_order`,`pivot`.`status` AS `pivot__status` FROM `cmf_portal_category` INNER JOIN `cmf_portal_category_post` `pivot` ON `pivot`.`category_id`=`cmf_portal_category`.`id` WHERE (  `pivot`.`post_id` = '13' ) AND `cmf_portal_category`.`delete_time` = '0' [ RunTime:0.000278s ]
[2026-06-05T16:56:06+08:00][sql] SELECT `cmf_portal_category`.*,`pivot`.`id` AS `pivot__id`,`pivot`.`post_id` AS `pivot__post_id`,`pivot`.`category_id` AS `pivot__category_id`,`pivot`.`list_order` AS `pivot__list_order`,`pivot`.`status` AS `pivot__status` FROM `cmf_portal_category` INNER JOIN `cmf_portal_category_post` `pivot` ON `pivot`.`category_id`=`cmf_portal_category`.`id` WHERE (  `pivot`.`post_id` = '9' ) AND `cmf_portal_category`.`delete_time` = '0' [ RunTime:0.000282s ]
[2026-06-05T16:56:07+08:00][sql] CONNECT:[ UseTime:0.000821s ] mysql:host=127.0.0.1;port=3306;dbname=weihua;charset=utf8mb4
[2026-06-05T16:56:07+08:00][sql] SHOW FULL COLUMNS FROM `cmf_option` [ RunTime:0.001256s ]
[2026-06-05T16:56:07+08:00][sql] SELECT `option_value` FROM `cmf_option` WHERE  `option_name` = 'cdn_settings' LIMIT 1 [ RunTime:0.000273s ]
[2026-06-05T16:56:07+08:00][sql] SHOW FULL COLUMNS FROM `cmf_user` [ RunTime:0.001693s ]
[2026-06-05T16:56:07+08:00][sql] SELECT * FROM `cmf_user` WHERE  `id` = 1 LIMIT 1 [ RunTime:0.000398s ]
[2026-06-05T16:56:07+08:00][sql] SHOW FULL COLUMNS FROM `cmf_admin_menu` [ RunTime:0.001466s ]
[2026-06-05T16:56:07+08:00][sql] SELECT * FROM `cmf_admin_menu` ORDER BY `app` ASC,`controller` ASC,`action` ASC [ RunTime:0.000769s ]
[2026-06-05T16:56:08+08:00][sql] CONNECT:[ UseTime:0.001557s ] mysql:host=127.0.0.1;port=3306;dbname=weihua;charset=utf8mb4
[2026-06-05T16:56:08+08:00][sql] SHOW FULL COLUMNS FROM `cmf_option` [ RunTime:0.002445s ]
[2026-06-05T16:56:08+08:00][sql] SELECT `option_value` FROM `cmf_option` WHERE  `option_name` = 'cdn_settings' LIMIT 1 [ RunTime:0.000639s ]
[2026-06-05T16:56:08+08:00][sql] SHOW FULL COLUMNS FROM `cmf_user` [ RunTime:0.001976s ]
[2026-06-05T16:56:08+08:00][sql] SELECT * FROM `cmf_user` WHERE  `id` = 1 LIMIT 1 [ RunTime:0.000512s ]
[2026-06-05T16:56:08+08:00][sql] SELECT `option_value` FROM `cmf_option` WHERE  `option_name` = 'cdn_settings' LIMIT 1 [ RunTime:0.000518s ]
[2026-06-05T16:56:08+08:00][sql] SELECT `option_value` FROM `cmf_option` WHERE  `option_name` = 'cmf_settings' LIMIT 1 [ RunTime:0.000279s ]
[2026-06-05T16:56:08+08:00][sql] SELECT `option_value` FROM `cmf_option` WHERE  `option_name` = 'storage' LIMIT 1 [ RunTime:0.000456s ]
[2026-06-05T16:56:08+08:00][sql] CONNECT:[ UseTime:0.001378s ] mysql:host=127.0.0.1;port=3306;dbname=weihua;charset=utf8mb4
[2026-06-05T16:56:08+08:00][sql] SHOW FULL COLUMNS FROM `cmf_option` [ RunTime:0.001709s ]
[2026-06-05T16:56:08+08:00][sql] SELECT `option_value` FROM `cmf_option` WHERE  `option_name` = 'cdn_settings' LIMIT 1 [ RunTime:0.000569s ]
[2026-06-05T16:56:08+08:00][sql] SHOW FULL COLUMNS FROM `cmf_user` [ RunTime:0.002332s ]
[2026-06-05T16:56:08+08:00][sql] SELECT * FROM `cmf_user` WHERE  `id` = 1 LIMIT 1 [ RunTime:0.000602s ]
[2026-06-05T16:56:08+08:00][sql] SHOW FULL COLUMNS FROM `cmf_portal_post` [ RunTime:0.001826s ]
[2026-06-05T16:56:08+08:00][sql] SELECT COUNT(*) AS think_count FROM `cmf_portal_post` `a` INNER JOIN `cmf_user` `u` ON `a`.`user_id`=`u`.`id` WHERE (  `a`.`create_time` >= '0'  AND `a`.`delete_time` = '0'  AND (  `a`.`post_type` = '8' ) ) AND `a`.`delete_time` = '0' LIMIT 1 [ RunTime:0.000544s ]
[2026-06-05T16:56:08+08:00][sql] SELECT `a`.*,`u`.`user_login`,`u`.`user_nickname`,`u`.`user_email` FROM `cmf_portal_post` `a` INNER JOIN `cmf_user` `u` ON `a`.`user_id`=`u`.`id` WHERE (  `a`.`create_time` >= '0'  AND `a`.`delete_time` = '0'  AND (  `a`.`post_type` = '8' ) ) AND `a`.`delete_time` = '0' ORDER BY `update_time` DESC LIMIT 0,10 [ RunTime:0.000713s ]
[2026-06-05T16:56:08+08:00][sql] SHOW FULL COLUMNS FROM `cmf_portal_category` [ RunTime:0.001602s ]
[2026-06-05T16:56:08+08:00][sql] SELECT * FROM `cmf_portal_category` WHERE (  `delete_time` = 0  AND `type` = 8 ) AND `cmf_portal_category`.`delete_time` = '0' ORDER BY `list_order` ASC [ RunTime:0.000456s ]
[2026-06-05T16:56:08+08:00][sql] SHOW FULL COLUMNS FROM `cmf_portal_category_post` [ RunTime:0.001944s ]
[2026-06-05T16:56:08+08:00][sql] SELECT `cmf_portal_category`.*,`pivot`.`id` AS `pivot__id`,`pivot`.`post_id` AS `pivot__post_id`,`pivot`.`category_id` AS `pivot__category_id`,`pivot`.`list_order` AS `pivot__list_order`,`pivot`.`status` AS `pivot__status` FROM `cmf_portal_category` INNER JOIN `cmf_portal_category_post` `pivot` ON `pivot`.`category_id`=`cmf_portal_category`.`id` WHERE (  `pivot`.`post_id` = '15' ) AND `cmf_portal_category`.`delete_time` = '0' [ RunTime:0.000439s ]
[2026-06-05T16:56:08+08:00][sql] SELECT `option_value` FROM `cmf_option` WHERE  `option_name` = 'storage' LIMIT 1 [ RunTime:0.000268s ]
[2026-06-05T16:56:08+08:00][sql] SELECT `cmf_portal_category`.*,`pivot`.`id` AS `pivot__id`,`pivot`.`post_id` AS `pivot__post_id`,`pivot`.`category_id` AS `pivot__category_id`,`pivot`.`list_order` AS `pivot__list_order`,`pivot`.`status` AS `pivot__status` FROM `cmf_portal_category` INNER JOIN `cmf_portal_category_post` `pivot` ON `pivot`.`category_id`=`cmf_portal_category`.`id` WHERE (  `pivot`.`post_id` = '14' ) AND `cmf_portal_category`.`delete_time` = '0' [ RunTime:0.000384s ]
[2026-06-05T16:56:08+08:00][sql] SELECT `cmf_portal_category`.*,`pivot`.`id` AS `pivot__id`,`pivot`.`post_id` AS `pivot__post_id`,`pivot`.`category_id` AS `pivot__category_id`,`pivot`.`list_order` AS `pivot__list_order`,`pivot`.`status` AS `pivot__status` FROM `cmf_portal_category` INNER JOIN `cmf_portal_category_post` `pivot` ON `pivot`.`category_id`=`cmf_portal_category`.`id` WHERE (  `pivot`.`post_id` = '12' ) AND `cmf_portal_category`.`delete_time` = '0' [ RunTime:0.000399s ]
[2026-06-05T16:56:08+08:00][sql] SELECT `cmf_portal_category`.*,`pivot`.`id` AS `pivot__id`,`pivot`.`post_id` AS `pivot__post_id`,`pivot`.`category_id` AS `pivot__category_id`,`pivot`.`list_order` AS `pivot__list_order`,`pivot`.`status` AS `pivot__status` FROM `cmf_portal_category` INNER JOIN `cmf_portal_category_post` `pivot` ON `pivot`.`category_id`=`cmf_portal_category`.`id` WHERE (  `pivot`.`post_id` = '10' ) AND `cmf_portal_category`.`delete_time` = '0' [ RunTime:0.000413s ]
[2026-06-05T16:56:08+08:00][sql] SELECT `cmf_portal_category`.*,`pivot`.`id` AS `pivot__id`,`pivot`.`post_id` AS `pivot__post_id`,`pivot`.`category_id` AS `pivot__category_id`,`pivot`.`list_order` AS `pivot__list_order`,`pivot`.`status` AS `pivot__status` FROM `cmf_portal_category` INNER JOIN `cmf_portal_category_post` `pivot` ON `pivot`.`category_id`=`cmf_portal_category`.`id` WHERE (  `pivot`.`post_id` = '13' ) AND `cmf_portal_category`.`delete_time` = '0' [ RunTime:0.000441s ]
[2026-06-05T16:56:08+08:00][sql] SELECT `cmf_portal_category`.*,`pivot`.`id` AS `pivot__id`,`pivot`.`post_id` AS `pivot__post_id`,`pivot`.`category_id` AS `pivot__category_id`,`pivot`.`list_order` AS `pivot__list_order`,`pivot`.`status` AS `pivot__status` FROM `cmf_portal_category` INNER JOIN `cmf_portal_category_post` `pivot` ON `pivot`.`category_id`=`cmf_portal_category`.`id` WHERE (  `pivot`.`post_id` = '9' ) AND `cmf_portal_category`.`delete_time` = '0' [ RunTime:0.000369s ]
[2026-06-05T16:56:09+08:00][sql] CONNECT:[ UseTime:0.000857s ] mysql:host=127.0.0.1;port=3306;dbname=weihua;charset=utf8mb4
[2026-06-05T16:56:09+08:00][sql] SHOW FULL COLUMNS FROM `cmf_option` [ RunTime:0.001090s ]
[2026-06-05T16:56:09+08:00][sql] SELECT `option_value` FROM `cmf_option` WHERE  `option_name` = 'cdn_settings' LIMIT 1 [ RunTime:0.000227s ]
[2026-06-05T16:56:09+08:00][sql] SHOW FULL COLUMNS FROM `cmf_user` [ RunTime:0.000897s ]
[2026-06-05T16:56:09+08:00][sql] SELECT * FROM `cmf_user` WHERE  `id` = 1 LIMIT 1 [ RunTime:0.000281s ]
[2026-06-05T16:56:09+08:00][sql] SHOW FULL COLUMNS FROM `cmf_theme_file` [ RunTime:0.000763s ]
[2026-06-05T16:56:09+08:00][sql] SELECT * FROM `cmf_theme_file` WHERE  `theme` = 'default'  AND `action` = 'portal/Article/index' [ RunTime:0.000254s ]
[2026-06-05T16:56:09+08:00][sql] CONNECT:[ UseTime:0.000992s ] mysql:host=127.0.0.1;port=3306;dbname=weihua;charset=utf8mb4
[2026-06-05T16:56:09+08:00][sql] SHOW FULL COLUMNS FROM `cmf_option` [ RunTime:0.001318s ]
[2026-06-05T16:56:09+08:00][sql] SELECT `option_value` FROM `cmf_option` WHERE  `option_name` = 'cdn_settings' LIMIT 1 [ RunTime:0.000247s ]
[2026-06-05T16:56:09+08:00][sql] SELECT `option_value` FROM `cmf_option` WHERE  `option_name` = 'cdn_settings' LIMIT 1 [ RunTime:0.000309s ]
[2026-06-05T16:56:52+08:00][sql] CONNECT:[ UseTime:0.000995s ] mysql:host=127.0.0.1;port=3306;dbname=weihua;charset=utf8mb4
[2026-06-05T16:56:52+08:00][sql] SHOW FULL COLUMNS FROM `cmf_option` [ RunTime:0.001389s ]
[2026-06-05T16:56:52+08:00][sql] SELECT `option_value` FROM `cmf_option` WHERE  `option_name` = 'cdn_settings' LIMIT 1 [ RunTime:0.000269s ]
[2026-06-05T16:56:52+08:00][sql] SHOW FULL COLUMNS FROM `cmf_user` [ RunTime:0.001247s ]
[2026-06-05T16:56:52+08:00][sql] SELECT * FROM `cmf_user` WHERE  `id` = 1 LIMIT 1 [ RunTime:0.000327s ]
[2026-06-05T16:56:52+08:00][sql] SHOW FULL COLUMNS FROM `cmf_portal_category` [ RunTime:0.001011s ]
[2026-06-05T16:56:52+08:00][sql] SELECT * FROM `cmf_portal_category` WHERE (  `delete_time` = 0  AND `type` = 8 ) AND `cmf_portal_category`.`delete_time` = '0' ORDER BY `list_order` ASC [ RunTime:0.000382s ]
[2026-06-05T16:56:52+08:00][sql] SELECT * FROM `cmf_portal_category` WHERE (  `delete_time` = 0 ) AND `cmf_portal_category`.`delete_time` = '0' [ RunTime:0.000722s ]
[2026-06-05T16:56:57+08:00][sql] CONNECT:[ UseTime:0.001258s ] mysql:host=127.0.0.1;port=3306;dbname=weihua;charset=utf8mb4
[2026-06-05T16:56:57+08:00][sql] SHOW FULL COLUMNS FROM `cmf_option` [ RunTime:0.001348s ]
[2026-06-05T16:56:57+08:00][sql] SELECT `option_value` FROM `cmf_option` WHERE  `option_name` = 'cdn_settings' LIMIT 1 [ RunTime:0.000272s ]
[2026-06-05T16:56:57+08:00][sql] SELECT `option_value` FROM `cmf_option` WHERE  `option_name` = 'storage' LIMIT 1 [ RunTime:0.000265s ]
[2026-06-05T16:57:01+08:00][sql] CONNECT:[ UseTime:0.001390s ] mysql:host=127.0.0.1;port=3306;dbname=weihua;charset=utf8mb4
[2026-06-05T16:57:01+08:00][sql] SHOW FULL COLUMNS FROM `cmf_option` [ RunTime:0.001787s ]
[2026-06-05T16:57:01+08:00][sql] SELECT `option_value` FROM `cmf_option` WHERE  `option_name` = 'cdn_settings' LIMIT 1 [ RunTime:0.000301s ]
[2026-06-05T16:57:01+08:00][sql] SELECT * FROM `cmf_option` WHERE  `option_name` = 'cmf_settings' LIMIT 1 [ RunTime:0.000634s ]
[2026-06-05T16:57:01+08:00][sql] SHOW FULL COLUMNS FROM `cmf_asset` [ RunTime:0.001707s ]
[2026-06-05T16:57:01+08:00][sql] SELECT * FROM `cmf_asset` WHERE  `user_id` = 1  AND `file_key` = '69b30aac8f7b275ec124feb8696f6b6ee4e298aae8e0158e3aa85a8799e2518e' LIMIT 1 [ RunTime:0.001808s ]
[2026-06-05T16:57:01+08:00][sql] SELECT `option_value` FROM `cmf_option` WHERE  `option_name` = 'storage' LIMIT 1 [ RunTime:0.000398s ]
[2026-06-05T16:57:01+08:00][sql] UPDATE `cmf_asset`  SET `filename` = 'fcf0f2542ea9521fc0eecf521366663e.jpg'  WHERE  `id` = 897 [ RunTime:0.000425s ]
[2026-06-05T16:57:12+08:00][sql] CONNECT:[ UseTime:0.000828s ] mysql:host=127.0.0.1;port=3306;dbname=weihua;charset=utf8mb4
[2026-06-05T16:57:12+08:00][sql] SHOW FULL COLUMNS FROM `cmf_option` [ RunTime:0.001229s ]
[2026-06-05T16:57:12+08:00][sql] SELECT `option_value` FROM `cmf_option` WHERE  `option_name` = 'cdn_settings' LIMIT 1 [ RunTime:0.000272s ]
[2026-06-05T16:57:12+08:00][sql] SHOW FULL COLUMNS FROM `cmf_user` [ RunTime:0.001436s ]
[2026-06-05T16:57:12+08:00][sql] SELECT * FROM `cmf_user` WHERE  `id` = 1 LIMIT 1 [ RunTime:0.000445s ]
[2026-06-05T16:57:12+08:00][sql] SELECT `option_value` FROM `cmf_option` WHERE  `option_name` = 'storage' LIMIT 1 [ RunTime:0.000372s ]
[2026-06-05T16:57:12+08:00][sql] SHOW FULL COLUMNS FROM `cmf_portal_post` [ RunTime:0.001621s ]
[2026-06-05T16:57:12+08:00][sql] INSERT INTO `cmf_portal_post` SET `post_title` = 'qwewq' , `post_excerpt` = 'ewqewq' , `more` = '{\"thumbnail\":\"admin\\/20260508\\/08b1b9dc401d44d37ac9560aa936a155.jpg\"}' , `post_content` = '&lt;p&gt;qweqw&lt;/p&gt;' , `post_status` = 1 , `is_top` = 0 , `recommended` = 0 , `post_type` = 8 , `user_id` = 1 , `thumbnail` = 'admin/20260508/08b1b9dc401d44d37ac9560aa936a155.jpg' , `create_time` = 1780649832 , `update_time` = 1780649832 [ RunTime:0.000425s ]
[2026-06-05T16:57:12+08:00][sql] SHOW FULL COLUMNS FROM `cmf_portal_category_post` [ RunTime:0.001019s ]
[2026-06-05T16:57:12+08:00][sql] REPLACE INTO `cmf_portal_category_post` SET `post_id` = 31 , `category_id` = 1 [ RunTime:0.000818s ]
[2026-06-05T16:57:13+08:00][sql] CONNECT:[ UseTime:0.000919s ] mysql:host=127.0.0.1;port=3306;dbname=weihua;charset=utf8mb4
[2026-06-05T16:57:13+08:00][sql] SHOW FULL COLUMNS FROM `cmf_option` [ RunTime:0.001677s ]
[2026-06-05T16:57:13+08:00][sql] SELECT `option_value` FROM `cmf_option` WHERE  `option_name` = 'cdn_settings' LIMIT 1 [ RunTime:0.000268s ]
[2026-06-05T16:57:13+08:00][sql] SHOW FULL COLUMNS FROM `cmf_user` [ RunTime:0.001328s ]
[2026-06-05T16:57:13+08:00][sql] SELECT * FROM `cmf_user` WHERE  `id` = 1 LIMIT 1 [ RunTime:0.000358s ]
[2026-06-05T16:57:13+08:00][sql] SHOW FULL COLUMNS FROM `cmf_portal_post` [ RunTime:0.001033s ]
[2026-06-05T16:57:13+08:00][sql] SELECT COUNT(*) AS think_count FROM `cmf_portal_post` `a` INNER JOIN `cmf_user` `u` ON `a`.`user_id`=`u`.`id` WHERE (  `a`.`create_time` >= '0'  AND `a`.`delete_time` = '0'  AND (  `a`.`post_type` = '8' ) ) AND `a`.`delete_time` = '0' LIMIT 1 [ RunTime:0.000407s ]
[2026-06-05T16:57:13+08:00][sql] SELECT `a`.*,`u`.`user_login`,`u`.`user_nickname`,`u`.`user_email` FROM `cmf_portal_post` `a` INNER JOIN `cmf_user` `u` ON `a`.`user_id`=`u`.`id` WHERE (  `a`.`create_time` >= '0'  AND `a`.`delete_time` = '0'  AND (  `a`.`post_type` = '8' ) ) AND `a`.`delete_time` = '0' ORDER BY `update_time` DESC LIMIT 0,10 [ RunTime:0.000643s ]
[2026-06-05T16:57:13+08:00][sql] SHOW FULL COLUMNS FROM `cmf_portal_category` [ RunTime:0.001411s ]
[2026-06-05T16:57:13+08:00][sql] SELECT * FROM `cmf_portal_category` WHERE (  `delete_time` = 0  AND `type` = 8 ) AND `cmf_portal_category`.`delete_time` = '0' ORDER BY `list_order` ASC [ RunTime:0.000509s ]
[2026-06-05T16:57:13+08:00][sql] SHOW FULL COLUMNS FROM `cmf_portal_category_post` [ RunTime:0.001280s ]
[2026-06-05T16:57:13+08:00][sql] SELECT `cmf_portal_category`.*,`pivot`.`id` AS `pivot__id`,`pivot`.`post_id` AS `pivot__post_id`,`pivot`.`category_id` AS `pivot__category_id`,`pivot`.`list_order` AS `pivot__list_order`,`pivot`.`status` AS `pivot__status` FROM `cmf_portal_category` INNER JOIN `cmf_portal_category_post` `pivot` ON `pivot`.`category_id`=`cmf_portal_category`.`id` WHERE (  `pivot`.`post_id` = '31' ) AND `cmf_portal_category`.`delete_time` = '0' [ RunTime:0.000495s ]
[2026-06-05T16:57:13+08:00][sql] SELECT `option_value` FROM `cmf_option` WHERE  `option_name` = 'storage' LIMIT 1 [ RunTime:0.000244s ]
[2026-06-05T16:57:13+08:00][sql] SELECT `cmf_portal_category`.*,`pivot`.`id` AS `pivot__id`,`pivot`.`post_id` AS `pivot__post_id`,`pivot`.`category_id` AS `pivot__category_id`,`pivot`.`list_order` AS `pivot__list_order`,`pivot`.`status` AS `pivot__status` FROM `cmf_portal_category` INNER JOIN `cmf_portal_category_post` `pivot` ON `pivot`.`category_id`=`cmf_portal_category`.`id` WHERE (  `pivot`.`post_id` = '15' ) AND `cmf_portal_category`.`delete_time` = '0' [ RunTime:0.000369s ]
[2026-06-05T16:57:13+08:00][sql] SELECT `cmf_portal_category`.*,`pivot`.`id` AS `pivot__id`,`pivot`.`post_id` AS `pivot__post_id`,`pivot`.`category_id` AS `pivot__category_id`,`pivot`.`list_order` AS `pivot__list_order`,`pivot`.`status` AS `pivot__status` FROM `cmf_portal_category` INNER JOIN `cmf_portal_category_post` `pivot` ON `pivot`.`category_id`=`cmf_portal_category`.`id` WHERE (  `pivot`.`post_id` = '14' ) AND `cmf_portal_category`.`delete_time` = '0' [ RunTime:0.000319s ]
[2026-06-05T16:57:13+08:00][sql] SELECT `cmf_portal_category`.*,`pivot`.`id` AS `pivot__id`,`pivot`.`post_id` AS `pivot__post_id`,`pivot`.`category_id` AS `pivot__category_id`,`pivot`.`list_order` AS `pivot__list_order`,`pivot`.`status` AS `pivot__status` FROM `cmf_portal_category` INNER JOIN `cmf_portal_category_post` `pivot` ON `pivot`.`category_id`=`cmf_portal_category`.`id` WHERE (  `pivot`.`post_id` = '12' ) AND `cmf_portal_category`.`delete_time` = '0' [ RunTime:0.000405s ]
[2026-06-05T16:57:13+08:00][sql] SELECT `cmf_portal_category`.*,`pivot`.`id` AS `pivot__id`,`pivot`.`post_id` AS `pivot__post_id`,`pivot`.`category_id` AS `pivot__category_id`,`pivot`.`list_order` AS `pivot__list_order`,`pivot`.`status` AS `pivot__status` FROM `cmf_portal_category` INNER JOIN `cmf_portal_category_post` `pivot` ON `pivot`.`category_id`=`cmf_portal_category`.`id` WHERE (  `pivot`.`post_id` = '10' ) AND `cmf_portal_category`.`delete_time` = '0' [ RunTime:0.000341s ]
[2026-06-05T16:57:13+08:00][sql] SELECT `cmf_portal_category`.*,`pivot`.`id` AS `pivot__id`,`pivot`.`post_id` AS `pivot__post_id`,`pivot`.`category_id` AS `pivot__category_id`,`pivot`.`list_order` AS `pivot__list_order`,`pivot`.`status` AS `pivot__status` FROM `cmf_portal_category` INNER JOIN `cmf_portal_category_post` `pivot` ON `pivot`.`category_id`=`cmf_portal_category`.`id` WHERE (  `pivot`.`post_id` = '13' ) AND `cmf_portal_category`.`delete_time` = '0' [ RunTime:0.000321s ]
[2026-06-05T16:57:13+08:00][sql] SELECT `cmf_portal_category`.*,`pivot`.`id` AS `pivot__id`,`pivot`.`post_id` AS `pivot__post_id`,`pivot`.`category_id` AS `pivot__category_id`,`pivot`.`list_order` AS `pivot__list_order`,`pivot`.`status` AS `pivot__status` FROM `cmf_portal_category` INNER JOIN `cmf_portal_category_post` `pivot` ON `pivot`.`category_id`=`cmf_portal_category`.`id` WHERE (  `pivot`.`post_id` = '9' ) AND `cmf_portal_category`.`delete_time` = '0' [ RunTime:0.000320s ]
[2026-06-05T16:57:15+08:00][sql] CONNECT:[ UseTime:0.014811s ] mysql:host=127.0.0.1;port=3306;dbname=weihua;charset=utf8mb4
[2026-06-05T16:57:15+08:00][sql] SHOW FULL COLUMNS FROM `cmf_option` [ RunTime:0.002184s ]
[2026-06-05T16:57:15+08:00][sql] SELECT `option_value` FROM `cmf_option` WHERE  `option_name` = 'cdn_settings' LIMIT 1 [ RunTime:0.000859s ]
[2026-06-05T16:57:15+08:00][sql] SHOW FULL COLUMNS FROM `cmf_user` [ RunTime:0.001970s ]
[2026-06-05T16:57:15+08:00][sql] SELECT * FROM `cmf_user` WHERE  `id` = 1 LIMIT 1 [ RunTime:0.000332s ]
[2026-06-05T16:57:15+08:00][sql] SHOW FULL COLUMNS FROM `cmf_portal_post` [ RunTime:0.001574s ]
[2026-06-05T16:57:15+08:00][sql] SELECT * FROM `cmf_portal_post` WHERE (  `id` = 31 ) AND `cmf_portal_post`.`delete_time` = '0' LIMIT 1 [ RunTime:0.000470s ]
[2026-06-05T16:57:15+08:00][sql] SHOW FULL COLUMNS FROM `cmf_portal_category_post` [ RunTime:0.000902s ]
[2026-06-05T16:57:15+08:00][sql] SHOW FULL COLUMNS FROM `cmf_portal_category` [ RunTime:0.000837s ]
[2026-06-05T16:57:15+08:00][sql] SELECT `a`.`name`,`a`.`id` FROM `cmf_portal_category` `a` INNER JOIN `cmf_portal_category_post` `pivot` ON `pivot`.`category_id`=`a`.`id` WHERE (  `pivot`.`post_id` = '31' ) AND `a`.`delete_time` = '0' [ RunTime:0.000289s ]
[2026-06-05T16:57:15+08:00][sql] SHOW FULL COLUMNS FROM `cmf_route` [ RunTime:0.000753s ]
[2026-06-05T16:57:15+08:00][sql] SELECT `url` FROM `cmf_route` WHERE  `full_url` = 'portal/index/news_info?cid=1&id=31' LIMIT 1 [ RunTime:0.000279s ]
[2026-06-05T16:57:15+08:00][sql] SHOW FULL COLUMNS FROM `cmf_theme_file` [ RunTime:0.000812s ]
[2026-06-05T16:57:15+08:00][sql] SELECT * FROM `cmf_theme_file` WHERE  `theme` = 'default'  AND `action` = 'portal/Article/index' [ RunTime:0.000257s ]
[2026-06-05T16:57:15+08:00][sql] SELECT `option_value` FROM `cmf_option` WHERE  `option_name` = 'storage' LIMIT 1 [ RunTime:0.000557s ]
[2026-06-05T16:57:15+08:00][sql] CONNECT:[ UseTime:0.000799s ] mysql:host=127.0.0.1;port=3306;dbname=weihua;charset=utf8mb4
[2026-06-05T16:57:15+08:00][sql] SHOW FULL COLUMNS FROM `cmf_option` [ RunTime:0.001548s ]
[2026-06-05T16:57:15+08:00][sql] SELECT `option_value` FROM `cmf_option` WHERE  `option_name` = 'cdn_settings' LIMIT 1 [ RunTime:0.000303s ]
[2026-06-05T16:57:15+08:00][sql] SELECT `option_value` FROM `cmf_option` WHERE  `option_name` = 'cdn_settings' LIMIT 1 [ RunTime:0.000551s ]
[2026-06-05T16:57:50+08:00][sql] CONNECT:[ UseTime:0.001063s ] mysql:host=127.0.0.1;port=3306;dbname=weihua;charset=utf8mb4
[2026-06-05T16:57:50+08:00][sql] SHOW FULL COLUMNS FROM `cmf_option` [ RunTime:0.001392s ]
[2026-06-05T16:57:50+08:00][sql] SELECT `option_value` FROM `cmf_option` WHERE  `option_name` = 'cdn_settings' LIMIT 1 [ RunTime:0.000295s ]
[2026-06-05T16:57:50+08:00][sql] SHOW FULL COLUMNS FROM `cmf_user` [ RunTime:0.001192s ]
[2026-06-05T16:57:50+08:00][sql] SELECT * FROM `cmf_user` WHERE  `id` = 1 LIMIT 1 [ RunTime:0.000383s ]
[2026-06-05T16:57:50+08:00][sql] SHOW FULL COLUMNS FROM `cmf_portal_post` [ RunTime:0.001265s ]
[2026-06-05T16:57:50+08:00][sql] SELECT COUNT(*) AS think_count FROM `cmf_portal_post` `a` INNER JOIN `cmf_user` `u` ON `a`.`user_id`=`u`.`id` WHERE (  `a`.`create_time` >= '0'  AND `a`.`delete_time` = '0'  AND (  `a`.`post_type` = '3' ) ) AND `a`.`delete_time` = '0' LIMIT 1 [ RunTime:0.000388s ]
[2026-06-05T16:57:50+08:00][sql] SELECT `a`.*,`u`.`user_login`,`u`.`user_nickname`,`u`.`user_email` FROM `cmf_portal_post` `a` INNER JOIN `cmf_user` `u` ON `a`.`user_id`=`u`.`id` WHERE (  `a`.`create_time` >= '0'  AND `a`.`delete_time` = '0'  AND (  `a`.`post_type` = '3' ) ) AND `a`.`delete_time` = '0' ORDER BY `update_time` DESC LIMIT 0,10 [ RunTime:0.000425s ]
[2026-06-05T16:57:50+08:00][sql] SHOW FULL COLUMNS FROM `cmf_portal_category` [ RunTime:0.001290s ]
[2026-06-05T16:57:50+08:00][sql] SELECT * FROM `cmf_portal_category` WHERE (  `delete_time` = 0  AND `type` = 3 ) AND `cmf_portal_category`.`delete_time` = '0' ORDER BY `list_order` ASC [ RunTime:0.000397s ]
[2026-06-05T16:57:52+08:00][sql] CONNECT:[ UseTime:0.000708s ] mysql:host=127.0.0.1;port=3306;dbname=weihua;charset=utf8mb4
[2026-06-05T16:57:52+08:00][sql] SHOW FULL COLUMNS FROM `cmf_option` [ RunTime:0.001269s ]
[2026-06-05T16:57:52+08:00][sql] SELECT `option_value` FROM `cmf_option` WHERE  `option_name` = 'cdn_settings' LIMIT 1 [ RunTime:0.000236s ]
[2026-06-05T16:57:52+08:00][sql] SHOW FULL COLUMNS FROM `cmf_user` [ RunTime:0.001150s ]
[2026-06-05T16:57:52+08:00][sql] SELECT * FROM `cmf_user` WHERE  `id` = 1 LIMIT 1 [ RunTime:0.000340s ]
[2026-06-05T16:57:52+08:00][sql] SHOW FULL COLUMNS FROM `cmf_theme_file` [ RunTime:0.001073s ]
[2026-06-05T16:57:52+08:00][sql] SELECT * FROM `cmf_theme_file` WHERE  `theme` = 'default'  AND `action` = 'portal/Article/index' [ RunTime:0.000252s ]
[2026-06-05T16:57:52+08:00][sql] CONNECT:[ UseTime:0.001005s ] mysql:host=127.0.0.1;port=3306;dbname=weihua;charset=utf8mb4
[2026-06-05T16:57:52+08:00][sql] SHOW FULL COLUMNS FROM `cmf_option` [ RunTime:0.001289s ]
[2026-06-05T16:57:52+08:00][sql] SELECT `option_value` FROM `cmf_option` WHERE  `option_name` = 'cdn_settings' LIMIT 1 [ RunTime:0.000239s ]
[2026-06-05T16:57:52+08:00][sql] SELECT `option_value` FROM `cmf_option` WHERE  `option_name` = 'cdn_settings' LIMIT 1 [ RunTime:0.000306s ]
[2026-06-05T17:03:58+08:00][sql] CONNECT:[ UseTime:0.001623s ] mysql:host=127.0.0.1;port=3306;dbname=weihua;charset=utf8mb4
[2026-06-05T17:03:58+08:00][sql] SHOW FULL COLUMNS FROM `cmf_route` [ RunTime:0.002022s ]
[2026-06-05T17:03:58+08:00][sql] UPDATE `cmf_route`  SET `list_order` = '1000'  WHERE  `full_url` LIKE 'portal/index/news_info?%'  AND `url` NOT LIKE '%/:id' [ RunTime:0.004525s ]
[2026-06-05T17:03:58+08:00][sql] SELECT * FROM `cmf_route` WHERE  `status` = 1 ORDER BY `list_order` ASC [ RunTime:0.000996s ]
[2026-06-05T17:04:14+08:00][sql] CONNECT:[ UseTime:0.001482s ] mysql:host=127.0.0.1;port=3306;dbname=weihua;charset=utf8mb4
[2026-06-05T17:04:14+08:00][sql] SHOW FULL COLUMNS FROM `cmf_route` [ RunTime:0.002087s ]
[2026-06-05T17:04:14+08:00][sql] SELECT * FROM `cmf_route` WHERE  `status` = 1 ORDER BY `list_order` ASC [ RunTime:0.000729s ]
[2026-06-05T17:04:35+08:00][sql] CONNECT:[ UseTime:0.001449s ] mysql:host=127.0.0.1;port=3306;dbname=weihua;charset=utf8mb4
[2026-06-05T17:04:36+08:00][sql] SHOW FULL COLUMNS FROM `cmf_route` [ RunTime:0.002491s ]
[2026-06-05T17:04:36+08:00][sql] SELECT * FROM `cmf_route` WHERE  `status` = 1 ORDER BY `list_order` ASC [ RunTime:0.000830s ]
[2026-06-05T17:04:36+08:00][error] [0]Property think\Route::$name does not exist[C:\laragon\www\weihua\public\test_url.php:23]
[2026-06-05T17:05:13+08:00][sql] CONNECT:[ UseTime:0.002131s ] mysql:host=127.0.0.1;port=3306;dbname=weihua;charset=utf8mb4
[2026-06-05T17:05:13+08:00][sql] SHOW FULL COLUMNS FROM `cmf_route` [ RunTime:0.002051s ]
[2026-06-05T17:05:13+08:00][sql] SELECT * FROM `cmf_route` WHERE  `status` = 1 ORDER BY `list_order` ASC [ RunTime:0.001415s ]
[2026-06-05T17:05:40+08:00][sql] CONNECT:[ UseTime:0.002488s ] mysql:host=127.0.0.1;port=3306;dbname=weihua;charset=utf8mb4
[2026-06-05T17:05:40+08:00][sql] SHOW FULL COLUMNS FROM `cmf_route` [ RunTime:0.003194s ]
[2026-06-05T17:05:40+08:00][sql] SELECT * FROM `cmf_route` WHERE  `status` = 1 ORDER BY `list_order` ASC [ RunTime:0.001028s ]
[2026-06-05T17:06:04+08:00][sql] CONNECT:[ UseTime:0.001524s ] mysql:host=127.0.0.1;port=3306;dbname=weihua;charset=utf8mb4
[2026-06-05T17:06:04+08:00][sql] SHOW FULL COLUMNS FROM `cmf_route` [ RunTime:0.002103s ]
[2026-06-05T17:06:04+08:00][sql] SELECT * FROM `cmf_route` WHERE  `status` = 1 ORDER BY `list_order` ASC [ RunTime:0.000682s ]
[2026-06-05T17:06:43+08:00][sql] CONNECT:[ UseTime:0.002111s ] mysql:host=127.0.0.1;port=3306;dbname=weihua;charset=utf8mb4
[2026-06-05T17:06:43+08:00][sql] SHOW FULL COLUMNS FROM `cmf_route` [ RunTime:0.002031s ]
[2026-06-05T17:06:43+08:00][sql] SELECT * FROM `cmf_route` WHERE  `status` = 1 ORDER BY `list_order` ASC [ RunTime:0.000721s ]
[2026-06-05T17:08:45+08:00][sql] CONNECT:[ UseTime:0.001872s ] mysql:host=127.0.0.1;port=3306;dbname=weihua;charset=utf8mb4
[2026-06-05T17:08:45+08:00][sql] SHOW FULL COLUMNS FROM `cmf_route` [ RunTime:0.002785s ]
[2026-06-05T17:08:45+08:00][sql] UPDATE `cmf_route`  SET `list_order` = '1000'  WHERE  `full_url` LIKE 'portal/index/news_info?%'  AND `url` NOT LIKE '%/:id' [ RunTime:0.000724s ]
[2026-06-05T17:08:45+08:00][sql] SELECT * FROM `cmf_route` WHERE  `status` = 1 ORDER BY `list_order` ASC [ RunTime:0.000577s ]
[2026-06-05T17:10:47+08:00][sql] CONNECT:[ UseTime:0.000949s ] mysql:host=127.0.0.1;port=3306;dbname=weihua;charset=utf8mb4
[2026-06-05T17:10:47+08:00][sql] SHOW FULL COLUMNS FROM `cmf_option` [ RunTime:0.001358s ]
[2026-06-05T17:10:47+08:00][sql] SELECT `option_value` FROM `cmf_option` WHERE  `option_name` = 'cdn_settings' LIMIT 1 [ RunTime:0.000270s ]
[2026-06-05T17:10:47+08:00][sql] CONNECT:[ UseTime:0.001001s ] mysql:host=127.0.0.1;port=3306;dbname=weihua;charset=utf8mb4
[2026-06-05T17:10:47+08:00][sql] SHOW FULL COLUMNS FROM `cmf_option` [ RunTime:0.002840s ]
[2026-06-05T17:10:47+08:00][sql] SELECT `option_value` FROM `cmf_option` WHERE  `option_name` = 'cdn_settings' LIMIT 1 [ RunTime:0.000514s ]
[2026-06-05T17:10:58+08:00][sql] CONNECT:[ UseTime:0.001406s ] mysql:host=127.0.0.1;port=3306;dbname=weihua;charset=utf8mb4
[2026-06-05T17:10:58+08:00][sql] SHOW FULL COLUMNS FROM `cmf_option` [ RunTime:0.001419s ]
[2026-06-05T17:10:58+08:00][sql] SELECT `option_value` FROM `cmf_option` WHERE  `option_name` = 'cdn_settings' LIMIT 1 [ RunTime:0.000275s ]
[2026-06-05T17:11:06+08:00][sql] CONNECT:[ UseTime:0.000810s ] mysql:host=127.0.0.1;port=3306;dbname=weihua;charset=utf8mb4
[2026-06-05T17:11:06+08:00][sql] SHOW FULL COLUMNS FROM `cmf_option` [ RunTime:0.001707s ]
[2026-06-05T17:11:06+08:00][sql] SELECT `option_value` FROM `cmf_option` WHERE  `option_name` = 'cdn_settings' LIMIT 1 [ RunTime:0.000257s ]
[2026-06-05T17:11:06+08:00][sql] SHOW FULL COLUMNS FROM `cmf_user` [ RunTime:0.001668s ]
[2026-06-05T17:11:06+08:00][sql] SELECT * FROM `cmf_user` WHERE  `user_login` = 'antop002' LIMIT 1 [ RunTime:0.000351s ]
[2026-06-05T17:11:06+08:00][sql] SHOW FULL COLUMNS FROM `cmf_role_user` [ RunTime:0.000834s ]
[2026-06-05T17:11:06+08:00][sql] SELECT `role_id` FROM `cmf_role_user` `a` INNER JOIN `cmf_role` `b` ON `a`.`role_id`=`b`.`id` WHERE  `user_id` = 1  AND `status` = '1' LIMIT 1 [ RunTime:0.000646s ]
[2026-06-05T17:11:06+08:00][sql] SHOW FULL COLUMNS FROM `cmf_user_token` [ RunTime:0.000857s ]
[2026-06-05T17:11:06+08:00][sql] SELECT * FROM `cmf_user_token` WHERE  `user_id` = 1  AND `device_type` = 'web' LIMIT 1 [ RunTime:0.000391s ]
[2026-06-05T17:11:06+08:00][sql] UPDATE `cmf_user`  SET `last_login_ip` = '::1' , `last_login_time` = 1780650666  WHERE  `id` = 1 [ RunTime:0.003845s ]
[2026-06-05T17:11:08+08:00][sql] CONNECT:[ UseTime:0.001742s ] mysql:host=127.0.0.1;port=3306;dbname=weihua;charset=utf8mb4
[2026-06-05T17:11:08+08:00][sql] SHOW FULL COLUMNS FROM `cmf_option` [ RunTime:0.001333s ]
[2026-06-05T17:11:08+08:00][sql] SELECT `option_value` FROM `cmf_option` WHERE  `option_name` = 'cdn_settings' LIMIT 1 [ RunTime:0.000286s ]
[2026-06-05T17:11:08+08:00][sql] SHOW FULL COLUMNS FROM `cmf_user` [ RunTime:0.001243s ]
[2026-06-05T17:11:08+08:00][sql] SELECT * FROM `cmf_user` WHERE  `id` = 1 LIMIT 1 [ RunTime:0.000360s ]
[2026-06-05T17:11:08+08:00][sql] SHOW FULL COLUMNS FROM `cmf_admin_menu` [ RunTime:0.001009s ]
[2026-06-05T17:11:08+08:00][sql] SELECT * FROM `cmf_admin_menu` ORDER BY `app` ASC,`controller` ASC,`action` ASC [ RunTime:0.000914s ]
[2026-06-05T17:11:09+08:00][sql] CONNECT:[ UseTime:0.000977s ] mysql:host=127.0.0.1;port=3306;dbname=weihua;charset=utf8mb4
[2026-06-05T17:11:09+08:00][sql] SHOW FULL COLUMNS FROM `cmf_option` [ RunTime:0.001468s ]
[2026-06-05T17:11:09+08:00][sql] SELECT `option_value` FROM `cmf_option` WHERE  `option_name` = 'cdn_settings' LIMIT 1 [ RunTime:0.000339s ]
[2026-06-05T17:11:09+08:00][sql] SHOW FULL COLUMNS FROM `cmf_user` [ RunTime:0.001847s ]
[2026-06-05T17:11:09+08:00][sql] SELECT * FROM `cmf_user` WHERE  `id` = 1 LIMIT 1 [ RunTime:0.000578s ]
[2026-06-05T17:11:09+08:00][sql] SELECT `option_value` FROM `cmf_option` WHERE  `option_name` = 'cdn_settings' LIMIT 1 [ RunTime:0.000442s ]
[2026-06-05T17:11:09+08:00][sql] SELECT `option_value` FROM `cmf_option` WHERE  `option_name` = 'cmf_settings' LIMIT 1 [ RunTime:0.000231s ]
[2026-06-05T17:11:09+08:00][sql] SELECT `option_value` FROM `cmf_option` WHERE  `option_name` = 'storage' LIMIT 1 [ RunTime:0.000757s ]
[2026-06-05T17:11:12+08:00][sql] CONNECT:[ UseTime:0.000846s ] mysql:host=127.0.0.1;port=3306;dbname=weihua;charset=utf8mb4
[2026-06-05T17:11:12+08:00][sql] SHOW FULL COLUMNS FROM `cmf_option` [ RunTime:0.001183s ]
[2026-06-05T17:11:12+08:00][sql] SELECT `option_value` FROM `cmf_option` WHERE  `option_name` = 'cdn_settings' LIMIT 1 [ RunTime:0.000270s ]
[2026-06-05T17:11:12+08:00][sql] SELECT `option_value` FROM `cmf_option` WHERE  `option_name` = 'cdn_settings' LIMIT 1 [ RunTime:0.000227s ]
[2026-06-05T17:11:12+08:00][sql] SHOW FULL COLUMNS FROM `cmf_product_category` [ RunTime:0.000886s ]
[2026-06-05T17:11:12+08:00][sql] SELECT * FROM `cmf_product_category` WHERE  `parent_id` = 0 ORDER BY `list_order` ASC,`create_time` DESC [ RunTime:0.000390s ]
[2026-06-05T17:11:12+08:00][sql] SELECT * FROM `cmf_product_category` WHERE  `parent_id` IN (28,19,22,23,25,27,30) [ RunTime:0.000276s ]
[2026-06-05T17:11:12+08:00][sql] SHOW FULL COLUMNS FROM `cmf_portal_category` [ RunTime:0.001120s ]
[2026-06-05T17:11:12+08:00][sql] SELECT * FROM `cmf_portal_category` WHERE (  `type` = 8 ) AND `cmf_portal_category`.`delete_time` = '0' ORDER BY `list_order` ASC [ RunTime:0.000501s ]
[2026-06-05T17:11:12+08:00][sql] SHOW FULL COLUMNS FROM `cmf_slide_item` [ RunTime:0.001117s ]
[2026-06-05T17:11:12+08:00][sql] SELECT `title`,`description`,`image`,`url`,`target`,`content` FROM `cmf_slide_item` WHERE  `slide_id` = 1 ORDER BY `list_order` ASC [ RunTime:0.000433s ]
[2026-06-05T17:11:12+08:00][sql] SHOW FULL COLUMNS FROM `cmf_slide` [ RunTime:0.000735s ]
[2026-06-05T17:11:12+08:00][sql] SELECT * FROM `cmf_slide` WHERE  `name` LIKE '%choose%' OR `name` LIKE '%选择%' LIMIT 1 [ RunTime:0.000323s ]
[2026-06-05T17:11:12+08:00][sql] SELECT `title`,`description`,`image`,`url`,`target`,`content` FROM `cmf_slide_item` WHERE  `slide_id` = 14  AND `status` = 1 ORDER BY `list_order` ASC [ RunTime:0.000234s ]
[2026-06-05T17:11:12+08:00][sql] SELECT * FROM `cmf_product_category` WHERE  `parent_id` = 0  AND `recommend` = 1 ORDER BY `list_order` ASC,`create_time` DESC [ RunTime:0.000224s ]
[2026-06-05T17:11:12+08:00][sql] SHOW FULL COLUMNS FROM `cmf_product` [ RunTime:0.000889s ]
[2026-06-05T17:11:12+08:00][sql] SELECT `id`,`title`,`thumbnail`,`industry` FROM `cmf_product` WHERE  `is_recommended` = 1  AND `category_id` = 28 ORDER BY `list_order` ASC LIMIT 6 [ RunTime:0.000497s ]
[2026-06-05T17:11:12+08:00][sql] SELECT `id`,`title`,`thumbnail`,`industry` FROM `cmf_product` WHERE  `is_recommended` = 1  AND `category_id` = 19 ORDER BY `list_order` ASC LIMIT 6 [ RunTime:0.000299s ]
[2026-06-05T17:11:12+08:00][sql] SELECT `id`,`title`,`thumbnail`,`industry` FROM `cmf_product` WHERE  `is_recommended` = 1  AND `category_id` = 23 ORDER BY `list_order` ASC LIMIT 6 [ RunTime:0.000263s ]
[2026-06-05T17:11:12+08:00][sql] SHOW FULL COLUMNS FROM `cmf_portal_post` [ RunTime:0.000962s ]
[2026-06-05T17:11:12+08:00][sql] SELECT `p`.`id`,`p`.`post_title`,`p`.`post_excerpt`,`p`.`thumbnail`,`p`.`create_time`,`c`.`category_id` FROM `cmf_portal_post` `p` INNER JOIN `cmf_portal_category_post` `c` ON `p`.`id`=`c`.`post_id` WHERE (  `p`.`post_type` = '8' ) AND `p`.`delete_time` = '0' ORDER BY `c`.`list_order` ASC,`p`.`create_time` DESC [ RunTime:0.000418s ]
[2026-06-05T17:11:12+08:00][sql] SELECT `id`,`post_title`,`post_excerpt`,`more` FROM `cmf_portal_post` WHERE (  `post_type` = 3 ) AND `cmf_portal_post`.`delete_time` = '0' ORDER BY `create_time` DESC [ RunTime:0.000261s ]
[2026-06-05T17:11:12+08:00][sql] SHOW FULL COLUMNS FROM `cmf_theme_file` [ RunTime:0.001845s ]
[2026-06-05T17:11:12+08:00][sql] SELECT `more`,`file`,`id` FROM `cmf_theme_file` WHERE  `theme` = 'simpleboot3'  AND (  `is_public` = 1 OR `file` = 'portal/index' ) ORDER BY `is_public` DESC [ RunTime:0.000790s ]
[2026-06-05T17:11:12+08:00][sql] SELECT `option_value` FROM `cmf_option` WHERE  `option_name` = 'storage' LIMIT 1 [ RunTime:0.000495s ]
[2026-06-05T17:11:14+08:00][sql] CONNECT:[ UseTime:0.000771s ] mysql:host=127.0.0.1;port=3306;dbname=weihua;charset=utf8mb4
[2026-06-05T17:11:14+08:00][sql] SHOW FULL COLUMNS FROM `cmf_option` [ RunTime:0.001541s ]
[2026-06-05T17:11:14+08:00][sql] SELECT `option_value` FROM `cmf_option` WHERE  `option_name` = 'cdn_settings' LIMIT 1 [ RunTime:0.000293s ]
[2026-06-05T17:11:14+08:00][sql] SELECT `option_value` FROM `cmf_option` WHERE  `option_name` = 'cdn_settings' LIMIT 1 [ RunTime:0.000237s ]
[2026-06-05T17:11:14+08:00][sql] SHOW FULL COLUMNS FROM `cmf_product_category` [ RunTime:0.001311s ]
[2026-06-05T17:11:14+08:00][sql] SELECT * FROM `cmf_product_category` WHERE  `parent_id` = 0 ORDER BY `list_order` ASC,`create_time` DESC [ RunTime:0.001077s ]
[2026-06-05T17:11:14+08:00][sql] SELECT * FROM `cmf_product_category` WHERE  `parent_id` IN (28,19,22,23,25,27,30) [ RunTime:0.000298s ]
[2026-06-05T17:11:14+08:00][sql] SHOW FULL COLUMNS FROM `cmf_portal_category` [ RunTime:0.000889s ]
[2026-06-05T17:11:14+08:00][sql] SELECT * FROM `cmf_portal_category` WHERE (  `type` = 8 ) AND `cmf_portal_category`.`delete_time` = '0' ORDER BY `list_order` ASC [ RunTime:0.000275s ]
[2026-06-05T17:11:14+08:00][sql] SHOW FULL COLUMNS FROM `cmf_slide_item` [ RunTime:0.000763s ]
[2026-06-05T17:11:14+08:00][sql] SELECT `title`,`description`,`image` FROM `cmf_slide_item` WHERE  `slide_id` = 12  AND `status` = 1 ORDER BY `list_order` ASC,`id` DESC LIMIT 1 [ RunTime:0.000375s ]
[2026-06-05T17:11:14+08:00][sql] SELECT * FROM `cmf_portal_category` WHERE (  `id` = 0  AND `status` = 1 ) AND `cmf_portal_category`.`delete_time` = '0' LIMIT 1 [ RunTime:0.000232s ]
[2026-06-05T17:11:14+08:00][sql] SHOW FULL COLUMNS FROM `cmf_portal_post` [ RunTime:0.001426s ]
[2026-06-05T17:11:14+08:00][sql] SELECT COUNT(*) AS think_count FROM `cmf_portal_post` `p` LEFT JOIN `cmf_portal_category_post` `c` ON `p`.`id`=`c`.`post_id` WHERE (  `post_type` = 8 ) AND `p`.`delete_time` = '0' LIMIT 1 [ RunTime:0.000426s ]
[2026-06-05T17:11:14+08:00][sql] SELECT `p`.`id`,`p`.`post_title`,`p`.`thumbnail`,`p`.`more`,c.category_id as cid,`p`.`post_excerpt`,`p`.`create_time` FROM `cmf_portal_post` `p` LEFT JOIN `cmf_portal_category_post` `c` ON `p`.`id`=`c`.`post_id` WHERE (  `post_type` = 8 ) AND `p`.`delete_time` = '0' ORDER BY `c`.`list_order` ASC,`p`.`create_time` DESC LIMIT 0,6 [ RunTime:0.000422s ]
[2026-06-05T17:11:14+08:00][sql] SHOW FULL COLUMNS FROM `cmf_theme_file` [ RunTime:0.000775s ]
[2026-06-05T17:11:14+08:00][sql] SELECT `more`,`file`,`id` FROM `cmf_theme_file` WHERE  `theme` = 'simpleboot3'  AND (  `is_public` = 1 OR `file` = 'portal/news' ) ORDER BY `is_public` DESC [ RunTime:0.000291s ]
[2026-06-05T17:11:14+08:00][sql] SELECT `option_value` FROM `cmf_option` WHERE  `option_name` = 'storage' LIMIT 1 [ RunTime:0.000456s ]
[2026-06-05T17:11:15+08:00][sql] CONNECT:[ UseTime:0.000727s ] mysql:host=127.0.0.1;port=3306;dbname=weihua;charset=utf8mb4
[2026-06-05T17:11:15+08:00][sql] SHOW FULL COLUMNS FROM `cmf_option` [ RunTime:0.001379s ]
[2026-06-05T17:11:15+08:00][sql] SELECT `option_value` FROM `cmf_option` WHERE  `option_name` = 'cdn_settings' LIMIT 1 [ RunTime:0.000288s ]
[2026-06-05T17:11:15+08:00][sql] SELECT `option_value` FROM `cmf_option` WHERE  `option_name` = 'cdn_settings' LIMIT 1 [ RunTime:0.000564s ]
[2026-06-05T17:11:15+08:00][sql] SHOW FULL COLUMNS FROM `cmf_product_category` [ RunTime:0.001236s ]
[2026-06-05T17:11:15+08:00][sql] SELECT * FROM `cmf_product_category` WHERE  `parent_id` = 0 ORDER BY `list_order` ASC,`create_time` DESC [ RunTime:0.000410s ]
[2026-06-05T17:11:15+08:00][sql] SELECT * FROM `cmf_product_category` WHERE  `parent_id` IN (28,19,22,23,25,27,30) [ RunTime:0.000372s ]
[2026-06-05T17:11:15+08:00][sql] SHOW FULL COLUMNS FROM `cmf_portal_category` [ RunTime:0.001168s ]
[2026-06-05T17:11:15+08:00][sql] SELECT * FROM `cmf_portal_category` WHERE (  `type` = 8 ) AND `cmf_portal_category`.`delete_time` = '0' ORDER BY `list_order` ASC [ RunTime:0.000320s ]
[2026-06-05T17:11:15+08:00][sql] SELECT * FROM `cmf_portal_category` WHERE (  `id` = 1  AND `status` = 1 ) AND `cmf_portal_category`.`delete_time` = '0' LIMIT 1 [ RunTime:0.000347s ]
[2026-06-05T17:11:15+08:00][sql] SHOW FULL COLUMNS FROM `cmf_portal_post` [ RunTime:0.001224s ]
[2026-06-05T17:11:15+08:00][sql] SELECT `post`.* FROM `cmf_portal_post` `post` LEFT JOIN `cmf_portal_category_post` `relation` ON `post`.`id`=`relation`.`post_id` WHERE (  `post`.`post_type` = '8'  AND `relation`.`category_id` = '1'  AND `post`.`id` = '15'  AND ( post.delete_time IS NULL OR post.delete_time = 0 ) ) AND `post`.`delete_time` = '0' LIMIT 1 [ RunTime:0.000434s ]
[2026-06-05T17:11:15+08:00][sql] SHOW FULL COLUMNS FROM `cmf_slide_item` [ RunTime:0.001027s ]
[2026-06-05T17:11:15+08:00][sql] SELECT `title`,`description`,`image` FROM `cmf_slide_item` WHERE  `slide_id` = 12  AND `status` = 1 ORDER BY `list_order` ASC,`id` DESC LIMIT 1 [ RunTime:0.000391s ]
[2026-06-05T17:11:15+08:00][sql] UPDATE `cmf_portal_post`  SET `post_hits` = `post_hits` + 1  WHERE (  `id` = 15 ) AND `cmf_portal_post`.`delete_time` = '0' [ RunTime:0.003108s ]
[2026-06-05T17:11:15+08:00][sql] SELECT `post`.* FROM `cmf_portal_post` `post` LEFT JOIN `cmf_portal_category_post` `relation` ON `post`.`id`=`relation`.`post_id` WHERE (  `post`.`post_type` = '8'  AND `relation`.`category_id` = '1'  AND `post`.`id` < '15'  AND ( post.delete_time IS NULL OR post.delete_time = 0 ) ) AND `post`.`delete_time` = '0' ORDER BY `post`.`id` DESC LIMIT 1 [ RunTime:0.000964s ]
[2026-06-05T17:11:15+08:00][sql] SELECT `post`.* FROM `cmf_portal_post` `post` LEFT JOIN `cmf_portal_category_post` `relation` ON `post`.`id`=`relation`.`post_id` WHERE (  `post`.`post_type` = '8'  AND `relation`.`category_id` = '1'  AND `post`.`id` > '15'  AND ( post.delete_time IS NULL OR post.delete_time = 0 ) ) AND `post`.`delete_time` = '0' ORDER BY `post`.`id` ASC LIMIT 1 [ RunTime:0.000680s ]
[2026-06-05T17:11:15+08:00][sql] SHOW FULL COLUMNS FROM `cmf_theme_file` [ RunTime:0.001093s ]
[2026-06-05T17:11:15+08:00][sql] SELECT `more`,`file`,`id` FROM `cmf_theme_file` WHERE  `theme` = 'simpleboot3'  AND (  `is_public` = 1 OR `file` = 'portal/news-info' ) ORDER BY `is_public` DESC [ RunTime:0.000373s ]
[2026-06-05T17:11:15+08:00][sql] SELECT `option_value` FROM `cmf_option` WHERE  `option_name` = 'storage' LIMIT 1 [ RunTime:0.000396s ]
[2026-06-05T17:11:19+08:00][sql] CONNECT:[ UseTime:0.000787s ] mysql:host=127.0.0.1;port=3306;dbname=weihua;charset=utf8mb4
[2026-06-05T17:11:19+08:00][sql] SHOW FULL COLUMNS FROM `cmf_option` [ RunTime:0.001346s ]
[2026-06-05T17:11:19+08:00][sql] SELECT `option_value` FROM `cmf_option` WHERE  `option_name` = 'cdn_settings' LIMIT 1 [ RunTime:0.000270s ]
[2026-06-05T17:11:19+08:00][sql] SELECT `option_value` FROM `cmf_option` WHERE  `option_name` = 'cdn_settings' LIMIT 1 [ RunTime:0.000395s ]
[2026-06-05T17:11:19+08:00][sql] SHOW FULL COLUMNS FROM `cmf_product_category` [ RunTime:0.001234s ]
[2026-06-05T17:11:19+08:00][sql] SELECT * FROM `cmf_product_category` WHERE  `parent_id` = 0 ORDER BY `list_order` ASC,`create_time` DESC [ RunTime:0.000426s ]
[2026-06-05T17:11:19+08:00][sql] SELECT * FROM `cmf_product_category` WHERE  `parent_id` IN (28,19,22,23,25,27,30) [ RunTime:0.000303s ]
[2026-06-05T17:11:19+08:00][sql] SHOW FULL COLUMNS FROM `cmf_portal_category` [ RunTime:0.001390s ]
[2026-06-05T17:11:19+08:00][sql] SELECT * FROM `cmf_portal_category` WHERE (  `type` = 8 ) AND `cmf_portal_category`.`delete_time` = '0' ORDER BY `list_order` ASC [ RunTime:0.000397s ]
[2026-06-05T17:11:19+08:00][sql] SELECT * FROM `cmf_portal_category` WHERE (  `id` = 1  AND `status` = 1 ) AND `cmf_portal_category`.`delete_time` = '0' LIMIT 1 [ RunTime:0.000345s ]
[2026-06-05T17:11:19+08:00][sql] SHOW FULL COLUMNS FROM `cmf_portal_post` [ RunTime:0.001364s ]
[2026-06-05T17:11:19+08:00][sql] SELECT `post`.* FROM `cmf_portal_post` `post` LEFT JOIN `cmf_portal_category_post` `relation` ON `post`.`id`=`relation`.`post_id` WHERE (  `post`.`post_type` = '8'  AND `relation`.`category_id` = '1'  AND `post`.`id` = '31'  AND ( post.delete_time IS NULL OR post.delete_time = 0 ) ) AND `post`.`delete_time` = '0' LIMIT 1 [ RunTime:0.000429s ]
[2026-06-05T17:11:19+08:00][sql] SHOW FULL COLUMNS FROM `cmf_slide_item` [ RunTime:0.001063s ]
[2026-06-05T17:11:19+08:00][sql] SELECT `title`,`description`,`image` FROM `cmf_slide_item` WHERE  `slide_id` = 12  AND `status` = 1 ORDER BY `list_order` ASC,`id` DESC LIMIT 1 [ RunTime:0.000435s ]
[2026-06-05T17:11:19+08:00][sql] UPDATE `cmf_portal_post`  SET `post_hits` = `post_hits` + 1  WHERE (  `id` = 31 ) AND `cmf_portal_post`.`delete_time` = '0' [ RunTime:0.003450s ]
[2026-06-05T17:11:19+08:00][sql] SELECT `post`.* FROM `cmf_portal_post` `post` LEFT JOIN `cmf_portal_category_post` `relation` ON `post`.`id`=`relation`.`post_id` WHERE (  `post`.`post_type` = '8'  AND `relation`.`category_id` = '1'  AND `post`.`id` < '31'  AND ( post.delete_time IS NULL OR post.delete_time = 0 ) ) AND `post`.`delete_time` = '0' ORDER BY `post`.`id` DESC LIMIT 1 [ RunTime:0.000884s ]
[2026-06-05T17:11:19+08:00][sql] SELECT `post`.* FROM `cmf_portal_post` `post` LEFT JOIN `cmf_portal_category_post` `relation` ON `post`.`id`=`relation`.`post_id` WHERE (  `post`.`post_type` = '8'  AND `relation`.`category_id` = '1'  AND `post`.`id` > '31'  AND ( post.delete_time IS NULL OR post.delete_time = 0 ) ) AND `post`.`delete_time` = '0' ORDER BY `post`.`id` ASC LIMIT 1 [ RunTime:0.000439s ]
[2026-06-05T17:11:19+08:00][sql] SHOW FULL COLUMNS FROM `cmf_theme_file` [ RunTime:0.001256s ]
[2026-06-05T17:11:19+08:00][sql] SELECT `more`,`file`,`id` FROM `cmf_theme_file` WHERE  `theme` = 'simpleboot3'  AND (  `is_public` = 1 OR `file` = 'portal/news-info' ) ORDER BY `is_public` DESC [ RunTime:0.000350s ]
[2026-06-05T17:11:19+08:00][sql] SELECT `option_value` FROM `cmf_option` WHERE  `option_name` = 'storage' LIMIT 1 [ RunTime:0.000315s ]
[2026-06-05T17:11:22+08:00][sql] CONNECT:[ UseTime:0.001031s ] mysql:host=127.0.0.1;port=3306;dbname=weihua;charset=utf8mb4
[2026-06-05T17:11:22+08:00][sql] SHOW FULL COLUMNS FROM `cmf_option` [ RunTime:0.001445s ]
[2026-06-05T17:11:22+08:00][sql] SELECT `option_value` FROM `cmf_option` WHERE  `option_name` = 'cdn_settings' LIMIT 1 [ RunTime:0.000262s ]
[2026-06-05T17:11:22+08:00][sql] SELECT `option_value` FROM `cmf_option` WHERE  `option_name` = 'cdn_settings' LIMIT 1 [ RunTime:0.000580s ]
[2026-06-05T17:11:22+08:00][sql] SHOW FULL COLUMNS FROM `cmf_product_category` [ RunTime:0.001256s ]
[2026-06-05T17:11:22+08:00][sql] SELECT * FROM `cmf_product_category` WHERE  `parent_id` = 0 ORDER BY `list_order` ASC,`create_time` DESC [ RunTime:0.000706s ]
[2026-06-05T17:11:22+08:00][sql] SELECT * FROM `cmf_product_category` WHERE  `parent_id` IN (28,19,22,23,25,27,30) [ RunTime:0.000763s ]
[2026-06-05T17:11:22+08:00][sql] SHOW FULL COLUMNS FROM `cmf_portal_category` [ RunTime:0.001866s ]
[2026-06-05T17:11:22+08:00][sql] SELECT * FROM `cmf_portal_category` WHERE (  `type` = 8 ) AND `cmf_portal_category`.`delete_time` = '0' ORDER BY `list_order` ASC [ RunTime:0.000663s ]
[2026-06-05T17:11:22+08:00][sql] SELECT * FROM `cmf_portal_category` WHERE (  `id` = 1  AND `status` = 1 ) AND `cmf_portal_category`.`delete_time` = '0' LIMIT 1 [ RunTime:0.001175s ]
[2026-06-05T17:11:22+08:00][sql] SHOW FULL COLUMNS FROM `cmf_portal_post` [ RunTime:0.003489s ]
[2026-06-05T17:11:22+08:00][sql] SELECT `post`.* FROM `cmf_portal_post` `post` LEFT JOIN `cmf_portal_category_post` `relation` ON `post`.`id`=`relation`.`post_id` WHERE (  `post`.`post_type` = '8'  AND `relation`.`category_id` = '1'  AND `post`.`id` = '14'  AND ( post.delete_time IS NULL OR post.delete_time = 0 ) ) AND `post`.`delete_time` = '0' LIMIT 1 [ RunTime:0.001041s ]
[2026-06-05T17:11:22+08:00][sql] SHOW FULL COLUMNS FROM `cmf_slide_item` [ RunTime:0.001640s ]
[2026-06-05T17:11:22+08:00][sql] SELECT `title`,`description`,`image` FROM `cmf_slide_item` WHERE  `slide_id` = 12  AND `status` = 1 ORDER BY `list_order` ASC,`id` DESC LIMIT 1 [ RunTime:0.000538s ]
[2026-06-05T17:11:22+08:00][sql] UPDATE `cmf_portal_post`  SET `post_hits` = `post_hits` + 1  WHERE (  `id` = 14 ) AND `cmf_portal_post`.`delete_time` = '0' [ RunTime:0.003425s ]
[2026-06-05T17:11:22+08:00][sql] SELECT `post`.* FROM `cmf_portal_post` `post` LEFT JOIN `cmf_portal_category_post` `relation` ON `post`.`id`=`relation`.`post_id` WHERE (  `post`.`post_type` = '8'  AND `relation`.`category_id` = '1'  AND `post`.`id` < '14'  AND ( post.delete_time IS NULL OR post.delete_time = 0 ) ) AND `post`.`delete_time` = '0' ORDER BY `post`.`id` DESC LIMIT 1 [ RunTime:0.001035s ]
[2026-06-05T17:11:22+08:00][sql] SELECT `post`.* FROM `cmf_portal_post` `post` LEFT JOIN `cmf_portal_category_post` `relation` ON `post`.`id`=`relation`.`post_id` WHERE (  `post`.`post_type` = '8'  AND `relation`.`category_id` = '1'  AND `post`.`id` > '14'  AND ( post.delete_time IS NULL OR post.delete_time = 0 ) ) AND `post`.`delete_time` = '0' ORDER BY `post`.`id` ASC LIMIT 1 [ RunTime:0.001239s ]
[2026-06-05T17:11:22+08:00][sql] SHOW FULL COLUMNS FROM `cmf_theme_file` [ RunTime:0.002312s ]
[2026-06-05T17:11:22+08:00][sql] SELECT `more`,`file`,`id` FROM `cmf_theme_file` WHERE  `theme` = 'simpleboot3'  AND (  `is_public` = 1 OR `file` = 'portal/news-info' ) ORDER BY `is_public` DESC [ RunTime:0.000638s ]
[2026-06-05T17:11:22+08:00][sql] SELECT `option_value` FROM `cmf_option` WHERE  `option_name` = 'storage' LIMIT 1 [ RunTime:0.000567s ]
[2026-06-05T17:11:24+08:00][sql] CONNECT:[ UseTime:0.000942s ] mysql:host=127.0.0.1;port=3306;dbname=weihua;charset=utf8mb4
[2026-06-05T17:11:24+08:00][sql] SHOW FULL COLUMNS FROM `cmf_option` [ RunTime:0.001474s ]
[2026-06-05T17:11:24+08:00][sql] SELECT `option_value` FROM `cmf_option` WHERE  `option_name` = 'cdn_settings' LIMIT 1 [ RunTime:0.000469s ]
[2026-06-05T17:11:24+08:00][sql] SHOW FULL COLUMNS FROM `cmf_user` [ RunTime:0.001360s ]
[2026-06-05T17:11:24+08:00][sql] SELECT * FROM `cmf_user` WHERE  `id` = 1 LIMIT 1 [ RunTime:0.000328s ]
[2026-06-05T17:11:24+08:00][sql] SHOW FULL COLUMNS FROM `cmf_portal_post` [ RunTime:0.001459s ]
[2026-06-05T17:11:24+08:00][sql] SELECT COUNT(*) AS think_count FROM `cmf_portal_post` `a` INNER JOIN `cmf_user` `u` ON `a`.`user_id`=`u`.`id` WHERE (  `a`.`create_time` >= '0'  AND `a`.`delete_time` = '0'  AND (  `a`.`post_type` = '3' ) ) AND `a`.`delete_time` = '0' LIMIT 1 [ RunTime:0.000348s ]
[2026-06-05T17:11:24+08:00][sql] SELECT `a`.*,`u`.`user_login`,`u`.`user_nickname`,`u`.`user_email` FROM `cmf_portal_post` `a` INNER JOIN `cmf_user` `u` ON `a`.`user_id`=`u`.`id` WHERE (  `a`.`create_time` >= '0'  AND `a`.`delete_time` = '0'  AND (  `a`.`post_type` = '3' ) ) AND `a`.`delete_time` = '0' ORDER BY `update_time` DESC LIMIT 0,10 [ RunTime:0.000507s ]
[2026-06-05T17:11:24+08:00][sql] SHOW FULL COLUMNS FROM `cmf_portal_category` [ RunTime:0.001196s ]
[2026-06-05T17:11:24+08:00][sql] SELECT * FROM `cmf_portal_category` WHERE (  `delete_time` = 0  AND `type` = 3 ) AND `cmf_portal_category`.`delete_time` = '0' ORDER BY `list_order` ASC [ RunTime:0.000687s ]
[2026-06-05T17:11:26+08:00][sql] CONNECT:[ UseTime:0.001006s ] mysql:host=127.0.0.1;port=3306;dbname=weihua;charset=utf8mb4
[2026-06-05T17:11:26+08:00][sql] SHOW FULL COLUMNS FROM `cmf_option` [ RunTime:0.001982s ]
[2026-06-05T17:11:26+08:00][sql] SELECT `option_value` FROM `cmf_option` WHERE  `option_name` = 'cdn_settings' LIMIT 1 [ RunTime:0.000431s ]
[2026-06-05T17:11:26+08:00][sql] SHOW FULL COLUMNS FROM `cmf_user` [ RunTime:0.002242s ]
[2026-06-05T17:11:26+08:00][sql] SELECT * FROM `cmf_user` WHERE  `id` = 1 LIMIT 1 [ RunTime:0.000653s ]
[2026-06-05T17:11:26+08:00][sql] SHOW FULL COLUMNS FROM `cmf_portal_post` [ RunTime:0.001774s ]
[2026-06-05T17:11:26+08:00][sql] SELECT COUNT(*) AS think_count FROM `cmf_portal_post` `a` INNER JOIN `cmf_user` `u` ON `a`.`user_id`=`u`.`id` WHERE (  `a`.`create_time` >= '0'  AND `a`.`delete_time` = '0'  AND (  `a`.`post_type` = '8' ) ) AND `a`.`delete_time` = '0' LIMIT 1 [ RunTime:0.000418s ]
[2026-06-05T17:11:26+08:00][sql] SELECT `a`.*,`u`.`user_login`,`u`.`user_nickname`,`u`.`user_email` FROM `cmf_portal_post` `a` INNER JOIN `cmf_user` `u` ON `a`.`user_id`=`u`.`id` WHERE (  `a`.`create_time` >= '0'  AND `a`.`delete_time` = '0'  AND (  `a`.`post_type` = '8' ) ) AND `a`.`delete_time` = '0' ORDER BY `update_time` DESC LIMIT 0,10 [ RunTime:0.000747s ]
[2026-06-05T17:11:26+08:00][sql] SHOW FULL COLUMNS FROM `cmf_portal_category` [ RunTime:0.001653s ]
[2026-06-05T17:11:26+08:00][sql] SELECT * FROM `cmf_portal_category` WHERE (  `delete_time` = 0  AND `type` = 8 ) AND `cmf_portal_category`.`delete_time` = '0' ORDER BY `list_order` ASC [ RunTime:0.000455s ]
[2026-06-05T17:11:26+08:00][sql] SHOW FULL COLUMNS FROM `cmf_portal_category_post` [ RunTime:0.001582s ]
[2026-06-05T17:11:26+08:00][sql] SELECT `cmf_portal_category`.*,`pivot`.`id` AS `pivot__id`,`pivot`.`post_id` AS `pivot__post_id`,`pivot`.`category_id` AS `pivot__category_id`,`pivot`.`list_order` AS `pivot__list_order`,`pivot`.`status` AS `pivot__status` FROM `cmf_portal_category` INNER JOIN `cmf_portal_category_post` `pivot` ON `pivot`.`category_id`=`cmf_portal_category`.`id` WHERE (  `pivot`.`post_id` = '31' ) AND `cmf_portal_category`.`delete_time` = '0' [ RunTime:0.000440s ]
[2026-06-05T17:11:26+08:00][sql] SELECT `option_value` FROM `cmf_option` WHERE  `option_name` = 'storage' LIMIT 1 [ RunTime:0.000247s ]
[2026-06-05T17:11:26+08:00][sql] SELECT `cmf_portal_category`.*,`pivot`.`id` AS `pivot__id`,`pivot`.`post_id` AS `pivot__post_id`,`pivot`.`category_id` AS `pivot__category_id`,`pivot`.`list_order` AS `pivot__list_order`,`pivot`.`status` AS `pivot__status` FROM `cmf_portal_category` INNER JOIN `cmf_portal_category_post` `pivot` ON `pivot`.`category_id`=`cmf_portal_category`.`id` WHERE (  `pivot`.`post_id` = '15' ) AND `cmf_portal_category`.`delete_time` = '0' [ RunTime:0.000372s ]
[2026-06-05T17:11:26+08:00][sql] SELECT `cmf_portal_category`.*,`pivot`.`id` AS `pivot__id`,`pivot`.`post_id` AS `pivot__post_id`,`pivot`.`category_id` AS `pivot__category_id`,`pivot`.`list_order` AS `pivot__list_order`,`pivot`.`status` AS `pivot__status` FROM `cmf_portal_category` INNER JOIN `cmf_portal_category_post` `pivot` ON `pivot`.`category_id`=`cmf_portal_category`.`id` WHERE (  `pivot`.`post_id` = '14' ) AND `cmf_portal_category`.`delete_time` = '0' [ RunTime:0.000386s ]
[2026-06-05T17:11:26+08:00][sql] SELECT `cmf_portal_category`.*,`pivot`.`id` AS `pivot__id`,`pivot`.`post_id` AS `pivot__post_id`,`pivot`.`category_id` AS `pivot__category_id`,`pivot`.`list_order` AS `pivot__list_order`,`pivot`.`status` AS `pivot__status` FROM `cmf_portal_category` INNER JOIN `cmf_portal_category_post` `pivot` ON `pivot`.`category_id`=`cmf_portal_category`.`id` WHERE (  `pivot`.`post_id` = '12' ) AND `cmf_portal_category`.`delete_time` = '0' [ RunTime:0.000325s ]
[2026-06-05T17:11:26+08:00][sql] SELECT `cmf_portal_category`.*,`pivot`.`id` AS `pivot__id`,`pivot`.`post_id` AS `pivot__post_id`,`pivot`.`category_id` AS `pivot__category_id`,`pivot`.`list_order` AS `pivot__list_order`,`pivot`.`status` AS `pivot__status` FROM `cmf_portal_category` INNER JOIN `cmf_portal_category_post` `pivot` ON `pivot`.`category_id`=`cmf_portal_category`.`id` WHERE (  `pivot`.`post_id` = '10' ) AND `cmf_portal_category`.`delete_time` = '0' [ RunTime:0.000294s ]
[2026-06-05T17:11:26+08:00][sql] SELECT `cmf_portal_category`.*,`pivot`.`id` AS `pivot__id`,`pivot`.`post_id` AS `pivot__post_id`,`pivot`.`category_id` AS `pivot__category_id`,`pivot`.`list_order` AS `pivot__list_order`,`pivot`.`status` AS `pivot__status` FROM `cmf_portal_category` INNER JOIN `cmf_portal_category_post` `pivot` ON `pivot`.`category_id`=`cmf_portal_category`.`id` WHERE (  `pivot`.`post_id` = '13' ) AND `cmf_portal_category`.`delete_time` = '0' [ RunTime:0.000298s ]
[2026-06-05T17:11:26+08:00][sql] SELECT `cmf_portal_category`.*,`pivot`.`id` AS `pivot__id`,`pivot`.`post_id` AS `pivot__post_id`,`pivot`.`category_id` AS `pivot__category_id`,`pivot`.`list_order` AS `pivot__list_order`,`pivot`.`status` AS `pivot__status` FROM `cmf_portal_category` INNER JOIN `cmf_portal_category_post` `pivot` ON `pivot`.`category_id`=`cmf_portal_category`.`id` WHERE (  `pivot`.`post_id` = '9' ) AND `cmf_portal_category`.`delete_time` = '0' [ RunTime:0.000300s ]
[2026-06-05T17:11:28+08:00][sql] CONNECT:[ UseTime:0.001081s ] mysql:host=127.0.0.1;port=3306;dbname=weihua;charset=utf8mb4
[2026-06-05T17:11:28+08:00][sql] SHOW FULL COLUMNS FROM `cmf_option` [ RunTime:0.001506s ]
[2026-06-05T17:11:28+08:00][sql] SELECT `option_value` FROM `cmf_option` WHERE  `option_name` = 'cdn_settings' LIMIT 1 [ RunTime:0.000298s ]
[2026-06-05T17:11:28+08:00][sql] SHOW FULL COLUMNS FROM `cmf_user` [ RunTime:0.002246s ]
[2026-06-05T17:11:28+08:00][sql] SELECT * FROM `cmf_user` WHERE  `id` = 1 LIMIT 1 [ RunTime:0.000526s ]
[2026-06-05T17:11:28+08:00][sql] SHOW FULL COLUMNS FROM `cmf_portal_post` [ RunTime:0.001588s ]
[2026-06-05T17:11:28+08:00][sql] SELECT * FROM `cmf_portal_post` WHERE (  `id` = 31 ) AND `cmf_portal_post`.`delete_time` = '0' LIMIT 1 [ RunTime:0.000410s ]
[2026-06-05T17:11:28+08:00][sql] SHOW FULL COLUMNS FROM `cmf_portal_category_post` [ RunTime:0.001272s ]
[2026-06-05T17:11:28+08:00][sql] SHOW FULL COLUMNS FROM `cmf_portal_category` [ RunTime:0.001233s ]
[2026-06-05T17:11:28+08:00][sql] SELECT `a`.`name`,`a`.`id` FROM `cmf_portal_category` `a` INNER JOIN `cmf_portal_category_post` `pivot` ON `pivot`.`category_id`=`a`.`id` WHERE (  `pivot`.`post_id` = '31' ) AND `a`.`delete_time` = '0' [ RunTime:0.000389s ]
[2026-06-05T17:11:28+08:00][sql] SHOW FULL COLUMNS FROM `cmf_route` [ RunTime:0.001991s ]
[2026-06-05T17:11:28+08:00][sql] SELECT `url` FROM `cmf_route` WHERE  `full_url` = 'portal/index/news_info?cid=1&id=31' LIMIT 1 [ RunTime:0.000971s ]
[2026-06-05T17:11:28+08:00][sql] SHOW FULL COLUMNS FROM `cmf_theme_file` [ RunTime:0.001840s ]
[2026-06-05T17:11:28+08:00][sql] SELECT * FROM `cmf_theme_file` WHERE  `theme` = 'default'  AND `action` = 'portal/Article/index' [ RunTime:0.000573s ]
[2026-06-05T17:11:28+08:00][sql] SELECT `option_value` FROM `cmf_option` WHERE  `option_name` = 'storage' LIMIT 1 [ RunTime:0.000601s ]
[2026-06-05T17:11:28+08:00][sql] CONNECT:[ UseTime:0.001297s ] mysql:host=127.0.0.1;port=3306;dbname=weihua;charset=utf8mb4
[2026-06-05T17:11:28+08:00][sql] SHOW FULL COLUMNS FROM `cmf_option` [ RunTime:0.001306s ]
[2026-06-05T17:11:28+08:00][sql] SELECT `option_value` FROM `cmf_option` WHERE  `option_name` = 'cdn_settings' LIMIT 1 [ RunTime:0.000300s ]
[2026-06-05T17:11:28+08:00][sql] SELECT `option_value` FROM `cmf_option` WHERE  `option_name` = 'cdn_settings' LIMIT 1 [ RunTime:0.000404s ]
[2026-06-05T17:11:32+08:00][sql] CONNECT:[ UseTime:0.000773s ] mysql:host=127.0.0.1;port=3306;dbname=weihua;charset=utf8mb4
[2026-06-05T17:11:32+08:00][sql] SHOW FULL COLUMNS FROM `cmf_option` [ RunTime:0.001462s ]
[2026-06-05T17:11:32+08:00][sql] SELECT `option_value` FROM `cmf_option` WHERE  `option_name` = 'cdn_settings' LIMIT 1 [ RunTime:0.000281s ]
[2026-06-05T17:11:32+08:00][sql] SHOW FULL COLUMNS FROM `cmf_user` [ RunTime:0.001243s ]
[2026-06-05T17:11:32+08:00][sql] SELECT * FROM `cmf_user` WHERE  `id` = 1 LIMIT 1 [ RunTime:0.000345s ]
[2026-06-05T17:11:32+08:00][sql] SHOW FULL COLUMNS FROM `cmf_theme_file` [ RunTime:0.001136s ]
[2026-06-05T17:11:32+08:00][sql] SELECT * FROM `cmf_theme_file` WHERE  `theme` = 'default'  AND `action` = 'portal/Article/index' [ RunTime:0.000309s ]
[2026-06-05T17:11:32+08:00][sql] CONNECT:[ UseTime:0.000715s ] mysql:host=127.0.0.1;port=3306;dbname=weihua;charset=utf8mb4
[2026-06-05T17:11:32+08:00][sql] SHOW FULL COLUMNS FROM `cmf_option` [ RunTime:0.001085s ]
[2026-06-05T17:11:32+08:00][sql] SELECT `option_value` FROM `cmf_option` WHERE  `option_name` = 'cdn_settings' LIMIT 1 [ RunTime:0.000234s ]
[2026-06-05T17:11:32+08:00][sql] SELECT `option_value` FROM `cmf_option` WHERE  `option_name` = 'cdn_settings' LIMIT 1 [ RunTime:0.000235s ]
[2026-06-05T17:11:33+08:00][sql] CONNECT:[ UseTime:0.000858s ] mysql:host=127.0.0.1;port=3306;dbname=weihua;charset=utf8mb4
[2026-06-05T17:11:33+08:00][sql] SHOW FULL COLUMNS FROM `cmf_option` [ RunTime:0.001553s ]
[2026-06-05T17:11:33+08:00][sql] SELECT `option_value` FROM `cmf_option` WHERE  `option_name` = 'cdn_settings' LIMIT 1 [ RunTime:0.000362s ]
[2026-06-05T17:11:33+08:00][sql] SHOW FULL COLUMNS FROM `cmf_user` [ RunTime:0.001367s ]
[2026-06-05T17:11:33+08:00][sql] SELECT * FROM `cmf_user` WHERE  `id` = 1 LIMIT 1 [ RunTime:0.000524s ]
[2026-06-05T17:11:33+08:00][sql] SHOW FULL COLUMNS FROM `cmf_portal_category` [ RunTime:0.001504s ]
[2026-06-05T17:11:33+08:00][sql] SELECT * FROM `cmf_portal_category` WHERE (  `delete_time` = 0  AND `type` = 8 ) AND `cmf_portal_category`.`delete_time` = '0' ORDER BY `list_order` ASC [ RunTime:0.000474s ]
[2026-06-05T17:11:33+08:00][sql] SELECT * FROM `cmf_portal_category` WHERE (  `delete_time` = 0 ) AND `cmf_portal_category`.`delete_time` = '0' [ RunTime:0.000625s ]
[2026-06-05T17:11:42+08:00][sql] CONNECT:[ UseTime:0.002314s ] mysql:host=127.0.0.1;port=3306;dbname=weihua;charset=utf8mb4
[2026-06-05T17:11:42+08:00][sql] SHOW FULL COLUMNS FROM `cmf_option` [ RunTime:0.003566s ]
[2026-06-05T17:11:42+08:00][sql] SELECT `option_value` FROM `cmf_option` WHERE  `option_name` = 'cdn_settings' LIMIT 1 [ RunTime:0.000859s ]
[2026-06-05T17:11:42+08:00][sql] SELECT `option_value` FROM `cmf_option` WHERE  `option_name` = 'storage' LIMIT 1 [ RunTime:0.001188s ]
[2026-06-05T17:11:47+08:00][sql] CONNECT:[ UseTime:0.000796s ] mysql:host=127.0.0.1;port=3306;dbname=weihua;charset=utf8mb4
[2026-06-05T17:11:47+08:00][sql] SHOW FULL COLUMNS FROM `cmf_option` [ RunTime:0.001414s ]
[2026-06-05T17:11:47+08:00][sql] SELECT `option_value` FROM `cmf_option` WHERE  `option_name` = 'cdn_settings' LIMIT 1 [ RunTime:0.000288s ]
[2026-06-05T17:11:47+08:00][sql] SELECT * FROM `cmf_option` WHERE  `option_name` = 'cmf_settings' LIMIT 1 [ RunTime:0.000558s ]
[2026-06-05T17:11:47+08:00][sql] SHOW FULL COLUMNS FROM `cmf_asset` [ RunTime:0.001606s ]
[2026-06-05T17:11:47+08:00][sql] SELECT * FROM `cmf_asset` WHERE  `user_id` = 1  AND `file_key` = '6d389ed17e9a8b63395ae34ce1d20fe232eacccd3842c3d7d0e49218405bfaac' LIMIT 1 [ RunTime:0.001413s ]
[2026-06-05T17:11:47+08:00][sql] SELECT `option_value` FROM `cmf_option` WHERE  `option_name` = 'storage' LIMIT 1 [ RunTime:0.000233s ]
[2026-06-05T17:11:47+08:00][sql] INSERT INTO `cmf_asset` SET `user_id` = 1 , `file_size` = 148934 , `create_time` = 1780650707 , `file_md5` = '6d389ed17e9a8b63395ae34ce1d20fe2' , `file_sha1` = 'aa43cb72f3cd3698dac3c411c85113553afb7c5e' , `file_key` = '6d389ed17e9a8b63395ae34ce1d20fe232eacccd3842c3d7d0e49218405bfaac' , `filename` = '88a4e419f835fcedc9b8f6b61a70e78e.webp' , `file_path` = 'portal/20260605/8ad7fc628bc702eb4422015be12ff9bd.webp' , `suffix` = 'webp' [ RunTime:0.000864s ]
[2026-06-05T17:11:50+08:00][sql] CONNECT:[ UseTime:0.000773s ] mysql:host=127.0.0.1;port=3306;dbname=weihua;charset=utf8mb4
[2026-06-05T17:11:50+08:00][sql] SHOW FULL COLUMNS FROM `cmf_option` [ RunTime:0.001335s ]
[2026-06-05T17:11:50+08:00][sql] SELECT `option_value` FROM `cmf_option` WHERE  `option_name` = 'cdn_settings' LIMIT 1 [ RunTime:0.000251s ]
[2026-06-05T17:11:50+08:00][sql] SHOW FULL COLUMNS FROM `cmf_user` [ RunTime:0.001430s ]
[2026-06-05T17:11:50+08:00][sql] SELECT * FROM `cmf_user` WHERE  `id` = 1 LIMIT 1 [ RunTime:0.000386s ]
[2026-06-05T17:11:50+08:00][sql] SELECT `option_value` FROM `cmf_option` WHERE  `option_name` = 'storage' LIMIT 1 [ RunTime:0.000413s ]
[2026-06-05T17:11:50+08:00][sql] SHOW FULL COLUMNS FROM `cmf_portal_post` [ RunTime:0.001335s ]
[2026-06-05T17:11:50+08:00][sql] INSERT INTO `cmf_portal_post` SET `post_title` = 'qweqwe' , `post_excerpt` = 'wewqe' , `post_alias` = 'ewe-wewe' , `more` = '{\"thumbnail\":\"portal\\/20260605\\/8ad7fc628bc702eb4422015be12ff9bd.webp\"}' , `post_content` = '&lt;p&gt;qweqwe&lt;/p&gt;' , `post_status` = 1 , `is_top` = 0 , `recommended` = 0 , `post_type` = 8 , `user_id` = 1 , `thumbnail` = 'portal/20260605/8ad7fc628bc702eb4422015be12ff9bd.webp' , `create_time` = 1780650710 , `update_time` = 1780650710 [ RunTime:0.001354s ]
[2026-06-05T17:11:50+08:00][sql] SHOW FULL COLUMNS FROM `cmf_portal_category_post` [ RunTime:0.001151s ]
[2026-06-05T17:11:50+08:00][sql] REPLACE INTO `cmf_portal_category_post` SET `post_id` = 32 , `category_id` = 1 [ RunTime:0.001036s ]
[2026-06-05T17:11:50+08:00][sql] SHOW FULL COLUMNS FROM `cmf_route` [ RunTime:0.000988s ]
[2026-06-05T17:11:50+08:00][sql] SELECT * FROM `cmf_route` WHERE  `full_url` = 'portal/index/news_info?cid=1&id=32' LIMIT 1 [ RunTime:0.000368s ]
[2026-06-05T17:11:50+08:00][sql] INSERT INTO `cmf_route` SET `full_url` = 'portal/index/news_info?cid=1&id=32' , `url` = 'ewe-wewe' , `list_order` = '1000' , `type` = 2 [ RunTime:0.002435s ]
[2026-06-05T17:11:50+08:00][sql] SELECT * FROM `cmf_route` WHERE  `status` = 1 ORDER BY `list_order` ASC [ RunTime:0.000474s ]
[2026-06-05T17:11:52+08:00][sql] CONNECT:[ UseTime:0.001451s ] mysql:host=127.0.0.1;port=3306;dbname=weihua;charset=utf8mb4
[2026-06-05T17:11:52+08:00][sql] SHOW FULL COLUMNS FROM `cmf_option` [ RunTime:0.001529s ]
[2026-06-05T17:11:52+08:00][sql] SELECT `option_value` FROM `cmf_option` WHERE  `option_name` = 'cdn_settings' LIMIT 1 [ RunTime:0.000280s ]
[2026-06-05T17:11:52+08:00][sql] SHOW FULL COLUMNS FROM `cmf_user` [ RunTime:0.000894s ]
[2026-06-05T17:11:52+08:00][sql] SELECT * FROM `cmf_user` WHERE  `id` = 1 LIMIT 1 [ RunTime:0.000333s ]
[2026-06-05T17:11:52+08:00][sql] SHOW FULL COLUMNS FROM `cmf_portal_post` [ RunTime:0.001251s ]
[2026-06-05T17:11:52+08:00][sql] SELECT COUNT(*) AS think_count FROM `cmf_portal_post` `a` INNER JOIN `cmf_user` `u` ON `a`.`user_id`=`u`.`id` WHERE (  `a`.`create_time` >= '0'  AND `a`.`delete_time` = '0'  AND (  `a`.`post_type` = '8' ) ) AND `a`.`delete_time` = '0' LIMIT 1 [ RunTime:0.000359s ]
[2026-06-05T17:11:52+08:00][sql] SELECT `a`.*,`u`.`user_login`,`u`.`user_nickname`,`u`.`user_email` FROM `cmf_portal_post` `a` INNER JOIN `cmf_user` `u` ON `a`.`user_id`=`u`.`id` WHERE (  `a`.`create_time` >= '0'  AND `a`.`delete_time` = '0'  AND (  `a`.`post_type` = '8' ) ) AND `a`.`delete_time` = '0' ORDER BY `update_time` DESC LIMIT 0,10 [ RunTime:0.000604s ]
[2026-06-05T17:11:52+08:00][sql] SHOW FULL COLUMNS FROM `cmf_portal_category` [ RunTime:0.001472s ]
[2026-06-05T17:11:52+08:00][sql] SELECT * FROM `cmf_portal_category` WHERE (  `delete_time` = 0  AND `type` = 8 ) AND `cmf_portal_category`.`delete_time` = '0' ORDER BY `list_order` ASC [ RunTime:0.000411s ]
[2026-06-05T17:11:52+08:00][sql] SHOW FULL COLUMNS FROM `cmf_portal_category_post` [ RunTime:0.001088s ]
[2026-06-05T17:11:52+08:00][sql] SELECT `cmf_portal_category`.*,`pivot`.`id` AS `pivot__id`,`pivot`.`post_id` AS `pivot__post_id`,`pivot`.`category_id` AS `pivot__category_id`,`pivot`.`list_order` AS `pivot__list_order`,`pivot`.`status` AS `pivot__status` FROM `cmf_portal_category` INNER JOIN `cmf_portal_category_post` `pivot` ON `pivot`.`category_id`=`cmf_portal_category`.`id` WHERE (  `pivot`.`post_id` = '32' ) AND `cmf_portal_category`.`delete_time` = '0' [ RunTime:0.000383s ]
[2026-06-05T17:11:52+08:00][sql] SELECT `option_value` FROM `cmf_option` WHERE  `option_name` = 'storage' LIMIT 1 [ RunTime:0.000235s ]
[2026-06-05T17:11:52+08:00][sql] SELECT `cmf_portal_category`.*,`pivot`.`id` AS `pivot__id`,`pivot`.`post_id` AS `pivot__post_id`,`pivot`.`category_id` AS `pivot__category_id`,`pivot`.`list_order` AS `pivot__list_order`,`pivot`.`status` AS `pivot__status` FROM `cmf_portal_category` INNER JOIN `cmf_portal_category_post` `pivot` ON `pivot`.`category_id`=`cmf_portal_category`.`id` WHERE (  `pivot`.`post_id` = '31' ) AND `cmf_portal_category`.`delete_time` = '0' [ RunTime:0.000358s ]
[2026-06-05T17:11:52+08:00][sql] SELECT `cmf_portal_category`.*,`pivot`.`id` AS `pivot__id`,`pivot`.`post_id` AS `pivot__post_id`,`pivot`.`category_id` AS `pivot__category_id`,`pivot`.`list_order` AS `pivot__list_order`,`pivot`.`status` AS `pivot__status` FROM `cmf_portal_category` INNER JOIN `cmf_portal_category_post` `pivot` ON `pivot`.`category_id`=`cmf_portal_category`.`id` WHERE (  `pivot`.`post_id` = '15' ) AND `cmf_portal_category`.`delete_time` = '0' [ RunTime:0.000354s ]
[2026-06-05T17:11:52+08:00][sql] SELECT `cmf_portal_category`.*,`pivot`.`id` AS `pivot__id`,`pivot`.`post_id` AS `pivot__post_id`,`pivot`.`category_id` AS `pivot__category_id`,`pivot`.`list_order` AS `pivot__list_order`,`pivot`.`status` AS `pivot__status` FROM `cmf_portal_category` INNER JOIN `cmf_portal_category_post` `pivot` ON `pivot`.`category_id`=`cmf_portal_category`.`id` WHERE (  `pivot`.`post_id` = '14' ) AND `cmf_portal_category`.`delete_time` = '0' [ RunTime:0.000327s ]
[2026-06-05T17:11:52+08:00][sql] SELECT `cmf_portal_category`.*,`pivot`.`id` AS `pivot__id`,`pivot`.`post_id` AS `pivot__post_id`,`pivot`.`category_id` AS `pivot__category_id`,`pivot`.`list_order` AS `pivot__list_order`,`pivot`.`status` AS `pivot__status` FROM `cmf_portal_category` INNER JOIN `cmf_portal_category_post` `pivot` ON `pivot`.`category_id`=`cmf_portal_category`.`id` WHERE (  `pivot`.`post_id` = '12' ) AND `cmf_portal_category`.`delete_time` = '0' [ RunTime:0.000320s ]
[2026-06-05T17:11:52+08:00][sql] SELECT `cmf_portal_category`.*,`pivot`.`id` AS `pivot__id`,`pivot`.`post_id` AS `pivot__post_id`,`pivot`.`category_id` AS `pivot__category_id`,`pivot`.`list_order` AS `pivot__list_order`,`pivot`.`status` AS `pivot__status` FROM `cmf_portal_category` INNER JOIN `cmf_portal_category_post` `pivot` ON `pivot`.`category_id`=`cmf_portal_category`.`id` WHERE (  `pivot`.`post_id` = '10' ) AND `cmf_portal_category`.`delete_time` = '0' [ RunTime:0.000352s ]
[2026-06-05T17:11:52+08:00][sql] SELECT `cmf_portal_category`.*,`pivot`.`id` AS `pivot__id`,`pivot`.`post_id` AS `pivot__post_id`,`pivot`.`category_id` AS `pivot__category_id`,`pivot`.`list_order` AS `pivot__list_order`,`pivot`.`status` AS `pivot__status` FROM `cmf_portal_category` INNER JOIN `cmf_portal_category_post` `pivot` ON `pivot`.`category_id`=`cmf_portal_category`.`id` WHERE (  `pivot`.`post_id` = '13' ) AND `cmf_portal_category`.`delete_time` = '0' [ RunTime:0.000311s ]
[2026-06-05T17:11:52+08:00][sql] SELECT `cmf_portal_category`.*,`pivot`.`id` AS `pivot__id`,`pivot`.`post_id` AS `pivot__post_id`,`pivot`.`category_id` AS `pivot__category_id`,`pivot`.`list_order` AS `pivot__list_order`,`pivot`.`status` AS `pivot__status` FROM `cmf_portal_category` INNER JOIN `cmf_portal_category_post` `pivot` ON `pivot`.`category_id`=`cmf_portal_category`.`id` WHERE (  `pivot`.`post_id` = '9' ) AND `cmf_portal_category`.`delete_time` = '0' [ RunTime:0.000328s ]
[2026-06-05T17:11:54+08:00][sql] CONNECT:[ UseTime:0.001008s ] mysql:host=127.0.0.1;port=3306;dbname=weihua;charset=utf8mb4
[2026-06-05T17:11:54+08:00][sql] SHOW FULL COLUMNS FROM `cmf_option` [ RunTime:0.001345s ]
[2026-06-05T17:11:54+08:00][sql] SELECT `option_value` FROM `cmf_option` WHERE  `option_name` = 'cdn_settings' LIMIT 1 [ RunTime:0.000267s ]
[2026-06-05T17:11:54+08:00][sql] SHOW FULL COLUMNS FROM `cmf_user` [ RunTime:0.001150s ]
[2026-06-05T17:11:54+08:00][sql] SELECT * FROM `cmf_user` WHERE  `id` = 1 LIMIT 1 [ RunTime:0.000719s ]
[2026-06-05T17:11:54+08:00][sql] SHOW FULL COLUMNS FROM `cmf_portal_post` [ RunTime:0.001308s ]
[2026-06-05T17:11:54+08:00][sql] SELECT * FROM `cmf_portal_post` WHERE (  `id` = 32 ) AND `cmf_portal_post`.`delete_time` = '0' LIMIT 1 [ RunTime:0.000371s ]
[2026-06-05T17:11:54+08:00][sql] SHOW FULL COLUMNS FROM `cmf_portal_category_post` [ RunTime:0.001043s ]
[2026-06-05T17:11:54+08:00][sql] SHOW FULL COLUMNS FROM `cmf_portal_category` [ RunTime:0.001321s ]
[2026-06-05T17:11:54+08:00][sql] SELECT `a`.`name`,`a`.`id` FROM `cmf_portal_category` `a` INNER JOIN `cmf_portal_category_post` `pivot` ON `pivot`.`category_id`=`a`.`id` WHERE (  `pivot`.`post_id` = '32' ) AND `a`.`delete_time` = '0' [ RunTime:0.000353s ]
[2026-06-05T17:11:54+08:00][sql] SHOW FULL COLUMNS FROM `cmf_route` [ RunTime:0.001141s ]
[2026-06-05T17:11:54+08:00][sql] SELECT `url` FROM `cmf_route` WHERE  `full_url` = 'portal/index/news_info?cid=1&id=32' LIMIT 1 [ RunTime:0.000553s ]
[2026-06-05T17:11:54+08:00][sql] SHOW FULL COLUMNS FROM `cmf_theme_file` [ RunTime:0.001290s ]
[2026-06-05T17:11:54+08:00][sql] SELECT * FROM `cmf_theme_file` WHERE  `theme` = 'default'  AND `action` = 'portal/Article/index' [ RunTime:0.000347s ]
[2026-06-05T17:11:54+08:00][sql] SELECT `option_value` FROM `cmf_option` WHERE  `option_name` = 'storage' LIMIT 1 [ RunTime:0.000556s ]
[2026-06-05T17:11:54+08:00][sql] CONNECT:[ UseTime:0.000850s ] mysql:host=127.0.0.1;port=3306;dbname=weihua;charset=utf8mb4
[2026-06-05T17:11:54+08:00][sql] SHOW FULL COLUMNS FROM `cmf_option` [ RunTime:0.001415s ]
[2026-06-05T17:11:54+08:00][sql] SELECT `option_value` FROM `cmf_option` WHERE  `option_name` = 'cdn_settings' LIMIT 1 [ RunTime:0.000272s ]
[2026-06-05T17:11:54+08:00][sql] SELECT `option_value` FROM `cmf_option` WHERE  `option_name` = 'cdn_settings' LIMIT 1 [ RunTime:0.000276s ]
[2026-06-05T17:11:58+08:00][sql] CONNECT:[ UseTime:0.000839s ] mysql:host=127.0.0.1;port=3306;dbname=weihua;charset=utf8mb4
[2026-06-05T17:11:58+08:00][sql] SHOW FULL COLUMNS FROM `cmf_option` [ RunTime:0.001271s ]
[2026-06-05T17:11:58+08:00][sql] SELECT `option_value` FROM `cmf_option` WHERE  `option_name` = 'cdn_settings' LIMIT 1 [ RunTime:0.000506s ]
[2026-06-05T17:11:58+08:00][sql] SELECT `option_value` FROM `cmf_option` WHERE  `option_name` = 'cdn_settings' LIMIT 1 [ RunTime:0.000627s ]
[2026-06-05T17:11:58+08:00][sql] SHOW FULL COLUMNS FROM `cmf_product_category` [ RunTime:0.001206s ]
[2026-06-05T17:11:58+08:00][sql] SELECT * FROM `cmf_product_category` WHERE  `parent_id` = 0 ORDER BY `list_order` ASC,`create_time` DESC [ RunTime:0.000322s ]
[2026-06-05T17:11:58+08:00][sql] SELECT * FROM `cmf_product_category` WHERE  `parent_id` IN (28,19,22,23,25,27,30) [ RunTime:0.000348s ]
[2026-06-05T17:11:58+08:00][sql] SHOW FULL COLUMNS FROM `cmf_portal_category` [ RunTime:0.001118s ]
[2026-06-05T17:11:58+08:00][sql] SELECT * FROM `cmf_portal_category` WHERE (  `type` = 8 ) AND `cmf_portal_category`.`delete_time` = '0' ORDER BY `list_order` ASC [ RunTime:0.000293s ]
[2026-06-05T17:11:58+08:00][sql] SELECT * FROM `cmf_portal_category` WHERE (  `id` = 1  AND `status` = 1 ) AND `cmf_portal_category`.`delete_time` = '0' LIMIT 1 [ RunTime:0.000366s ]
[2026-06-05T17:11:58+08:00][sql] SHOW FULL COLUMNS FROM `cmf_portal_post` [ RunTime:0.001123s ]
[2026-06-05T17:11:58+08:00][sql] SELECT `post`.* FROM `cmf_portal_post` `post` LEFT JOIN `cmf_portal_category_post` `relation` ON `post`.`id`=`relation`.`post_id` WHERE (  `post`.`post_type` = '8'  AND `relation`.`category_id` = '1'  AND `post`.`id` = '14'  AND ( post.delete_time IS NULL OR post.delete_time = 0 ) ) AND `post`.`delete_time` = '0' LIMIT 1 [ RunTime:0.000491s ]
[2026-06-05T17:11:58+08:00][sql] SHOW FULL COLUMNS FROM `cmf_slide_item` [ RunTime:0.001678s ]
[2026-06-05T17:11:58+08:00][sql] SELECT `title`,`description`,`image` FROM `cmf_slide_item` WHERE  `slide_id` = 12  AND `status` = 1 ORDER BY `list_order` ASC,`id` DESC LIMIT 1 [ RunTime:0.000725s ]
[2026-06-05T17:11:58+08:00][sql] UPDATE `cmf_portal_post`  SET `post_hits` = `post_hits` + 1  WHERE (  `id` = 14 ) AND `cmf_portal_post`.`delete_time` = '0' [ RunTime:0.004196s ]
[2026-06-05T17:11:58+08:00][sql] SELECT `post`.* FROM `cmf_portal_post` `post` LEFT JOIN `cmf_portal_category_post` `relation` ON `post`.`id`=`relation`.`post_id` WHERE (  `post`.`post_type` = '8'  AND `relation`.`category_id` = '1'  AND `post`.`id` < '14'  AND ( post.delete_time IS NULL OR post.delete_time = 0 ) ) AND `post`.`delete_time` = '0' ORDER BY `post`.`id` DESC LIMIT 1 [ RunTime:0.000486s ]
[2026-06-05T17:11:58+08:00][sql] SELECT `post`.* FROM `cmf_portal_post` `post` LEFT JOIN `cmf_portal_category_post` `relation` ON `post`.`id`=`relation`.`post_id` WHERE (  `post`.`post_type` = '8'  AND `relation`.`category_id` = '1'  AND `post`.`id` > '14'  AND ( post.delete_time IS NULL OR post.delete_time = 0 ) ) AND `post`.`delete_time` = '0' ORDER BY `post`.`id` ASC LIMIT 1 [ RunTime:0.000555s ]
[2026-06-05T17:11:58+08:00][sql] SHOW FULL COLUMNS FROM `cmf_theme_file` [ RunTime:0.001023s ]
[2026-06-05T17:11:58+08:00][sql] SELECT `more`,`file`,`id` FROM `cmf_theme_file` WHERE  `theme` = 'simpleboot3'  AND (  `is_public` = 1 OR `file` = 'portal/news-info' ) ORDER BY `is_public` DESC [ RunTime:0.000292s ]
[2026-06-05T17:11:58+08:00][sql] SELECT `option_value` FROM `cmf_option` WHERE  `option_name` = 'storage' LIMIT 1 [ RunTime:0.000331s ]
[2026-06-05T17:12:00+08:00][sql] CONNECT:[ UseTime:0.016287s ] mysql:host=127.0.0.1;port=3306;dbname=weihua;charset=utf8mb4
[2026-06-05T17:12:00+08:00][sql] SHOW FULL COLUMNS FROM `cmf_option` [ RunTime:0.001406s ]
[2026-06-05T17:12:00+08:00][sql] SELECT `option_value` FROM `cmf_option` WHERE  `option_name` = 'cdn_settings' LIMIT 1 [ RunTime:0.000337s ]
[2026-06-05T17:12:00+08:00][sql] SELECT `option_value` FROM `cmf_option` WHERE  `option_name` = 'cdn_settings' LIMIT 1 [ RunTime:0.000309s ]
[2026-06-05T17:12:00+08:00][sql] SHOW FULL COLUMNS FROM `cmf_product_category` [ RunTime:0.001118s ]
[2026-06-05T17:12:00+08:00][sql] SELECT * FROM `cmf_product_category` WHERE  `parent_id` = 0 ORDER BY `list_order` ASC,`create_time` DESC [ RunTime:0.000338s ]
[2026-06-05T17:12:00+08:00][sql] SELECT * FROM `cmf_product_category` WHERE  `parent_id` IN (28,19,22,23,25,27,30) [ RunTime:0.000320s ]
[2026-06-05T17:12:00+08:00][sql] SHOW FULL COLUMNS FROM `cmf_portal_category` [ RunTime:0.000861s ]
[2026-06-05T17:12:00+08:00][sql] SELECT * FROM `cmf_portal_category` WHERE (  `type` = 8 ) AND `cmf_portal_category`.`delete_time` = '0' ORDER BY `list_order` ASC [ RunTime:0.000268s ]
[2026-06-05T17:12:00+08:00][sql] SHOW FULL COLUMNS FROM `cmf_slide_item` [ RunTime:0.001083s ]
[2026-06-05T17:12:00+08:00][sql] SELECT `title`,`description`,`image` FROM `cmf_slide_item` WHERE  `slide_id` = 12  AND `status` = 1 ORDER BY `list_order` ASC,`id` DESC LIMIT 1 [ RunTime:0.000414s ]
[2026-06-05T17:12:00+08:00][sql] SELECT * FROM `cmf_portal_category` WHERE (  `id` = 0  AND `status` = 1 ) AND `cmf_portal_category`.`delete_time` = '0' LIMIT 1 [ RunTime:0.000237s ]
[2026-06-05T17:12:00+08:00][sql] SHOW FULL COLUMNS FROM `cmf_portal_post` [ RunTime:0.001449s ]
[2026-06-05T17:12:00+08:00][sql] SELECT COUNT(*) AS think_count FROM `cmf_portal_post` `p` LEFT JOIN `cmf_portal_category_post` `c` ON `p`.`id`=`c`.`post_id` WHERE (  `post_type` = 8 ) AND `p`.`delete_time` = '0' LIMIT 1 [ RunTime:0.000466s ]
[2026-06-05T17:12:00+08:00][sql] SELECT `p`.`id`,`p`.`post_title`,`p`.`thumbnail`,`p`.`more`,c.category_id as cid,`p`.`post_excerpt`,`p`.`create_time` FROM `cmf_portal_post` `p` LEFT JOIN `cmf_portal_category_post` `c` ON `p`.`id`=`c`.`post_id` WHERE (  `post_type` = 8 ) AND `p`.`delete_time` = '0' ORDER BY `c`.`list_order` ASC,`p`.`create_time` DESC LIMIT 0,6 [ RunTime:0.000491s ]
[2026-06-05T17:12:00+08:00][sql] SHOW FULL COLUMNS FROM `cmf_theme_file` [ RunTime:0.000869s ]
[2026-06-05T17:12:00+08:00][sql] SELECT `more`,`file`,`id` FROM `cmf_theme_file` WHERE  `theme` = 'simpleboot3'  AND (  `is_public` = 1 OR `file` = 'portal/news' ) ORDER BY `is_public` DESC [ RunTime:0.000273s ]
[2026-06-05T17:12:00+08:00][sql] SELECT `option_value` FROM `cmf_option` WHERE  `option_name` = 'storage' LIMIT 1 [ RunTime:0.000263s ]
[2026-06-05T17:12:01+08:00][sql] CONNECT:[ UseTime:0.000861s ] mysql:host=127.0.0.1;port=3306;dbname=weihua;charset=utf8mb4
[2026-06-05T17:12:01+08:00][sql] SHOW FULL COLUMNS FROM `cmf_option` [ RunTime:0.002107s ]
[2026-06-05T17:12:01+08:00][sql] SELECT `option_value` FROM `cmf_option` WHERE  `option_name` = 'cdn_settings' LIMIT 1 [ RunTime:0.000304s ]
[2026-06-05T17:12:01+08:00][sql] SELECT `option_value` FROM `cmf_option` WHERE  `option_name` = 'cdn_settings' LIMIT 1 [ RunTime:0.000254s ]
[2026-06-05T17:12:01+08:00][sql] SHOW FULL COLUMNS FROM `cmf_product_category` [ RunTime:0.001099s ]
[2026-06-05T17:12:01+08:00][sql] SELECT * FROM `cmf_product_category` WHERE  `parent_id` = 0 ORDER BY `list_order` ASC,`create_time` DESC [ RunTime:0.000348s ]
[2026-06-05T17:12:01+08:00][sql] SELECT * FROM `cmf_product_category` WHERE  `parent_id` IN (28,19,22,23,25,27,30) [ RunTime:0.000285s ]
[2026-06-05T17:12:01+08:00][sql] SHOW FULL COLUMNS FROM `cmf_portal_category` [ RunTime:0.001101s ]
[2026-06-05T17:12:01+08:00][sql] SELECT * FROM `cmf_portal_category` WHERE (  `type` = 8 ) AND `cmf_portal_category`.`delete_time` = '0' ORDER BY `list_order` ASC [ RunTime:0.000412s ]
[2026-06-05T17:12:01+08:00][sql] SELECT * FROM `cmf_portal_category` WHERE (  `id` = 1  AND `status` = 1 ) AND `cmf_portal_category`.`delete_time` = '0' LIMIT 1 [ RunTime:0.000375s ]
[2026-06-05T17:12:01+08:00][sql] SHOW FULL COLUMNS FROM `cmf_portal_post` [ RunTime:0.001779s ]
[2026-06-05T17:12:01+08:00][sql] SELECT `post`.* FROM `cmf_portal_post` `post` LEFT JOIN `cmf_portal_category_post` `relation` ON `post`.`id`=`relation`.`post_id` WHERE (  `post`.`post_type` = '8'  AND `relation`.`category_id` = '1'  AND `post`.`id` = '32'  AND ( post.delete_time IS NULL OR post.delete_time = 0 ) ) AND `post`.`delete_time` = '0' LIMIT 1 [ RunTime:0.000462s ]
[2026-06-05T17:12:01+08:00][sql] SHOW FULL COLUMNS FROM `cmf_slide_item` [ RunTime:0.001131s ]
[2026-06-05T17:12:01+08:00][sql] SELECT `title`,`description`,`image` FROM `cmf_slide_item` WHERE  `slide_id` = 12  AND `status` = 1 ORDER BY `list_order` ASC,`id` DESC LIMIT 1 [ RunTime:0.000366s ]
[2026-06-05T17:12:01+08:00][sql] UPDATE `cmf_portal_post`  SET `post_hits` = `post_hits` + 1  WHERE (  `id` = 32 ) AND `cmf_portal_post`.`delete_time` = '0' [ RunTime:0.002925s ]
[2026-06-05T17:12:01+08:00][sql] SELECT `post`.* FROM `cmf_portal_post` `post` LEFT JOIN `cmf_portal_category_post` `relation` ON `post`.`id`=`relation`.`post_id` WHERE (  `post`.`post_type` = '8'  AND `relation`.`category_id` = '1'  AND `post`.`id` < '32'  AND ( post.delete_time IS NULL OR post.delete_time = 0 ) ) AND `post`.`delete_time` = '0' ORDER BY `post`.`id` DESC LIMIT 1 [ RunTime:0.000654s ]
[2026-06-05T17:12:01+08:00][sql] SELECT `post`.* FROM `cmf_portal_post` `post` LEFT JOIN `cmf_portal_category_post` `relation` ON `post`.`id`=`relation`.`post_id` WHERE (  `post`.`post_type` = '8'  AND `relation`.`category_id` = '1'  AND `post`.`id` > '32'  AND ( post.delete_time IS NULL OR post.delete_time = 0 ) ) AND `post`.`delete_time` = '0' ORDER BY `post`.`id` ASC LIMIT 1 [ RunTime:0.000402s ]
[2026-06-05T17:12:01+08:00][sql] SHOW FULL COLUMNS FROM `cmf_theme_file` [ RunTime:0.000897s ]
[2026-06-05T17:12:01+08:00][sql] SELECT `more`,`file`,`id` FROM `cmf_theme_file` WHERE  `theme` = 'simpleboot3'  AND (  `is_public` = 1 OR `file` = 'portal/news-info' ) ORDER BY `is_public` DESC [ RunTime:0.000327s ]
[2026-06-05T17:12:01+08:00][sql] SELECT `option_value` FROM `cmf_option` WHERE  `option_name` = 'storage' LIMIT 1 [ RunTime:0.000591s ]
[2026-06-05T17:13:19+08:00][sql] CONNECT:[ UseTime:0.001159s ] mysql:host=127.0.0.1;port=3306;dbname=weihua;charset=utf8mb4
[2026-06-05T17:13:19+08:00][sql] SHOW FULL COLUMNS FROM `cmf_option` [ RunTime:0.002236s ]
[2026-06-05T17:13:19+08:00][sql] SELECT `option_value` FROM `cmf_option` WHERE  `option_name` = 'cdn_settings' LIMIT 1 [ RunTime:0.000369s ]
[2026-06-05T17:13:19+08:00][sql] SELECT `option_value` FROM `cmf_option` WHERE  `option_name` = 'cdn_settings' LIMIT 1 [ RunTime:0.000843s ]
[2026-06-05T17:13:19+08:00][sql] SHOW FULL COLUMNS FROM `cmf_product_category` [ RunTime:0.001607s ]
[2026-06-05T17:13:19+08:00][sql] SELECT * FROM `cmf_product_category` WHERE  `parent_id` = 0 ORDER BY `list_order` ASC,`create_time` DESC [ RunTime:0.000543s ]
[2026-06-05T17:13:19+08:00][sql] SELECT * FROM `cmf_product_category` WHERE  `parent_id` IN (28,19,22,23,25,27,30) [ RunTime:0.000675s ]
[2026-06-05T17:13:19+08:00][sql] SHOW FULL COLUMNS FROM `cmf_portal_category` [ RunTime:0.001815s ]
[2026-06-05T17:13:19+08:00][sql] SELECT * FROM `cmf_portal_category` WHERE (  `type` = 8 ) AND `cmf_portal_category`.`delete_time` = '0' ORDER BY `list_order` ASC [ RunTime:0.000497s ]
[2026-06-05T17:13:19+08:00][sql] SHOW FULL COLUMNS FROM `cmf_slide_item` [ RunTime:0.002194s ]
[2026-06-05T17:13:19+08:00][sql] SELECT `title`,`description`,`image` FROM `cmf_slide_item` WHERE  `slide_id` = 3  AND `status` = 1 ORDER BY `list_order` ASC,`id` DESC LIMIT 1 [ RunTime:0.000594s ]
[2026-06-05T17:13:19+08:00][sql] SHOW FULL COLUMNS FROM `cmf_portal_post` [ RunTime:0.001682s ]
[2026-06-05T17:13:19+08:00][sql] SELECT COUNT(*) AS think_count FROM `cmf_portal_post` WHERE (  `post_type` = 3 ) AND `cmf_portal_post`.`delete_time` = '0' LIMIT 1 [ RunTime:0.000532s ]
[2026-06-05T17:13:19+08:00][sql] SELECT `id`,`more`,`post_title`,`post_excerpt` FROM `cmf_portal_post` WHERE (  `post_type` = 3 ) AND `cmf_portal_post`.`delete_time` = '0' ORDER BY `create_time` DESC LIMIT 0,9 [ RunTime:0.000432s ]
[2026-06-05T17:13:19+08:00][sql] SHOW FULL COLUMNS FROM `cmf_theme_file` [ RunTime:0.001475s ]
[2026-06-05T17:13:19+08:00][sql] SELECT `more`,`file`,`id` FROM `cmf_theme_file` WHERE  `theme` = 'simpleboot3'  AND (  `is_public` = 1 OR `file` = 'portal/industries' ) ORDER BY `is_public` DESC [ RunTime:0.000475s ]
[2026-06-05T17:13:19+08:00][sql] SELECT `option_value` FROM `cmf_option` WHERE  `option_name` = 'storage' LIMIT 1 [ RunTime:0.001079s ]
[2026-06-05T17:13:21+08:00][sql] CONNECT:[ UseTime:0.000937s ] mysql:host=127.0.0.1;port=3306;dbname=weihua;charset=utf8mb4
[2026-06-05T17:13:21+08:00][sql] SHOW FULL COLUMNS FROM `cmf_option` [ RunTime:0.004268s ]
[2026-06-05T17:13:21+08:00][sql] SELECT `option_value` FROM `cmf_option` WHERE  `option_name` = 'cdn_settings' LIMIT 1 [ RunTime:0.004441s ]
[2026-06-05T17:13:21+08:00][sql] SELECT `option_value` FROM `cmf_option` WHERE  `option_name` = 'cdn_settings' LIMIT 1 [ RunTime:0.001576s ]
[2026-06-05T17:13:21+08:00][sql] SHOW FULL COLUMNS FROM `cmf_product_category` [ RunTime:0.002866s ]
[2026-06-05T17:13:21+08:00][sql] SELECT * FROM `cmf_product_category` WHERE  `parent_id` = 0 ORDER BY `list_order` ASC,`create_time` DESC [ RunTime:0.000763s ]
[2026-06-05T17:13:21+08:00][sql] SELECT * FROM `cmf_product_category` WHERE  `parent_id` IN (28,19,22,23,25,27,30) [ RunTime:0.000654s ]
[2026-06-05T17:13:21+08:00][sql] SHOW FULL COLUMNS FROM `cmf_portal_category` [ RunTime:0.001666s ]
[2026-06-05T17:13:21+08:00][sql] SELECT * FROM `cmf_portal_category` WHERE (  `type` = 8 ) AND `cmf_portal_category`.`delete_time` = '0' ORDER BY `list_order` ASC [ RunTime:0.000458s ]
[2026-06-05T17:13:21+08:00][sql] SELECT * FROM `cmf_portal_category` WHERE (  `id` = 0  AND `status` = 1 ) AND `cmf_portal_category`.`delete_time` = '0' LIMIT 1 [ RunTime:0.000939s ]
[2026-06-05T17:13:21+08:00][sql] SHOW FULL COLUMNS FROM `cmf_slide_item` [ RunTime:0.002475s ]
[2026-06-05T17:13:21+08:00][sql] SELECT `title`,`description`,`image` FROM `cmf_slide_item` WHERE  `slide_id` = 3  AND `status` = 1 ORDER BY `list_order` ASC,`id` DESC LIMIT 1 [ RunTime:0.000732s ]
[2026-06-05T17:13:21+08:00][sql] SHOW FULL COLUMNS FROM `cmf_portal_post` [ RunTime:0.001691s ]
[2026-06-05T17:13:21+08:00][sql] UPDATE `cmf_portal_post`  SET `post_hits` = `post_hits` + 1  WHERE (  `id` = 23 ) AND `cmf_portal_post`.`delete_time` = '0' [ RunTime:0.004855s ]
[2026-06-05T17:13:21+08:00][sql] SELECT * FROM `cmf_portal_post` WHERE (  `post_type` = 3  AND `id` = 23  AND ( delete_time IS NULL OR delete_time = 0 ) ) AND `cmf_portal_post`.`delete_time` = '0' LIMIT 1 [ RunTime:0.000946s ]
[2026-06-05T17:13:21+08:00][sql] SELECT * FROM `cmf_portal_post` WHERE (  `post_type` = 3  AND `id` < 23  AND ( delete_time IS NULL OR delete_time = 0 ) ) AND `cmf_portal_post`.`delete_time` = '0' ORDER BY `id` DESC LIMIT 1 [ RunTime:0.000574s ]
[2026-06-05T17:13:21+08:00][sql] SELECT * FROM `cmf_portal_post` WHERE (  `post_type` = 3  AND `id` > 23  AND ( delete_time IS NULL OR delete_time = 0 ) ) AND `cmf_portal_post`.`delete_time` = '0' ORDER BY `id` ASC LIMIT 1 [ RunTime:0.000491s ]
[2026-06-05T17:13:21+08:00][sql] SHOW FULL COLUMNS FROM `cmf_theme_file` [ RunTime:0.002490s ]
[2026-06-05T17:13:21+08:00][sql] SELECT `more`,`file`,`id` FROM `cmf_theme_file` WHERE  `theme` = 'simpleboot3'  AND (  `is_public` = 1 OR `file` = 'portal/industries-info' ) ORDER BY `is_public` DESC [ RunTime:0.000539s ]
[2026-06-05T17:13:21+08:00][sql] SELECT `option_value` FROM `cmf_option` WHERE  `option_name` = 'storage' LIMIT 1 [ RunTime:0.000981s ]
[2026-06-05T17:13:23+08:00][sql] CONNECT:[ UseTime:0.000910s ] mysql:host=127.0.0.1;port=3306;dbname=weihua;charset=utf8mb4
[2026-06-05T17:13:23+08:00][sql] SHOW FULL COLUMNS FROM `cmf_option` [ RunTime:0.002010s ]
[2026-06-05T17:13:23+08:00][sql] SELECT `option_value` FROM `cmf_option` WHERE  `option_name` = 'cdn_settings' LIMIT 1 [ RunTime:0.000272s ]
[2026-06-05T17:13:23+08:00][sql] SELECT `option_value` FROM `cmf_option` WHERE  `option_name` = 'cdn_settings' LIMIT 1 [ RunTime:0.000332s ]
[2026-06-05T17:13:23+08:00][sql] SHOW FULL COLUMNS FROM `cmf_product_category` [ RunTime:0.001653s ]
[2026-06-05T17:13:23+08:00][sql] SELECT * FROM `cmf_product_category` WHERE  `parent_id` = 0 ORDER BY `list_order` ASC,`create_time` DESC [ RunTime:0.001014s ]
[2026-06-05T17:13:23+08:00][sql] SELECT * FROM `cmf_product_category` WHERE  `parent_id` IN (28,19,22,23,25,27,30) [ RunTime:0.000340s ]
[2026-06-05T17:13:23+08:00][sql] SHOW FULL COLUMNS FROM `cmf_portal_category` [ RunTime:0.001299s ]
[2026-06-05T17:13:23+08:00][sql] SELECT * FROM `cmf_portal_category` WHERE (  `type` = 8 ) AND `cmf_portal_category`.`delete_time` = '0' ORDER BY `list_order` ASC [ RunTime:0.000355s ]
[2026-06-05T17:13:23+08:00][sql] SELECT `option_value` FROM `cmf_option` WHERE  `option_name` = 'product_category_hero_settings' LIMIT 1 [ RunTime:0.000277s ]
[2026-06-05T17:13:23+08:00][sql] SHOW FULL COLUMNS FROM `cmf_product` [ RunTime:0.001483s ]
[2026-06-05T17:13:23+08:00][sql] SELECT COUNT(*) AS think_count FROM `cmf_product` WHERE  `category_id` = 28 LIMIT 1 [ RunTime:0.000473s ]
[2026-06-05T17:13:23+08:00][sql] SELECT COUNT(*) AS think_count FROM `cmf_product` WHERE  `category_id` = 19 LIMIT 1 [ RunTime:0.000545s ]
[2026-06-05T17:13:23+08:00][sql] SELECT COUNT(*) AS think_count FROM `cmf_product` WHERE  `category_id` = 22 LIMIT 1 [ RunTime:0.000336s ]
[2026-06-05T17:13:23+08:00][sql] SELECT COUNT(*) AS think_count FROM `cmf_product` WHERE  `category_id` = 23 LIMIT 1 [ RunTime:0.000316s ]
[2026-06-05T17:13:23+08:00][sql] SELECT COUNT(*) AS think_count FROM `cmf_product` WHERE  `category_id` = 25 LIMIT 1 [ RunTime:0.000317s ]
[2026-06-05T17:13:23+08:00][sql] SELECT COUNT(*) AS think_count FROM `cmf_product` WHERE  `category_id` = 27 LIMIT 1 [ RunTime:0.000324s ]
[2026-06-05T17:13:23+08:00][sql] SELECT * FROM `cmf_product` WHERE  `category_id` = 27  AND `thumbnail` <> '' ORDER BY `list_order` ASC,`id` DESC LIMIT 1 [ RunTime:0.001766s ]
[2026-06-05T17:13:23+08:00][sql] SELECT COUNT(*) AS think_count FROM `cmf_product` WHERE  `category_id` = 30 LIMIT 1 [ RunTime:0.000469s ]
[2026-06-05T17:13:23+08:00][sql] SELECT COUNT(*) AS think_count FROM `cmf_product` LIMIT 1 [ RunTime:0.000292s ]
[2026-06-05T17:13:23+08:00][sql] SELECT `id`,`category_id`,`title`,`thumbnail`,`industry`,`overview` FROM `cmf_product` ORDER BY `list_order` ASC,`create_time` DESC LIMIT 0,12 [ RunTime:0.001184s ]
[2026-06-05T17:13:23+08:00][sql] SHOW FULL COLUMNS FROM `cmf_slide_item` [ RunTime:0.001840s ]
[2026-06-05T17:13:23+08:00][sql] SELECT `title`,`description`,`image` FROM `cmf_slide_item` WHERE  `slide_id` = 2  AND `status` = 1 ORDER BY `list_order` ASC,`id` DESC LIMIT 1 [ RunTime:0.000583s ]
[2026-06-05T17:13:23+08:00][sql] SELECT `option_value` FROM `cmf_option` WHERE  `option_name` = 'storage' LIMIT 1 [ RunTime:0.000270s ]
[2026-06-05T17:13:23+08:00][sql] SHOW FULL COLUMNS FROM `cmf_portal_post` [ RunTime:0.001382s ]
[2026-06-05T17:13:23+08:00][sql] SELECT `id`,`post_title`,`post_excerpt`,`more` FROM `cmf_portal_post` WHERE (  `post_type` = 3 ) AND `cmf_portal_post`.`delete_time` = '0' ORDER BY `create_time` DESC [ RunTime:0.000403s ]
[2026-06-05T17:13:23+08:00][sql] SHOW FULL COLUMNS FROM `cmf_theme_file` [ RunTime:0.001252s ]
[2026-06-05T17:13:23+08:00][sql] SELECT `more`,`file`,`id` FROM `cmf_theme_file` WHERE  `theme` = 'simpleboot3'  AND (  `is_public` = 1 OR `file` = 'portal/product' ) ORDER BY `is_public` DESC [ RunTime:0.000315s ]
[2026-06-05T17:13:29+08:00][sql] CONNECT:[ UseTime:0.001087s ] mysql:host=127.0.0.1;port=3306;dbname=weihua;charset=utf8mb4
[2026-06-05T17:13:29+08:00][sql] SHOW FULL COLUMNS FROM `cmf_option` [ RunTime:0.001821s ]
[2026-06-05T17:13:29+08:00][sql] SELECT `option_value` FROM `cmf_option` WHERE  `option_name` = 'cdn_settings' LIMIT 1 [ RunTime:0.000322s ]
[2026-06-05T17:13:29+08:00][sql] SELECT `option_value` FROM `cmf_option` WHERE  `option_name` = 'cdn_settings' LIMIT 1 [ RunTime:0.000441s ]
[2026-06-05T17:13:29+08:00][sql] SHOW FULL COLUMNS FROM `cmf_product_category` [ RunTime:0.001310s ]
[2026-06-05T17:13:29+08:00][sql] SELECT * FROM `cmf_product_category` WHERE  `parent_id` = 0 ORDER BY `list_order` ASC,`create_time` DESC [ RunTime:0.000540s ]
[2026-06-05T17:13:29+08:00][sql] SELECT * FROM `cmf_product_category` WHERE  `parent_id` IN (28,19,22,23,25,27,30) [ RunTime:0.000384s ]
[2026-06-05T17:13:29+08:00][sql] SHOW FULL COLUMNS FROM `cmf_portal_category` [ RunTime:0.001365s ]
[2026-06-05T17:13:29+08:00][sql] SELECT * FROM `cmf_portal_category` WHERE (  `type` = 8 ) AND `cmf_portal_category`.`delete_time` = '0' ORDER BY `list_order` ASC [ RunTime:0.000477s ]
[2026-06-05T17:13:29+08:00][sql] SELECT * FROM `cmf_product_category` WHERE  `id` = 28 LIMIT 1 [ RunTime:0.000555s ]
[2026-06-05T17:13:29+08:00][sql] SHOW FULL COLUMNS FROM `cmf_product` [ RunTime:0.001462s ]
[2026-06-05T17:13:29+08:00][sql] SELECT COUNT(*) AS think_count FROM `cmf_product` WHERE  `category_id` = 28 LIMIT 1 [ RunTime:0.000521s ]
[2026-06-05T17:13:29+08:00][sql] SELECT COUNT(*) AS think_count FROM `cmf_product` WHERE  `category_id` = 19 LIMIT 1 [ RunTime:0.000255s ]
[2026-06-05T17:13:29+08:00][sql] SELECT COUNT(*) AS think_count FROM `cmf_product` WHERE  `category_id` = 22 LIMIT 1 [ RunTime:0.000271s ]
[2026-06-05T17:13:29+08:00][sql] SELECT COUNT(*) AS think_count FROM `cmf_product` WHERE  `category_id` = 23 LIMIT 1 [ RunTime:0.000260s ]
[2026-06-05T17:13:29+08:00][sql] SELECT COUNT(*) AS think_count FROM `cmf_product` WHERE  `category_id` = 25 LIMIT 1 [ RunTime:0.000247s ]
[2026-06-05T17:13:29+08:00][sql] SELECT COUNT(*) AS think_count FROM `cmf_product` WHERE  `category_id` = 27 LIMIT 1 [ RunTime:0.000262s ]
[2026-06-05T17:13:29+08:00][sql] SELECT * FROM `cmf_product` WHERE  `category_id` = 27  AND `thumbnail` <> '' ORDER BY `list_order` ASC,`id` DESC LIMIT 1 [ RunTime:0.000391s ]
[2026-06-05T17:13:29+08:00][sql] SELECT COUNT(*) AS think_count FROM `cmf_product` WHERE  `category_id` = 30 LIMIT 1 [ RunTime:0.000255s ]
[2026-06-05T17:13:29+08:00][sql] SELECT COUNT(*) AS think_count FROM `cmf_product` WHERE  `category_id` = 28 LIMIT 1 [ RunTime:0.000280s ]
[2026-06-05T17:13:29+08:00][sql] SELECT `id`,`category_id`,`title`,`thumbnail`,`industry`,`overview` FROM `cmf_product` WHERE  `category_id` = 28 ORDER BY `list_order` ASC,`create_time` DESC LIMIT 0,12 [ RunTime:0.000629s ]
[2026-06-05T17:13:29+08:00][sql] SHOW FULL COLUMNS FROM `cmf_slide_item` [ RunTime:0.001289s ]
[2026-06-05T17:13:29+08:00][sql] SELECT `title`,`description`,`image` FROM `cmf_slide_item` WHERE  `slide_id` = 2  AND `status` = 1 ORDER BY `list_order` ASC,`id` DESC LIMIT 1 [ RunTime:0.000513s ]
[2026-06-05T17:13:29+08:00][sql] SELECT `option_value` FROM `cmf_option` WHERE  `option_name` = 'storage' LIMIT 1 [ RunTime:0.000413s ]
[2026-06-05T17:13:29+08:00][sql] SELECT `option_value` FROM `cmf_option` WHERE  `option_name` = 'product_category_faq_settings' LIMIT 1 [ RunTime:0.000320s ]
[2026-06-05T17:13:29+08:00][sql] SHOW FULL COLUMNS FROM `cmf_portal_post` [ RunTime:0.002902s ]
[2026-06-05T17:13:29+08:00][sql] SELECT `id`,`post_title`,`post_excerpt`,`more` FROM `cmf_portal_post` WHERE (  `post_type` = 3 ) AND `cmf_portal_post`.`delete_time` = '0' ORDER BY `create_time` DESC [ RunTime:0.001143s ]
[2026-06-05T17:13:29+08:00][sql] SHOW FULL COLUMNS FROM `cmf_theme_file` [ RunTime:0.001424s ]
[2026-06-05T17:13:29+08:00][sql] SELECT `more`,`file`,`id` FROM `cmf_theme_file` WHERE  `theme` = 'simpleboot3'  AND (  `is_public` = 1 OR `file` = 'portal/product' ) ORDER BY `is_public` DESC [ RunTime:0.000342s ]
[2026-06-05T17:13:31+08:00][sql] CONNECT:[ UseTime:0.001307s ] mysql:host=127.0.0.1;port=3306;dbname=weihua;charset=utf8mb4
[2026-06-05T17:13:31+08:00][sql] SHOW FULL COLUMNS FROM `cmf_option` [ RunTime:0.001644s ]
[2026-06-05T17:13:31+08:00][sql] SELECT `option_value` FROM `cmf_option` WHERE  `option_name` = 'cdn_settings' LIMIT 1 [ RunTime:0.000382s ]
[2026-06-05T17:13:31+08:00][sql] SELECT `option_value` FROM `cmf_option` WHERE  `option_name` = 'cdn_settings' LIMIT 1 [ RunTime:0.000300s ]
[2026-06-05T17:13:31+08:00][sql] SHOW FULL COLUMNS FROM `cmf_product_category` [ RunTime:0.002151s ]
[2026-06-05T17:13:31+08:00][sql] SELECT * FROM `cmf_product_category` WHERE  `parent_id` = 0 ORDER BY `list_order` ASC,`create_time` DESC [ RunTime:0.000739s ]
[2026-06-05T17:13:31+08:00][sql] SELECT * FROM `cmf_product_category` WHERE  `parent_id` IN (28,19,22,23,25,27,30) [ RunTime:0.000322s ]
[2026-06-05T17:13:31+08:00][sql] SHOW FULL COLUMNS FROM `cmf_portal_category` [ RunTime:0.001307s ]
[2026-06-05T17:13:31+08:00][sql] SELECT * FROM `cmf_portal_category` WHERE (  `type` = 8 ) AND `cmf_portal_category`.`delete_time` = '0' ORDER BY `list_order` ASC [ RunTime:0.000300s ]
[2026-06-05T17:13:31+08:00][sql] SHOW FULL COLUMNS FROM `cmf_product` [ RunTime:0.001156s ]
[2026-06-05T17:13:31+08:00][sql] SELECT * FROM `cmf_product` WHERE  `id` = 183 LIMIT 1 [ RunTime:0.001005s ]
[2026-06-05T17:13:31+08:00][sql] SELECT * FROM `cmf_product_category` WHERE  `id` = 28 LIMIT 1 [ RunTime:0.000222s ]
[2026-06-05T17:13:31+08:00][sql] SELECT `id`,`title`,`industry`,`thumbnail` FROM `cmf_product` WHERE  `id` <> 183  AND `is_recommended` = 1  AND `category_id` = 28 ORDER BY RAND() LIMIT 4 [ RunTime:0.001492s ]
[2026-06-05T17:13:31+08:00][sql] SHOW FULL COLUMNS FROM `cmf_slide_item` [ RunTime:0.000856s ]
[2026-06-05T17:13:31+08:00][sql] SELECT `title`,`description`,`image` FROM `cmf_slide_item` WHERE  `slide_id` = 2  AND `status` = 1 ORDER BY `list_order` ASC,`id` DESC LIMIT 1 [ RunTime:0.001284s ]
[2026-06-05T17:13:31+08:00][sql] SHOW FULL COLUMNS FROM `cmf_theme_file` [ RunTime:0.001007s ]
[2026-06-05T17:13:31+08:00][sql] SELECT `more`,`file`,`id` FROM `cmf_theme_file` WHERE  `theme` = 'simpleboot3'  AND (  `is_public` = 1 OR `file` = 'portal/product-info' ) ORDER BY `is_public` DESC [ RunTime:0.000295s ]
[2026-06-05T17:13:31+08:00][sql] SELECT `option_value` FROM `cmf_option` WHERE  `option_name` = 'storage' LIMIT 1 [ RunTime:0.000421s ]
[2026-06-05T17:28:48+08:00][sql] CONNECT:[ UseTime:0.001393s ] mysql:host=127.0.0.1;port=3306;dbname=weihua;charset=utf8mb4
[2026-06-05T17:28:48+08:00][sql] SHOW FULL COLUMNS FROM `cmf_option` [ RunTime:0.002489s ]
[2026-06-05T17:28:48+08:00][sql] SELECT `option_value` FROM `cmf_option` WHERE  `option_name` = 'cdn_settings' LIMIT 1 [ RunTime:0.000267s ]
[2026-06-05T17:28:48+08:00][sql] SELECT `option_value` FROM `cmf_option` WHERE  `option_name` = 'cdn_settings' LIMIT 1 [ RunTime:0.000275s ]
[2026-06-05T17:28:48+08:00][sql] SHOW FULL COLUMNS FROM `cmf_product_category` [ RunTime:0.001149s ]
[2026-06-05T17:28:48+08:00][sql] SELECT * FROM `cmf_product_category` WHERE  `parent_id` = 0 ORDER BY `list_order` ASC,`create_time` DESC [ RunTime:0.000397s ]
[2026-06-05T17:28:48+08:00][sql] SELECT * FROM `cmf_product_category` WHERE  `parent_id` IN (28,19,22,23,25,27,30) [ RunTime:0.000261s ]
[2026-06-05T17:28:48+08:00][sql] SHOW FULL COLUMNS FROM `cmf_portal_category` [ RunTime:0.001012s ]
[2026-06-05T17:28:48+08:00][sql] SELECT * FROM `cmf_portal_category` WHERE (  `type` = 8 ) AND `cmf_portal_category`.`delete_time` = '0' ORDER BY `list_order` ASC [ RunTime:0.000318s ]
[2026-06-05T17:28:48+08:00][sql] SHOW FULL COLUMNS FROM `cmf_slide_item` [ RunTime:0.001389s ]
[2026-06-05T17:28:48+08:00][sql] SELECT `title`,`description`,`image` FROM `cmf_slide_item` WHERE  `slide_id` = 12  AND `status` = 1 ORDER BY `list_order` ASC,`id` DESC LIMIT 1 [ RunTime:0.000419s ]
[2026-06-05T17:28:48+08:00][sql] SELECT * FROM `cmf_portal_category` WHERE (  `id` = 0  AND `status` = 1 ) AND `cmf_portal_category`.`delete_time` = '0' LIMIT 1 [ RunTime:0.000322s ]
[2026-06-05T17:28:48+08:00][sql] SHOW FULL COLUMNS FROM `cmf_portal_post` [ RunTime:0.001409s ]
[2026-06-05T17:28:48+08:00][sql] SELECT COUNT(*) AS think_count FROM `cmf_portal_post` `p` LEFT JOIN `cmf_portal_category_post` `c` ON `p`.`id`=`c`.`post_id` WHERE (  `post_type` = 8 ) AND `p`.`delete_time` = '0' LIMIT 1 [ RunTime:0.000492s ]
[2026-06-05T17:28:48+08:00][sql] SELECT `p`.`id`,`p`.`post_title`,`p`.`thumbnail`,`p`.`more`,c.category_id as cid,`p`.`post_excerpt`,`p`.`create_time` FROM `cmf_portal_post` `p` LEFT JOIN `cmf_portal_category_post` `c` ON `p`.`id`=`c`.`post_id` WHERE (  `post_type` = 8 ) AND `p`.`delete_time` = '0' ORDER BY `c`.`list_order` ASC,`p`.`create_time` DESC LIMIT 0,6 [ RunTime:0.000479s ]
[2026-06-05T17:28:48+08:00][sql] SHOW FULL COLUMNS FROM `cmf_theme_file` [ RunTime:0.000992s ]
[2026-06-05T17:28:48+08:00][sql] SELECT `more`,`file`,`id` FROM `cmf_theme_file` WHERE  `theme` = 'simpleboot3'  AND (  `is_public` = 1 OR `file` = 'portal/news' ) ORDER BY `is_public` DESC [ RunTime:0.000297s ]
[2026-06-05T17:28:48+08:00][sql] SELECT `option_value` FROM `cmf_option` WHERE  `option_name` = 'storage' LIMIT 1 [ RunTime:0.000272s ]
[2026-06-05T17:28:51+08:00][sql] CONNECT:[ UseTime:0.000783s ] mysql:host=127.0.0.1;port=3306;dbname=weihua;charset=utf8mb4
[2026-06-05T17:28:51+08:00][sql] SHOW FULL COLUMNS FROM `cmf_option` [ RunTime:0.001076s ]
[2026-06-05T17:28:51+08:00][sql] SELECT `option_value` FROM `cmf_option` WHERE  `option_name` = 'cdn_settings' LIMIT 1 [ RunTime:0.000213s ]
[2026-06-05T17:28:51+08:00][sql] SELECT `option_value` FROM `cmf_option` WHERE  `option_name` = 'cdn_settings' LIMIT 1 [ RunTime:0.000346s ]
[2026-06-05T17:28:51+08:00][sql] SHOW FULL COLUMNS FROM `cmf_product_category` [ RunTime:0.000911s ]
[2026-06-05T17:28:51+08:00][sql] SELECT * FROM `cmf_product_category` WHERE  `parent_id` = 0 ORDER BY `list_order` ASC,`create_time` DESC [ RunTime:0.000457s ]
[2026-06-05T17:28:51+08:00][sql] SELECT * FROM `cmf_product_category` WHERE  `parent_id` IN (28,19,22,23,25,27,30) [ RunTime:0.000400s ]
[2026-06-05T17:28:51+08:00][sql] SHOW FULL COLUMNS FROM `cmf_portal_category` [ RunTime:0.001433s ]
[2026-06-05T17:28:51+08:00][sql] SELECT * FROM `cmf_portal_category` WHERE (  `type` = 8 ) AND `cmf_portal_category`.`delete_time` = '0' ORDER BY `list_order` ASC [ RunTime:0.000407s ]
[2026-06-05T17:28:51+08:00][sql] SHOW FULL COLUMNS FROM `cmf_slide_item` [ RunTime:0.001144s ]
[2026-06-05T17:28:51+08:00][sql] SELECT `title`,`description`,`image` FROM `cmf_slide_item` WHERE  `slide_id` = 12  AND `status` = 1 ORDER BY `list_order` ASC,`id` DESC LIMIT 1 [ RunTime:0.000531s ]
[2026-06-05T17:28:51+08:00][sql] SELECT * FROM `cmf_portal_category` WHERE (  `id` = 0  AND `status` = 1 ) AND `cmf_portal_category`.`delete_time` = '0' LIMIT 1 [ RunTime:0.000271s ]
[2026-06-05T17:28:51+08:00][sql] SHOW FULL COLUMNS FROM `cmf_portal_post` [ RunTime:0.001162s ]
[2026-06-05T17:28:51+08:00][sql] SELECT COUNT(*) AS think_count FROM `cmf_portal_post` `p` LEFT JOIN `cmf_portal_category_post` `c` ON `p`.`id`=`c`.`post_id` WHERE (  `post_type` = 8 ) AND `p`.`delete_time` = '0' LIMIT 1 [ RunTime:0.000783s ]
[2026-06-05T17:28:51+08:00][sql] SELECT `p`.`id`,`p`.`post_title`,`p`.`thumbnail`,`p`.`more`,c.category_id as cid,`p`.`post_excerpt`,`p`.`create_time` FROM `cmf_portal_post` `p` LEFT JOIN `cmf_portal_category_post` `c` ON `p`.`id`=`c`.`post_id` WHERE (  `post_type` = 8 ) AND `p`.`delete_time` = '0' ORDER BY `c`.`list_order` ASC,`p`.`create_time` DESC LIMIT 6,6 [ RunTime:0.000788s ]
[2026-06-05T17:28:51+08:00][sql] SHOW FULL COLUMNS FROM `cmf_theme_file` [ RunTime:0.000958s ]
[2026-06-05T17:28:51+08:00][sql] SELECT `more`,`file`,`id` FROM `cmf_theme_file` WHERE  `theme` = 'simpleboot3'  AND (  `is_public` = 1 OR `file` = 'portal/news' ) ORDER BY `is_public` DESC [ RunTime:0.000475s ]
[2026-06-05T17:28:51+08:00][sql] SELECT `option_value` FROM `cmf_option` WHERE  `option_name` = 'storage' LIMIT 1 [ RunTime:0.000495s ]
[2026-06-05T17:28:52+08:00][sql] CONNECT:[ UseTime:0.001055s ] mysql:host=127.0.0.1;port=3306;dbname=weihua;charset=utf8mb4
[2026-06-05T17:28:52+08:00][sql] SHOW FULL COLUMNS FROM `cmf_option` [ RunTime:0.001269s ]
[2026-06-05T17:28:52+08:00][sql] SELECT `option_value` FROM `cmf_option` WHERE  `option_name` = 'cdn_settings' LIMIT 1 [ RunTime:0.000399s ]
[2026-06-05T17:28:52+08:00][sql] SELECT `option_value` FROM `cmf_option` WHERE  `option_name` = 'cdn_settings' LIMIT 1 [ RunTime:0.000382s ]
[2026-06-05T17:28:52+08:00][sql] SHOW FULL COLUMNS FROM `cmf_product_category` [ RunTime:0.001003s ]
[2026-06-05T17:28:52+08:00][sql] SELECT * FROM `cmf_product_category` WHERE  `parent_id` = 0 ORDER BY `list_order` ASC,`create_time` DESC [ RunTime:0.000608s ]
[2026-06-05T17:28:52+08:00][sql] SELECT * FROM `cmf_product_category` WHERE  `parent_id` IN (28,19,22,23,25,27,30) [ RunTime:0.000299s ]
[2026-06-05T17:28:52+08:00][sql] SHOW FULL COLUMNS FROM `cmf_portal_category` [ RunTime:0.001004s ]
[2026-06-05T17:28:52+08:00][sql] SELECT * FROM `cmf_portal_category` WHERE (  `type` = 8 ) AND `cmf_portal_category`.`delete_time` = '0' ORDER BY `list_order` ASC [ RunTime:0.000445s ]
[2026-06-05T17:28:52+08:00][sql] SELECT * FROM `cmf_portal_category` WHERE (  `id` = 1  AND `status` = 1 ) AND `cmf_portal_category`.`delete_time` = '0' LIMIT 1 [ RunTime:0.000308s ]
[2026-06-05T17:28:52+08:00][sql] SHOW FULL COLUMNS FROM `cmf_portal_post` [ RunTime:0.001299s ]
[2026-06-05T17:28:52+08:00][sql] SELECT `post`.* FROM `cmf_portal_post` `post` LEFT JOIN `cmf_portal_category_post` `relation` ON `post`.`id`=`relation`.`post_id` WHERE (  `post`.`post_type` = '8'  AND `relation`.`category_id` = '1'  AND `post`.`id` = '10'  AND ( post.delete_time IS NULL OR post.delete_time = 0 ) ) AND `post`.`delete_time` = '0' LIMIT 1 [ RunTime:0.000635s ]
[2026-06-05T17:28:52+08:00][sql] SHOW FULL COLUMNS FROM `cmf_slide_item` [ RunTime:0.001084s ]
[2026-06-05T17:28:52+08:00][sql] SELECT `title`,`description`,`image` FROM `cmf_slide_item` WHERE  `slide_id` = 12  AND `status` = 1 ORDER BY `list_order` ASC,`id` DESC LIMIT 1 [ RunTime:0.000422s ]
[2026-06-05T17:28:52+08:00][sql] UPDATE `cmf_portal_post`  SET `post_hits` = `post_hits` + 1  WHERE (  `id` = 10 ) AND `cmf_portal_post`.`delete_time` = '0' [ RunTime:0.003368s ]
[2026-06-05T17:28:52+08:00][sql] SELECT `post`.* FROM `cmf_portal_post` `post` LEFT JOIN `cmf_portal_category_post` `relation` ON `post`.`id`=`relation`.`post_id` WHERE (  `post`.`post_type` = '8'  AND `relation`.`category_id` = '1'  AND `post`.`id` < '10'  AND ( post.delete_time IS NULL OR post.delete_time = 0 ) ) AND `post`.`delete_time` = '0' ORDER BY `post`.`id` DESC LIMIT 1 [ RunTime:0.000705s ]
[2026-06-05T17:28:52+08:00][sql] SELECT `post`.* FROM `cmf_portal_post` `post` LEFT JOIN `cmf_portal_category_post` `relation` ON `post`.`id`=`relation`.`post_id` WHERE (  `post`.`post_type` = '8'  AND `relation`.`category_id` = '1'  AND `post`.`id` > '10'  AND ( post.delete_time IS NULL OR post.delete_time = 0 ) ) AND `post`.`delete_time` = '0' ORDER BY `post`.`id` ASC LIMIT 1 [ RunTime:0.000675s ]
[2026-06-05T17:28:52+08:00][sql] SHOW FULL COLUMNS FROM `cmf_theme_file` [ RunTime:0.000930s ]
[2026-06-05T17:28:52+08:00][sql] SELECT `more`,`file`,`id` FROM `cmf_theme_file` WHERE  `theme` = 'simpleboot3'  AND (  `is_public` = 1 OR `file` = 'portal/news-info' ) ORDER BY `is_public` DESC [ RunTime:0.000453s ]
[2026-06-05T17:28:52+08:00][sql] SELECT `option_value` FROM `cmf_option` WHERE  `option_name` = 'storage' LIMIT 1 [ RunTime:0.000294s ]
[2026-06-05T18:17:01+08:00][sql] CONNECT:[ UseTime:0.002299s ] mysql:host=127.0.0.1;port=3306;dbname=weihua;charset=utf8mb4
[2026-06-05T18:17:01+08:00][sql] SHOW FULL COLUMNS FROM `cmf_plugin` [ RunTime:0.002515s ]
[2026-06-05T18:17:01+08:00][sql] SELECT `config` FROM `cmf_plugin` WHERE  `name` = 'SwitchTheme' LIMIT 1 [ RunTime:0.000899s ]
[2026-06-05T18:17:01+08:00][sql] SHOW FULL COLUMNS FROM `cmf_option` [ RunTime:0.002448s ]
[2026-06-05T18:17:01+08:00][sql] SELECT `option_value` FROM `cmf_option` WHERE  `option_name` = 'cdn_settings' LIMIT 1 [ RunTime:0.000902s ]
[2026-06-05T18:17:01+08:00][sql] SELECT `option_value` FROM `cmf_option` WHERE  `option_name` = 'cdn_settings' LIMIT 1 [ RunTime:0.000624s ]
[2026-06-05T18:17:01+08:00][sql] SHOW FULL COLUMNS FROM `cmf_product_category` [ RunTime:0.001087s ]
[2026-06-05T18:17:01+08:00][sql] SELECT * FROM `cmf_product_category` WHERE  `parent_id` = 0 ORDER BY `list_order` ASC,`create_time` DESC [ RunTime:0.000594s ]
[2026-06-05T18:17:01+08:00][sql] SELECT * FROM `cmf_product_category` WHERE  `parent_id` IN (28,19,22,23,25,27,30) [ RunTime:0.000794s ]
[2026-06-05T18:17:01+08:00][sql] SHOW FULL COLUMNS FROM `cmf_portal_category` [ RunTime:0.001287s ]
[2026-06-05T18:17:01+08:00][sql] SELECT * FROM `cmf_portal_category` WHERE (  `type` = 8 ) AND `cmf_portal_category`.`delete_time` = '0' ORDER BY `list_order` ASC [ RunTime:0.000605s ]
[2026-06-05T18:17:01+08:00][sql] SHOW FULL COLUMNS FROM `cmf_slide_item` [ RunTime:0.000942s ]
[2026-06-05T18:17:01+08:00][sql] SELECT `title`,`description`,`image`,`url`,`target`,`content` FROM `cmf_slide_item` WHERE  `slide_id` = 1 ORDER BY `list_order` ASC [ RunTime:0.000496s ]
[2026-06-05T18:17:01+08:00][sql] SHOW FULL COLUMNS FROM `cmf_slide` [ RunTime:0.000735s ]
[2026-06-05T18:17:01+08:00][sql] SELECT * FROM `cmf_slide` WHERE  `name` LIKE '%choose%' OR `name` LIKE '%选择%' LIMIT 1 [ RunTime:0.000482s ]
[2026-06-05T18:17:01+08:00][sql] SELECT `title`,`description`,`image`,`url`,`target`,`content` FROM `cmf_slide_item` WHERE  `slide_id` = 14  AND `status` = 1 ORDER BY `list_order` ASC [ RunTime:0.000280s ]
[2026-06-05T18:17:01+08:00][sql] SELECT * FROM `cmf_product_category` WHERE  `parent_id` = 0  AND `recommend` = 1 ORDER BY `list_order` ASC,`create_time` DESC [ RunTime:0.000432s ]
[2026-06-05T18:17:01+08:00][sql] SHOW FULL COLUMNS FROM `cmf_product` [ RunTime:0.001274s ]
[2026-06-05T18:17:01+08:00][sql] SELECT `id`,`title`,`thumbnail`,`industry` FROM `cmf_product` WHERE  `is_recommended` = 1  AND `category_id` = 28 ORDER BY `list_order` ASC LIMIT 6 [ RunTime:0.001781s ]
[2026-06-05T18:17:01+08:00][sql] SELECT `id`,`title`,`thumbnail`,`industry` FROM `cmf_product` WHERE  `is_recommended` = 1  AND `category_id` = 19 ORDER BY `list_order` ASC LIMIT 6 [ RunTime:0.000810s ]
[2026-06-05T18:17:01+08:00][sql] SELECT `id`,`title`,`thumbnail`,`industry` FROM `cmf_product` WHERE  `is_recommended` = 1  AND `category_id` = 23 ORDER BY `list_order` ASC LIMIT 6 [ RunTime:0.000635s ]
[2026-06-05T18:17:01+08:00][sql] SHOW FULL COLUMNS FROM `cmf_portal_post` [ RunTime:0.002206s ]
[2026-06-05T18:17:01+08:00][sql] SELECT `p`.`id`,`p`.`post_title`,`p`.`post_excerpt`,`p`.`thumbnail`,`p`.`create_time`,`c`.`category_id` FROM `cmf_portal_post` `p` INNER JOIN `cmf_portal_category_post` `c` ON `p`.`id`=`c`.`post_id` WHERE (  `p`.`post_type` = '8' ) AND `p`.`delete_time` = '0' ORDER BY `c`.`list_order` ASC,`p`.`create_time` DESC [ RunTime:0.001010s ]
[2026-06-05T18:17:01+08:00][sql] SELECT `id`,`post_title`,`post_excerpt`,`more` FROM `cmf_portal_post` WHERE (  `post_type` = 3 ) AND `cmf_portal_post`.`delete_time` = '0' ORDER BY `create_time` DESC [ RunTime:0.000314s ]
[2026-06-05T18:17:01+08:00][sql] SHOW FULL COLUMNS FROM `cmf_theme_file` [ RunTime:0.001187s ]
[2026-06-05T18:17:01+08:00][sql] SELECT `more`,`file`,`id` FROM `cmf_theme_file` WHERE  `theme` = 'simpleboot3'  AND (  `is_public` = 1 OR `file` = 'portal/index' ) ORDER BY `is_public` DESC [ RunTime:0.000735s ]
[2026-06-05T18:17:01+08:00][sql] SELECT `option_value` FROM `cmf_option` WHERE  `option_name` = 'storage' LIMIT 1 [ RunTime:0.000477s ]
[2026-06-05T18:17:25+08:00][sql] CONNECT:[ UseTime:0.001172s ] mysql:host=127.0.0.1;port=3306;dbname=weihua;charset=utf8mb4
[2026-06-05T18:17:25+08:00][sql] SHOW FULL COLUMNS FROM `cmf_option` [ RunTime:0.003294s ]
[2026-06-05T18:17:25+08:00][sql] SELECT `option_value` FROM `cmf_option` WHERE  `option_name` = 'cdn_settings' LIMIT 1 [ RunTime:0.000818s ]
[2026-06-05T18:17:25+08:00][sql] SELECT `option_value` FROM `cmf_option` WHERE  `option_name` = 'cdn_settings' LIMIT 1 [ RunTime:0.000782s ]
[2026-06-05T18:17:25+08:00][sql] SHOW FULL COLUMNS FROM `cmf_product_category` [ RunTime:0.001396s ]
[2026-06-05T18:17:25+08:00][sql] SELECT * FROM `cmf_product_category` WHERE  `parent_id` = 0 ORDER BY `list_order` ASC,`create_time` DESC [ RunTime:0.000533s ]
[2026-06-05T18:17:25+08:00][sql] SELECT * FROM `cmf_product_category` WHERE  `parent_id` IN (28,19,22,23,25,27,30) [ RunTime:0.000523s ]
[2026-06-05T18:17:25+08:00][sql] SHOW FULL COLUMNS FROM `cmf_portal_category` [ RunTime:0.001750s ]
[2026-06-05T18:17:25+08:00][sql] SELECT * FROM `cmf_portal_category` WHERE (  `type` = 8 ) AND `cmf_portal_category`.`delete_time` = '0' ORDER BY `list_order` ASC [ RunTime:0.000719s ]
[2026-06-05T18:17:25+08:00][sql] SHOW FULL COLUMNS FROM `cmf_slide_item` [ RunTime:0.002857s ]
[2026-06-05T18:17:25+08:00][sql] SELECT `title`,`description`,`image`,`url`,`target`,`content` FROM `cmf_slide_item` WHERE  `slide_id` = 1 ORDER BY `list_order` ASC [ RunTime:0.001266s ]
[2026-06-05T18:17:25+08:00][sql] SHOW FULL COLUMNS FROM `cmf_slide` [ RunTime:0.001450s ]
[2026-06-05T18:17:25+08:00][sql] SELECT * FROM `cmf_slide` WHERE  `name` LIKE '%choose%' OR `name` LIKE '%选择%' LIMIT 1 [ RunTime:0.000515s ]
[2026-06-05T18:17:25+08:00][sql] SELECT `title`,`description`,`image`,`url`,`target`,`content` FROM `cmf_slide_item` WHERE  `slide_id` = 14  AND `status` = 1 ORDER BY `list_order` ASC [ RunTime:0.000410s ]
[2026-06-05T18:17:25+08:00][sql] SELECT * FROM `cmf_product_category` WHERE  `parent_id` = 0  AND `recommend` = 1 ORDER BY `list_order` ASC,`create_time` DESC [ RunTime:0.000608s ]
[2026-06-05T18:17:25+08:00][sql] SHOW FULL COLUMNS FROM `cmf_product` [ RunTime:0.002251s ]
[2026-06-05T18:17:25+08:00][sql] SELECT `id`,`title`,`thumbnail`,`industry` FROM `cmf_product` WHERE  `is_recommended` = 1  AND `category_id` = 28 ORDER BY `list_order` ASC LIMIT 6 [ RunTime:0.001605s ]
[2026-06-05T18:17:25+08:00][sql] SELECT `id`,`title`,`thumbnail`,`industry` FROM `cmf_product` WHERE  `is_recommended` = 1  AND `category_id` = 19 ORDER BY `list_order` ASC LIMIT 6 [ RunTime:0.000604s ]
[2026-06-05T18:17:25+08:00][sql] SELECT `id`,`title`,`thumbnail`,`industry` FROM `cmf_product` WHERE  `is_recommended` = 1  AND `category_id` = 23 ORDER BY `list_order` ASC LIMIT 6 [ RunTime:0.000478s ]
[2026-06-05T18:17:25+08:00][sql] SHOW FULL COLUMNS FROM `cmf_portal_post` [ RunTime:0.001668s ]
[2026-06-05T18:17:25+08:00][sql] SELECT `p`.`id`,`p`.`post_title`,`p`.`post_excerpt`,`p`.`thumbnail`,`p`.`create_time`,`c`.`category_id` FROM `cmf_portal_post` `p` INNER JOIN `cmf_portal_category_post` `c` ON `p`.`id`=`c`.`post_id` WHERE (  `p`.`post_type` = '8' ) AND `p`.`delete_time` = '0' ORDER BY `c`.`list_order` ASC,`p`.`create_time` DESC [ RunTime:0.001003s ]
[2026-06-05T18:17:25+08:00][sql] SELECT `id`,`post_title`,`post_excerpt`,`more` FROM `cmf_portal_post` WHERE (  `post_type` = 3 ) AND `cmf_portal_post`.`delete_time` = '0' ORDER BY `create_time` DESC [ RunTime:0.000412s ]
[2026-06-05T18:17:25+08:00][sql] SHOW FULL COLUMNS FROM `cmf_theme_file` [ RunTime:0.001237s ]
[2026-06-05T18:17:25+08:00][sql] SELECT `more`,`file`,`id` FROM `cmf_theme_file` WHERE  `theme` = 'simpleboot3_mobile'  AND (  `is_public` = 1 OR `file` = 'portal/index' ) ORDER BY `is_public` DESC [ RunTime:0.000510s ]
[2026-06-05T18:17:25+08:00][sql] SELECT `option_value` FROM `cmf_option` WHERE  `option_name` = 'storage' LIMIT 1 [ RunTime:0.000673s ]
[2026-06-05T18:17:36+08:00][sql] CONNECT:[ UseTime:0.000739s ] mysql:host=127.0.0.1;port=3306;dbname=weihua;charset=utf8mb4
[2026-06-05T18:17:36+08:00][sql] SHOW FULL COLUMNS FROM `cmf_option` [ RunTime:0.001613s ]
[2026-06-05T18:17:36+08:00][sql] SELECT `option_value` FROM `cmf_option` WHERE  `option_name` = 'cdn_settings' LIMIT 1 [ RunTime:0.000483s ]
[2026-06-05T18:17:36+08:00][sql] SELECT `option_value` FROM `cmf_option` WHERE  `option_name` = 'cdn_settings' LIMIT 1 [ RunTime:0.000445s ]
[2026-06-05T18:17:36+08:00][sql] SHOW FULL COLUMNS FROM `cmf_product_category` [ RunTime:0.001186s ]
[2026-06-05T18:17:36+08:00][sql] SELECT * FROM `cmf_product_category` WHERE  `parent_id` = 0 ORDER BY `list_order` ASC,`create_time` DESC [ RunTime:0.000483s ]
[2026-06-05T18:17:36+08:00][sql] SELECT * FROM `cmf_product_category` WHERE  `parent_id` IN (28,19,22,23,25,27,30) [ RunTime:0.000293s ]
[2026-06-05T18:17:36+08:00][sql] SHOW FULL COLUMNS FROM `cmf_portal_category` [ RunTime:0.001081s ]
[2026-06-05T18:17:36+08:00][sql] SELECT * FROM `cmf_portal_category` WHERE (  `type` = 8 ) AND `cmf_portal_category`.`delete_time` = '0' ORDER BY `list_order` ASC [ RunTime:0.000370s ]
[2026-06-05T18:17:36+08:00][sql] SHOW FULL COLUMNS FROM `cmf_slide_item` [ RunTime:0.000749s ]
[2026-06-05T18:17:36+08:00][sql] SELECT `title`,`description`,`image`,`url`,`target`,`content` FROM `cmf_slide_item` WHERE  `slide_id` = 1 ORDER BY `list_order` ASC [ RunTime:0.000366s ]
[2026-06-05T18:17:36+08:00][sql] SHOW FULL COLUMNS FROM `cmf_slide` [ RunTime:0.000671s ]
[2026-06-05T18:17:36+08:00][sql] SELECT * FROM `cmf_slide` WHERE  `name` LIKE '%choose%' OR `name` LIKE '%选择%' LIMIT 1 [ RunTime:0.000327s ]
[2026-06-05T18:17:36+08:00][sql] SELECT `title`,`description`,`image`,`url`,`target`,`content` FROM `cmf_slide_item` WHERE  `slide_id` = 14  AND `status` = 1 ORDER BY `list_order` ASC [ RunTime:0.000270s ]
[2026-06-05T18:17:36+08:00][sql] SELECT * FROM `cmf_product_category` WHERE  `parent_id` = 0  AND `recommend` = 1 ORDER BY `list_order` ASC,`create_time` DESC [ RunTime:0.000348s ]
[2026-06-05T18:17:36+08:00][sql] SHOW FULL COLUMNS FROM `cmf_product` [ RunTime:0.000988s ]
[2026-06-05T18:17:36+08:00][sql] SELECT `id`,`title`,`thumbnail`,`industry` FROM `cmf_product` WHERE  `is_recommended` = 1  AND `category_id` = 28 ORDER BY `list_order` ASC LIMIT 6 [ RunTime:0.000652s ]
[2026-06-05T18:17:36+08:00][sql] SELECT `id`,`title`,`thumbnail`,`industry` FROM `cmf_product` WHERE  `is_recommended` = 1  AND `category_id` = 19 ORDER BY `list_order` ASC LIMIT 6 [ RunTime:0.000443s ]
[2026-06-05T18:17:36+08:00][sql] SELECT `id`,`title`,`thumbnail`,`industry` FROM `cmf_product` WHERE  `is_recommended` = 1  AND `category_id` = 23 ORDER BY `list_order` ASC LIMIT 6 [ RunTime:0.000277s ]
[2026-06-05T18:17:36+08:00][sql] SHOW FULL COLUMNS FROM `cmf_portal_post` [ RunTime:0.000951s ]
[2026-06-05T18:17:36+08:00][sql] SELECT `p`.`id`,`p`.`post_title`,`p`.`post_excerpt`,`p`.`thumbnail`,`p`.`create_time`,`c`.`category_id` FROM `cmf_portal_post` `p` INNER JOIN `cmf_portal_category_post` `c` ON `p`.`id`=`c`.`post_id` WHERE (  `p`.`post_type` = '8' ) AND `p`.`delete_time` = '0' ORDER BY `c`.`list_order` ASC,`p`.`create_time` DESC [ RunTime:0.000643s ]
[2026-06-05T18:17:36+08:00][sql] SELECT `id`,`post_title`,`post_excerpt`,`more` FROM `cmf_portal_post` WHERE (  `post_type` = 3 ) AND `cmf_portal_post`.`delete_time` = '0' ORDER BY `create_time` DESC [ RunTime:0.000301s ]
[2026-06-05T18:17:36+08:00][sql] SHOW FULL COLUMNS FROM `cmf_theme_file` [ RunTime:0.001090s ]
[2026-06-05T18:17:36+08:00][sql] SELECT `more`,`file`,`id` FROM `cmf_theme_file` WHERE  `theme` = 'simpleboot3_mobile'  AND (  `is_public` = 1 OR `file` = 'portal/index' ) ORDER BY `is_public` DESC [ RunTime:0.000415s ]
[2026-06-05T18:17:36+08:00][sql] SELECT `option_value` FROM `cmf_option` WHERE  `option_name` = 'storage' LIMIT 1 [ RunTime:0.000240s ]
[2026-06-05T18:18:41+08:00][sql] CONNECT:[ UseTime:0.000936s ] mysql:host=127.0.0.1;port=3306;dbname=weihua;charset=utf8mb4
[2026-06-05T18:18:41+08:00][sql] SHOW FULL COLUMNS FROM `cmf_option` [ RunTime:0.001432s ]
[2026-06-05T18:18:41+08:00][sql] SELECT `option_value` FROM `cmf_option` WHERE  `option_name` = 'cdn_settings' LIMIT 1 [ RunTime:0.000380s ]
[2026-06-05T18:18:41+08:00][sql] SELECT `option_value` FROM `cmf_option` WHERE  `option_name` = 'cdn_settings' LIMIT 1 [ RunTime:0.000329s ]
[2026-06-05T18:18:41+08:00][sql] SHOW FULL COLUMNS FROM `cmf_product_category` [ RunTime:0.001574s ]
[2026-06-05T18:18:41+08:00][sql] SELECT * FROM `cmf_product_category` WHERE  `parent_id` = 0 ORDER BY `list_order` ASC,`create_time` DESC [ RunTime:0.000918s ]
[2026-06-05T18:18:41+08:00][sql] SELECT * FROM `cmf_product_category` WHERE  `parent_id` IN (28,19,22,23,25,27,30) [ RunTime:0.000425s ]
[2026-06-05T18:18:41+08:00][sql] SHOW FULL COLUMNS FROM `cmf_portal_category` [ RunTime:0.001285s ]
[2026-06-05T18:18:41+08:00][sql] SELECT * FROM `cmf_portal_category` WHERE (  `type` = 8 ) AND `cmf_portal_category`.`delete_time` = '0' ORDER BY `list_order` ASC [ RunTime:0.000531s ]
[2026-06-05T18:18:41+08:00][sql] SHOW FULL COLUMNS FROM `cmf_slide_item` [ RunTime:0.001068s ]
[2026-06-05T18:18:41+08:00][sql] SELECT `title`,`description`,`image`,`url`,`target`,`content` FROM `cmf_slide_item` WHERE  `slide_id` = 1 ORDER BY `list_order` ASC [ RunTime:0.000468s ]
[2026-06-05T18:18:41+08:00][sql] SHOW FULL COLUMNS FROM `cmf_slide` [ RunTime:0.000923s ]
[2026-06-05T18:18:41+08:00][sql] SELECT * FROM `cmf_slide` WHERE  `name` LIKE '%choose%' OR `name` LIKE '%选择%' LIMIT 1 [ RunTime:0.000448s ]
[2026-06-05T18:18:41+08:00][sql] SELECT `title`,`description`,`image`,`url`,`target`,`content` FROM `cmf_slide_item` WHERE  `slide_id` = 14  AND `status` = 1 ORDER BY `list_order` ASC [ RunTime:0.000531s ]
[2026-06-05T18:18:41+08:00][sql] SELECT * FROM `cmf_product_category` WHERE  `parent_id` = 0  AND `recommend` = 1 ORDER BY `list_order` ASC,`create_time` DESC [ RunTime:0.000358s ]
[2026-06-05T18:18:41+08:00][sql] SHOW FULL COLUMNS FROM `cmf_product` [ RunTime:0.001305s ]
[2026-06-05T18:18:41+08:00][sql] SELECT `id`,`title`,`thumbnail`,`industry` FROM `cmf_product` WHERE  `is_recommended` = 1  AND `category_id` = 28 ORDER BY `list_order` ASC LIMIT 6 [ RunTime:0.000682s ]
[2026-06-05T18:18:41+08:00][sql] SELECT `id`,`title`,`thumbnail`,`industry` FROM `cmf_product` WHERE  `is_recommended` = 1  AND `category_id` = 19 ORDER BY `list_order` ASC LIMIT 6 [ RunTime:0.000805s ]
[2026-06-05T18:18:41+08:00][sql] SELECT `id`,`title`,`thumbnail`,`industry` FROM `cmf_product` WHERE  `is_recommended` = 1  AND `category_id` = 23 ORDER BY `list_order` ASC LIMIT 6 [ RunTime:0.000563s ]
[2026-06-05T18:18:41+08:00][sql] SHOW FULL COLUMNS FROM `cmf_portal_post` [ RunTime:0.001164s ]
[2026-06-05T18:18:41+08:00][sql] SELECT `p`.`id`,`p`.`post_title`,`p`.`post_excerpt`,`p`.`thumbnail`,`p`.`create_time`,`c`.`category_id` FROM `cmf_portal_post` `p` INNER JOIN `cmf_portal_category_post` `c` ON `p`.`id`=`c`.`post_id` WHERE (  `p`.`post_type` = '8' ) AND `p`.`delete_time` = '0' ORDER BY `c`.`list_order` ASC,`p`.`create_time` DESC [ RunTime:0.000795s ]
[2026-06-05T18:18:41+08:00][sql] SELECT `id`,`post_title`,`post_excerpt`,`more` FROM `cmf_portal_post` WHERE (  `post_type` = 3 ) AND `cmf_portal_post`.`delete_time` = '0' ORDER BY `create_time` DESC [ RunTime:0.000389s ]
[2026-06-05T18:18:41+08:00][sql] SHOW FULL COLUMNS FROM `cmf_theme_file` [ RunTime:0.001003s ]
[2026-06-05T18:18:41+08:00][sql] SELECT `more`,`file`,`id` FROM `cmf_theme_file` WHERE  `theme` = 'simpleboot3_mobile'  AND (  `is_public` = 1 OR `file` = 'portal/index' ) ORDER BY `is_public` DESC [ RunTime:0.000402s ]
[2026-06-05T18:18:41+08:00][sql] SELECT `option_value` FROM `cmf_option` WHERE  `option_name` = 'storage' LIMIT 1 [ RunTime:0.000338s ]
[2026-06-05T18:19:14+08:00][sql] CONNECT:[ UseTime:0.001177s ] mysql:host=127.0.0.1;port=3306;dbname=weihua;charset=utf8mb4
[2026-06-05T18:19:14+08:00][sql] SHOW FULL COLUMNS FROM `cmf_option` [ RunTime:0.002043s ]
[2026-06-05T18:19:14+08:00][sql] SELECT `option_value` FROM `cmf_option` WHERE  `option_name` = 'cdn_settings' LIMIT 1 [ RunTime:0.000455s ]
[2026-06-05T18:19:14+08:00][sql] CONNECT:[ UseTime:0.001265s ] mysql:host=127.0.0.1;port=3306;dbname=weihua;charset=utf8mb4
[2026-06-05T18:19:14+08:00][sql] SHOW FULL COLUMNS FROM `cmf_option` [ RunTime:0.001397s ]
[2026-06-05T18:19:14+08:00][sql] SELECT `option_value` FROM `cmf_option` WHERE  `option_name` = 'cdn_settings' LIMIT 1 [ RunTime:0.000345s ]
[2026-06-05T18:19:31+08:00][sql] CONNECT:[ UseTime:0.000848s ] mysql:host=127.0.0.1;port=3306;dbname=weihua;charset=utf8mb4
[2026-06-05T18:19:31+08:00][sql] SHOW FULL COLUMNS FROM `cmf_option` [ RunTime:0.001155s ]
[2026-06-05T18:19:31+08:00][sql] SELECT `option_value` FROM `cmf_option` WHERE  `option_name` = 'cdn_settings' LIMIT 1 [ RunTime:0.000263s ]
[2026-06-05T18:19:31+08:00][sql] SHOW FULL COLUMNS FROM `cmf_user` [ RunTime:0.001587s ]
[2026-06-05T18:19:31+08:00][sql] SELECT * FROM `cmf_user` WHERE  `user_login` = 'antop002' LIMIT 1 [ RunTime:0.001337s ]
[2026-06-05T18:19:31+08:00][sql] SHOW FULL COLUMNS FROM `cmf_role_user` [ RunTime:0.000950s ]
[2026-06-05T18:19:31+08:00][sql] SELECT `role_id` FROM `cmf_role_user` `a` INNER JOIN `cmf_role` `b` ON `a`.`role_id`=`b`.`id` WHERE  `user_id` = 1  AND `status` = '1' LIMIT 1 [ RunTime:0.000844s ]
[2026-06-05T18:19:31+08:00][sql] SHOW FULL COLUMNS FROM `cmf_user_token` [ RunTime:0.000971s ]
[2026-06-05T18:19:31+08:00][sql] SELECT * FROM `cmf_user_token` WHERE  `user_id` = 1  AND `device_type` = 'web' LIMIT 1 [ RunTime:0.000592s ]
[2026-06-05T18:19:31+08:00][sql] UPDATE `cmf_user`  SET `last_login_ip` = '::1' , `last_login_time` = 1780654771  WHERE  `id` = 1 [ RunTime:0.003084s ]
[2026-06-05T18:19:33+08:00][sql] CONNECT:[ UseTime:0.001231s ] mysql:host=127.0.0.1;port=3306;dbname=weihua;charset=utf8mb4
[2026-06-05T18:19:33+08:00][sql] SHOW FULL COLUMNS FROM `cmf_option` [ RunTime:0.002282s ]
[2026-06-05T18:19:33+08:00][sql] SELECT `option_value` FROM `cmf_option` WHERE  `option_name` = 'cdn_settings' LIMIT 1 [ RunTime:0.000563s ]
[2026-06-05T18:19:33+08:00][sql] SHOW FULL COLUMNS FROM `cmf_user` [ RunTime:0.001523s ]
[2026-06-05T18:19:33+08:00][sql] SELECT * FROM `cmf_user` WHERE  `id` = 1 LIMIT 1 [ RunTime:0.000674s ]
[2026-06-05T18:19:33+08:00][sql] SHOW FULL COLUMNS FROM `cmf_admin_menu` [ RunTime:0.001238s ]
[2026-06-05T18:19:33+08:00][sql] SELECT * FROM `cmf_admin_menu` ORDER BY `app` ASC,`controller` ASC,`action` ASC [ RunTime:0.001142s ]
[2026-06-05T18:19:33+08:00][sql] CONNECT:[ UseTime:0.000872s ] mysql:host=127.0.0.1;port=3306;dbname=weihua;charset=utf8mb4
[2026-06-05T18:19:33+08:00][sql] SHOW FULL COLUMNS FROM `cmf_option` [ RunTime:0.001432s ]
[2026-06-05T18:19:33+08:00][sql] SELECT `option_value` FROM `cmf_option` WHERE  `option_name` = 'cdn_settings' LIMIT 1 [ RunTime:0.000447s ]
[2026-06-05T18:19:33+08:00][sql] SHOW FULL COLUMNS FROM `cmf_user` [ RunTime:0.001438s ]
[2026-06-05T18:19:33+08:00][sql] SELECT * FROM `cmf_user` WHERE  `id` = 1 LIMIT 1 [ RunTime:0.000602s ]
[2026-06-05T18:19:33+08:00][sql] SELECT `option_value` FROM `cmf_option` WHERE  `option_name` = 'cdn_settings' LIMIT 1 [ RunTime:0.000241s ]
[2026-06-05T18:19:33+08:00][sql] SELECT `option_value` FROM `cmf_option` WHERE  `option_name` = 'cmf_settings' LIMIT 1 [ RunTime:0.000252s ]
[2026-06-05T18:19:33+08:00][sql] SELECT `option_value` FROM `cmf_option` WHERE  `option_name` = 'storage' LIMIT 1 [ RunTime:0.000338s ]
[2026-06-05T18:19:38+08:00][sql] CONNECT:[ UseTime:0.001010s ] mysql:host=127.0.0.1;port=3306;dbname=weihua;charset=utf8mb4
[2026-06-05T18:19:38+08:00][sql] SHOW FULL COLUMNS FROM `cmf_option` [ RunTime:0.001709s ]
[2026-06-05T18:19:38+08:00][sql] SELECT `option_value` FROM `cmf_option` WHERE  `option_name` = 'cdn_settings' LIMIT 1 [ RunTime:0.000546s ]
[2026-06-05T18:19:38+08:00][sql] SHOW FULL COLUMNS FROM `cmf_user` [ RunTime:0.001593s ]
[2026-06-05T18:19:38+08:00][sql] SELECT * FROM `cmf_user` WHERE  `id` = 1 LIMIT 1 [ RunTime:0.000647s ]
[2026-06-05T18:19:38+08:00][sql] SELECT * FROM `cmf_option` WHERE  `option_name` = 'site_info' LIMIT 1 [ RunTime:0.000937s ]
[2026-06-05T18:19:38+08:00][sql] UPDATE `cmf_option`  SET `option_value` = '{\"site_name\":\"weihua\",\"site_seo_title\":\"Weihua Crane | Reliable Overhead and Gantry Crane Supplier &amp; Exporter\",\"site_seo_keywords\":\"Weihua Crane, overhead crane, gantry crane, crane manufacturer, lifting solutions\",\"site_seo_description\":\"Weihua Crane, founded in 1988, is a world-leading crane manufacturer supplying overhead cranes, gantry cranes, hoists, crane parts and intelligent lifting solutions. Products exported to 170+ countries with CE, ISO certifications.\",\"sale_tel\":\"tel\",\"email\":\"sales01@weihuahenancrane.com\",\"whatsapp\":\"86-18836195358\",\"web_site\":\"\",\"address\":\"Changnao Industrial Park, Xinxiang, Henan, China (Mainland)\",\"facebook\":\"https:\\/\\/www.facebook.com\\/weihuasmartcrane\",\"youtube\":\"https:\\/\\/www.youtube.com\\/@WeihuaSmartCrane\\/shorts\",\"linkedin\":\"\",\"map\":\"\",\"salesiq\":\"\",\"google_analytics\":\"\",\"microsoft_clarity\":\"\",\"wechat\":\"wechat\",\"vk\":\"https:\\/\\/vk.com\\/weihua_crane\",\"google_head\":\"\",\"google_body\":\"\"}'  WHERE  `option_name` = 'site_info' [ RunTime:0.004811s ]
[2026-06-05T18:19:38+08:00][sql] SHOW FULL COLUMNS FROM `cmf_route` [ RunTime:0.001148s ]
[2026-06-05T18:19:38+08:00][sql] DELETE FROM `cmf_route` WHERE  `full_url` = 'admin/Index/index' [ RunTime:0.001751s ]
[2026-06-05T18:19:38+08:00][sql] SELECT * FROM `cmf_route` WHERE  `status` = 1 ORDER BY `list_order` ASC [ RunTime:0.000479s ]
[2026-06-05T18:19:38+08:00][sql] SELECT * FROM `cmf_option` WHERE  `option_name` = 'admin_settings' LIMIT 1 [ RunTime:0.000609s ]
[2026-06-05T18:19:38+08:00][sql] UPDATE `cmf_option`  SET `option_value` = '{\"admin_password\":\"\"}'  WHERE  `option_name` = 'admin_settings' [ RunTime:0.000424s ]
[2026-06-05T18:19:40+08:00][sql] CONNECT:[ UseTime:0.000827s ] mysql:host=127.0.0.1;port=3306;dbname=weihua;charset=utf8mb4
[2026-06-05T18:19:40+08:00][sql] SHOW FULL COLUMNS FROM `cmf_option` [ RunTime:0.001172s ]
[2026-06-05T18:19:40+08:00][sql] SELECT `option_value` FROM `cmf_option` WHERE  `option_name` = 'cdn_settings' LIMIT 1 [ RunTime:0.000288s ]
[2026-06-05T18:19:40+08:00][sql] SELECT `option_value` FROM `cmf_option` WHERE  `option_name` = 'cdn_settings' LIMIT 1 [ RunTime:0.000357s ]
[2026-06-05T18:19:40+08:00][sql] SHOW FULL COLUMNS FROM `cmf_product_category` [ RunTime:0.001045s ]
[2026-06-05T18:19:40+08:00][sql] SELECT * FROM `cmf_product_category` WHERE  `parent_id` = 0 ORDER BY `list_order` ASC,`create_time` DESC [ RunTime:0.000411s ]
[2026-06-05T18:19:40+08:00][sql] SELECT * FROM `cmf_product_category` WHERE  `parent_id` IN (28,19,22,23,25,27,30) [ RunTime:0.000291s ]
[2026-06-05T18:19:40+08:00][sql] SHOW FULL COLUMNS FROM `cmf_portal_category` [ RunTime:0.001207s ]
[2026-06-05T18:19:40+08:00][sql] SELECT * FROM `cmf_portal_category` WHERE (  `type` = 8 ) AND `cmf_portal_category`.`delete_time` = '0' ORDER BY `list_order` ASC [ RunTime:0.000568s ]
[2026-06-05T18:19:40+08:00][sql] SELECT `option_value` FROM `cmf_option` WHERE  `option_name` = 'site_info' LIMIT 1 [ RunTime:0.000320s ]
[2026-06-05T18:19:40+08:00][sql] SHOW FULL COLUMNS FROM `cmf_slide_item` [ RunTime:0.001270s ]
[2026-06-05T18:19:40+08:00][sql] SELECT `title`,`description`,`image`,`url`,`target`,`content` FROM `cmf_slide_item` WHERE  `slide_id` = 1 ORDER BY `list_order` ASC [ RunTime:0.000396s ]
[2026-06-05T18:19:40+08:00][sql] SHOW FULL COLUMNS FROM `cmf_slide` [ RunTime:0.001117s ]
[2026-06-05T18:19:40+08:00][sql] SELECT * FROM `cmf_slide` WHERE  `name` LIKE '%choose%' OR `name` LIKE '%选择%' LIMIT 1 [ RunTime:0.000436s ]
[2026-06-05T18:19:40+08:00][sql] SELECT `title`,`description`,`image`,`url`,`target`,`content` FROM `cmf_slide_item` WHERE  `slide_id` = 14  AND `status` = 1 ORDER BY `list_order` ASC [ RunTime:0.000291s ]
[2026-06-05T18:19:40+08:00][sql] SELECT * FROM `cmf_product_category` WHERE  `parent_id` = 0  AND `recommend` = 1 ORDER BY `list_order` ASC,`create_time` DESC [ RunTime:0.000466s ]
[2026-06-05T18:19:40+08:00][sql] SHOW FULL COLUMNS FROM `cmf_product` [ RunTime:0.001208s ]
[2026-06-05T18:19:40+08:00][sql] SELECT `id`,`title`,`thumbnail`,`industry` FROM `cmf_product` WHERE  `is_recommended` = 1  AND `category_id` = 28 ORDER BY `list_order` ASC LIMIT 6 [ RunTime:0.000479s ]
[2026-06-05T18:19:40+08:00][sql] SELECT `id`,`title`,`thumbnail`,`industry` FROM `cmf_product` WHERE  `is_recommended` = 1  AND `category_id` = 19 ORDER BY `list_order` ASC LIMIT 6 [ RunTime:0.000333s ]
[2026-06-05T18:19:40+08:00][sql] SELECT `id`,`title`,`thumbnail`,`industry` FROM `cmf_product` WHERE  `is_recommended` = 1  AND `category_id` = 23 ORDER BY `list_order` ASC LIMIT 6 [ RunTime:0.000291s ]
[2026-06-05T18:19:40+08:00][sql] SHOW FULL COLUMNS FROM `cmf_portal_post` [ RunTime:0.000968s ]
[2026-06-05T18:19:40+08:00][sql] SELECT `p`.`id`,`p`.`post_title`,`p`.`post_excerpt`,`p`.`thumbnail`,`p`.`create_time`,`c`.`category_id` FROM `cmf_portal_post` `p` INNER JOIN `cmf_portal_category_post` `c` ON `p`.`id`=`c`.`post_id` WHERE (  `p`.`post_type` = '8' ) AND `p`.`delete_time` = '0' ORDER BY `c`.`list_order` ASC,`p`.`create_time` DESC [ RunTime:0.000956s ]
[2026-06-05T18:19:40+08:00][sql] SELECT `id`,`post_title`,`post_excerpt`,`more` FROM `cmf_portal_post` WHERE (  `post_type` = 3 ) AND `cmf_portal_post`.`delete_time` = '0' ORDER BY `create_time` DESC [ RunTime:0.000412s ]
[2026-06-05T18:19:40+08:00][sql] SHOW FULL COLUMNS FROM `cmf_theme_file` [ RunTime:0.001432s ]
[2026-06-05T18:19:40+08:00][sql] SELECT `more`,`file`,`id` FROM `cmf_theme_file` WHERE  `theme` = 'simpleboot3_mobile'  AND (  `is_public` = 1 OR `file` = 'portal/index' ) ORDER BY `is_public` DESC [ RunTime:0.000405s ]
[2026-06-05T18:19:40+08:00][sql] SELECT `option_value` FROM `cmf_option` WHERE  `option_name` = 'storage' LIMIT 1 [ RunTime:0.000302s ]
[2026-06-05T18:19:41+08:00][sql] CONNECT:[ UseTime:0.001467s ] mysql:host=127.0.0.1;port=3306;dbname=weihua;charset=utf8mb4
[2026-06-05T18:19:41+08:00][sql] SHOW FULL COLUMNS FROM `cmf_option` [ RunTime:0.002019s ]
[2026-06-05T18:19:41+08:00][sql] SELECT `option_value` FROM `cmf_option` WHERE  `option_name` = 'cdn_settings' LIMIT 1 [ RunTime:0.000649s ]
[2026-06-05T18:19:41+08:00][sql] SHOW FULL COLUMNS FROM `cmf_user` [ RunTime:0.001956s ]
[2026-06-05T18:19:41+08:00][sql] SELECT * FROM `cmf_user` WHERE  `id` = 1 LIMIT 1 [ RunTime:0.000600s ]
[2026-06-05T18:19:41+08:00][sql] SELECT `option_value` FROM `cmf_option` WHERE  `option_name` = 'cdn_settings' LIMIT 1 [ RunTime:0.000249s ]
[2026-06-05T18:19:41+08:00][sql] SELECT `option_value` FROM `cmf_option` WHERE  `option_name` = 'cmf_settings' LIMIT 1 [ RunTime:0.000275s ]
[2026-06-05T18:19:41+08:00][sql] SELECT `option_value` FROM `cmf_option` WHERE  `option_name` = 'admin_settings' LIMIT 1 [ RunTime:0.000323s ]
[2026-06-05T18:19:41+08:00][sql] SELECT `option_value` FROM `cmf_option` WHERE  `option_name` = 'storage' LIMIT 1 [ RunTime:0.001104s ]
[2026-06-05T18:20:03+08:00][sql] CONNECT:[ UseTime:0.000888s ] mysql:host=127.0.0.1;port=3306;dbname=weihua;charset=utf8mb4
[2026-06-05T18:20:03+08:00][sql] SHOW FULL COLUMNS FROM `cmf_option` [ RunTime:0.001331s ]
[2026-06-05T18:20:03+08:00][sql] SELECT `option_value` FROM `cmf_option` WHERE  `option_name` = 'cdn_settings' LIMIT 1 [ RunTime:0.000275s ]
[2026-06-05T18:20:03+08:00][sql] SELECT `option_value` FROM `cmf_option` WHERE  `option_name` = 'cdn_settings' LIMIT 1 [ RunTime:0.000229s ]
[2026-06-05T18:20:03+08:00][sql] SHOW FULL COLUMNS FROM `cmf_product_category` [ RunTime:0.000854s ]
[2026-06-05T18:20:03+08:00][sql] SELECT * FROM `cmf_product_category` WHERE  `parent_id` = 0 ORDER BY `list_order` ASC,`create_time` DESC [ RunTime:0.000520s ]
[2026-06-05T18:20:03+08:00][sql] SELECT * FROM `cmf_product_category` WHERE  `parent_id` IN (28,19,22,23,25,27,30) [ RunTime:0.000383s ]
[2026-06-05T18:20:03+08:00][sql] SHOW FULL COLUMNS FROM `cmf_portal_category` [ RunTime:0.002090s ]
[2026-06-05T18:20:03+08:00][sql] SELECT * FROM `cmf_portal_category` WHERE (  `type` = 8 ) AND `cmf_portal_category`.`delete_time` = '0' ORDER BY `list_order` ASC [ RunTime:0.000483s ]
[2026-06-05T18:20:03+08:00][sql] SHOW FULL COLUMNS FROM `cmf_slide_item` [ RunTime:0.001063s ]
[2026-06-05T18:20:03+08:00][sql] SELECT `title`,`description`,`image`,`url`,`target`,`content` FROM `cmf_slide_item` WHERE  `slide_id` = 1 ORDER BY `list_order` ASC [ RunTime:0.000340s ]
[2026-06-05T18:20:03+08:00][sql] SHOW FULL COLUMNS FROM `cmf_slide` [ RunTime:0.000759s ]
[2026-06-05T18:20:03+08:00][sql] SELECT * FROM `cmf_slide` WHERE  `name` LIKE '%choose%' OR `name` LIKE '%选择%' LIMIT 1 [ RunTime:0.000363s ]
[2026-06-05T18:20:03+08:00][sql] SELECT `title`,`description`,`image`,`url`,`target`,`content` FROM `cmf_slide_item` WHERE  `slide_id` = 14  AND `status` = 1 ORDER BY `list_order` ASC [ RunTime:0.000277s ]
[2026-06-05T18:20:03+08:00][sql] SELECT * FROM `cmf_product_category` WHERE  `parent_id` = 0  AND `recommend` = 1 ORDER BY `list_order` ASC,`create_time` DESC [ RunTime:0.000278s ]
[2026-06-05T18:20:03+08:00][sql] SHOW FULL COLUMNS FROM `cmf_product` [ RunTime:0.000930s ]
[2026-06-05T18:20:03+08:00][sql] SELECT `id`,`title`,`thumbnail`,`industry` FROM `cmf_product` WHERE  `is_recommended` = 1  AND `category_id` = 28 ORDER BY `list_order` ASC LIMIT 6 [ RunTime:0.000540s ]
[2026-06-05T18:20:03+08:00][sql] SELECT `id`,`title`,`thumbnail`,`industry` FROM `cmf_product` WHERE  `is_recommended` = 1  AND `category_id` = 19 ORDER BY `list_order` ASC LIMIT 6 [ RunTime:0.000321s ]
[2026-06-05T18:20:03+08:00][sql] SELECT `id`,`title`,`thumbnail`,`industry` FROM `cmf_product` WHERE  `is_recommended` = 1  AND `category_id` = 23 ORDER BY `list_order` ASC LIMIT 6 [ RunTime:0.000334s ]
[2026-06-05T18:20:03+08:00][sql] SHOW FULL COLUMNS FROM `cmf_portal_post` [ RunTime:0.002657s ]
[2026-06-05T18:20:03+08:00][sql] SELECT `p`.`id`,`p`.`post_title`,`p`.`post_excerpt`,`p`.`thumbnail`,`p`.`create_time`,`c`.`category_id` FROM `cmf_portal_post` `p` INNER JOIN `cmf_portal_category_post` `c` ON `p`.`id`=`c`.`post_id` WHERE (  `p`.`post_type` = '8' ) AND `p`.`delete_time` = '0' ORDER BY `c`.`list_order` ASC,`p`.`create_time` DESC [ RunTime:0.000789s ]
[2026-06-05T18:20:03+08:00][sql] SELECT `id`,`post_title`,`post_excerpt`,`more` FROM `cmf_portal_post` WHERE (  `post_type` = 3 ) AND `cmf_portal_post`.`delete_time` = '0' ORDER BY `create_time` DESC [ RunTime:0.000438s ]
[2026-06-05T18:20:03+08:00][sql] SHOW FULL COLUMNS FROM `cmf_theme_file` [ RunTime:0.000831s ]
[2026-06-05T18:20:03+08:00][sql] SELECT `more`,`file`,`id` FROM `cmf_theme_file` WHERE  `theme` = 'simpleboot3_mobile'  AND (  `is_public` = 1 OR `file` = 'portal/index' ) ORDER BY `is_public` DESC [ RunTime:0.000317s ]
[2026-06-05T18:20:03+08:00][sql] SELECT `option_value` FROM `cmf_option` WHERE  `option_name` = 'storage' LIMIT 1 [ RunTime:0.000223s ]
[2026-06-05T18:20:22+08:00][sql] CONNECT:[ UseTime:0.014148s ] mysql:host=127.0.0.1;port=3306;dbname=weihua;charset=utf8mb4
[2026-06-05T18:20:22+08:00][sql] SHOW FULL COLUMNS FROM `cmf_option` [ RunTime:0.001191s ]
[2026-06-05T18:20:22+08:00][sql] SELECT `option_value` FROM `cmf_option` WHERE  `option_name` = 'cdn_settings' LIMIT 1 [ RunTime:0.000283s ]
[2026-06-05T18:20:22+08:00][sql] SELECT `option_value` FROM `cmf_option` WHERE  `option_name` = 'cdn_settings' LIMIT 1 [ RunTime:0.000378s ]
[2026-06-05T18:20:22+08:00][sql] SHOW FULL COLUMNS FROM `cmf_product_category` [ RunTime:0.000896s ]
[2026-06-05T18:20:22+08:00][sql] SELECT * FROM `cmf_product_category` WHERE  `parent_id` = 0 ORDER BY `list_order` ASC,`create_time` DESC [ RunTime:0.000429s ]
[2026-06-05T18:20:22+08:00][sql] SELECT * FROM `cmf_product_category` WHERE  `parent_id` IN (28,19,22,23,25,27,30) [ RunTime:0.000250s ]
[2026-06-05T18:20:22+08:00][sql] SHOW FULL COLUMNS FROM `cmf_portal_category` [ RunTime:0.000816s ]
[2026-06-05T18:20:22+08:00][sql] SELECT * FROM `cmf_portal_category` WHERE (  `type` = 8 ) AND `cmf_portal_category`.`delete_time` = '0' ORDER BY `list_order` ASC [ RunTime:0.000362s ]
[2026-06-05T18:20:22+08:00][sql] SHOW FULL COLUMNS FROM `cmf_slide_item` [ RunTime:0.001062s ]
[2026-06-05T18:20:22+08:00][sql] SELECT `title`,`description`,`image`,`url`,`target`,`content` FROM `cmf_slide_item` WHERE  `slide_id` = 1 ORDER BY `list_order` ASC [ RunTime:0.000615s ]
[2026-06-05T18:20:22+08:00][sql] SHOW FULL COLUMNS FROM `cmf_slide` [ RunTime:0.000820s ]
[2026-06-05T18:20:22+08:00][sql] SELECT * FROM `cmf_slide` WHERE  `name` LIKE '%choose%' OR `name` LIKE '%选择%' LIMIT 1 [ RunTime:0.000390s ]
[2026-06-05T18:20:22+08:00][sql] SELECT `title`,`description`,`image`,`url`,`target`,`content` FROM `cmf_slide_item` WHERE  `slide_id` = 14  AND `status` = 1 ORDER BY `list_order` ASC [ RunTime:0.000263s ]
[2026-06-05T18:20:22+08:00][sql] SELECT * FROM `cmf_product_category` WHERE  `parent_id` = 0  AND `recommend` = 1 ORDER BY `list_order` ASC,`create_time` DESC [ RunTime:0.000292s ]
[2026-06-05T18:20:22+08:00][sql] SHOW FULL COLUMNS FROM `cmf_product` [ RunTime:0.001300s ]
[2026-06-05T18:20:22+08:00][sql] SELECT `id`,`title`,`thumbnail`,`industry` FROM `cmf_product` WHERE  `is_recommended` = 1  AND `category_id` = 28 ORDER BY `list_order` ASC LIMIT 6 [ RunTime:0.000832s ]
[2026-06-05T18:20:22+08:00][sql] SELECT `id`,`title`,`thumbnail`,`industry` FROM `cmf_product` WHERE  `is_recommended` = 1  AND `category_id` = 19 ORDER BY `list_order` ASC LIMIT 6 [ RunTime:0.000585s ]
[2026-06-05T18:20:22+08:00][sql] SELECT `id`,`title`,`thumbnail`,`industry` FROM `cmf_product` WHERE  `is_recommended` = 1  AND `category_id` = 23 ORDER BY `list_order` ASC LIMIT 6 [ RunTime:0.000359s ]
[2026-06-05T18:20:22+08:00][sql] SHOW FULL COLUMNS FROM `cmf_portal_post` [ RunTime:0.001374s ]
[2026-06-05T18:20:22+08:00][sql] SELECT `p`.`id`,`p`.`post_title`,`p`.`post_excerpt`,`p`.`thumbnail`,`p`.`create_time`,`c`.`category_id` FROM `cmf_portal_post` `p` INNER JOIN `cmf_portal_category_post` `c` ON `p`.`id`=`c`.`post_id` WHERE (  `p`.`post_type` = '8' ) AND `p`.`delete_time` = '0' ORDER BY `c`.`list_order` ASC,`p`.`create_time` DESC [ RunTime:0.000725s ]
[2026-06-05T18:20:22+08:00][sql] SELECT `id`,`post_title`,`post_excerpt`,`more` FROM `cmf_portal_post` WHERE (  `post_type` = 3 ) AND `cmf_portal_post`.`delete_time` = '0' ORDER BY `create_time` DESC [ RunTime:0.000321s ]
[2026-06-05T18:20:22+08:00][sql] SHOW FULL COLUMNS FROM `cmf_theme_file` [ RunTime:0.001080s ]
[2026-06-05T18:20:22+08:00][sql] SELECT `more`,`file`,`id` FROM `cmf_theme_file` WHERE  `theme` = 'simpleboot3'  AND (  `is_public` = 1 OR `file` = 'portal/index' ) ORDER BY `is_public` DESC [ RunTime:0.000646s ]
[2026-06-05T18:20:22+08:00][sql] SELECT `option_value` FROM `cmf_option` WHERE  `option_name` = 'storage' LIMIT 1 [ RunTime:0.000440s ]
[2026-06-05T18:20:37+08:00][sql] CONNECT:[ UseTime:0.001104s ] mysql:host=127.0.0.1;port=3306;dbname=weihua;charset=utf8mb4
[2026-06-05T18:20:37+08:00][sql] SHOW FULL COLUMNS FROM `cmf_option` [ RunTime:0.001515s ]
[2026-06-05T18:20:37+08:00][sql] SELECT `option_value` FROM `cmf_option` WHERE  `option_name` = 'cdn_settings' LIMIT 1 [ RunTime:0.000334s ]
[2026-06-05T18:20:37+08:00][sql] SELECT `option_value` FROM `cmf_option` WHERE  `option_name` = 'cdn_settings' LIMIT 1 [ RunTime:0.000553s ]
[2026-06-05T18:20:37+08:00][sql] SHOW FULL COLUMNS FROM `cmf_product_category` [ RunTime:0.001556s ]
[2026-06-05T18:20:37+08:00][sql] SELECT * FROM `cmf_product_category` WHERE  `parent_id` = 0 ORDER BY `list_order` ASC,`create_time` DESC [ RunTime:0.000741s ]
[2026-06-05T18:20:37+08:00][sql] SELECT * FROM `cmf_product_category` WHERE  `parent_id` IN (28,19,22,23,25,27,30) [ RunTime:0.000390s ]
[2026-06-05T18:20:37+08:00][sql] SHOW FULL COLUMNS FROM `cmf_portal_category` [ RunTime:0.001476s ]
[2026-06-05T18:20:37+08:00][sql] SELECT * FROM `cmf_portal_category` WHERE (  `type` = 8 ) AND `cmf_portal_category`.`delete_time` = '0' ORDER BY `list_order` ASC [ RunTime:0.000528s ]
[2026-06-05T18:20:37+08:00][sql] SHOW FULL COLUMNS FROM `cmf_slide_item` [ RunTime:0.001177s ]
[2026-06-05T18:20:37+08:00][sql] SELECT `title`,`description`,`image`,`url`,`target`,`content` FROM `cmf_slide_item` WHERE  `slide_id` = 1 ORDER BY `list_order` ASC [ RunTime:0.000487s ]
[2026-06-05T18:20:37+08:00][sql] SHOW FULL COLUMNS FROM `cmf_slide` [ RunTime:0.000962s ]
[2026-06-05T18:20:37+08:00][sql] SELECT * FROM `cmf_slide` WHERE  `name` LIKE '%choose%' OR `name` LIKE '%选择%' LIMIT 1 [ RunTime:0.000523s ]
[2026-06-05T18:20:37+08:00][sql] SELECT `title`,`description`,`image`,`url`,`target`,`content` FROM `cmf_slide_item` WHERE  `slide_id` = 14  AND `status` = 1 ORDER BY `list_order` ASC [ RunTime:0.000325s ]
[2026-06-05T18:20:37+08:00][sql] SELECT * FROM `cmf_product_category` WHERE  `parent_id` = 0  AND `recommend` = 1 ORDER BY `list_order` ASC,`create_time` DESC [ RunTime:0.000336s ]
[2026-06-05T18:20:37+08:00][sql] SHOW FULL COLUMNS FROM `cmf_product` [ RunTime:0.000973s ]
[2026-06-05T18:20:37+08:00][sql] SELECT `id`,`title`,`thumbnail`,`industry` FROM `cmf_product` WHERE  `is_recommended` = 1  AND `category_id` = 28 ORDER BY `list_order` ASC LIMIT 6 [ RunTime:0.000547s ]
[2026-06-05T18:20:37+08:00][sql] SELECT `id`,`title`,`thumbnail`,`industry` FROM `cmf_product` WHERE  `is_recommended` = 1  AND `category_id` = 19 ORDER BY `list_order` ASC LIMIT 6 [ RunTime:0.000404s ]
[2026-06-05T18:20:37+08:00][sql] SELECT `id`,`title`,`thumbnail`,`industry` FROM `cmf_product` WHERE  `is_recommended` = 1  AND `category_id` = 23 ORDER BY `list_order` ASC LIMIT 6 [ RunTime:0.000313s ]
[2026-06-05T18:20:37+08:00][sql] SHOW FULL COLUMNS FROM `cmf_portal_post` [ RunTime:0.001312s ]
[2026-06-05T18:20:37+08:00][sql] SELECT `p`.`id`,`p`.`post_title`,`p`.`post_excerpt`,`p`.`thumbnail`,`p`.`create_time`,`c`.`category_id` FROM `cmf_portal_post` `p` INNER JOIN `cmf_portal_category_post` `c` ON `p`.`id`=`c`.`post_id` WHERE (  `p`.`post_type` = '8' ) AND `p`.`delete_time` = '0' ORDER BY `c`.`list_order` ASC,`p`.`create_time` DESC [ RunTime:0.000730s ]
[2026-06-05T18:20:37+08:00][sql] SELECT `id`,`post_title`,`post_excerpt`,`more` FROM `cmf_portal_post` WHERE (  `post_type` = 3 ) AND `cmf_portal_post`.`delete_time` = '0' ORDER BY `create_time` DESC [ RunTime:0.000343s ]
[2026-06-05T18:20:37+08:00][sql] SHOW FULL COLUMNS FROM `cmf_theme_file` [ RunTime:0.000810s ]
[2026-06-05T18:20:37+08:00][sql] SELECT `more`,`file`,`id` FROM `cmf_theme_file` WHERE  `theme` = 'simpleboot3_mobile'  AND (  `is_public` = 1 OR `file` = 'portal/index' ) ORDER BY `is_public` DESC [ RunTime:0.000394s ]
[2026-06-05T18:20:37+08:00][sql] SELECT `option_value` FROM `cmf_option` WHERE  `option_name` = 'storage' LIMIT 1 [ RunTime:0.000443s ]
[2026-06-05T18:22:13+08:00][sql] CONNECT:[ UseTime:0.002103s ] mysql:host=127.0.0.1;port=3306;dbname=weihua;charset=utf8mb4
[2026-06-05T18:22:13+08:00][sql] SHOW FULL COLUMNS FROM `cmf_option` [ RunTime:0.003408s ]
[2026-06-05T18:22:13+08:00][sql] SELECT `option_value` FROM `cmf_option` WHERE  `option_name` = 'cdn_settings' LIMIT 1 [ RunTime:0.000564s ]
[2026-06-05T18:22:13+08:00][sql] SELECT `option_value` FROM `cmf_option` WHERE  `option_name` = 'cdn_settings' LIMIT 1 [ RunTime:0.000684s ]
[2026-06-05T18:22:13+08:00][sql] SHOW FULL COLUMNS FROM `cmf_product_category` [ RunTime:0.001516s ]
[2026-06-05T18:22:13+08:00][sql] SELECT * FROM `cmf_product_category` WHERE  `parent_id` = 0 ORDER BY `list_order` ASC,`create_time` DESC [ RunTime:0.000628s ]
[2026-06-05T18:22:13+08:00][sql] SELECT * FROM `cmf_product_category` WHERE  `parent_id` IN (28,19,22,23,25,27,30) [ RunTime:0.000866s ]
[2026-06-05T18:22:13+08:00][sql] SHOW FULL COLUMNS FROM `cmf_portal_category` [ RunTime:0.002900s ]
[2026-06-05T18:22:13+08:00][sql] SELECT * FROM `cmf_portal_category` WHERE (  `type` = 8 ) AND `cmf_portal_category`.`delete_time` = '0' ORDER BY `list_order` ASC [ RunTime:0.001032s ]
[2026-06-05T18:22:13+08:00][sql] SHOW FULL COLUMNS FROM `cmf_slide_item` [ RunTime:0.002202s ]
[2026-06-05T18:22:13+08:00][sql] SELECT `title`,`description`,`image`,`url`,`target`,`content` FROM `cmf_slide_item` WHERE  `slide_id` = 1 ORDER BY `list_order` ASC [ RunTime:0.001145s ]
[2026-06-05T18:22:13+08:00][sql] SHOW FULL COLUMNS FROM `cmf_slide` [ RunTime:0.001621s ]
[2026-06-05T18:22:13+08:00][sql] SELECT * FROM `cmf_slide` WHERE  `name` LIKE '%choose%' OR `name` LIKE '%选择%' LIMIT 1 [ RunTime:0.000741s ]
[2026-06-05T18:22:13+08:00][sql] SELECT `title`,`description`,`image`,`url`,`target`,`content` FROM `cmf_slide_item` WHERE  `slide_id` = 14  AND `status` = 1 ORDER BY `list_order` ASC [ RunTime:0.000625s ]
[2026-06-05T18:22:13+08:00][sql] SELECT * FROM `cmf_product_category` WHERE  `parent_id` = 0  AND `recommend` = 1 ORDER BY `list_order` ASC,`create_time` DESC [ RunTime:0.000647s ]
[2026-06-05T18:22:13+08:00][sql] SHOW FULL COLUMNS FROM `cmf_product` [ RunTime:0.001487s ]
[2026-06-05T18:22:13+08:00][sql] SELECT `id`,`title`,`thumbnail`,`industry` FROM `cmf_product` WHERE  `is_recommended` = 1  AND `category_id` = 28 ORDER BY `list_order` ASC LIMIT 6 [ RunTime:0.000746s ]
[2026-06-05T18:22:13+08:00][sql] SELECT `id`,`title`,`thumbnail`,`industry` FROM `cmf_product` WHERE  `is_recommended` = 1  AND `category_id` = 19 ORDER BY `list_order` ASC LIMIT 6 [ RunTime:0.000488s ]
[2026-06-05T18:22:13+08:00][sql] SELECT `id`,`title`,`thumbnail`,`industry` FROM `cmf_product` WHERE  `is_recommended` = 1  AND `category_id` = 23 ORDER BY `list_order` ASC LIMIT 6 [ RunTime:0.000376s ]
[2026-06-05T18:22:13+08:00][sql] SHOW FULL COLUMNS FROM `cmf_portal_post` [ RunTime:0.001540s ]
[2026-06-05T18:22:13+08:00][sql] SELECT `p`.`id`,`p`.`post_title`,`p`.`post_excerpt`,`p`.`thumbnail`,`p`.`create_time`,`c`.`category_id` FROM `cmf_portal_post` `p` INNER JOIN `cmf_portal_category_post` `c` ON `p`.`id`=`c`.`post_id` WHERE (  `p`.`post_type` = '8' ) AND `p`.`delete_time` = '0' ORDER BY `c`.`list_order` ASC,`p`.`create_time` DESC [ RunTime:0.001269s ]
[2026-06-05T18:22:13+08:00][sql] SELECT `id`,`post_title`,`post_excerpt`,`more` FROM `cmf_portal_post` WHERE (  `post_type` = 3 ) AND `cmf_portal_post`.`delete_time` = '0' ORDER BY `create_time` DESC [ RunTime:0.000424s ]
[2026-06-05T18:22:13+08:00][sql] SHOW FULL COLUMNS FROM `cmf_theme_file` [ RunTime:0.001284s ]
[2026-06-05T18:22:13+08:00][sql] SELECT `more`,`file`,`id` FROM `cmf_theme_file` WHERE  `theme` = 'simpleboot3_mobile'  AND (  `is_public` = 1 OR `file` = 'portal/index' ) ORDER BY `is_public` DESC [ RunTime:0.000782s ]
[2026-06-05T18:22:13+08:00][sql] SELECT `option_value` FROM `cmf_option` WHERE  `option_name` = 'storage' LIMIT 1 [ RunTime:0.000477s ]
[2026-06-05T18:22:15+08:00][sql] CONNECT:[ UseTime:0.001230s ] mysql:host=127.0.0.1;port=3306;dbname=weihua;charset=utf8mb4
[2026-06-05T18:22:15+08:00][sql] SHOW FULL COLUMNS FROM `cmf_option` [ RunTime:0.002374s ]
[2026-06-05T18:22:15+08:00][sql] SELECT `option_value` FROM `cmf_option` WHERE  `option_name` = 'cdn_settings' LIMIT 1 [ RunTime:0.000335s ]
[2026-06-05T18:22:15+08:00][sql] SELECT `option_value` FROM `cmf_option` WHERE  `option_name` = 'cdn_settings' LIMIT 1 [ RunTime:0.000268s ]
[2026-06-05T18:22:15+08:00][sql] SHOW FULL COLUMNS FROM `cmf_product_category` [ RunTime:0.000989s ]
[2026-06-05T18:22:15+08:00][sql] SELECT * FROM `cmf_product_category` WHERE  `parent_id` = 0 ORDER BY `list_order` ASC,`create_time` DESC [ RunTime:0.000264s ]
[2026-06-05T18:22:15+08:00][sql] SELECT * FROM `cmf_product_category` WHERE  `parent_id` IN (28,19,22,23,25,27,30) [ RunTime:0.000262s ]
[2026-06-05T18:22:15+08:00][sql] SHOW FULL COLUMNS FROM `cmf_portal_category` [ RunTime:0.001089s ]
[2026-06-05T18:22:15+08:00][sql] SELECT * FROM `cmf_portal_category` WHERE (  `type` = 8 ) AND `cmf_portal_category`.`delete_time` = '0' ORDER BY `list_order` ASC [ RunTime:0.000458s ]
[2026-06-05T18:22:15+08:00][sql] SHOW FULL COLUMNS FROM `cmf_slide_item` [ RunTime:0.002368s ]
[2026-06-05T18:22:15+08:00][sql] SELECT `title`,`description`,`image`,`url`,`target`,`content` FROM `cmf_slide_item` WHERE  `slide_id` = 1 ORDER BY `list_order` ASC [ RunTime:0.000495s ]
[2026-06-05T18:22:15+08:00][sql] SHOW FULL COLUMNS FROM `cmf_slide` [ RunTime:0.001076s ]
[2026-06-05T18:22:15+08:00][sql] SELECT * FROM `cmf_slide` WHERE  `name` LIKE '%choose%' OR `name` LIKE '%选择%' LIMIT 1 [ RunTime:0.000272s ]
[2026-06-05T18:22:15+08:00][sql] SELECT `title`,`description`,`image`,`url`,`target`,`content` FROM `cmf_slide_item` WHERE  `slide_id` = 14  AND `status` = 1 ORDER BY `list_order` ASC [ RunTime:0.000301s ]
[2026-06-05T18:22:15+08:00][sql] SELECT * FROM `cmf_product_category` WHERE  `parent_id` = 0  AND `recommend` = 1 ORDER BY `list_order` ASC,`create_time` DESC [ RunTime:0.000300s ]
[2026-06-05T18:22:15+08:00][sql] SHOW FULL COLUMNS FROM `cmf_product` [ RunTime:0.001244s ]
[2026-06-05T18:22:15+08:00][sql] SELECT `id`,`title`,`thumbnail`,`industry` FROM `cmf_product` WHERE  `is_recommended` = 1  AND `category_id` = 28 ORDER BY `list_order` ASC LIMIT 6 [ RunTime:0.000445s ]
[2026-06-05T18:22:15+08:00][sql] SELECT `id`,`title`,`thumbnail`,`industry` FROM `cmf_product` WHERE  `is_recommended` = 1  AND `category_id` = 19 ORDER BY `list_order` ASC LIMIT 6 [ RunTime:0.000325s ]
[2026-06-05T18:22:15+08:00][sql] SELECT `id`,`title`,`thumbnail`,`industry` FROM `cmf_product` WHERE  `is_recommended` = 1  AND `category_id` = 23 ORDER BY `list_order` ASC LIMIT 6 [ RunTime:0.000355s ]
[2026-06-05T18:22:15+08:00][sql] SHOW FULL COLUMNS FROM `cmf_portal_post` [ RunTime:0.001021s ]
[2026-06-05T18:22:15+08:00][sql] SELECT `p`.`id`,`p`.`post_title`,`p`.`post_excerpt`,`p`.`thumbnail`,`p`.`create_time`,`c`.`category_id` FROM `cmf_portal_post` `p` INNER JOIN `cmf_portal_category_post` `c` ON `p`.`id`=`c`.`post_id` WHERE (  `p`.`post_type` = '8' ) AND `p`.`delete_time` = '0' ORDER BY `c`.`list_order` ASC,`p`.`create_time` DESC [ RunTime:0.000509s ]
[2026-06-05T18:22:15+08:00][sql] SELECT `id`,`post_title`,`post_excerpt`,`more` FROM `cmf_portal_post` WHERE (  `post_type` = 3 ) AND `cmf_portal_post`.`delete_time` = '0' ORDER BY `create_time` DESC [ RunTime:0.000354s ]
[2026-06-05T18:22:15+08:00][sql] SHOW FULL COLUMNS FROM `cmf_theme_file` [ RunTime:0.001209s ]
[2026-06-05T18:22:15+08:00][sql] SELECT `more`,`file`,`id` FROM `cmf_theme_file` WHERE  `theme` = 'simpleboot3'  AND (  `is_public` = 1 OR `file` = 'portal/index' ) ORDER BY `is_public` DESC [ RunTime:0.000294s ]
[2026-06-05T18:22:15+08:00][sql] SELECT `option_value` FROM `cmf_option` WHERE  `option_name` = 'storage' LIMIT 1 [ RunTime:0.000402s ]
[2026-06-05T18:24:56+08:00][sql] CONNECT:[ UseTime:0.000771s ] mysql:host=127.0.0.1;port=3306;dbname=weihua;charset=utf8mb4
[2026-06-05T18:24:56+08:00][sql] SHOW FULL COLUMNS FROM `cmf_option` [ RunTime:0.001224s ]
[2026-06-05T18:24:56+08:00][sql] SELECT `option_value` FROM `cmf_option` WHERE  `option_name` = 'cdn_settings' LIMIT 1 [ RunTime:0.000284s ]
[2026-06-05T18:24:57+08:00][sql] CONNECT:[ UseTime:0.001167s ] mysql:host=127.0.0.1;port=3306;dbname=weihua;charset=utf8mb4
[2026-06-05T18:24:57+08:00][sql] SHOW FULL COLUMNS FROM `cmf_option` [ RunTime:0.001103s ]
[2026-06-05T18:24:57+08:00][sql] SELECT `option_value` FROM `cmf_option` WHERE  `option_name` = 'cdn_settings' LIMIT 1 [ RunTime:0.000235s ]
[2026-06-05T18:25:13+08:00][sql] CONNECT:[ UseTime:0.000894s ] mysql:host=127.0.0.1;port=3306;dbname=weihua;charset=utf8mb4
[2026-06-05T18:25:13+08:00][sql] SHOW FULL COLUMNS FROM `cmf_option` [ RunTime:0.001408s ]
[2026-06-05T18:25:13+08:00][sql] SELECT `option_value` FROM `cmf_option` WHERE  `option_name` = 'cdn_settings' LIMIT 1 [ RunTime:0.000273s ]
[2026-06-05T18:25:13+08:00][sql] SHOW FULL COLUMNS FROM `cmf_user` [ RunTime:0.001731s ]
[2026-06-05T18:25:13+08:00][sql] SELECT * FROM `cmf_user` WHERE  `user_login` = 'antop002' LIMIT 1 [ RunTime:0.000624s ]
[2026-06-05T18:25:13+08:00][sql] SHOW FULL COLUMNS FROM `cmf_role_user` [ RunTime:0.001031s ]
[2026-06-05T18:25:13+08:00][sql] SELECT `role_id` FROM `cmf_role_user` `a` INNER JOIN `cmf_role` `b` ON `a`.`role_id`=`b`.`id` WHERE  `user_id` = 1  AND `status` = '1' LIMIT 1 [ RunTime:0.000651s ]
[2026-06-05T18:25:13+08:00][sql] SHOW FULL COLUMNS FROM `cmf_user_token` [ RunTime:0.001018s ]
[2026-06-05T18:25:13+08:00][sql] SELECT * FROM `cmf_user_token` WHERE  `user_id` = 1  AND `device_type` = 'web' LIMIT 1 [ RunTime:0.000344s ]
[2026-06-05T18:25:13+08:00][sql] UPDATE `cmf_user`  SET `last_login_ip` = '::1' , `last_login_time` = 1780655113  WHERE  `id` = 1 [ RunTime:0.002700s ]
[2026-06-05T18:25:15+08:00][sql] CONNECT:[ UseTime:0.001597s ] mysql:host=127.0.0.1;port=3306;dbname=weihua;charset=utf8mb4
[2026-06-05T18:25:15+08:00][sql] SHOW FULL COLUMNS FROM `cmf_option` [ RunTime:0.001117s ]
[2026-06-05T18:25:15+08:00][sql] SELECT `option_value` FROM `cmf_option` WHERE  `option_name` = 'cdn_settings' LIMIT 1 [ RunTime:0.000376s ]
[2026-06-05T18:25:15+08:00][sql] SHOW FULL COLUMNS FROM `cmf_user` [ RunTime:0.001226s ]
[2026-06-05T18:25:15+08:00][sql] SELECT * FROM `cmf_user` WHERE  `id` = 1 LIMIT 1 [ RunTime:0.000572s ]
[2026-06-05T18:25:15+08:00][sql] SHOW FULL COLUMNS FROM `cmf_admin_menu` [ RunTime:0.000933s ]
[2026-06-05T18:25:15+08:00][sql] SELECT * FROM `cmf_admin_menu` ORDER BY `app` ASC,`controller` ASC,`action` ASC [ RunTime:0.000972s ]
[2026-06-05T18:25:15+08:00][sql] CONNECT:[ UseTime:0.001427s ] mysql:host=127.0.0.1;port=3306;dbname=weihua;charset=utf8mb4
[2026-06-05T18:25:15+08:00][sql] SHOW FULL COLUMNS FROM `cmf_option` [ RunTime:0.001578s ]
[2026-06-05T18:25:15+08:00][sql] SELECT `option_value` FROM `cmf_option` WHERE  `option_name` = 'cdn_settings' LIMIT 1 [ RunTime:0.000362s ]
[2026-06-05T18:25:15+08:00][sql] SHOW FULL COLUMNS FROM `cmf_user` [ RunTime:0.001400s ]
[2026-06-05T18:25:15+08:00][sql] SELECT * FROM `cmf_user` WHERE  `id` = 1 LIMIT 1 [ RunTime:0.000500s ]
[2026-06-05T18:25:15+08:00][sql] SELECT `option_value` FROM `cmf_option` WHERE  `option_name` = 'cdn_settings' LIMIT 1 [ RunTime:0.000214s ]
[2026-06-05T18:25:15+08:00][sql] SELECT `option_value` FROM `cmf_option` WHERE  `option_name` = 'cmf_settings' LIMIT 1 [ RunTime:0.000195s ]
[2026-06-05T18:25:15+08:00][sql] SELECT `option_value` FROM `cmf_option` WHERE  `option_name` = 'storage' LIMIT 1 [ RunTime:0.000426s ]
[2026-06-05T18:26:09+08:00][sql] CONNECT:[ UseTime:0.000792s ] mysql:host=127.0.0.1;port=3306;dbname=weihua;charset=utf8mb4
[2026-06-05T18:26:09+08:00][sql] SHOW FULL COLUMNS FROM `cmf_option` [ RunTime:0.001488s ]
[2026-06-05T18:26:09+08:00][sql] SELECT `option_value` FROM `cmf_option` WHERE  `option_name` = 'cdn_settings' LIMIT 1 [ RunTime:0.000361s ]
[2026-06-05T18:26:09+08:00][sql] SHOW FULL COLUMNS FROM `cmf_user` [ RunTime:0.001387s ]
[2026-06-05T18:26:09+08:00][sql] SELECT * FROM `cmf_user` WHERE  `id` = 1 LIMIT 1 [ RunTime:0.000410s ]
[2026-06-05T18:26:09+08:00][sql] SELECT * FROM `cmf_option` WHERE  `option_name` = 'site_info' LIMIT 1 [ RunTime:0.000298s ]
[2026-06-05T18:26:09+08:00][sql] UPDATE `cmf_option`  SET `option_value` = '{\"site_name\":\"weihua\",\"site_seo_title\":\"Weihua Crane | Reliable Overhead and Gantry Crane Supplier &amp; Exporter\",\"site_seo_keywords\":\"Weihua Crane, overhead crane, gantry crane, crane manufacturer, lifting solutions\",\"site_seo_description\":\"Weihua Crane, founded in 1988, is a world-leading crane manufacturer supplying overhead cranes, gantry cranes, hoists, crane parts and intelligent lifting solutions. Products exported to 170+ countries with CE, ISO certifications.\",\"sale_tel\":\"tel\",\"email\":\"sales01@weihuahenancrane.com\",\"whatsapp\":\"86-18836195358\",\"web_site\":\"\",\"address\":\"Changnao Industrial Park, Xinxiang, Henan, China (Mainland)\",\"facebook\":\"https:\\/\\/www.facebook.com\\/weihuasmartcrane\",\"youtube\":\"https:\\/\\/www.youtube.com\\/@WeihuaSmartCrane\\/shorts\",\"linkedin\":\"\",\"map\":\"\",\"salesiq\":\"&lt;!--Start of Tawk.to Script--&gt;\\r\\n&lt;script type=&quot;text\\/javascript&quot;&gt;\\r\\nvar Tawk_API=Tawk_API||{}, Tawk_LoadStart=new Date();\\r\\n(function(){\\r\\nvar s1=document.createElement(&quot;script&quot;),s0=document.getElementsByTagName(&quot;script&quot;)[0];\\r\\ns1.async=true;\\r\\ns1.src=&#039;https:\\/\\/embed.tawk.to\\/6a0d7aa777f0641c3293d590\\/1jp2ae7ql&#039;;\\r\\ns1.charset=&#039;UTF-8&#039;;\\r\\ns1.setAttribute(&#039;crossorigin&#039;,&#039;*&#039;);\\r\\ns0.parentNode.insertBefore(s1,s0);\\r\\n})();\\r\\n&lt;\\/script&gt;\\r\\n&lt;!--End of Tawk.to Script--&gt;\",\"google_analytics\":\"\",\"microsoft_clarity\":\"\",\"wechat\":\"wechat\",\"vk\":\"https:\\/\\/vk.com\\/weihua_crane\",\"google_head\":\"\",\"google_body\":\"\"}'  WHERE  `option_name` = 'site_info' [ RunTime:0.003501s ]
[2026-06-05T18:26:09+08:00][sql] SHOW FULL COLUMNS FROM `cmf_route` [ RunTime:0.001101s ]
[2026-06-05T18:26:09+08:00][sql] DELETE FROM `cmf_route` WHERE  `full_url` = 'admin/Index/index' [ RunTime:0.000532s ]
[2026-06-05T18:26:09+08:00][sql] SELECT * FROM `cmf_route` WHERE  `status` = 1 ORDER BY `list_order` ASC [ RunTime:0.000518s ]
[2026-06-05T18:26:09+08:00][sql] SELECT * FROM `cmf_option` WHERE  `option_name` = 'admin_settings' LIMIT 1 [ RunTime:0.000627s ]
[2026-06-05T18:26:09+08:00][sql] UPDATE `cmf_option`  SET `option_value` = '{\"admin_password\":\"\"}'  WHERE  `option_name` = 'admin_settings' [ RunTime:0.000403s ]
[2026-06-05T18:26:11+08:00][sql] CONNECT:[ UseTime:0.001271s ] mysql:host=127.0.0.1;port=3306;dbname=weihua;charset=utf8mb4
[2026-06-05T18:26:11+08:00][sql] SHOW FULL COLUMNS FROM `cmf_option` [ RunTime:0.001654s ]
[2026-06-05T18:26:11+08:00][sql] SELECT `option_value` FROM `cmf_option` WHERE  `option_name` = 'cdn_settings' LIMIT 1 [ RunTime:0.000358s ]
[2026-06-05T18:26:11+08:00][sql] SHOW FULL COLUMNS FROM `cmf_user` [ RunTime:0.001301s ]
[2026-06-05T18:26:11+08:00][sql] SELECT * FROM `cmf_user` WHERE  `id` = 1 LIMIT 1 [ RunTime:0.000407s ]
[2026-06-05T18:26:11+08:00][sql] SELECT `option_value` FROM `cmf_option` WHERE  `option_name` = 'cdn_settings' LIMIT 1 [ RunTime:0.000252s ]
[2026-06-05T18:26:11+08:00][sql] SELECT `option_value` FROM `cmf_option` WHERE  `option_name` = 'cmf_settings' LIMIT 1 [ RunTime:0.000217s ]
[2026-06-05T18:26:11+08:00][sql] SELECT `option_value` FROM `cmf_option` WHERE  `option_name` = 'admin_settings' LIMIT 1 [ RunTime:0.000286s ]
[2026-06-05T18:26:11+08:00][sql] SELECT `option_value` FROM `cmf_option` WHERE  `option_name` = 'site_info' LIMIT 1 [ RunTime:0.000540s ]
[2026-06-05T18:26:11+08:00][sql] SELECT `option_value` FROM `cmf_option` WHERE  `option_name` = 'storage' LIMIT 1 [ RunTime:0.000448s ]
[2026-06-05T18:26:13+08:00][sql] CONNECT:[ UseTime:0.000847s ] mysql:host=127.0.0.1;port=3306;dbname=weihua;charset=utf8mb4
[2026-06-05T18:26:13+08:00][sql] SHOW FULL COLUMNS FROM `cmf_option` [ RunTime:0.001380s ]
[2026-06-05T18:26:13+08:00][sql] SELECT `option_value` FROM `cmf_option` WHERE  `option_name` = 'cdn_settings' LIMIT 1 [ RunTime:0.000316s ]
[2026-06-05T18:26:13+08:00][sql] SELECT `option_value` FROM `cmf_option` WHERE  `option_name` = 'cdn_settings' LIMIT 1 [ RunTime:0.000580s ]
[2026-06-05T18:26:13+08:00][sql] SHOW FULL COLUMNS FROM `cmf_product_category` [ RunTime:0.001381s ]
[2026-06-05T18:26:13+08:00][sql] SELECT * FROM `cmf_product_category` WHERE  `parent_id` = 0 ORDER BY `list_order` ASC,`create_time` DESC [ RunTime:0.000547s ]
[2026-06-05T18:26:13+08:00][sql] SELECT * FROM `cmf_product_category` WHERE  `parent_id` IN (28,19,22,23,25,27,30) [ RunTime:0.000386s ]
[2026-06-05T18:26:13+08:00][sql] SHOW FULL COLUMNS FROM `cmf_portal_category` [ RunTime:0.001123s ]
[2026-06-05T18:26:13+08:00][sql] SELECT * FROM `cmf_portal_category` WHERE (  `type` = 8 ) AND `cmf_portal_category`.`delete_time` = '0' ORDER BY `list_order` ASC [ RunTime:0.000474s ]
[2026-06-05T18:26:13+08:00][sql] SHOW FULL COLUMNS FROM `cmf_slide_item` [ RunTime:0.001087s ]
[2026-06-05T18:26:13+08:00][sql] SELECT `title`,`description`,`image`,`url`,`target`,`content` FROM `cmf_slide_item` WHERE  `slide_id` = 1 ORDER BY `list_order` ASC [ RunTime:0.000453s ]
[2026-06-05T18:26:13+08:00][sql] SHOW FULL COLUMNS FROM `cmf_slide` [ RunTime:0.001236s ]
[2026-06-05T18:26:13+08:00][sql] SELECT * FROM `cmf_slide` WHERE  `name` LIKE '%choose%' OR `name` LIKE '%选择%' LIMIT 1 [ RunTime:0.000445s ]
[2026-06-05T18:26:13+08:00][sql] SELECT `title`,`description`,`image`,`url`,`target`,`content` FROM `cmf_slide_item` WHERE  `slide_id` = 14  AND `status` = 1 ORDER BY `list_order` ASC [ RunTime:0.000429s ]
[2026-06-05T18:26:13+08:00][sql] SELECT * FROM `cmf_product_category` WHERE  `parent_id` = 0  AND `recommend` = 1 ORDER BY `list_order` ASC,`create_time` DESC [ RunTime:0.000645s ]
[2026-06-05T18:26:13+08:00][sql] SHOW FULL COLUMNS FROM `cmf_product` [ RunTime:0.001629s ]
[2026-06-05T18:26:13+08:00][sql] SELECT `id`,`title`,`thumbnail`,`industry` FROM `cmf_product` WHERE  `is_recommended` = 1  AND `category_id` = 28 ORDER BY `list_order` ASC LIMIT 6 [ RunTime:0.000741s ]
[2026-06-05T18:26:13+08:00][sql] SELECT `id`,`title`,`thumbnail`,`industry` FROM `cmf_product` WHERE  `is_recommended` = 1  AND `category_id` = 19 ORDER BY `list_order` ASC LIMIT 6 [ RunTime:0.000684s ]
[2026-06-05T18:26:13+08:00][sql] SELECT `id`,`title`,`thumbnail`,`industry` FROM `cmf_product` WHERE  `is_recommended` = 1  AND `category_id` = 23 ORDER BY `list_order` ASC LIMIT 6 [ RunTime:0.000475s ]
[2026-06-05T18:26:13+08:00][sql] SHOW FULL COLUMNS FROM `cmf_portal_post` [ RunTime:0.001365s ]
[2026-06-05T18:26:13+08:00][sql] SELECT `p`.`id`,`p`.`post_title`,`p`.`post_excerpt`,`p`.`thumbnail`,`p`.`create_time`,`c`.`category_id` FROM `cmf_portal_post` `p` INNER JOIN `cmf_portal_category_post` `c` ON `p`.`id`=`c`.`post_id` WHERE (  `p`.`post_type` = '8' ) AND `p`.`delete_time` = '0' ORDER BY `c`.`list_order` ASC,`p`.`create_time` DESC [ RunTime:0.000910s ]
[2026-06-05T18:26:13+08:00][sql] SELECT `id`,`post_title`,`post_excerpt`,`more` FROM `cmf_portal_post` WHERE (  `post_type` = 3 ) AND `cmf_portal_post`.`delete_time` = '0' ORDER BY `create_time` DESC [ RunTime:0.000419s ]
[2026-06-05T18:26:13+08:00][sql] SHOW FULL COLUMNS FROM `cmf_theme_file` [ RunTime:0.001058s ]
[2026-06-05T18:26:13+08:00][sql] SELECT `more`,`file`,`id` FROM `cmf_theme_file` WHERE  `theme` = 'simpleboot3_mobile'  AND (  `is_public` = 1 OR `file` = 'portal/index' ) ORDER BY `is_public` DESC [ RunTime:0.000542s ]
[2026-06-05T18:26:13+08:00][sql] SELECT `option_value` FROM `cmf_option` WHERE  `option_name` = 'storage' LIMIT 1 [ RunTime:0.000517s ]
[2026-06-05T18:26:17+08:00][sql] CONNECT:[ UseTime:0.000782s ] mysql:host=127.0.0.1;port=3306;dbname=weihua;charset=utf8mb4
[2026-06-05T18:26:17+08:00][sql] SHOW FULL COLUMNS FROM `cmf_option` [ RunTime:0.001499s ]
[2026-06-05T18:26:17+08:00][sql] SELECT `option_value` FROM `cmf_option` WHERE  `option_name` = 'cdn_settings' LIMIT 1 [ RunTime:0.000293s ]
[2026-06-05T18:26:17+08:00][sql] SELECT `option_value` FROM `cmf_option` WHERE  `option_name` = 'cdn_settings' LIMIT 1 [ RunTime:0.000404s ]
[2026-06-05T18:26:17+08:00][sql] SHOW FULL COLUMNS FROM `cmf_product_category` [ RunTime:0.001348s ]
[2026-06-05T18:26:17+08:00][sql] SELECT * FROM `cmf_product_category` WHERE  `parent_id` = 0 ORDER BY `list_order` ASC,`create_time` DESC [ RunTime:0.000678s ]
[2026-06-05T18:26:17+08:00][sql] SELECT * FROM `cmf_product_category` WHERE  `parent_id` IN (28,19,22,23,25,27,30) [ RunTime:0.000371s ]
[2026-06-05T18:26:17+08:00][sql] SHOW FULL COLUMNS FROM `cmf_portal_category` [ RunTime:0.001473s ]
[2026-06-05T18:26:17+08:00][sql] SELECT * FROM `cmf_portal_category` WHERE (  `type` = 8 ) AND `cmf_portal_category`.`delete_time` = '0' ORDER BY `list_order` ASC [ RunTime:0.000532s ]
[2026-06-05T18:26:17+08:00][sql] SHOW FULL COLUMNS FROM `cmf_slide_item` [ RunTime:0.001535s ]
[2026-06-05T18:26:17+08:00][sql] SELECT `title`,`description`,`image`,`url`,`target`,`content` FROM `cmf_slide_item` WHERE  `slide_id` = 1 ORDER BY `list_order` ASC [ RunTime:0.000598s ]
[2026-06-05T18:26:17+08:00][sql] SHOW FULL COLUMNS FROM `cmf_slide` [ RunTime:0.001111s ]
[2026-06-05T18:26:17+08:00][sql] SELECT * FROM `cmf_slide` WHERE  `name` LIKE '%choose%' OR `name` LIKE '%选择%' LIMIT 1 [ RunTime:0.000418s ]
[2026-06-05T18:26:17+08:00][sql] SELECT `title`,`description`,`image`,`url`,`target`,`content` FROM `cmf_slide_item` WHERE  `slide_id` = 14  AND `status` = 1 ORDER BY `list_order` ASC [ RunTime:0.000328s ]
[2026-06-05T18:26:17+08:00][sql] SELECT * FROM `cmf_product_category` WHERE  `parent_id` = 0  AND `recommend` = 1 ORDER BY `list_order` ASC,`create_time` DESC [ RunTime:0.000324s ]
[2026-06-05T18:26:17+08:00][sql] SHOW FULL COLUMNS FROM `cmf_product` [ RunTime:0.001271s ]
[2026-06-05T18:26:17+08:00][sql] SELECT `id`,`title`,`thumbnail`,`industry` FROM `cmf_product` WHERE  `is_recommended` = 1  AND `category_id` = 28 ORDER BY `list_order` ASC LIMIT 6 [ RunTime:0.000758s ]
[2026-06-05T18:26:17+08:00][sql] SELECT `id`,`title`,`thumbnail`,`industry` FROM `cmf_product` WHERE  `is_recommended` = 1  AND `category_id` = 19 ORDER BY `list_order` ASC LIMIT 6 [ RunTime:0.000418s ]
[2026-06-05T18:26:17+08:00][sql] SELECT `id`,`title`,`thumbnail`,`industry` FROM `cmf_product` WHERE  `is_recommended` = 1  AND `category_id` = 23 ORDER BY `list_order` ASC LIMIT 6 [ RunTime:0.000348s ]
[2026-06-05T18:26:17+08:00][sql] SHOW FULL COLUMNS FROM `cmf_portal_post` [ RunTime:0.001607s ]
[2026-06-05T18:26:17+08:00][sql] SELECT `p`.`id`,`p`.`post_title`,`p`.`post_excerpt`,`p`.`thumbnail`,`p`.`create_time`,`c`.`category_id` FROM `cmf_portal_post` `p` INNER JOIN `cmf_portal_category_post` `c` ON `p`.`id`=`c`.`post_id` WHERE (  `p`.`post_type` = '8' ) AND `p`.`delete_time` = '0' ORDER BY `c`.`list_order` ASC,`p`.`create_time` DESC [ RunTime:0.001166s ]
[2026-06-05T18:26:17+08:00][sql] SELECT `id`,`post_title`,`post_excerpt`,`more` FROM `cmf_portal_post` WHERE (  `post_type` = 3 ) AND `cmf_portal_post`.`delete_time` = '0' ORDER BY `create_time` DESC [ RunTime:0.000494s ]
[2026-06-05T18:26:17+08:00][sql] SHOW FULL COLUMNS FROM `cmf_theme_file` [ RunTime:0.001374s ]
[2026-06-05T18:26:17+08:00][sql] SELECT `more`,`file`,`id` FROM `cmf_theme_file` WHERE  `theme` = 'simpleboot3'  AND (  `is_public` = 1 OR `file` = 'portal/index' ) ORDER BY `is_public` DESC [ RunTime:0.000661s ]
[2026-06-05T18:26:17+08:00][sql] SELECT `option_value` FROM `cmf_option` WHERE  `option_name` = 'storage' LIMIT 1 [ RunTime:0.000517s ]
[2026-06-05T18:26:27+08:00][sql] CONNECT:[ UseTime:0.000841s ] mysql:host=127.0.0.1;port=3306;dbname=weihua;charset=utf8mb4
[2026-06-05T18:26:27+08:00][sql] SHOW FULL COLUMNS FROM `cmf_option` [ RunTime:0.001696s ]
[2026-06-05T18:26:27+08:00][sql] SELECT `option_value` FROM `cmf_option` WHERE  `option_name` = 'cdn_settings' LIMIT 1 [ RunTime:0.000319s ]
[2026-06-05T18:26:27+08:00][sql] SHOW FULL COLUMNS FROM `cmf_user` [ RunTime:0.001383s ]
[2026-06-05T18:26:27+08:00][sql] SELECT * FROM `cmf_user` WHERE  `id` = 1 LIMIT 1 [ RunTime:0.000559s ]
[2026-06-05T18:26:27+08:00][sql] SELECT `option_value` FROM `cmf_option` WHERE  `option_name` = 'cdn_settings' LIMIT 1 [ RunTime:0.000252s ]
[2026-06-05T18:26:27+08:00][sql] SELECT `option_value` FROM `cmf_option` WHERE  `option_name` = 'cmf_settings' LIMIT 1 [ RunTime:0.000202s ]
[2026-06-05T18:26:27+08:00][sql] SELECT `option_value` FROM `cmf_option` WHERE  `option_name` = 'storage' LIMIT 1 [ RunTime:0.000333s ]
[2026-06-05T18:26:56+08:00][sql] CONNECT:[ UseTime:0.000993s ] mysql:host=127.0.0.1;port=3306;dbname=weihua;charset=utf8mb4
[2026-06-05T18:26:56+08:00][sql] SHOW FULL COLUMNS FROM `cmf_option` [ RunTime:0.002010s ]
[2026-06-05T18:26:56+08:00][sql] SELECT `option_value` FROM `cmf_option` WHERE  `option_name` = 'cdn_settings' LIMIT 1 [ RunTime:0.000304s ]
[2026-06-05T18:26:56+08:00][sql] SHOW FULL COLUMNS FROM `cmf_user` [ RunTime:0.001320s ]
[2026-06-05T18:26:56+08:00][sql] SELECT * FROM `cmf_user` WHERE  `id` = 1 LIMIT 1 [ RunTime:0.000372s ]
[2026-06-05T18:26:56+08:00][sql] SELECT * FROM `cmf_option` WHERE  `option_name` = 'site_info' LIMIT 1 [ RunTime:0.000310s ]
[2026-06-05T18:26:56+08:00][sql] UPDATE `cmf_option`  SET `option_value` = '{\"site_name\":\"weihua\",\"site_seo_title\":\"Weihua Crane | Reliable Overhead and Gantry Crane Supplier &amp; Exporter\",\"site_seo_keywords\":\"Weihua Crane, overhead crane, gantry crane, crane manufacturer, lifting solutions\",\"site_seo_description\":\"Weihua Crane, founded in 1988, is a world-leading crane manufacturer supplying overhead cranes, gantry cranes, hoists, crane parts and intelligent lifting solutions. Products exported to 170+ countries with CE, ISO certifications.\",\"sale_tel\":\"tel\",\"email\":\"sales01@weihuahenancrane.com\",\"whatsapp\":\"86-18836195358\",\"web_site\":\"\",\"address\":\"Changnao Industrial Park, Xinxiang, Henan, China (Mainland)\",\"facebook\":\"https:\\/\\/www.facebook.com\\/weihuasmartcrane\",\"youtube\":\"https:\\/\\/www.youtube.com\\/@WeihuaSmartCrane\\/shorts\",\"linkedin\":\"\",\"map\":\"\",\"salesiq\":\"&lt;!--Start of Tawk.to Script--&gt;\\r\\n&lt;script type=&quot;text\\/javascript&quot;&gt;\\r\\nvar Tawk_API=Tawk_API||{}, Tawk_LoadStart=new Date();\\r\\n(function(){\\r\\nvar s1=document.createElement(&quot;script&quot;),s0=document.getElementsByTagName(&quot;script&quot;)[0];\\r\\ns1.async=true;\\r\\ns1.src=&#039;https:\\/\\/embed.tawk.to\\/6a0d7aa777f0641c3293d590\\/1jp2ae7ql&#039;;\\r\\ns1.charset=&#039;UTF-8&#039;;\\r\\ns1.setAttribute(&#039;crossorigin&#039;,&#039;*&#039;);\\r\\ns0.parentNode.insertBefore(s1,s0);\\r\\n})();\\r\\n&lt;\\/script&gt;\\r\\n&lt;!--End of Tawk.to Script--&gt;\",\"google_analytics\":\"\",\"microsoft_clarity\":\"\",\"wechat\":\"wechat\",\"vk\":\"https:\\/\\/vk.com\\/weihua_crane\",\"google_head\":\"\",\"google_body\":\"\"}'  WHERE  `option_name` = 'site_info' [ RunTime:0.000284s ]
[2026-06-05T18:26:56+08:00][sql] SHOW FULL COLUMNS FROM `cmf_route` [ RunTime:0.001065s ]
[2026-06-05T18:26:56+08:00][sql] DELETE FROM `cmf_route` WHERE  `full_url` = 'admin/Index/index' [ RunTime:0.000508s ]
[2026-06-05T18:26:56+08:00][sql] SELECT * FROM `cmf_route` WHERE  `status` = 1 ORDER BY `list_order` ASC [ RunTime:0.000583s ]
[2026-06-05T18:26:56+08:00][sql] SELECT * FROM `cmf_option` WHERE  `option_name` = 'admin_settings' LIMIT 1 [ RunTime:0.000497s ]
[2026-06-05T18:26:56+08:00][sql] UPDATE `cmf_option`  SET `option_value` = '{\"admin_password\":\"\"}'  WHERE  `option_name` = 'admin_settings' [ RunTime:0.000416s ]
[2026-06-05T18:26:58+08:00][sql] CONNECT:[ UseTime:0.001298s ] mysql:host=127.0.0.1;port=3306;dbname=weihua;charset=utf8mb4
[2026-06-05T18:26:58+08:00][sql] SHOW FULL COLUMNS FROM `cmf_option` [ RunTime:0.001670s ]
[2026-06-05T18:26:58+08:00][sql] SELECT `option_value` FROM `cmf_option` WHERE  `option_name` = 'cdn_settings' LIMIT 1 [ RunTime:0.000310s ]
[2026-06-05T18:26:58+08:00][sql] SHOW FULL COLUMNS FROM `cmf_user` [ RunTime:0.001849s ]
[2026-06-05T18:26:58+08:00][sql] SELECT * FROM `cmf_user` WHERE  `id` = 1 LIMIT 1 [ RunTime:0.000677s ]
[2026-06-05T18:26:58+08:00][sql] SELECT `option_value` FROM `cmf_option` WHERE  `option_name` = 'cdn_settings' LIMIT 1 [ RunTime:0.000591s ]
[2026-06-05T18:26:58+08:00][sql] SELECT `option_value` FROM `cmf_option` WHERE  `option_name` = 'cmf_settings' LIMIT 1 [ RunTime:0.000320s ]
[2026-06-05T18:26:58+08:00][sql] SELECT `option_value` FROM `cmf_option` WHERE  `option_name` = 'admin_settings' LIMIT 1 [ RunTime:0.000357s ]
[2026-06-05T18:26:58+08:00][sql] SELECT `option_value` FROM `cmf_option` WHERE  `option_name` = 'site_info' LIMIT 1 [ RunTime:0.001103s ]
[2026-06-05T18:26:58+08:00][sql] SELECT `option_value` FROM `cmf_option` WHERE  `option_name` = 'storage' LIMIT 1 [ RunTime:0.001163s ]
[2026-06-05T18:26:59+08:00][sql] CONNECT:[ UseTime:0.001220s ] mysql:host=127.0.0.1;port=3306;dbname=weihua;charset=utf8mb4
[2026-06-05T18:26:59+08:00][sql] SHOW FULL COLUMNS FROM `cmf_option` [ RunTime:0.003243s ]
[2026-06-05T18:26:59+08:00][sql] SELECT `option_value` FROM `cmf_option` WHERE  `option_name` = 'cdn_settings' LIMIT 1 [ RunTime:0.000280s ]
[2026-06-05T18:26:59+08:00][sql] SELECT `option_value` FROM `cmf_option` WHERE  `option_name` = 'cdn_settings' LIMIT 1 [ RunTime:0.000314s ]
[2026-06-05T18:26:59+08:00][sql] SHOW FULL COLUMNS FROM `cmf_product_category` [ RunTime:0.001112s ]
[2026-06-05T18:26:59+08:00][sql] SELECT * FROM `cmf_product_category` WHERE  `parent_id` = 0 ORDER BY `list_order` ASC,`create_time` DESC [ RunTime:0.000308s ]
[2026-06-05T18:26:59+08:00][sql] SELECT * FROM `cmf_product_category` WHERE  `parent_id` IN (28,19,22,23,25,27,30) [ RunTime:0.000294s ]
[2026-06-05T18:26:59+08:00][sql] SHOW FULL COLUMNS FROM `cmf_portal_category` [ RunTime:0.001872s ]
[2026-06-05T18:26:59+08:00][sql] SELECT * FROM `cmf_portal_category` WHERE (  `type` = 8 ) AND `cmf_portal_category`.`delete_time` = '0' ORDER BY `list_order` ASC [ RunTime:0.000400s ]
[2026-06-05T18:26:59+08:00][sql] SHOW FULL COLUMNS FROM `cmf_slide_item` [ RunTime:0.001058s ]
[2026-06-05T18:26:59+08:00][sql] SELECT `title`,`description`,`image`,`url`,`target`,`content` FROM `cmf_slide_item` WHERE  `slide_id` = 1 ORDER BY `list_order` ASC [ RunTime:0.000316s ]
[2026-06-05T18:26:59+08:00][sql] SHOW FULL COLUMNS FROM `cmf_slide` [ RunTime:0.000923s ]
[2026-06-05T18:26:59+08:00][sql] SELECT * FROM `cmf_slide` WHERE  `name` LIKE '%choose%' OR `name` LIKE '%选择%' LIMIT 1 [ RunTime:0.000290s ]
[2026-06-05T18:26:59+08:00][sql] SELECT `title`,`description`,`image`,`url`,`target`,`content` FROM `cmf_slide_item` WHERE  `slide_id` = 14  AND `status` = 1 ORDER BY `list_order` ASC [ RunTime:0.000335s ]
[2026-06-05T18:26:59+08:00][sql] SELECT * FROM `cmf_product_category` WHERE  `parent_id` = 0  AND `recommend` = 1 ORDER BY `list_order` ASC,`create_time` DESC [ RunTime:0.000289s ]
[2026-06-05T18:26:59+08:00][sql] SHOW FULL COLUMNS FROM `cmf_product` [ RunTime:0.001131s ]
[2026-06-05T18:26:59+08:00][sql] SELECT `id`,`title`,`thumbnail`,`industry` FROM `cmf_product` WHERE  `is_recommended` = 1  AND `category_id` = 28 ORDER BY `list_order` ASC LIMIT 6 [ RunTime:0.000463s ]
[2026-06-05T18:26:59+08:00][sql] SELECT `id`,`title`,`thumbnail`,`industry` FROM `cmf_product` WHERE  `is_recommended` = 1  AND `category_id` = 19 ORDER BY `list_order` ASC LIMIT 6 [ RunTime:0.000346s ]
[2026-06-05T18:26:59+08:00][sql] SELECT `id`,`title`,`thumbnail`,`industry` FROM `cmf_product` WHERE  `is_recommended` = 1  AND `category_id` = 23 ORDER BY `list_order` ASC LIMIT 6 [ RunTime:0.000280s ]
[2026-06-05T18:26:59+08:00][sql] SHOW FULL COLUMNS FROM `cmf_portal_post` [ RunTime:0.001165s ]
[2026-06-05T18:26:59+08:00][sql] SELECT `p`.`id`,`p`.`post_title`,`p`.`post_excerpt`,`p`.`thumbnail`,`p`.`create_time`,`c`.`category_id` FROM `cmf_portal_post` `p` INNER JOIN `cmf_portal_category_post` `c` ON `p`.`id`=`c`.`post_id` WHERE (  `p`.`post_type` = '8' ) AND `p`.`delete_time` = '0' ORDER BY `c`.`list_order` ASC,`p`.`create_time` DESC [ RunTime:0.000501s ]
[2026-06-05T18:26:59+08:00][sql] SELECT `id`,`post_title`,`post_excerpt`,`more` FROM `cmf_portal_post` WHERE (  `post_type` = 3 ) AND `cmf_portal_post`.`delete_time` = '0' ORDER BY `create_time` DESC [ RunTime:0.000564s ]
[2026-06-05T18:26:59+08:00][sql] SHOW FULL COLUMNS FROM `cmf_theme_file` [ RunTime:0.002070s ]
[2026-06-05T18:26:59+08:00][sql] SELECT `more`,`file`,`id` FROM `cmf_theme_file` WHERE  `theme` = 'simpleboot3'  AND (  `is_public` = 1 OR `file` = 'portal/index' ) ORDER BY `is_public` DESC [ RunTime:0.000912s ]
[2026-06-05T18:26:59+08:00][sql] SELECT `option_value` FROM `cmf_option` WHERE  `option_name` = 'storage' LIMIT 1 [ RunTime:0.000633s ]
[2026-06-05T18:29:34+08:00][sql] CONNECT:[ UseTime:0.000921s ] mysql:host=127.0.0.1;port=3306;dbname=weihua;charset=utf8mb4
[2026-06-05T18:29:34+08:00][sql] SHOW FULL COLUMNS FROM `cmf_option` [ RunTime:0.001767s ]
[2026-06-05T18:29:34+08:00][sql] SELECT `option_value` FROM `cmf_option` WHERE  `option_name` = 'cdn_settings' LIMIT 1 [ RunTime:0.000267s ]
[2026-06-05T18:29:34+08:00][sql] SELECT `option_value` FROM `cmf_option` WHERE  `option_name` = 'cdn_settings' LIMIT 1 [ RunTime:0.000641s ]
[2026-06-05T18:29:34+08:00][sql] SHOW FULL COLUMNS FROM `cmf_product_category` [ RunTime:0.001014s ]
[2026-06-05T18:29:34+08:00][sql] SELECT * FROM `cmf_product_category` WHERE  `parent_id` = 0 ORDER BY `list_order` ASC,`create_time` DESC [ RunTime:0.000303s ]
[2026-06-05T18:29:34+08:00][sql] SELECT * FROM `cmf_product_category` WHERE  `parent_id` IN (28,19,22,23,25,27,30) [ RunTime:0.000302s ]
[2026-06-05T18:29:34+08:00][sql] SHOW FULL COLUMNS FROM `cmf_portal_category` [ RunTime:0.001012s ]
[2026-06-05T18:29:34+08:00][sql] SELECT * FROM `cmf_portal_category` WHERE (  `type` = 8 ) AND `cmf_portal_category`.`delete_time` = '0' ORDER BY `list_order` ASC [ RunTime:0.000292s ]
[2026-06-05T18:29:34+08:00][sql] SHOW FULL COLUMNS FROM `cmf_slide_item` [ RunTime:0.001298s ]
[2026-06-05T18:29:34+08:00][sql] SELECT `title`,`description`,`image`,`url`,`target`,`content` FROM `cmf_slide_item` WHERE  `slide_id` = 1 ORDER BY `list_order` ASC [ RunTime:0.000372s ]
[2026-06-05T18:29:34+08:00][sql] SHOW FULL COLUMNS FROM `cmf_slide` [ RunTime:0.001187s ]
[2026-06-05T18:29:34+08:00][sql] SELECT * FROM `cmf_slide` WHERE  `name` LIKE '%choose%' OR `name` LIKE '%选择%' LIMIT 1 [ RunTime:0.000549s ]
[2026-06-05T18:29:34+08:00][sql] SELECT `title`,`description`,`image`,`url`,`target`,`content` FROM `cmf_slide_item` WHERE  `slide_id` = 14  AND `status` = 1 ORDER BY `list_order` ASC [ RunTime:0.000317s ]
[2026-06-05T18:29:34+08:00][sql] SELECT * FROM `cmf_product_category` WHERE  `parent_id` = 0  AND `recommend` = 1 ORDER BY `list_order` ASC,`create_time` DESC [ RunTime:0.000505s ]
[2026-06-05T18:29:34+08:00][sql] SHOW FULL COLUMNS FROM `cmf_product` [ RunTime:0.001653s ]
[2026-06-05T18:29:34+08:00][sql] SELECT `id`,`title`,`thumbnail`,`industry` FROM `cmf_product` WHERE  `is_recommended` = 1  AND `category_id` = 28 ORDER BY `list_order` ASC LIMIT 6 [ RunTime:0.000853s ]
[2026-06-05T18:29:34+08:00][sql] SELECT `id`,`title`,`thumbnail`,`industry` FROM `cmf_product` WHERE  `is_recommended` = 1  AND `category_id` = 19 ORDER BY `list_order` ASC LIMIT 6 [ RunTime:0.000504s ]
[2026-06-05T18:29:34+08:00][sql] SELECT `id`,`title`,`thumbnail`,`industry` FROM `cmf_product` WHERE  `is_recommended` = 1  AND `category_id` = 23 ORDER BY `list_order` ASC LIMIT 6 [ RunTime:0.000314s ]
[2026-06-05T18:29:34+08:00][sql] SHOW FULL COLUMNS FROM `cmf_portal_post` [ RunTime:0.001625s ]
[2026-06-05T18:29:34+08:00][sql] SELECT `p`.`id`,`p`.`post_title`,`p`.`post_excerpt`,`p`.`thumbnail`,`p`.`create_time`,`c`.`category_id` FROM `cmf_portal_post` `p` INNER JOIN `cmf_portal_category_post` `c` ON `p`.`id`=`c`.`post_id` WHERE (  `p`.`post_type` = '8' ) AND `p`.`delete_time` = '0' ORDER BY `c`.`list_order` ASC,`p`.`create_time` DESC [ RunTime:0.000558s ]
[2026-06-05T18:29:34+08:00][sql] SELECT `id`,`post_title`,`post_excerpt`,`more` FROM `cmf_portal_post` WHERE (  `post_type` = 3 ) AND `cmf_portal_post`.`delete_time` = '0' ORDER BY `create_time` DESC [ RunTime:0.000568s ]
[2026-06-05T18:29:34+08:00][sql] SHOW FULL COLUMNS FROM `cmf_theme_file` [ RunTime:0.002556s ]
[2026-06-05T18:29:34+08:00][sql] SELECT `more`,`file`,`id` FROM `cmf_theme_file` WHERE  `theme` = 'simpleboot3'  AND (  `is_public` = 1 OR `file` = 'portal/index' ) ORDER BY `is_public` DESC [ RunTime:0.000368s ]
[2026-06-05T18:29:34+08:00][sql] SELECT `option_value` FROM `cmf_option` WHERE  `option_name` = 'storage' LIMIT 1 [ RunTime:0.000535s ]
[2026-06-05T18:29:57+08:00][sql] CONNECT:[ UseTime:0.000855s ] mysql:host=127.0.0.1;port=3306;dbname=weihua;charset=utf8mb4
[2026-06-05T18:29:57+08:00][sql] SHOW FULL COLUMNS FROM `cmf_option` [ RunTime:0.001316s ]
[2026-06-05T18:29:57+08:00][sql] SELECT `option_value` FROM `cmf_option` WHERE  `option_name` = 'cdn_settings' LIMIT 1 [ RunTime:0.000298s ]
[2026-06-05T18:29:57+08:00][sql] SELECT `option_value` FROM `cmf_option` WHERE  `option_name` = 'cdn_settings' LIMIT 1 [ RunTime:0.001328s ]
[2026-06-05T18:29:57+08:00][sql] SHOW FULL COLUMNS FROM `cmf_product_category` [ RunTime:0.002025s ]
[2026-06-05T18:29:57+08:00][sql] SELECT * FROM `cmf_product_category` WHERE  `parent_id` = 0 ORDER BY `list_order` ASC,`create_time` DESC [ RunTime:0.000393s ]
[2026-06-05T18:29:57+08:00][sql] SELECT * FROM `cmf_product_category` WHERE  `parent_id` IN (28,19,22,23,25,27,30) [ RunTime:0.000353s ]
[2026-06-05T18:29:57+08:00][sql] SHOW FULL COLUMNS FROM `cmf_portal_category` [ RunTime:0.001237s ]
[2026-06-05T18:29:57+08:00][sql] SELECT * FROM `cmf_portal_category` WHERE (  `type` = 8 ) AND `cmf_portal_category`.`delete_time` = '0' ORDER BY `list_order` ASC [ RunTime:0.000330s ]
[2026-06-05T18:29:57+08:00][sql] SHOW FULL COLUMNS FROM `cmf_slide_item` [ RunTime:0.001247s ]
[2026-06-05T18:29:57+08:00][sql] SELECT `title`,`description`,`image`,`url`,`target`,`content` FROM `cmf_slide_item` WHERE  `slide_id` = 1 ORDER BY `list_order` ASC [ RunTime:0.000388s ]
[2026-06-05T18:29:57+08:00][sql] SHOW FULL COLUMNS FROM `cmf_slide` [ RunTime:0.000931s ]
[2026-06-05T18:29:57+08:00][sql] SELECT * FROM `cmf_slide` WHERE  `name` LIKE '%choose%' OR `name` LIKE '%选择%' LIMIT 1 [ RunTime:0.000298s ]
[2026-06-05T18:29:57+08:00][sql] SELECT `title`,`description`,`image`,`url`,`target`,`content` FROM `cmf_slide_item` WHERE  `slide_id` = 14  AND `status` = 1 ORDER BY `list_order` ASC [ RunTime:0.000365s ]
[2026-06-05T18:29:57+08:00][sql] SELECT * FROM `cmf_product_category` WHERE  `parent_id` = 0  AND `recommend` = 1 ORDER BY `list_order` ASC,`create_time` DESC [ RunTime:0.000319s ]
[2026-06-05T18:29:57+08:00][sql] SHOW FULL COLUMNS FROM `cmf_product` [ RunTime:0.001320s ]
[2026-06-05T18:29:57+08:00][sql] SELECT `id`,`title`,`thumbnail`,`industry` FROM `cmf_product` WHERE  `is_recommended` = 1  AND `category_id` = 28 ORDER BY `list_order` ASC LIMIT 6 [ RunTime:0.000650s ]
[2026-06-05T18:29:57+08:00][sql] SELECT `id`,`title`,`thumbnail`,`industry` FROM `cmf_product` WHERE  `is_recommended` = 1  AND `category_id` = 19 ORDER BY `list_order` ASC LIMIT 6 [ RunTime:0.000453s ]
[2026-06-05T18:29:57+08:00][sql] SELECT `id`,`title`,`thumbnail`,`industry` FROM `cmf_product` WHERE  `is_recommended` = 1  AND `category_id` = 23 ORDER BY `list_order` ASC LIMIT 6 [ RunTime:0.000326s ]
[2026-06-05T18:29:57+08:00][sql] SHOW FULL COLUMNS FROM `cmf_portal_post` [ RunTime:0.001430s ]
[2026-06-05T18:29:57+08:00][sql] SELECT `p`.`id`,`p`.`post_title`,`p`.`post_excerpt`,`p`.`thumbnail`,`p`.`create_time`,`c`.`category_id` FROM `cmf_portal_post` `p` INNER JOIN `cmf_portal_category_post` `c` ON `p`.`id`=`c`.`post_id` WHERE (  `p`.`post_type` = '8' ) AND `p`.`delete_time` = '0' ORDER BY `c`.`list_order` ASC,`p`.`create_time` DESC [ RunTime:0.000516s ]
[2026-06-05T18:29:57+08:00][sql] SELECT `id`,`post_title`,`post_excerpt`,`more` FROM `cmf_portal_post` WHERE (  `post_type` = 3 ) AND `cmf_portal_post`.`delete_time` = '0' ORDER BY `create_time` DESC [ RunTime:0.000355s ]
[2026-06-05T18:29:57+08:00][sql] SHOW FULL COLUMNS FROM `cmf_theme_file` [ RunTime:0.001080s ]
[2026-06-05T18:29:57+08:00][sql] SELECT `more`,`file`,`id` FROM `cmf_theme_file` WHERE  `theme` = 'simpleboot3_mobile'  AND (  `is_public` = 1 OR `file` = 'portal/index' ) ORDER BY `is_public` DESC [ RunTime:0.000303s ]
[2026-06-05T18:29:57+08:00][sql] SELECT `option_value` FROM `cmf_option` WHERE  `option_name` = 'storage' LIMIT 1 [ RunTime:0.000434s ]
[2026-06-05T18:32:21+08:00][sql] CONNECT:[ UseTime:0.001002s ] mysql:host=127.0.0.1;port=3306;dbname=weihua;charset=utf8mb4
[2026-06-05T18:32:21+08:00][sql] SHOW FULL COLUMNS FROM `cmf_option` [ RunTime:0.001839s ]
[2026-06-05T18:32:21+08:00][sql] SELECT `option_value` FROM `cmf_option` WHERE  `option_name` = 'cdn_settings' LIMIT 1 [ RunTime:0.000315s ]
[2026-06-05T18:32:21+08:00][sql] SHOW FULL COLUMNS FROM `cmf_user` [ RunTime:0.001167s ]
[2026-06-05T18:32:21+08:00][sql] SELECT * FROM `cmf_user` WHERE  `id` = 1 LIMIT 1 [ RunTime:0.000629s ]
[2026-06-05T18:32:21+08:00][sql] SELECT * FROM `cmf_option` WHERE  `option_name` = 'site_info' LIMIT 1 [ RunTime:0.000248s ]
[2026-06-05T18:32:21+08:00][sql] UPDATE `cmf_option`  SET `option_value` = '{\"site_name\":\"weihua\",\"site_seo_title\":\"Weihua Crane | Reliable Overhead and Gantry Crane Supplier &amp; Exporter\",\"site_seo_keywords\":\"Weihua Crane, overhead crane, gantry crane, crane manufacturer, lifting solutions\",\"site_seo_description\":\"Weihua Crane, founded in 1988, is a world-leading crane manufacturer supplying overhead cranes, gantry cranes, hoists, crane parts and intelligent lifting solutions. Products exported to 170+ countries with CE, ISO certifications.\",\"sale_tel\":\"tel\",\"email\":\"sales01@weihuahenancrane.com\",\"whatsapp\":\"86-18836195358\",\"web_site\":\"\",\"address\":\"Changnao Industrial Park, Xinxiang, Henan, China (Mainland)\",\"facebook\":\"https:\\/\\/www.facebook.com\\/weihuasmartcrane\",\"youtube\":\"https:\\/\\/www.youtube.com\\/@WeihuaSmartCrane\\/shorts\",\"linkedin\":\"\",\"map\":\"\",\"salesiq\":\"\",\"google_analytics\":\"\",\"microsoft_clarity\":\"\",\"wechat\":\"wechat\",\"vk\":\"https:\\/\\/vk.com\\/weihua_crane\",\"google_head\":\"\",\"google_body\":\"\"}'  WHERE  `option_name` = 'site_info' [ RunTime:0.002943s ]
[2026-06-05T18:32:21+08:00][sql] SHOW FULL COLUMNS FROM `cmf_route` [ RunTime:0.001001s ]
[2026-06-05T18:32:21+08:00][sql] DELETE FROM `cmf_route` WHERE  `full_url` = 'admin/Index/index' [ RunTime:0.000463s ]
[2026-06-05T18:32:21+08:00][sql] SELECT * FROM `cmf_route` WHERE  `status` = 1 ORDER BY `list_order` ASC [ RunTime:0.000403s ]
[2026-06-05T18:32:21+08:00][sql] SELECT * FROM `cmf_option` WHERE  `option_name` = 'admin_settings' LIMIT 1 [ RunTime:0.000614s ]
[2026-06-05T18:32:21+08:00][sql] UPDATE `cmf_option`  SET `option_value` = '{\"admin_password\":\"\"}'  WHERE  `option_name` = 'admin_settings' [ RunTime:0.000268s ]
[2026-06-05T18:32:24+08:00][sql] CONNECT:[ UseTime:0.001057s ] mysql:host=127.0.0.1;port=3306;dbname=weihua;charset=utf8mb4
[2026-06-05T18:32:24+08:00][sql] SHOW FULL COLUMNS FROM `cmf_option` [ RunTime:0.002469s ]
[2026-06-05T18:32:24+08:00][sql] SELECT `option_value` FROM `cmf_option` WHERE  `option_name` = 'cdn_settings' LIMIT 1 [ RunTime:0.000525s ]
[2026-06-05T18:32:24+08:00][sql] SHOW FULL COLUMNS FROM `cmf_user` [ RunTime:0.002233s ]
[2026-06-05T18:32:24+08:00][sql] SELECT * FROM `cmf_user` WHERE  `id` = 1 LIMIT 1 [ RunTime:0.000776s ]
[2026-06-05T18:32:24+08:00][sql] SELECT `option_value` FROM `cmf_option` WHERE  `option_name` = 'cdn_settings' LIMIT 1 [ RunTime:0.000468s ]
[2026-06-05T18:32:24+08:00][sql] SELECT `option_value` FROM `cmf_option` WHERE  `option_name` = 'cmf_settings' LIMIT 1 [ RunTime:0.000312s ]
[2026-06-05T18:32:24+08:00][sql] SELECT `option_value` FROM `cmf_option` WHERE  `option_name` = 'admin_settings' LIMIT 1 [ RunTime:0.000358s ]
[2026-06-05T18:32:24+08:00][sql] SELECT `option_value` FROM `cmf_option` WHERE  `option_name` = 'site_info' LIMIT 1 [ RunTime:0.000642s ]
[2026-06-05T18:32:24+08:00][sql] SELECT `option_value` FROM `cmf_option` WHERE  `option_name` = 'storage' LIMIT 1 [ RunTime:0.000534s ]
